#
# A fatal error has been detected by the Java Runtime Environment:
#
#  SIGBUS (0xa) at pc=0x00000001145a14e4, pid=76922, tid=241155
#
# JRE version: OpenJDK Runtime Environment Temurin-17.0.8+7 (17.0.8+7) (build 17.0.8+7)
# Java VM: OpenJDK 64-Bit Server VM Temurin-17.0.8+7 (17.0.8+7, mixed mode, tiered, compressed oops, compressed class ptrs, g1 gc, bsd-aarch64)
# Problematic frame:
# v  ~StubRoutines::SafeFetch32
#
# No core dump will be written. Core dumps have been disabled. To enable core dumping, try "ulimit -c unlimited" before starting Java again
#
# If you would like to submit a bug report, please visit:
#   https://github.com/adoptium/adoptium-support/issues
#

---------------  S U M M A R Y ------------

Command Line: -Xss1M -Djava.library.path=/Users/ycar/Documents/curseforge/minecraft/Install/natives/forge-47.4.0 -Djna.tmpdir=/Users/ycar/Documents/curseforge/minecraft/Install/natives/forge-47.4.0 -Dorg.lwjgl.system.SharedLibraryExtractPath=/Users/ycar/Documents/curseforge/minecraft/Install/natives/forge-47.4.0 -Dio.netty.native.workdir=/Users/ycar/Documents/curseforge/minecraft/Install/natives/forge-47.4.0 -Dminecraft.launcher.brand=CurseForge -Dminecraft.launcher.version=1.282.1.0 -Djava.net.preferIPv6Addresses=system -DignoreList=bootstraplauncher,securejarhandler,asm-commons,asm-util,asm-analysis,asm-tree,asm,JarJarFileSystems,client-extra,fmlcore,javafmllanguage,lowcodelanguage,mclanguage,forge-,forge-47.4.0.jar,forge-47.4.0 -DmergeModules=jna-5.10.0.jar,jna-platform-5.10.0.jar -DlibraryDirectory=/Users/ycar/Documents/curseforge/minecraft/Install/libraries --module-path=/Users/ycar/Documents/curseforge/minecraft/Install/libraries/cpw/mods/bootstraplauncher/1.1.2/bootstraplauncher-1.1.2.jar:/Users/ycar/Documents/curseforge/minecraft/Install/libraries/cpw/mods/securejarhandler/2.1.10/securejarhandler-2.1.10.jar:/Users/ycar/Documents/curseforge/minecraft/Install/libraries/org/ow2/asm/asm-commons/9.7.1/asm-commons-9.7.1.jar:/Users/ycar/Documents/curseforge/minecraft/Install/libraries/org/ow2/asm/asm-util/9.7.1/asm-util-9.7.1.jar:/Users/ycar/Documents/curseforge/minecraft/Install/libraries/org/ow2/asm/asm-analysis/9.7.1/asm-analysis-9.7.1.jar:/Users/ycar/Documents/curseforge/minecraft/Install/libraries/org/ow2/asm/asm-tree/9.7.1/asm-tree-9.7.1.jar:/Users/ycar/Documents/curseforge/minecraft/Install/libraries/org/ow2/asm/asm/9.7.1/asm-9.7.1.jar:/Users/ycar/Documents/curseforge/minecraft/Install/libraries/net/minecraftforge/JarJarFileSystems/0.3.19/JarJarFileSystems-0.3.19.jar --add-modules=ALL-MODULE-PATH --add-opens=java.base/java.util.jar=cpw.mods.securejarhandler --add-opens=java.base/java.lang.invoke=cpw.mods.securejarhandler --add-exports=java.base/sun.security.util=cpw.mods.securejarhandler --add-exports=jdk.naming.dns/com.sun.jndi.dns=java.naming -Xmx4096m -Xms256m -Dfml.ignorePatchDiscrepancies=true -Dfml.ignoreInvalidMinecraftCertificates=true -DlibraryDirectory=/Users/ycar/Documents/curseforge/minecraft/Install/libraries -Dlog4j.configurationFile=/Users/ycar/Documents/curseforge/minecraft/Install/assets/log_configs/client-1.12.xml cpw.mods.bootstraplauncher.BootstrapLauncher --username Ycar_ --version forge-47.4.0 --gameDir /Users/ycar/Documents/curseforge/minecraft/Instances/Create_ Hell's Kitchen/ --assetsDir /Users/ycar/Documents/curseforge/minecraft/Install/assets --assetIndex 5 --uuid c60e01aac83147e1abca11b82fda8d23 --accessToken eyJraWQiOiIwNDkxODEiLCJhbGciOiJSUzI1NiJ9.eyJ4dWlkIjoiMjUzNTQxNTYzMDU1NDQyOCIsImFnZyI6IkFkdWx0Iiwic3ViIjoiYTE4Zjg4NjUtNGI4NS00Y2MwLTkzYTYtOGRmNTBlMThmMzdlIiwiYXV0aCI6IlhCT1giLCJucyI6ImRlZmF1bHQiLCJyb2xlcyI6W10sImlzcyI6ImF1dGhlbnRpY2F0aW9uIiwiZmxhZ3MiOlsibXVsdGlwbGF5ZXIiLCJvcmRlcnNfMjAyMiIsIm1zYW1pZ3JhdGlvbl9zdGFnZTQiLCJ0d29mYWN0b3JhdXRoIl0sInByb2ZpbGVzIjp7Im1jIjoiYzYwZTAxYWEtYzgzMS00N2UxLWFiY2EtMTFiODJmZGE4ZDIzIn0sInBsYXRmb3JtIjoiUENfTEFVTkNIRVIiLCJwZmQiOlt7InR5cGUiOiJtYyIsImlkIjoiYzYwZTAxYWEtYzgzMS00N2UxLWFiY2EtMTFiODJmZGE4ZDIzIiwibmFtZSI6IlljYXJfIn1dLCJuYmYiOjE3NTIzMzc5ODEsImV4cCI6MTc1MjQyNDM4MSwiaWF0IjoxNzUyMzM3OTgxfQ.NvEoaGDNDxNsPG_QMVHnqoTtBOcoAA4CT31UNL6Pv0tSG9_Oyy-D6-2WGZn2HT2uP9W4vEhEwsbsfZu766DrfkfMLMy-FFxfn6UTZie_Pgshs-JGfSn3S8NIV18dKAyBsQ8zRqhkjJXImLYeruNqSW8cUEGpCOGWs3U7Nz8x4ixqwb1ks22Gfv7qZXcHYTbV188M_o26t9QuIxK5nnbD1tYF1mh507LRU5Mi4KQeZzZ4_FoyKKXVwac6dWJR-WVP9di_SAGG7u95FODVMYgPWOUjRHaxktuJftwD-4kjyw1fP7vyxMkWQyBNrZb7lFSUfH-i-4auvoZRNmybhJUUPw --clientId 4b20ef-2d8f03-3c5594-43d66c-100ff45 --xuid 2535415630554428 --userType msa --versionType release --width 1920 --height 1080     --launchTarget forgeclient --fml.forgeVersion 47.4.0 --fml.mcVersion 1.20.1 --fml.forgeGroup net.minecraftforge --fml.mcpVersion 20230612.114412

Host: "MacBookPro18,1" arm64, 10 cores, 16G, Darwin 24.5.0, macOS 15.5 (24F74)
Time: Sat Jul 12 19:29:30 2025 CEST elapsed time: 74.038821 seconds (0d 0h 1m 14s)

---------------  T H R E A D  ---------------

Current thread (0x0000000174156a00):  JavaThread "Server thread" [_thread_in_Java, id=241155, stack(0x00000003a5004000,0x00000003a5107000)]

Stack: [0x00000003a5004000,0x00000003a5107000],  sp=0x00000003a51051a0,  free space=1028k
Native frames: (J=compiled Java code, j=interpreted, Vv=VM code, C=native code)
v  ~StubRoutines::SafeFetch32
V  [libjvm.dylib+0x7c605c]  os::is_readable_range(void const*, void const*)+0x2c
V  [libjvm.dylib+0x77346c]  Method::is_valid_method(Method const*)+0x38
V  [libjvm.dylib+0x35db4c]  forte_fill_call_trace_given_top(JavaThread*, ASGCT_CallTrace*, int, frame)+0x460
V  [libjvm.dylib+0x35d6c4]  AsyncGetCallTrace+0x1e0
C  [spark-94bc93fa6c91-libasyncProfiler.so.tmp+0x20dc0]  Profiler::getJavaTraceAsync(void*, ASGCT_CallFrame*, int, StackContext*)+0x15c
C  [spark-94bc93fa6c91-libasyncProfiler.so.tmp+0x21cf8]  Profiler::recordSample(void*, unsigned long long, int, Event*)+0x1c4
C  [spark-94bc93fa6c91-libasyncProfiler.so.tmp+0x2df9c]  WallClock::signalHandler(int, __siginfo*, void*)+0xb0
C  [libsystem_platform.dylib+0x3624]  _sigtramp+0x38
J 50746 c1 java.util.stream.ReferencePipeline.collect(Ljava/util/stream/Collector;)Ljava/lang/Object; java.base@17.0.8 (124 bytes) @ 0x000000010fda0618 [0x000000010fda0080+0x0000000000000598]
j  net.minecraft.client.server.IntegratedServer.m_7038_()Z+57 minecraft@1.20.1
j  net.minecraft.server.MinecraftServer.m_130011_()V+16 minecraft@1.20.1
j  net.minecraft.server.MinecraftServer.m_206580_(Ljava/util/concurrent/atomic/AtomicReference;)V+7 minecraft@1.20.1
j  net.minecraft.server.MinecraftServer$$Lambda$40127+0x0000000803e73400.run()V+4 minecraft@1.20.1
j  java.lang.Thread.run()V+11 java.base@17.0.8
v  ~StubRoutines::call_stub
V  [libjvm.dylib+0x470ff0]  JavaCalls::call_helper(JavaValue*, methodHandle const&, JavaCallArguments*, JavaThread*)+0x38c
V  [libjvm.dylib+0x47000c]  JavaCalls::call_virtual(JavaValue*, Klass*, Symbol*, Symbol*, JavaCallArguments*, JavaThread*)+0x11c
V  [libjvm.dylib+0x4700d8]  JavaCalls::call_virtual(JavaValue*, Handle, Klass*, Symbol*, Symbol*, JavaThread*)+0x64
V  [libjvm.dylib+0x527bbc]  thread_entry(JavaThread*, JavaThread*)+0xc4
V  [libjvm.dylib+0x9aacf4]  JavaThread::thread_main_inner()+0x150
V  [libjvm.dylib+0x9a9388]  Thread::call_run()+0xe0
V  [libjvm.dylib+0x7c90c4]  thread_native_entry(Thread*)+0x158
C  [libsystem_pthread.dylib+0x6c0c]  _pthread_start+0x88


siginfo: si_signo: 10 (SIGBUS), si_code: 1 (BUS_ADRALN), si_addr: 0x00000001145a14e4

Register to memory mapping:

 x0=0x000000013c3f8000 is pointing into metadata
 x1=0x00000000cafebabe is an unknown value
 x2=0x000000010742d84c: _ZNK8CodeHeap16find_blob_unsafeEPv+0 in /Users/ycar/Documents/curseforge/minecraft/Install/java/java-runtime-gamma/Contents/Home/lib/server/libjvm.dylib at 0x0000000107010000
 x3=0x00000003a5105da0 is pointing into the stack for thread: 0x0000000174156a00
 x4=0x00000003a5106000 is pointing into the stack for thread: 0x0000000174156a00
 x5=0x00000003a5106000 is pointing into the stack for thread: 0x0000000174156a00
 x6=0x0000000174156a00 is a thread
 x7=0x0000000174156a00 is a thread
 x8=0x00000001145a14e0 is at begin+0 in a stub
StubRoutines::SafeFetch32 [0x00000001145a14e0, 0x00000001145a14ec] (12 bytes)
 x9=0x0000000000000003 is an unknown value
x10=0x00000001008f4000 points into unknown readable memory: 0x0100050403020100 | 00 01 02 03 04 05 00 01
x11=0x0000000000001944 is an unknown value
x12=0x0000000000001944 is an unknown value
x13=0x0 is NULL
x14=3758957599 is a compressed pointer to object: java.util.stream.Collectors$$Lambda$7/0x0000000800016378 
{0x00000007006920f8} - klass: 'java/util/stream/Collectors$$Lambda$7+0x0000000800016378'
 - ---- fields (total size 2 words):
x15=0x00000000000000bf is an unknown value
x16=0x00000001974f1bf0: pthread_getspecific+0 in /usr/lib/system/libsystem_pthread.dylib at 0x00000001974f0000
x17=0x00000003511f6da0 points into unknown readable memory: 0xfffffffffffffffe | fe ff ff ff ff ff ff ff
x18=0x0 is NULL
x19=0x000000013c3f8000 is pointing into metadata
x20=0x0000000174156a00 is a thread
x21=0x0000000000000001 is an unknown value
x22={method} {0x000000013c3f8ee8} 'makeRef' '(Ljava/util/stream/Collector;)Ljava/util/stream/TerminalOp;' in 'java/util/stream/ReduceOps'
x23=0x0000000107c7b9c0: _ZN12StubRoutines18_safefetch32_entryE+0 in /Users/ycar/Documents/curseforge/minecraft/Install/java/java-runtime-gamma/Contents/Home/lib/server/libjvm.dylib at 0x0000000107010000
x24=0x00000000cafebabe is an unknown value
x25=0x0000000114bfe5d8 is at entry_point+536 in (nmethod*)0x0000000114bfe210
x26=0x00000003a5105d80 is pointing into the stack for thread: 0x0000000174156a00
x27=0x0000000000000002 is an unknown value
x28=0x0000000114bfe3c0 is at entry_point+0 in (nmethod*)0x0000000114bfe210


Registers:
 x0=0x000000013c3f8000  x1=0x00000000cafebabe  x2=0x000000010742d84c  x3=0x00000003a5105da0
 x4=0x00000003a5106000  x5=0x00000003a5106000  x6=0x0000000174156a00  x7=0x0000000174156a00
 x8=0x00000001145a14e0  x9=0x0000000000000003 x10=0x00000001008f4000 x11=0x0000000000001944
x12=0x0000000000001944 x13=0x0000000000000000 x14=0x00000000e00d241f x15=0x00000000000000bf
x16=0x00000001974f1bf0 x17=0x00000003511f6da0 x18=0x0000000000000000 x19=0x000000013c3f8000
x20=0x0000000174156a00 x21=0x0000000000000001 x22=0x000000013c3f8ee8 x23=0x0000000107c7b9c0
x24=0x00000000cafebabe x25=0x0000000114bfe5d8 x26=0x00000003a5105d80 x27=0x0000000000000002
x28=0x0000000114bfe3c0  fp=0x00000003a51051d0  lr=0x00000001077d5a5c  sp=0x00000003a51051a0
pc=0x00000001145a14e4 cpsr=0x0000000060001000
Top of Stack: (sp=0x00000003a51051a0)
0x00000003a51051a0:   0000000114bfe43d 0000000114bfe210
0x00000003a51051b0:   000000013c3f8ee8 0000000174156a00
0x00000003a51051c0:   000000013c3f8000 000000013c3f8f40
0x00000003a51051d0:   00000003a51051f0 00000001077d605c
0x00000003a51051e0:   0000000000000800 000000013c3f8ee8
0x00000003a51051f0:   00000003a5105210 000000010778346c
0x00000003a5105200:   0000000000000800 00000003a5105f60
0x00000003a5105210:   00000003a5105e80 000000010736db4c
0x00000003a5105220:   0000000000000000 0000000000000000
0x00000003a5105230:   0000000000000000 0000000000000000
0x00000003a5105240:   0000000000000000 0000000107c723eb
0x00000003a5105250:   0000000000000002 0000000107c91d80
0x00000003a5105260:   0000000000000000 00000001005dc000
0x00000003a5105270:   0000000000000001 0000000000000018
0x00000003a5105280:   0000000000000000 00000001005d8000
0x00000003a5105290:   00000003a51052d0 00000001972f7be8
0x00000003a51052a0:   0000000000000000 0000000000000002
0x00000003a51052b0:   0000000000000001 0000000000000018
0x00000003a51052c0:   0000000000000001 00000003a5105310
0x00000003a51052d0:   00000003a5105348 0000000174156a00
0x00000003a51052e0:   00000003a5105320 00000001072988e0
0x00000003a51052f0:   000000014094e1c8 000000013c0003d8
0x00000003a5105300:   00000003a5105670 0000000800040fc0
0x00000003a5105310:   00000003a5105600 0000000174156a00
0x00000003a5105320:   00000003a51055b0 00000001076a0b78
0x00000003a5105330:   000000014094e1c8 000000039bf7cb20
0x00000003a5105340:   000000013c000480 000000013c000480
0x00000003a5105350:   0000000174156a00 0000000174156a00
0x00000003a5105360:   00000003a51054b0 000000010769eaa0
0x00000003a5105370:   00000003a5105480 000000013c000480
0x00000003a5105380:   0000000174156a00 000000039bfb4ca0
0x00000003a5105390:   000000039bf7cb20 000000039d35e5c8 

Instructions: (pc=0x00000001145a14e4)
0x00000001145a13e4:   1e614000 1400003a d2822809 f2a0f8a9
0x00000001145a13f4:   f2c00029 6d425935 1e640886 0c402d31
0x00000001145a1404:   1e6408c7 1f5654d0 1e6c1017 1f5050d0
0x00000001145a1414:   1f504cd0 1f5048d0 1e650af6 1f50d8f6
0x00000001145a1424:   1f5694d6 1f5158f6 1e762880 36000501
0x00000001145a1434:   1e614000 14000026 2e251ca5 d2823009
0x00000001145a1444:   f2a0f8a9 f2c00029 6d425d36 1e600806
0x00000001145a1454:   0c402d32 1f5758c7 1e6c101a 1f4754c7
0x00000001145a1464:   1e650805 1f4750c7 d2866668 f2a7fa68
0x00000001145a1474:   1f474cc7 1e6608c0 1f4748c7 1e6e1019
0x00000001145a1484:   eb08007f 540000ac 1f479400 1f460340
0x00000001145a1494:   1e603b20 1400000e d2a7fd29 eb09007f
0x00000001145a14a4:   540000ac 51480069 d3607d29 9e670121
0x00000001145a14b4:   14000002 1e6a5001 1f679417 1f668742
0x00000001145a14c4:   1e613b23 1e773857 1e773860 a8c17ff3
0x00000001145a14d4:   910003bf a8c17bfd d65f03c0 b9400001
0x00000001145a14e4:   aa0103e0 d65f03c0 f9400001 aa0103e0
0x00000001145a14f4:   d65f03c0 00000000 00000000 00000000
0x00000001145a1504:   00000000 00000000 00000000 00000000
0x00000001145a1514:   00000000 00000000 00000000 00000000
0x00000001145a1524:   00000000 00000000 00000000 00000000
0x00000001145a1534:   00000000 00000000 00000000 00000000
0x00000001145a1544:   00000000 00000000 00000000 00000000
0x00000001145a1554:   00000000 00000000 00000000 00000000
0x00000001145a1564:   00000000 00000000 00000000 00000000
0x00000001145a1574:   00000000 00000000 00000000 00000000
0x00000001145a1584:   00000000 00000000 00000000 00000000
0x00000001145a1594:   00000000 00000000 00000000 00000000
0x00000001145a15a4:   00000000 00000000 00000000 00000000
0x00000001145a15b4:   00000000 00000000 00000000 00000000
0x00000001145a15c4:   00000000 00000000 00000000 00000000
0x00000001145a15d4:   00000000 00000000 00000000 00000000 


Stack slot to memory mapping:
stack at sp + 0 slots: 0x0000000114bfe43d is at entry_point+125 in (nmethod*)0x0000000114bfe210
stack at sp + 1 slots: 0x0000000114bfe210 is at entry_point+-432 in (nmethod*)0x0000000114bfe210
stack at sp + 2 slots: {method} {0x000000013c3f8ee8} 'makeRef' '(Ljava/util/stream/Collector;)Ljava/util/stream/TerminalOp;' in 'java/util/stream/ReduceOps'
stack at sp + 3 slots: 0x0000000174156a00 is a thread
stack at sp + 4 slots: 0x000000013c3f8000 is pointing into metadata
stack at sp + 5 slots: 0x000000013c3f8f40 is pointing into metadata
stack at sp + 6 slots: 0x00000003a51051f0 is pointing into the stack for thread: 0x0000000174156a00
stack at sp + 7 slots: 0x00000001077d605c: _ZN2os17is_readable_rangeEPKvS1_+0x2c in /Users/ycar/Documents/curseforge/minecraft/Install/java/java-runtime-gamma/Contents/Home/lib/server/libjvm.dylib at 0x0000000107010000

StubRoutines::SafeFetch32 [0x00000001145a14e0, 0x00000001145a14ec] (12 bytes)
[MachCode]
  0x00000001145a14e0: 0100 40b9 | e003 01aa | c003 5fd6 
[/MachCode]

---------------  P R O C E S S  ---------------

Threads class SMR info:
_java_thread_list=0x00000003bf321dd0, length=158, elements={
0x000000012180c200, 0x0000000124836400, 0x00000001218e3a00, 0x000000012100e600,
0x0000000121014200, 0x0000000121014800, 0x0000000123016a00, 0x000000012400fc00,
0x000000012400c600, 0x000000012400cc00, 0x00000001218e4000, 0x0000000173e35800,
0x000000012446b800, 0x00000001270da800, 0x000000017426fa00, 0x0000000127b1dc00,
0x0000000121cd2c00, 0x00000001234f3c00, 0x0000000176043a00, 0x00000001219c5200,
0x0000000123714000, 0x000000012710e000, 0x0000000121afba00, 0x00000001232a8600,
0x000000012121ea00, 0x00000001236f8e00, 0x00000001232f7200, 0x0000000121e02800,
0x0000000121cf8800, 0x0000000121cf8e00, 0x00000001236f9400, 0x00000001232f8800,
0x0000000121343600, 0x0000000173ab1a00, 0x0000000121d0d200, 0x0000000121346600,
0x0000000121347400, 0x0000000122b92a00, 0x0000000123602a00, 0x0000000122e50800,
0x000000012332ce00, 0x0000000127c25600, 0x000000012363a000, 0x000000012364da00,
0x00000001218e3200, 0x00000001244e9800, 0x000000012364e000, 0x0000000176008200,
0x00000001211d2400, 0x0000000122cbb600, 0x0000000127312800, 0x0000000122baf200,
0x0000000122e81400, 0x0000000121c9e200, 0x0000000121345a00, 0x0000000121d19e00,
0x0000000174273a00, 0x0000000124918000, 0x0000000173ee2000, 0x00000001278b0000,
0x0000000122b91e00, 0x0000000121ceea00, 0x0000000124df1000, 0x00000001229c7600,
0x0000000173ee1200, 0x0000000121971000, 0x000000012359bc00, 0x0000000123808600,
0x0000000121971600, 0x000000012359d000, 0x0000000121100800, 0x00000001232a4000,
0x0000000121a42400, 0x000000012725a400, 0x00000001741c6600, 0x00000001232a4600,
0x0000000124247600, 0x000000014a81a800, 0x000000012359ca00, 0x00000001230a7c00,
0x000000012439ce00, 0x00000001230a9000, 0x0000000121100e00, 0x000000012139ae00,
0x00000001761aaa00, 0x00000001741c5600, 0x0000000173b43400, 0x0000000173a5b000,
0x0000000127202200, 0x0000000127202800, 0x00000001271fd600, 0x0000000127b6e400,
0x000000012380aa00, 0x00000001278e1c00, 0x000000012311e800, 0x000000014a812a00,
0x0000000175941600, 0x0000000124247000, 0x0000000122fc8a00, 0x0000000122fc9000,
0x0000000121a6b400, 0x0000000127b3a200, 0x0000000121208a00, 0x000000012156fe00,
0x0000000124df5400, 0x0000000127672000, 0x0000000127162800, 0x0000000121d27800,
0x00000001232f8200, 0x0000000123312800, 0x0000000123248e00, 0x0000000121ab6400,
0x0000000173b26400, 0x0000000123249a00, 0x0000000127b3fe00, 0x000000014a812400,
0x0000000121d03000, 0x0000000121d0ca00, 0x000000014a813000, 0x00000001270a1e00,
0x0000000123173800, 0x0000000127ac1e00, 0x0000000121357000, 0x00000001277ed400,
0x0000000127160c00, 0x0000000173f1d200, 0x00000001765b2c00, 0x00000001234f3400,
0x000000017425a600, 0x00000001277e8600, 0x0000000173b05e00, 0x0000000122d05600,
0x0000000124a49c00, 0x00000001237fc000, 0x0000000121917400, 0x00000001248a0000,
0x00000001761a7600, 0x0000000124c68200, 0x0000000127ad1000, 0x0000000127951c00,
0x000000036d67de00, 0x000000036d604400, 0x000000036d69d400, 0x000000036d6a0e00,
0x000000014a810200, 0x000000014a809400, 0x000000012385e400, 0x000000017446fc00,
0x0000000174156a00, 0x0000000174201a00, 0x00000001230c0000, 0x0000000121902200,
0x0000000127886800, 0x0000000122d16400, 0x0000000333a0f000, 0x00000003693a6000,
0x000000036d4ad200, 0x000000036d4af600
}

Java Threads: ( => current thread )
  0x000000012180c200 JavaThread "Render thread" [_thread_in_vm, id=259, stack(0x000000016f050000,0x000000016f84c000)]
  0x0000000124836400 JavaThread "Reference Handler" daemon [_thread_blocked, id=18691, stack(0x0000000170524000,0x0000000170627000)]
  0x00000001218e3a00 JavaThread "Finalizer" daemon [_thread_blocked, id=19971, stack(0x0000000170630000,0x0000000170733000)]
  0x000000012100e600 JavaThread "Signal Dispatcher" daemon [_thread_blocked, id=23043, stack(0x0000000170854000,0x0000000170957000)]
  0x0000000121014200 JavaThread "Service Thread" daemon [_thread_blocked, id=31747, stack(0x0000000170960000,0x0000000170a63000)]
  0x0000000121014800 JavaThread "Monitor Deflation Thread" daemon [_thread_blocked, id=31235, stack(0x0000000170a6c000,0x0000000170b6f000)]
  0x0000000123016a00 JavaThread "C2 CompilerThread0" daemon [_thread_in_native, id=23555, stack(0x0000000170b78000,0x0000000170d7b000)]
  0x000000012400fc00 JavaThread "C1 CompilerThread0" daemon [_thread_blocked, id=23811, stack(0x0000000170d84000,0x0000000170f87000)]
  0x000000012400c600 JavaThread "Sweeper thread" daemon [_thread_blocked, id=24067, stack(0x0000000170f90000,0x0000000171093000)]
  0x000000012400cc00 JavaThread "Common-Cleaner" daemon [_thread_blocked, id=30211, stack(0x000000017109c000,0x000000017119f000)]
  0x00000001218e4000 JavaThread "Notification Thread" daemon [_thread_blocked, id=24579, stack(0x00000001711a8000,0x00000001712ab000)]
  0x0000000173e35800 JavaThread "Thread-0" daemon [_thread_blocked, id=77063, stack(0x000000017073c000,0x000000017083f000)]
  0x000000012446b800 JavaThread "Thread-1" daemon [_thread_blocked, id=126219, stack(0x0000000175604000,0x0000000175707000)]
  0x00000001270da800 JavaThread "JNA Cleaner" daemon [_thread_blocked, id=94227, stack(0x0000000176b04000,0x0000000176c07000)]
  0x000000017426fa00 JavaThread "Timer hack thread" daemon [_thread_blocked, id=123175, stack(0x0000000176c10000,0x0000000176d13000)]
  0x0000000127b1dc00 JavaThread "Yggdrasil Key Fetcher" daemon [_thread_blocked, id=94471, stack(0x0000000177e04000,0x0000000177f07000)]
  0x0000000121cd2c00 JavaThread "Essential Thread 1" [_thread_blocked, id=76807, stack(0x000000031e80c000,0x000000031e90f000)]
  0x00000001234f3c00 JavaThread "Cleaner-0" daemon [_thread_blocked, id=129039, stack(0x000000031ea50000,0x000000031eb53000)]
  0x0000000176043a00 JavaThread "DefaultDispatcher-worker-1" daemon [_thread_blocked, id=52747, stack(0x000000031ef04000,0x000000031f007000)]
  0x00000001219c5200 JavaThread "DefaultDispatcher-worker-2" daemon [_thread_blocked, id=69127, stack(0x000000031f010000,0x000000031f113000)]
  0x0000000123714000 JavaThread "DefaultDispatcher-worker-3" daemon [_thread_blocked, id=92175, stack(0x000000031f11c000,0x000000031f21f000)]
  0x000000012710e000 JavaThread "Essential Thread 2" [_thread_blocked, id=54579, stack(0x000000031f404000,0x000000031f507000)]
  0x0000000121afba00 JavaThread "FileSystemWatcher" daemon [_thread_blocked, id=82703, stack(0x000000031f510000,0x000000031f613000)]
  0x00000001232a8600 JavaThread "Timer-0" daemon [_thread_blocked, id=86555, stack(0x000000031f61c000,0x000000031f71f000)]
  0x000000012121ea00 JavaThread "Essential Thread 3" [_thread_blocked, id=84499, stack(0x000000031f728000,0x000000031f82b000)]
  0x00000001236f8e00 JavaThread "Essential Thread 4" [_thread_blocked, id=85263, stack(0x000000031f834000,0x000000031f937000)]
  0x00000001232f7200 JavaThread "Essential Thread 5" [_thread_blocked, id=57099, stack(0x000000031f940000,0x000000031fa43000)]
  0x0000000121e02800 JavaThread "Essential Thread 6" [_thread_blocked, id=49671, stack(0x000000031fa4c000,0x000000031fb4f000)]
  0x0000000121cf8800 JavaThread "Essential Thread 7" [_thread_blocked, id=72723, stack(0x000000031fb58000,0x000000031fc5b000)]
  0x0000000121cf8e00 JavaThread "Essential Thread 8" [_thread_blocked, id=122115, stack(0x000000031fc64000,0x000000031fd67000)]
  0x00000001236f9400 JavaThread "ForkJoinPool.commonPool-worker-1" daemon [_thread_blocked, id=94979, stack(0x000000031fd70000,0x000000031fe73000)]
  0x00000001232f8800 JavaThread "ForkJoinPool.commonPool-worker-2" daemon [_thread_blocked, id=95747, stack(0x0000000328004000,0x0000000328107000)]
  0x0000000121343600 JavaThread "ForkJoinPool.commonPool-worker-3" daemon [_thread_blocked, id=96259, stack(0x0000000328110000,0x0000000328213000)]
  0x0000000173ab1a00 JavaThread "ForkJoinPool.commonPool-worker-4" daemon [_thread_blocked, id=96771, stack(0x000000032821c000,0x000000032831f000)]
  0x0000000121d0d200 JavaThread "ForkJoinPool.commonPool-worker-5" daemon [_thread_blocked, id=121347, stack(0x0000000328328000,0x000000032842b000)]
  0x0000000121346600 JavaThread "ForkJoinPool.commonPool-worker-6" daemon [_thread_blocked, id=97283, stack(0x0000000328434000,0x0000000328537000)]
  0x0000000121347400 JavaThread "ForkJoinPool.commonPool-worker-7" daemon [_thread_blocked, id=97539, stack(0x0000000328804000,0x0000000328907000)]
  0x0000000122b92a00 JavaThread "ForkJoinPool.commonPool-worker-8" daemon [_thread_blocked, id=120835, stack(0x0000000328c04000,0x0000000328d07000)]
  0x0000000123602a00 JavaThread "ForkJoinPool.commonPool-worker-9" daemon [_thread_blocked, id=120323, stack(0x0000000329004000,0x0000000329107000)]
  0x0000000122e50800 JavaThread "DefaultDispatcher-worker-4" daemon [_thread_blocked, id=98307, stack(0x000000032a10c000,0x000000032a20f000)]
  0x000000012332ce00 JavaThread "WebSocketConnectReadThread-60" daemon [_thread_in_native, id=98563, stack(0x000000032a218000,0x000000032a31b000)]
  0x0000000127c25600 JavaThread "WebSocketWriteThread-61" daemon [_thread_blocked, id=98819, stack(0x000000032a324000,0x000000032a427000)]
  0x000000012363a000 JavaThread "Cleaner-1" daemon [_thread_blocked, id=99331, stack(0x000000032a430000,0x000000032a533000)]
  0x000000012364da00 JavaThread "Essential Thread 9" daemon [_thread_blocked, id=99847, stack(0x000000032c058000,0x000000032c15b000)]
  0x00000001218e3200 JavaThread "modloading-worker-0" daemon [_thread_blocked, id=95519, stack(0x000000032c304000,0x000000032c407000)]
  0x00000001244e9800 JavaThread "modloading-worker-0" daemon [_thread_blocked, id=100611, stack(0x000000032c410000,0x000000032c513000)]
  0x000000012364e000 JavaThread "modloading-worker-0" daemon [_thread_blocked, id=101123, stack(0x000000032c51c000,0x000000032c61f000)]
  0x0000000176008200 JavaThread "modloading-worker-0" daemon [_thread_blocked, id=118787, stack(0x000000032c628000,0x000000032c72b000)]
  0x00000001211d2400 JavaThread "modloading-worker-0" daemon [_thread_blocked, id=101891, stack(0x000000032c734000,0x000000032c837000)]
  0x0000000122cbb600 JavaThread "modloading-worker-0" daemon [_thread_blocked, id=102403, stack(0x000000032c840000,0x000000032c943000)]
  0x0000000127312800 JavaThread "modloading-worker-0" daemon [_thread_blocked, id=102659, stack(0x000000032c94c000,0x000000032ca4f000)]
  0x0000000122baf200 JavaThread "modloading-worker-0" daemon [_thread_blocked, id=103171, stack(0x000000032cc04000,0x000000032cd07000)]
  0x0000000122e81400 JavaThread "modloading-worker-0" daemon [_thread_blocked, id=103427, stack(0x000000032cd10000,0x000000032ce13000)]
  0x0000000121c9e200 JavaThread "modloading-worker-0" daemon [_thread_blocked, id=103683, stack(0x000000032ce1c000,0x000000032cf1f000)]
  0x0000000121345a00 JavaThread "DFU cleaning thread" daemon [_thread_blocked, id=117559, stack(0x000000032d804000,0x000000032d907000)]
  0x0000000121d19e00 JavaThread "JEI Config File Watcher" daemon [_thread_blocked, id=104199, stack(0x000000032db04000,0x000000032dc07000)]
  0x0000000174273a00 JavaThread "FileSystemWatcher" daemon [_thread_blocked, id=116995, stack(0x000000032dc10000,0x000000032dd13000)]
  0x0000000124918000 JavaThread "FileSystemWatcher" daemon [_thread_blocked, id=116535, stack(0x0000000332404000,0x0000000332507000)]
  0x0000000173ee2000 JavaThread "KubeJS Background Thread" daemon [_thread_blocked, id=115723, stack(0x0000000332910000,0x0000000332a13000)]
  0x00000001278b0000 JavaThread "pool-9-thread-1" [_thread_blocked, id=116275, stack(0x0000000332d04000,0x0000000332e07000)]
  0x0000000122b91e00 JavaThread "pool-11-thread-1" [_thread_blocked, id=115515, stack(0x0000000333504000,0x0000000333607000)]
  0x0000000121ceea00 JavaThread "Essential Thread 10" [_thread_blocked, id=19475, stack(0x0000000338104000,0x0000000338207000)]
  0x0000000124df1000 JavaThread "Essential Thread 11" [_thread_blocked, id=32267, stack(0x0000000338210000,0x0000000338313000)]
  0x00000001229c7600 JavaThread "Essential Thread 12" [_thread_blocked, id=115291, stack(0x000000033831c000,0x000000033841f000)]
  0x0000000173ee1200 JavaThread "Essential Thread 13" daemon [_thread_blocked, id=114691, stack(0x000000033865c000,0x000000033875f000)]
  0x0000000121971000 JavaThread "Essential Thread 14" [_thread_blocked, id=111875, stack(0x00000003391e0000,0x00000003392e3000)]
  0x000000012359bc00 JavaThread "DefaultDispatcher-worker-5" daemon [_thread_blocked, id=111619, stack(0x00000003392ec000,0x00000003393ef000)]
  0x0000000123808600 JavaThread "DefaultDispatcher-worker-6" daemon [_thread_blocked, id=108803, stack(0x00000003393f8000,0x00000003394fb000)]
  0x0000000121971600 JavaThread "DefaultDispatcher-worker-7" daemon [_thread_in_native, id=109315, stack(0x0000000339504000,0x0000000339607000)]
  0x000000012359d000 JavaThread "DefaultDispatcher-worker-8" daemon [_thread_blocked, id=111107, stack(0x0000000339610000,0x0000000339713000)]
  0x0000000121100800 JavaThread "DefaultDispatcher-worker-11" daemon [_thread_blocked, id=109827, stack(0x000000033971c000,0x000000033981f000)]
  0x00000001232a4000 JavaThread "DefaultDispatcher-worker-10" daemon [_thread_blocked, id=110339, stack(0x0000000339828000,0x000000033992b000)]
  0x0000000121a42400 JavaThread "DefaultDispatcher-worker-12" daemon [_thread_blocked, id=131075, stack(0x0000000339934000,0x0000000339a37000)]
  0x000000012725a400 JavaThread "DefaultDispatcher-worker-15" daemon [_thread_blocked, id=131331, stack(0x0000000339a40000,0x0000000339b43000)]
  0x00000001741c6600 JavaThread "DefaultDispatcher-worker-9" daemon [_thread_blocked, id=131843, stack(0x0000000339b4c000,0x0000000339c4f000)]
  0x00000001232a4600 JavaThread "DefaultDispatcher-worker-14" daemon [_thread_blocked, id=173827, stack(0x0000000339c58000,0x0000000339d5b000)]
  0x0000000124247600 JavaThread "DefaultDispatcher-worker-16" daemon [_thread_blocked, id=173571, stack(0x0000000339d64000,0x0000000339e67000)]
  0x000000014a81a800 JavaThread "DefaultDispatcher-worker-13" daemon [_thread_blocked, id=173315, stack(0x0000000339e70000,0x0000000339f73000)]
  0x000000012359ca00 JavaThread "DefaultDispatcher-worker-17" daemon [_thread_blocked, id=173059, stack(0x0000000339f7c000,0x000000033a07f000)]
  0x00000001230a7c00 JavaThread "DefaultDispatcher-worker-18" daemon [_thread_blocked, id=172547, stack(0x000000033a088000,0x000000033a18b000)]
  0x000000012439ce00 JavaThread "DefaultDispatcher-worker-19" daemon [_thread_blocked, id=172291, stack(0x000000033a194000,0x000000033a297000)]
  0x00000001230a9000 JavaThread "DefaultDispatcher-worker-20" daemon [_thread_blocked, id=133379, stack(0x000000033a2a0000,0x000000033a3a3000)]
  0x0000000121100e00 JavaThread "DefaultDispatcher-worker-21" daemon [_thread_blocked, id=133635, stack(0x000000033a3ac000,0x000000033a4af000)]
  0x000000012139ae00 JavaThread "DefaultDispatcher-worker-22" daemon [_thread_blocked, id=171523, stack(0x000000033a4b8000,0x000000033a5bb000)]
  0x00000001761aaa00 JavaThread "DefaultDispatcher-worker-23" daemon [_thread_blocked, id=134147, stack(0x000000033a5c4000,0x000000033a6c7000)]
  0x00000001741c5600 JavaThread "DefaultDispatcher-worker-24" daemon [_thread_blocked, id=134403, stack(0x000000033a6d0000,0x000000033a7d3000)]
  0x0000000173b43400 JavaThread "OkHttp Dispatcher" [_thread_blocked, id=134915, stack(0x000000034d058000,0x000000034d15b000)]
  0x0000000173a5b000 JavaThread "OkHttp Dispatcher" [_thread_blocked, id=135427, stack(0x000000034d164000,0x000000034d267000)]
  0x0000000127202200 JavaThread "OkHttp Dispatcher" [_thread_blocked, id=135683, stack(0x000000034d474000,0x000000034d577000)]
  0x0000000127202800 JavaThread "OkHttp Dispatcher" [_thread_blocked, id=135939, stack(0x000000034d580000,0x000000034d683000)]
  0x00000001271fd600 JavaThread "OkHttp Dispatcher" [_thread_blocked, id=136451, stack(0x000000034d68c000,0x000000034d78f000)]
  0x0000000127b6e400 JavaThread "OkHttp crafthead.net" [_thread_in_native, id=137219, stack(0x000000034fc04000,0x000000034fd07000)]
  0x000000012380aa00 JavaThread "OkHttp api.minecraftservices.com" daemon [_thread_in_native, id=169219, stack(0x000000034fe1c000,0x000000034ff1f000)]
  0x00000001278e1c00 JavaThread "OkHttp ConnectionPool" daemon [_thread_blocked, id=168451, stack(0x000000035024c000,0x000000035034f000)]
  0x000000012311e800 JavaThread "OkHttp Http2Connection" daemon [_thread_blocked, id=168967, stack(0x000000034fd10000,0x000000034fe13000)]
  0x000000014a812a00 JavaThread "OkHttp Http2Connection" daemon [_thread_blocked, id=139015, stack(0x000000034ff28000,0x000000035002b000)]
  0x0000000175941600 JavaThread "Okio Watchdog" daemon [_thread_blocked, id=168711, stack(0x0000000350034000,0x0000000350137000)]
  0x0000000124247000 JavaThread "OkHttp Dispatcher" [_thread_blocked, id=169479, stack(0x0000000350140000,0x0000000350243000)]
  0x0000000122fc8a00 JavaThread "Worker-Main-1" daemon [_thread_blocked, id=168207, stack(0x0000000350504000,0x0000000350607000)]
  0x0000000122fc9000 JavaThread "Worker-Main-2" daemon [_thread_blocked, id=167683, stack(0x0000000350610000,0x0000000350713000)]
  0x0000000121a6b400 JavaThread "Worker-Main-3" daemon [_thread_blocked, id=167171, stack(0x000000035071c000,0x000000035081f000)]
  0x0000000127b3a200 JavaThread "Worker-Main-4" daemon [_thread_blocked, id=184331, stack(0x0000000351530000,0x0000000351633000)]
  0x0000000121208a00 JavaThread "Worker-Main-5" daemon [_thread_blocked, id=184579, stack(0x000000035163c000,0x000000035173f000)]
  0x000000012156fe00 JavaThread "Worker-Main-6" daemon [_thread_blocked, id=254211, stack(0x0000000351748000,0x000000035184b000)]
  0x0000000124df5400 JavaThread "Worker-Main-7" daemon [_thread_blocked, id=184835, stack(0x0000000351854000,0x0000000351957000)]
  0x0000000127672000 JavaThread "Worker-Main-8" daemon [_thread_blocked, id=253443, stack(0x0000000351960000,0x0000000351a63000)]
  0x0000000127162800 JavaThread "Worker-Main-9" daemon [_thread_blocked, id=185091, stack(0x0000000351a6c000,0x0000000351b6f000)]
  0x0000000121d27800 JavaThread "pool-7-thread-1" [_thread_blocked, id=252675, stack(0x0000000351b78000,0x0000000351c7b000)]
  0x00000001232f8200 JavaThread "pool-7-thread-2" [_thread_blocked, id=252419, stack(0x0000000351c84000,0x0000000351d87000)]
  0x0000000123312800 JavaThread "pool-7-thread-3" [_thread_blocked, id=252163, stack(0x0000000351d90000,0x0000000351e93000)]
  0x0000000123248e00 JavaThread "Worker-ResourceReload-0" daemon [_thread_blocked, id=251907, stack(0x0000000352544000,0x0000000352647000)]
  0x0000000121ab6400 JavaThread "Worker-ResourceReload-1" daemon [_thread_blocked, id=251395, stack(0x0000000352650000,0x0000000352753000)]
  0x0000000173b26400 JavaThread "Worker-ResourceReload-2" daemon [_thread_blocked, id=250883, stack(0x000000035275c000,0x000000035285f000)]
  0x0000000123249a00 JavaThread "Worker-ResourceReload-3" daemon [_thread_blocked, id=186115, stack(0x0000000352868000,0x000000035296b000)]
  0x0000000127b3fe00 JavaThread "Worker-ResourceReload-4" daemon [_thread_blocked, id=250115, stack(0x0000000352974000,0x0000000352a77000)]
  0x000000014a812400 JavaThread "Worker-ResourceReload-5" daemon [_thread_blocked, id=186371, stack(0x0000000352a80000,0x0000000352b83000)]
  0x0000000121d03000 JavaThread "Worker-ResourceReload-6" daemon [_thread_blocked, id=186883, stack(0x0000000352b8c000,0x0000000352c8f000)]
  0x0000000121d0ca00 JavaThread "Worker-ResourceReload-7" daemon [_thread_blocked, id=249347, stack(0x0000000352c98000,0x0000000352d9b000)]
  0x000000014a813000 JavaThread "Worker-ResourceReload-8" daemon [_thread_blocked, id=187139, stack(0x0000000353004000,0x0000000353107000)]
  0x00000001270a1e00 JavaThread "Essential Discord IPC Polling" daemon [_thread_blocked, id=187395, stack(0x000000035783c000,0x000000035793f000)]
  0x0000000123173800 JavaThread "DragonLib Network Manager (Client)" [_thread_blocked, id=187907, stack(0x0000000357bb0000,0x0000000357cb3000)]
  0x0000000127ac1e00 JavaThread "IO-Worker-10" [_thread_blocked, id=188419, stack(0x0000000357e20000,0x0000000357f23000)]
  0x0000000121357000 JavaThread "FileSystemWatcher" daemon [_thread_blocked, id=188675, stack(0x000000035851c000,0x000000035861f000)]
  0x00000001277ed400 JavaThread "Java2D Disposer" daemon [_thread_blocked, id=189711, stack(0x00000003629b4000,0x0000000362ab7000)]
  0x0000000127160c00 JavaThread "ConfigSaver" daemon [_thread_blocked, id=189959, stack(0x0000000367820000,0x0000000367923000)]
  0x0000000173f1d200 JavaThread "Ingredient reference clearing thread" daemon [_thread_blocked, id=170759, stack(0x000000036ce5c000,0x000000036cf5f000)]
  0x00000001765b2c00 JavaThread "spark-monitoring-thread" daemon [_thread_blocked, id=171047, stack(0x000000036e10c000,0x000000036e20f000)]
  0x00000001234f3400 JavaThread "spark-worker-pool-1-thread-1" daemon [_thread_blocked, id=246023, stack(0x000000036d8cc000,0x000000036d9cf000)]
  0x000000017425a600 JavaThread "Thread-45" daemon [_thread_blocked, id=191255, stack(0x000000036df04000,0x000000036e007000)]
  0x00000001277e8600 JavaThread "Essential Thread 15" daemon [_thread_blocked, id=247559, stack(0x0000000370e04000,0x0000000370f07000)]
  0x0000000173b05e00 JavaThread "Essential Thread 16" daemon [_thread_blocked, id=107535, stack(0x0000000318e04000,0x0000000318f07000)]
  0x0000000122d05600 JavaThread "Essential Thread 17" daemon [_thread_blocked, id=183815, stack(0x0000000338784000,0x0000000338887000)]
  0x0000000124a49c00 JavaThread "Cleaner-2" daemon [_thread_blocked, id=193027, stack(0x0000000386d04000,0x0000000386e07000)]
  0x00000001237fc000 JavaThread "CullThread" daemon [_thread_blocked, id=193543, stack(0x0000000386e10000,0x0000000386f13000)]
  0x0000000121917400 JavaThread "pool-14-thread-1" [_thread_blocked, id=59919, stack(0x0000000172844000,0x0000000172947000)]
  0x00000001248a0000 JavaThread "Essential Thread 18" [_thread_blocked, id=124935, stack(0x000000038af4c000,0x000000038b04f000)]
  0x00000001761a7600 JavaThread "Essential Thread 19" daemon [_thread_blocked, id=194087, stack(0x00000003a44e0000,0x00000003a45e3000)]
  0x0000000124c68200 JavaThread "pool-10-thread-1" [_thread_blocked, id=242691, stack(0x00000003a4704000,0x00000003a4807000)]
  0x0000000127ad1000 JavaThread "KubeJS Recipe Event Worker 0" daemon [_thread_blocked, id=256015, stack(0x0000000367bd4000,0x0000000367cd7000)]
  0x0000000127951c00 JavaThread "KubeJS Recipe Event Worker 0" daemon [_thread_blocked, id=246535, stack(0x0000000367eac000,0x0000000367faf000)]
  0x000000036d67de00 JavaThread "KubeJS Recipe Event Worker 0" daemon [_thread_blocked, id=247047, stack(0x0000000368044000,0x0000000368147000)]
  0x000000036d604400 JavaThread "KubeJS Recipe Event Worker 0" daemon [_thread_blocked, id=190215, stack(0x00000003a4810000,0x00000003a4913000)]
  0x000000036d69d400 JavaThread "KubeJS Recipe Event Worker 0" daemon [_thread_blocked, id=182023, stack(0x00000003a491c000,0x00000003a4a1f000)]
  0x000000036d6a0e00 JavaThread "KubeJS Recipe Event Worker 0" daemon [_thread_blocked, id=106771, stack(0x00000003a4a28000,0x00000003a4b2b000)]
  0x000000014a810200 JavaThread "KubeJS Recipe Event Worker 0" daemon [_thread_blocked, id=242955, stack(0x00000003a4b34000,0x00000003a4c37000)]
  0x000000014a809400 JavaThread "KubeJS Recipe Event Worker 0" daemon [_thread_blocked, id=195075, stack(0x00000003a4c40000,0x00000003a4d43000)]
  0x000000012385e400 JavaThread "KubeJS Recipe Event Worker 0" daemon [_thread_blocked, id=195331, stack(0x00000003a4d4c000,0x00000003a4e4f000)]
  0x000000017446fc00 JavaThread "Sound engine" daemon [_thread_blocked, id=114951, stack(0x0000000338550000,0x0000000338653000)]
=>0x0000000174156a00 JavaThread "Server thread" [_thread_in_Java, id=241155, stack(0x00000003a5004000,0x00000003a5107000)]
  0x0000000174201a00 JavaThread "FileSystemWatcher" daemon [_thread_blocked, id=196611, stack(0x00000003a5110000,0x00000003a5213000)]
  0x00000001230c0000 JavaThread "ComputerCraft-Network-0" daemon [_thread_blocked, id=240899, stack(0x00000003a521c000,0x00000003a531f000)]
  0x0000000121902200 JavaThread "ComputerCraft-Network-1" daemon [_thread_blocked, id=240387, stack(0x00000003a5328000,0x00000003a542b000)]
  0x0000000127886800 JavaThread "spark-worker-pool-2-thread-1" daemon [_thread_blocked, id=197123, stack(0x00000003a5434000,0x00000003a5537000)]
  0x0000000122d16400 JavaThread "ComputerCraft-Network-2" daemon [_thread_blocked, id=239619, stack(0x00000003a9604000,0x00000003a9707000)]
  0x0000000333a0f000 JavaThread "ComputerCraft-Network-3" daemon [_thread_blocked, id=239363, stack(0x00000003b1b04000,0x00000003b1c07000)]
  0x00000003693a6000 JavaThread "Essential Thread 20" daemon [_thread_blocked, id=125707, stack(0x00000003bea04000,0x00000003beb07000)]
  0x000000036d4ad200 JavaThread "Async-profiler Timer" daemon [_thread_in_native, id=239107, stack(0x00000003bf504000,0x00000003bf607000)]
  0x000000036d4af600 JavaThread "spark-async-sampler-worker-thread" [_thread_blocked, id=238855, stack(0x00000003bf610000,0x00000003bf713000)]

Other Threads:
  0x00000001223154f0 VMThread "VM Thread" [stack: 0x0000000170318000,0x000000017051b000] [id=18179]
  0x0000000120f75c80 WatcherThread [stack: 0x00000001712b4000,0x00000001714b7000] [id=29443]
  0x000000012230bb70 GCTaskThread "GC Thread#0" [stack: 0x000000016f8dc000,0x000000016fadf000] [id=12547]
  0x000000012212c8e0 GCTaskThread "GC Thread#1" [stack: 0x00000001714c0000,0x00000001716c3000] [id=28931]
  0x0000000120fa33b0 GCTaskThread "GC Thread#2" [stack: 0x00000001716cc000,0x00000001718cf000] [id=28675]
  0x0000000120fa3bf0 GCTaskThread "GC Thread#3" [stack: 0x00000001718d8000,0x0000000171adb000] [id=25347]
  0x0000000120fa44a0 GCTaskThread "GC Thread#4" [stack: 0x0000000171ae4000,0x0000000171ce7000] [id=28419]
  0x000000012212d1f0 GCTaskThread "GC Thread#5" [stack: 0x0000000171cf0000,0x0000000171ef3000] [id=25859]
  0x000000012236c980 GCTaskThread "GC Thread#6" [stack: 0x0000000171efc000,0x00000001720ff000] [id=26119]
  0x000000012236cf20 GCTaskThread "GC Thread#7" [stack: 0x0000000172108000,0x000000017230b000] [id=27651]
  0x000000012236d690 GCTaskThread "GC Thread#8" [stack: 0x0000000172314000,0x0000000172517000] [id=27395]
  0x0000000120f07370 ConcurrentGCThread "G1 Main Marker" [stack: 0x000000016fae8000,0x000000016fceb000] [id=14595]
  0x0000000120f080e0 ConcurrentGCThread "G1 Conc#0" [stack: 0x000000016fcf4000,0x000000016fef7000] [id=13059]
  0x00000001220d5d60 ConcurrentGCThread "G1 Conc#1" [stack: 0x0000000172520000,0x0000000172723000] [id=26883]
  0x0000000120f22260 ConcurrentGCThread "G1 Refine#0" [stack: 0x000000016ff00000,0x0000000170103000] [id=13827]
  0x00000001221eb360 ConcurrentGCThread "G1 Refine#1" [stack: 0x0000000174804000,0x0000000174a07000] [id=124419]
  0x0000000100c04d00 ConcurrentGCThread "G1 Refine#2" [stack: 0x0000000174a10000,0x0000000174c13000] [id=123907]
  0x000000012229f970 ConcurrentGCThread "G1 Refine#3" [stack: 0x0000000174c1c000,0x0000000174e1f000] [id=93443]
  0x0000000176871c40 ConcurrentGCThread "G1 Refine#4" [stack: 0x0000000176d1c000,0x0000000176f1f000] [id=87847]
  0x0000000176a1b670 ConcurrentGCThread "G1 Refine#5" [stack: 0x0000000177304000,0x0000000177507000] [id=92459]
  0x0000000100c7a410 ConcurrentGCThread "G1 Refine#6" [stack: 0x000000034eda8000,0x000000034efab000] [id=136707]
  0x0000000120f22f90 ConcurrentGCThread "G1 Service" [stack: 0x000000017010c000,0x000000017030f000] [id=21507]

Threads with active compile tasks:

VM state: not at safepoint (normal execution)

VM Mutex/Monitor currently owned by a thread: None

Heap address: 0x0000000700000000, size: 4096 MB, Compressed Oops mode: Zero based, Oop shift amount: 3

CDS archive(s) not mapped
Compressed class space mapped at: 0x0000000800000000-0x0000000840000000, reserved size: 1073741824
Narrow klass base: 0x0000000800000000, Narrow klass shift: 0, Narrow klass range: 0x40000000

GC Precious Log:
 CPUs: 10 total, 10 available
 Memory: 16384M
 Large Page Support: Disabled
 NUMA Support: Disabled
 Compressed Oops: Enabled (Zero based)
 Heap Region Size: 2M
 Heap Min Capacity: 256M
 Heap Initial Capacity: 256M
 Heap Max Capacity: 4G
 Pre-touch: Disabled
 Parallel Workers: 9
 Concurrent Workers: 2
 Concurrent Refinement Workers: 9
 Periodic GC: Disabled

Heap:
 garbage-first heap   total 4194304K, used 3309558K [0x0000000700000000, 0x0000000800000000)
  region size 2048K, 356 young (729088K), 11 survivors (22528K)
 Metaspace       used 343267K, committed 346176K, reserved 1376256K
  class space    used 63023K, committed 64320K, reserved 1048576K

Heap Regions: E=young(eden), S=young(survivor), O=old, HS=humongous(starts), HC=humongous(continues), CS=collection set, F=free, OA=open archive, CA=closed archive, TAMS=top-at-mark-start (previous, next)
|   0|0x0000000700000000, 0x0000000700200000, 0x0000000700200000|100%|HS|  |TAMS 0x0000000700200000, 0x0000000700000000| Complete 
|   1|0x0000000700200000, 0x0000000700400000, 0x0000000700400000|100%|HS|  |TAMS 0x0000000700400000, 0x0000000700200000| Complete 
|   2|0x0000000700400000, 0x0000000700600000, 0x0000000700600000|100%| O|  |TAMS 0x0000000700600000, 0x0000000700400000| Untracked 
|   3|0x0000000700600000, 0x0000000700800000, 0x0000000700800000|100%| O|  |TAMS 0x0000000700800000, 0x0000000700600000| Untracked 
|   4|0x0000000700800000, 0x0000000700a00000, 0x0000000700a00000|100%|HS|  |TAMS 0x0000000700a00000, 0x0000000700800000| Complete 
|   5|0x0000000700a00000, 0x0000000700c00000, 0x0000000700c00000|100%|HS|  |TAMS 0x0000000700c00000, 0x0000000700a00000| Complete 
|   6|0x0000000700c00000, 0x0000000700e00000, 0x0000000700e00000|100%|HS|  |TAMS 0x0000000700e00000, 0x0000000700c00000| Complete 
|   7|0x0000000700e00000, 0x0000000701000000, 0x0000000701000000|100%| O|  |TAMS 0x0000000701000000, 0x0000000700e00000| Untracked 
|   8|0x0000000701000000, 0x0000000701200000, 0x0000000701200000|100%| O|  |TAMS 0x0000000701200000, 0x0000000701000000| Untracked 
|   9|0x0000000701200000, 0x0000000701400000, 0x0000000701400000|100%| O|  |TAMS 0x0000000701400000, 0x0000000701200000| Untracked 
|  10|0x0000000701400000, 0x0000000701600000, 0x0000000701600000|100%| O|  |TAMS 0x0000000701600000, 0x0000000701400000| Untracked 
|  11|0x0000000701600000, 0x0000000701800000, 0x0000000701800000|100%| O|  |TAMS 0x0000000701800000, 0x0000000701600000| Untracked 
|  12|0x0000000701800000, 0x0000000701a00000, 0x0000000701a00000|100%| O|  |TAMS 0x0000000701a00000, 0x0000000701800000| Untracked 
|  13|0x0000000701a00000, 0x0000000701c00000, 0x0000000701c00000|100%| O|  |TAMS 0x0000000701c00000, 0x0000000701a00000| Untracked 
|  14|0x0000000701c00000, 0x0000000701e00000, 0x0000000701e00000|100%| O|  |TAMS 0x0000000701e00000, 0x0000000701c00000| Untracked 
|  15|0x0000000701e00000, 0x0000000702000000, 0x0000000702000000|100%| O|  |TAMS 0x0000000702000000, 0x0000000701e00000| Untracked 
|  16|0x0000000702000000, 0x0000000702200000, 0x0000000702200000|100%| O|  |TAMS 0x0000000702200000, 0x0000000702000000| Untracked 
|  17|0x0000000702200000, 0x0000000702400000, 0x0000000702400000|100%| O|  |TAMS 0x0000000702400000, 0x0000000702200000| Untracked 
|  18|0x0000000702400000, 0x0000000702600000, 0x0000000702600000|100%| O|  |TAMS 0x0000000702600000, 0x0000000702400000| Untracked 
|  19|0x0000000702600000, 0x0000000702800000, 0x0000000702800000|100%| O|  |TAMS 0x0000000702800000, 0x0000000702600000| Untracked 
|  20|0x0000000702800000, 0x0000000702a00000, 0x0000000702a00000|100%| O|  |TAMS 0x0000000702a00000, 0x0000000702800000| Untracked 
|  21|0x0000000702a00000, 0x0000000702c00000, 0x0000000702c00000|100%| O|  |TAMS 0x0000000702c00000, 0x0000000702a00000| Untracked 
|  22|0x0000000702c00000, 0x0000000702e00000, 0x0000000702e00000|100%| O|  |TAMS 0x0000000702e00000, 0x0000000702c00000| Untracked 
|  23|0x0000000702e00000, 0x0000000703000000, 0x0000000703000000|100%| O|  |TAMS 0x0000000703000000, 0x0000000702e00000| Untracked 
|  24|0x0000000703000000, 0x0000000703200000, 0x0000000703200000|100%|HS|  |TAMS 0x0000000703200000, 0x0000000703000000| Complete 
|  25|0x0000000703200000, 0x0000000703400000, 0x0000000703400000|100%|HS|  |TAMS 0x0000000703400000, 0x0000000703200000| Complete 
|  26|0x0000000703400000, 0x0000000703600000, 0x0000000703600000|100%|HC|  |TAMS 0x0000000703600000, 0x0000000703400000| Complete 
|  27|0x0000000703600000, 0x0000000703800000, 0x0000000703800000|100%| O|  |TAMS 0x0000000703800000, 0x0000000703600000| Untracked 
|  28|0x0000000703800000, 0x0000000703a00000, 0x0000000703a00000|100%| O|  |TAMS 0x0000000703a00000, 0x0000000703800000| Untracked 
|  29|0x0000000703a00000, 0x0000000703c00000, 0x0000000703c00000|100%| O|  |TAMS 0x0000000703c00000, 0x0000000703a00000| Untracked 
|  30|0x0000000703c00000, 0x0000000703e00000, 0x0000000703e00000|100%| O|  |TAMS 0x0000000703e00000, 0x0000000703c00000| Untracked 
|  31|0x0000000703e00000, 0x0000000704000000, 0x0000000704000000|100%| O|  |TAMS 0x0000000704000000, 0x0000000703e00000| Untracked 
|  32|0x0000000704000000, 0x0000000704200000, 0x0000000704200000|100%| O|  |TAMS 0x0000000704200000, 0x0000000704000000| Untracked 
|  33|0x0000000704200000, 0x0000000704400000, 0x0000000704400000|100%| O|  |TAMS 0x0000000704400000, 0x0000000704200000| Untracked 
|  34|0x0000000704400000, 0x0000000704600000, 0x0000000704600000|100%| O|  |TAMS 0x0000000704600000, 0x0000000704400000| Untracked 
|  35|0x0000000704600000, 0x0000000704800000, 0x0000000704800000|100%| O|  |TAMS 0x0000000704800000, 0x0000000704600000| Untracked 
|  36|0x0000000704800000, 0x0000000704a00000, 0x0000000704a00000|100%| O|  |TAMS 0x0000000704a00000, 0x0000000704800000| Untracked 
|  37|0x0000000704a00000, 0x0000000704c00000, 0x0000000704c00000|100%| O|  |TAMS 0x0000000704c00000, 0x0000000704a00000| Untracked 
|  38|0x0000000704c00000, 0x0000000704e00000, 0x0000000704e00000|100%| O|  |TAMS 0x0000000704e00000, 0x0000000704c00000| Untracked 
|  39|0x0000000704e00000, 0x0000000705000000, 0x0000000705000000|100%| O|  |TAMS 0x0000000705000000, 0x0000000704e00000| Untracked 
|  40|0x0000000705000000, 0x0000000705200000, 0x0000000705200000|100%| O|  |TAMS 0x0000000705200000, 0x0000000705000000| Untracked 
|  41|0x0000000705200000, 0x0000000705400000, 0x0000000705400000|100%|HS|  |TAMS 0x0000000705400000, 0x0000000705200000| Complete 
|  42|0x0000000705400000, 0x0000000705600000, 0x0000000705600000|100%|HS|  |TAMS 0x0000000705600000, 0x0000000705400000| Complete 
|  43|0x0000000705600000, 0x0000000705800000, 0x0000000705800000|100%|HS|  |TAMS 0x0000000705800000, 0x0000000705600000| Complete 
|  44|0x0000000705800000, 0x0000000705a00000, 0x0000000705a00000|100%| O|  |TAMS 0x0000000705a00000, 0x0000000705800000| Untracked 
|  45|0x0000000705a00000, 0x0000000705c00000, 0x0000000705c00000|100%| O|  |TAMS 0x0000000705c00000, 0x0000000705a00000| Untracked 
|  46|0x0000000705c00000, 0x0000000705e00000, 0x0000000705e00000|100%| O|  |TAMS 0x0000000705e00000, 0x0000000705c00000| Untracked 
|  47|0x0000000705e00000, 0x0000000706000000, 0x0000000706000000|100%| O|  |TAMS 0x0000000706000000, 0x0000000705e00000| Untracked 
|  48|0x0000000706000000, 0x0000000706200000, 0x0000000706200000|100%| O|  |TAMS 0x0000000706200000, 0x0000000706000000| Untracked 
|  49|0x0000000706200000, 0x0000000706400000, 0x0000000706400000|100%| O|  |TAMS 0x0000000706400000, 0x0000000706200000| Untracked 
|  50|0x0000000706400000, 0x0000000706600000, 0x0000000706600000|100%|HS|  |TAMS 0x0000000706600000, 0x0000000706400000| Complete 
|  51|0x0000000706600000, 0x0000000706800000, 0x0000000706800000|100%|HC|  |TAMS 0x0000000706800000, 0x0000000706600000| Complete 
|  52|0x0000000706800000, 0x0000000706a00000, 0x0000000706a00000|100%|HS|  |TAMS 0x0000000706a00000, 0x0000000706800000| Complete 
|  53|0x0000000706a00000, 0x0000000706c00000, 0x0000000706c00000|100%|HS|  |TAMS 0x0000000706c00000, 0x0000000706a00000| Complete 
|  54|0x0000000706c00000, 0x0000000706e00000, 0x0000000706e00000|100%|HS|  |TAMS 0x0000000706e00000, 0x0000000706c00000| Complete 
|  55|0x0000000706e00000, 0x0000000707000000, 0x0000000707000000|100%|HS|  |TAMS 0x0000000707000000, 0x0000000706e00000| Complete 
|  56|0x0000000707000000, 0x0000000707200000, 0x0000000707200000|100%| O|  |TAMS 0x0000000707200000, 0x0000000707000000| Untracked 
|  57|0x0000000707200000, 0x0000000707400000, 0x0000000707400000|100%|HS|  |TAMS 0x0000000707400000, 0x0000000707200000| Complete 
|  58|0x0000000707400000, 0x0000000707600000, 0x0000000707600000|100%|HC|  |TAMS 0x0000000707600000, 0x0000000707400000| Complete 
|  59|0x0000000707600000, 0x0000000707800000, 0x0000000707800000|100%| O|  |TAMS 0x0000000707800000, 0x0000000707600000| Untracked 
|  60|0x0000000707800000, 0x0000000707a00000, 0x0000000707a00000|100%| O|  |TAMS 0x0000000707a00000, 0x0000000707800000| Untracked 
|  61|0x0000000707a00000, 0x0000000707c00000, 0x0000000707c00000|100%|HS|  |TAMS 0x0000000707c00000, 0x0000000707a00000| Complete 
|  62|0x0000000707c00000, 0x0000000707e00000, 0x0000000707e00000|100%| O|  |TAMS 0x0000000707e00000, 0x0000000707c00000| Untracked 
|  63|0x0000000707e00000, 0x0000000708000000, 0x0000000708000000|100%|HS|  |TAMS 0x0000000708000000, 0x0000000707e00000| Complete 
|  64|0x0000000708000000, 0x0000000708200000, 0x0000000708200000|100%| O|  |TAMS 0x0000000708200000, 0x0000000708000000| Untracked 
|  65|0x0000000708200000, 0x0000000708400000, 0x0000000708400000|100%|HS|  |TAMS 0x0000000708400000, 0x0000000708200000| Complete 
|  66|0x0000000708400000, 0x0000000708600000, 0x0000000708600000|100%|HC|  |TAMS 0x0000000708600000, 0x0000000708400000| Complete 
|  67|0x0000000708600000, 0x0000000708800000, 0x0000000708800000|100%|HS|  |TAMS 0x0000000708800000, 0x0000000708600000| Complete 
|  68|0x0000000708800000, 0x0000000708a00000, 0x0000000708a00000|100%|HC|  |TAMS 0x0000000708a00000, 0x0000000708800000| Complete 
|  69|0x0000000708a00000, 0x0000000708c00000, 0x0000000708c00000|100%|HS|  |TAMS 0x0000000708c00000, 0x0000000708a00000| Complete 
|  70|0x0000000708c00000, 0x0000000708e00000, 0x0000000708e00000|100%| O|  |TAMS 0x0000000708e00000, 0x0000000708c00000| Untracked 
|  71|0x0000000708e00000, 0x0000000709000000, 0x0000000709000000|100%|HS|  |TAMS 0x0000000709000000, 0x0000000708e00000| Complete 
|  72|0x0000000709000000, 0x0000000709200000, 0x0000000709200000|100%| O|  |TAMS 0x0000000709200000, 0x0000000709000000| Untracked 
|  73|0x0000000709200000, 0x0000000709400000, 0x0000000709400000|100%| O|  |TAMS 0x0000000709400000, 0x0000000709200000| Untracked 
|  74|0x0000000709400000, 0x0000000709600000, 0x0000000709600000|100%|HS|  |TAMS 0x0000000709600000, 0x0000000709400000| Complete 
|  75|0x0000000709600000, 0x0000000709800000, 0x0000000709800000|100%| O|  |TAMS 0x0000000709800000, 0x0000000709600000| Untracked 
|  76|0x0000000709800000, 0x0000000709a00000, 0x0000000709a00000|100%|HS|  |TAMS 0x0000000709a00000, 0x0000000709800000| Complete 
|  77|0x0000000709a00000, 0x0000000709c00000, 0x0000000709c00000|100%|HS|  |TAMS 0x0000000709c00000, 0x0000000709a00000| Complete 
|  78|0x0000000709c00000, 0x0000000709e00000, 0x0000000709e00000|100%| O|  |TAMS 0x0000000709e00000, 0x0000000709c00000| Untracked 
|  79|0x0000000709e00000, 0x000000070a000000, 0x000000070a000000|100%|HS|  |TAMS 0x000000070a000000, 0x0000000709e00000| Complete 
|  80|0x000000070a000000, 0x000000070a200000, 0x000000070a200000|100%| O|  |TAMS 0x000000070a200000, 0x000000070a000000| Untracked 
|  81|0x000000070a200000, 0x000000070a400000, 0x000000070a400000|100%| O|  |TAMS 0x000000070a400000, 0x000000070a200000| Untracked 
|  82|0x000000070a400000, 0x000000070a600000, 0x000000070a600000|100%| O|  |TAMS 0x000000070a600000, 0x000000070a400000| Untracked 
|  83|0x000000070a600000, 0x000000070a800000, 0x000000070a800000|100%| O|  |TAMS 0x000000070a800000, 0x000000070a600000| Untracked 
|  84|0x000000070a800000, 0x000000070aa00000, 0x000000070aa00000|100%|HS|  |TAMS 0x000000070aa00000, 0x000000070a800000| Complete 
|  85|0x000000070aa00000, 0x000000070ac00000, 0x000000070ac00000|100%| O|  |TAMS 0x000000070ac00000, 0x000000070aa00000| Untracked 
|  86|0x000000070ac00000, 0x000000070ae00000, 0x000000070ae00000|100%|HS|  |TAMS 0x000000070ae00000, 0x000000070ac00000| Complete 
|  87|0x000000070ae00000, 0x000000070b000000, 0x000000070b000000|100%|HS|  |TAMS 0x000000070b000000, 0x000000070ae00000| Complete 
|  88|0x000000070b000000, 0x000000070b200000, 0x000000070b200000|100%| O|  |TAMS 0x000000070b200000, 0x000000070b000000| Untracked 
|  89|0x000000070b200000, 0x000000070b400000, 0x000000070b400000|100%|HS|  |TAMS 0x000000070b400000, 0x000000070b200000| Complete 
|  90|0x000000070b400000, 0x000000070b600000, 0x000000070b600000|100%|HS|  |TAMS 0x000000070b600000, 0x000000070b400000| Complete 
|  91|0x000000070b600000, 0x000000070b800000, 0x000000070b800000|100%| O|  |TAMS 0x000000070b800000, 0x000000070b600000| Untracked 
|  92|0x000000070b800000, 0x000000070ba00000, 0x000000070ba00000|100%| O|  |TAMS 0x000000070ba00000, 0x000000070b800000| Untracked 
|  93|0x000000070ba00000, 0x000000070bc00000, 0x000000070bc00000|100%| O|  |TAMS 0x000000070bc00000, 0x000000070ba00000| Untracked 
|  94|0x000000070bc00000, 0x000000070be00000, 0x000000070be00000|100%| O|  |TAMS 0x000000070be00000, 0x000000070bc00000| Untracked 
|  95|0x000000070be00000, 0x000000070c000000, 0x000000070c000000|100%| O|  |TAMS 0x000000070c000000, 0x000000070be00000| Untracked 
|  96|0x000000070c000000, 0x000000070c200000, 0x000000070c200000|100%| O|  |TAMS 0x000000070c200000, 0x000000070c000000| Untracked 
|  97|0x000000070c200000, 0x000000070c400000, 0x000000070c400000|100%| O|  |TAMS 0x000000070c400000, 0x000000070c200000| Untracked 
|  98|0x000000070c400000, 0x000000070c600000, 0x000000070c600000|100%| O|  |TAMS 0x000000070c600000, 0x000000070c400000| Untracked 
|  99|0x000000070c600000, 0x000000070c800000, 0x000000070c800000|100%| O|  |TAMS 0x000000070c800000, 0x000000070c600000| Untracked 
| 100|0x000000070c800000, 0x000000070ca00000, 0x000000070ca00000|100%| O|  |TAMS 0x000000070ca00000, 0x000000070c800000| Untracked 
| 101|0x000000070ca00000, 0x000000070cc00000, 0x000000070cc00000|100%| O|  |TAMS 0x000000070cc00000, 0x000000070ca00000| Untracked 
| 102|0x000000070cc00000, 0x000000070ce00000, 0x000000070ce00000|100%| O|  |TAMS 0x000000070ce00000, 0x000000070cc00000| Untracked 
| 103|0x000000070ce00000, 0x000000070d000000, 0x000000070d000000|100%| O|  |TAMS 0x000000070d000000, 0x000000070ce00000| Untracked 
| 104|0x000000070d000000, 0x000000070d200000, 0x000000070d200000|100%| O|  |TAMS 0x000000070d200000, 0x000000070d000000| Untracked 
| 105|0x000000070d200000, 0x000000070d400000, 0x000000070d400000|100%| O|  |TAMS 0x000000070d400000, 0x000000070d200000| Untracked 
| 106|0x000000070d400000, 0x000000070d600000, 0x000000070d600000|100%| O|  |TAMS 0x000000070d600000, 0x000000070d400000| Untracked 
| 107|0x000000070d600000, 0x000000070d800000, 0x000000070d800000|100%| O|  |TAMS 0x000000070d800000, 0x000000070d600000| Untracked 
| 108|0x000000070d800000, 0x000000070da00000, 0x000000070da00000|100%| O|  |TAMS 0x000000070da00000, 0x000000070d800000| Untracked 
| 109|0x000000070da00000, 0x000000070dc00000, 0x000000070dc00000|100%| O|  |TAMS 0x000000070dc00000, 0x000000070da00000| Untracked 
| 110|0x000000070dc00000, 0x000000070de00000, 0x000000070de00000|100%| O|  |TAMS 0x000000070de00000, 0x000000070dc00000| Untracked 
| 111|0x000000070de00000, 0x000000070e000000, 0x000000070e000000|100%| O|  |TAMS 0x000000070e000000, 0x000000070de00000| Untracked 
| 112|0x000000070e000000, 0x000000070e200000, 0x000000070e200000|100%| O|  |TAMS 0x000000070e200000, 0x000000070e000000| Untracked 
| 113|0x000000070e200000, 0x000000070e400000, 0x000000070e400000|100%| O|  |TAMS 0x000000070e400000, 0x000000070e200000| Untracked 
| 114|0x000000070e400000, 0x000000070e600000, 0x000000070e600000|100%| O|  |TAMS 0x000000070e600000, 0x000000070e400000| Untracked 
| 115|0x000000070e600000, 0x000000070e800000, 0x000000070e800000|100%| O|  |TAMS 0x000000070e800000, 0x000000070e600000| Untracked 
| 116|0x000000070e800000, 0x000000070ea00000, 0x000000070ea00000|100%| O|  |TAMS 0x000000070ea00000, 0x000000070e800000| Untracked 
| 117|0x000000070ea00000, 0x000000070ec00000, 0x000000070ec00000|100%| O|  |TAMS 0x000000070ec00000, 0x000000070ea00000| Untracked 
| 118|0x000000070ec00000, 0x000000070ee00000, 0x000000070ee00000|100%| O|  |TAMS 0x000000070ee00000, 0x000000070ec00000| Untracked 
| 119|0x000000070ee00000, 0x000000070f000000, 0x000000070f000000|100%| O|  |TAMS 0x000000070f000000, 0x000000070ee00000| Untracked 
| 120|0x000000070f000000, 0x000000070f200000, 0x000000070f200000|100%| O|  |TAMS 0x000000070f200000, 0x000000070f000000| Untracked 
| 121|0x000000070f200000, 0x000000070f400000, 0x000000070f400000|100%| O|  |TAMS 0x000000070f400000, 0x000000070f200000| Untracked 
| 122|0x000000070f400000, 0x000000070f600000, 0x000000070f600000|100%| O|  |TAMS 0x000000070f600000, 0x000000070f400000| Untracked 
| 123|0x000000070f600000, 0x000000070f800000, 0x000000070f800000|100%| O|  |TAMS 0x000000070f800000, 0x000000070f600000| Untracked 
| 124|0x000000070f800000, 0x000000070fa00000, 0x000000070fa00000|100%| O|  |TAMS 0x000000070fa00000, 0x000000070f800000| Untracked 
| 125|0x000000070fa00000, 0x000000070fc00000, 0x000000070fc00000|100%| O|  |TAMS 0x000000070fc00000, 0x000000070fa00000| Untracked 
| 126|0x000000070fc00000, 0x000000070fe00000, 0x000000070fe00000|100%| O|  |TAMS 0x000000070fe00000, 0x000000070fc00000| Untracked 
| 127|0x000000070fe00000, 0x0000000710000000, 0x0000000710000000|100%| O|  |TAMS 0x0000000710000000, 0x000000070fe00000| Untracked 
| 128|0x0000000710000000, 0x0000000710200000, 0x0000000710200000|100%| O|  |TAMS 0x0000000710200000, 0x0000000710000000| Untracked 
| 129|0x0000000710200000, 0x0000000710400000, 0x0000000710400000|100%| O|  |TAMS 0x0000000710400000, 0x0000000710200000| Untracked 
| 130|0x0000000710400000, 0x0000000710600000, 0x0000000710600000|100%| O|  |TAMS 0x0000000710600000, 0x0000000710400000| Untracked 
| 131|0x0000000710600000, 0x0000000710800000, 0x0000000710800000|100%| O|  |TAMS 0x0000000710800000, 0x0000000710600000| Untracked 
| 132|0x0000000710800000, 0x0000000710a00000, 0x0000000710a00000|100%| O|  |TAMS 0x0000000710a00000, 0x0000000710800000| Untracked 
| 133|0x0000000710a00000, 0x0000000710c00000, 0x0000000710c00000|100%| O|  |TAMS 0x0000000710c00000, 0x0000000710a00000| Untracked 
| 134|0x0000000710c00000, 0x0000000710e00000, 0x0000000710e00000|100%| O|  |TAMS 0x0000000710e00000, 0x0000000710c00000| Untracked 
| 135|0x0000000710e00000, 0x0000000711000000, 0x0000000711000000|100%| O|  |TAMS 0x0000000711000000, 0x0000000710e00000| Untracked 
| 136|0x0000000711000000, 0x0000000711200000, 0x0000000711200000|100%| O|  |TAMS 0x0000000711200000, 0x0000000711000000| Untracked 
| 137|0x0000000711200000, 0x0000000711400000, 0x0000000711400000|100%| O|  |TAMS 0x0000000711400000, 0x0000000711200000| Untracked 
| 138|0x0000000711400000, 0x0000000711600000, 0x0000000711600000|100%| O|  |TAMS 0x0000000711600000, 0x0000000711400000| Untracked 
| 139|0x0000000711600000, 0x0000000711800000, 0x0000000711800000|100%| O|  |TAMS 0x0000000711800000, 0x0000000711600000| Untracked 
| 140|0x0000000711800000, 0x0000000711a00000, 0x0000000711a00000|100%| O|  |TAMS 0x0000000711a00000, 0x0000000711800000| Untracked 
| 141|0x0000000711a00000, 0x0000000711c00000, 0x0000000711c00000|100%| O|  |TAMS 0x0000000711c00000, 0x0000000711a00000| Untracked 
| 142|0x0000000711c00000, 0x0000000711e00000, 0x0000000711e00000|100%| O|  |TAMS 0x0000000711e00000, 0x0000000711c00000| Untracked 
| 143|0x0000000711e00000, 0x0000000712000000, 0x0000000712000000|100%| O|  |TAMS 0x0000000712000000, 0x0000000711e00000| Untracked 
| 144|0x0000000712000000, 0x0000000712200000, 0x0000000712200000|100%| O|  |TAMS 0x0000000712200000, 0x0000000712000000| Untracked 
| 145|0x0000000712200000, 0x0000000712400000, 0x0000000712400000|100%| O|  |TAMS 0x0000000712400000, 0x0000000712200000| Untracked 
| 146|0x0000000712400000, 0x0000000712600000, 0x0000000712600000|100%| O|  |TAMS 0x0000000712600000, 0x0000000712400000| Untracked 
| 147|0x0000000712600000, 0x0000000712800000, 0x0000000712800000|100%| O|  |TAMS 0x0000000712800000, 0x0000000712600000| Untracked 
| 148|0x0000000712800000, 0x0000000712a00000, 0x0000000712a00000|100%| O|  |TAMS 0x0000000712a00000, 0x0000000712800000| Untracked 
| 149|0x0000000712a00000, 0x0000000712c00000, 0x0000000712c00000|100%| O|  |TAMS 0x0000000712c00000, 0x0000000712a00000| Untracked 
| 150|0x0000000712c00000, 0x0000000712e00000, 0x0000000712e00000|100%| O|  |TAMS 0x0000000712e00000, 0x0000000712c00000| Untracked 
| 151|0x0000000712e00000, 0x0000000713000000, 0x0000000713000000|100%| O|  |TAMS 0x0000000713000000, 0x0000000712e00000| Untracked 
| 152|0x0000000713000000, 0x0000000713200000, 0x0000000713200000|100%| O|  |TAMS 0x0000000713200000, 0x0000000713000000| Untracked 
| 153|0x0000000713200000, 0x0000000713400000, 0x0000000713400000|100%| O|  |TAMS 0x0000000713400000, 0x0000000713200000| Untracked 
| 154|0x0000000713400000, 0x0000000713600000, 0x0000000713600000|100%| O|  |TAMS 0x0000000713600000, 0x0000000713400000| Untracked 
| 155|0x0000000713600000, 0x0000000713800000, 0x0000000713800000|100%| O|  |TAMS 0x0000000713800000, 0x0000000713600000| Untracked 
| 156|0x0000000713800000, 0x0000000713a00000, 0x0000000713a00000|100%| O|  |TAMS 0x0000000713a00000, 0x0000000713800000| Untracked 
| 157|0x0000000713a00000, 0x0000000713c00000, 0x0000000713c00000|100%| O|  |TAMS 0x0000000713c00000, 0x0000000713a00000| Untracked 
| 158|0x0000000713c00000, 0x0000000713e00000, 0x0000000713e00000|100%| O|  |TAMS 0x0000000713e00000, 0x0000000713c00000| Untracked 
| 159|0x0000000713e00000, 0x0000000714000000, 0x0000000714000000|100%| O|  |TAMS 0x0000000714000000, 0x0000000713e00000| Untracked 
| 160|0x0000000714000000, 0x0000000714200000, 0x0000000714200000|100%| O|  |TAMS 0x0000000714200000, 0x0000000714000000| Untracked 
| 161|0x0000000714200000, 0x0000000714400000, 0x0000000714400000|100%| O|  |TAMS 0x0000000714400000, 0x0000000714200000| Untracked 
| 162|0x0000000714400000, 0x0000000714600000, 0x0000000714600000|100%| O|  |TAMS 0x0000000714600000, 0x0000000714400000| Untracked 
| 163|0x0000000714600000, 0x0000000714800000, 0x0000000714800000|100%| O|  |TAMS 0x0000000714800000, 0x0000000714600000| Untracked 
| 164|0x0000000714800000, 0x0000000714a00000, 0x0000000714a00000|100%| O|  |TAMS 0x0000000714a00000, 0x0000000714800000| Untracked 
| 165|0x0000000714a00000, 0x0000000714c00000, 0x0000000714c00000|100%| O|  |TAMS 0x0000000714c00000, 0x0000000714a00000| Untracked 
| 166|0x0000000714c00000, 0x0000000714e00000, 0x0000000714e00000|100%| O|  |TAMS 0x0000000714e00000, 0x0000000714c00000| Untracked 
| 167|0x0000000714e00000, 0x0000000715000000, 0x0000000715000000|100%| O|  |TAMS 0x0000000715000000, 0x0000000714e00000| Untracked 
| 168|0x0000000715000000, 0x0000000715200000, 0x0000000715200000|100%| O|  |TAMS 0x0000000715200000, 0x0000000715000000| Untracked 
| 169|0x0000000715200000, 0x0000000715400000, 0x0000000715400000|100%| O|  |TAMS 0x0000000715400000, 0x0000000715200000| Untracked 
| 170|0x0000000715400000, 0x0000000715600000, 0x0000000715600000|100%| O|  |TAMS 0x0000000715600000, 0x0000000715400000| Untracked 
| 171|0x0000000715600000, 0x0000000715800000, 0x0000000715800000|100%| O|  |TAMS 0x0000000715800000, 0x0000000715600000| Untracked 
| 172|0x0000000715800000, 0x0000000715a00000, 0x0000000715a00000|100%| O|  |TAMS 0x0000000715a00000, 0x0000000715800000| Untracked 
| 173|0x0000000715a00000, 0x0000000715c00000, 0x0000000715c00000|100%| O|  |TAMS 0x0000000715c00000, 0x0000000715a00000| Untracked 
| 174|0x0000000715c00000, 0x0000000715e00000, 0x0000000715e00000|100%| O|  |TAMS 0x0000000715e00000, 0x0000000715c00000| Untracked 
| 175|0x0000000715e00000, 0x0000000716000000, 0x0000000716000000|100%| O|  |TAMS 0x0000000716000000, 0x0000000715e00000| Untracked 
| 176|0x0000000716000000, 0x0000000716200000, 0x0000000716200000|100%| O|  |TAMS 0x0000000716200000, 0x0000000716000000| Untracked 
| 177|0x0000000716200000, 0x0000000716400000, 0x0000000716400000|100%| O|  |TAMS 0x0000000716400000, 0x0000000716200000| Untracked 
| 178|0x0000000716400000, 0x0000000716600000, 0x0000000716600000|100%| O|  |TAMS 0x0000000716600000, 0x0000000716400000| Untracked 
| 179|0x0000000716600000, 0x0000000716800000, 0x0000000716800000|100%| O|  |TAMS 0x0000000716800000, 0x0000000716600000| Untracked 
| 180|0x0000000716800000, 0x0000000716a00000, 0x0000000716a00000|100%| O|  |TAMS 0x0000000716a00000, 0x0000000716800000| Untracked 
| 181|0x0000000716a00000, 0x0000000716c00000, 0x0000000716c00000|100%| O|  |TAMS 0x0000000716c00000, 0x0000000716a00000| Untracked 
| 182|0x0000000716c00000, 0x0000000716e00000, 0x0000000716e00000|100%| O|  |TAMS 0x0000000716e00000, 0x0000000716c00000| Untracked 
| 183|0x0000000716e00000, 0x0000000717000000, 0x0000000717000000|100%| O|  |TAMS 0x0000000717000000, 0x0000000716e00000| Untracked 
| 184|0x0000000717000000, 0x0000000717200000, 0x0000000717200000|100%| O|  |TAMS 0x0000000717200000, 0x0000000717000000| Untracked 
| 185|0x0000000717200000, 0x0000000717400000, 0x0000000717400000|100%| O|  |TAMS 0x0000000717400000, 0x0000000717200000| Untracked 
| 186|0x0000000717400000, 0x0000000717600000, 0x0000000717600000|100%| O|  |TAMS 0x0000000717600000, 0x0000000717400000| Untracked 
| 187|0x0000000717600000, 0x0000000717800000, 0x0000000717800000|100%|HS|  |TAMS 0x0000000717800000, 0x0000000717600000| Complete 
| 188|0x0000000717800000, 0x0000000717a00000, 0x0000000717a00000|100%| O|  |TAMS 0x0000000717a00000, 0x0000000717800000| Untracked 
| 189|0x0000000717a00000, 0x0000000717c00000, 0x0000000717c00000|100%| O|  |TAMS 0x0000000717c00000, 0x0000000717a00000| Untracked 
| 190|0x0000000717c00000, 0x0000000717e00000, 0x0000000717e00000|100%| O|  |TAMS 0x0000000717e00000, 0x0000000717c00000| Untracked 
| 191|0x0000000717e00000, 0x0000000718000000, 0x0000000718000000|100%| O|  |TAMS 0x0000000718000000, 0x0000000717e00000| Untracked 
| 192|0x0000000718000000, 0x0000000718200000, 0x0000000718200000|100%| O|  |TAMS 0x0000000718200000, 0x0000000718000000| Untracked 
| 193|0x0000000718200000, 0x0000000718400000, 0x0000000718400000|100%| O|  |TAMS 0x0000000718400000, 0x0000000718200000| Untracked 
| 194|0x0000000718400000, 0x0000000718600000, 0x0000000718600000|100%| O|  |TAMS 0x0000000718600000, 0x0000000718400000| Untracked 
| 195|0x0000000718600000, 0x0000000718800000, 0x0000000718800000|100%| O|  |TAMS 0x0000000718800000, 0x0000000718600000| Untracked 
| 196|0x0000000718800000, 0x0000000718a00000, 0x0000000718a00000|100%| O|  |TAMS 0x0000000718a00000, 0x0000000718800000| Untracked 
| 197|0x0000000718a00000, 0x0000000718c00000, 0x0000000718c00000|100%| O|  |TAMS 0x0000000718c00000, 0x0000000718a00000| Untracked 
| 198|0x0000000718c00000, 0x0000000718e00000, 0x0000000718e00000|100%| O|  |TAMS 0x0000000718e00000, 0x0000000718c00000| Untracked 
| 199|0x0000000718e00000, 0x0000000719000000, 0x0000000719000000|100%| O|  |TAMS 0x0000000719000000, 0x0000000718e00000| Untracked 
| 200|0x0000000719000000, 0x0000000719200000, 0x0000000719200000|100%| O|  |TAMS 0x0000000719200000, 0x0000000719000000| Untracked 
| 201|0x0000000719200000, 0x0000000719400000, 0x0000000719400000|100%| O|  |TAMS 0x0000000719400000, 0x0000000719200000| Untracked 
| 202|0x0000000719400000, 0x0000000719600000, 0x0000000719600000|100%| O|  |TAMS 0x0000000719600000, 0x0000000719400000| Untracked 
| 203|0x0000000719600000, 0x0000000719800000, 0x0000000719800000|100%| O|  |TAMS 0x0000000719800000, 0x0000000719600000| Untracked 
| 204|0x0000000719800000, 0x0000000719a00000, 0x0000000719a00000|100%| O|  |TAMS 0x0000000719a00000, 0x0000000719800000| Untracked 
| 205|0x0000000719a00000, 0x0000000719c00000, 0x0000000719c00000|100%| O|  |TAMS 0x0000000719c00000, 0x0000000719a00000| Untracked 
| 206|0x0000000719c00000, 0x0000000719e00000, 0x0000000719e00000|100%| O|  |TAMS 0x0000000719e00000, 0x0000000719c00000| Untracked 
| 207|0x0000000719e00000, 0x000000071a000000, 0x000000071a000000|100%| O|  |TAMS 0x000000071a000000, 0x0000000719e00000| Untracked 
| 208|0x000000071a000000, 0x000000071a200000, 0x000000071a200000|100%| O|  |TAMS 0x000000071a200000, 0x000000071a000000| Untracked 
| 209|0x000000071a200000, 0x000000071a400000, 0x000000071a400000|100%| O|  |TAMS 0x000000071a400000, 0x000000071a200000| Untracked 
| 210|0x000000071a400000, 0x000000071a600000, 0x000000071a600000|100%| O|  |TAMS 0x000000071a600000, 0x000000071a400000| Untracked 
| 211|0x000000071a600000, 0x000000071a800000, 0x000000071a800000|100%| O|  |TAMS 0x000000071a800000, 0x000000071a600000| Untracked 
| 212|0x000000071a800000, 0x000000071aa00000, 0x000000071aa00000|100%| O|  |TAMS 0x000000071aa00000, 0x000000071a800000| Untracked 
| 213|0x000000071aa00000, 0x000000071ac00000, 0x000000071ac00000|100%| O|  |TAMS 0x000000071ac00000, 0x000000071aa00000| Untracked 
| 214|0x000000071ac00000, 0x000000071ae00000, 0x000000071ae00000|100%| O|  |TAMS 0x000000071ae00000, 0x000000071ac00000| Untracked 
| 215|0x000000071ae00000, 0x000000071b000000, 0x000000071b000000|100%| O|  |TAMS 0x000000071b000000, 0x000000071ae00000| Untracked 
| 216|0x000000071b000000, 0x000000071b200000, 0x000000071b200000|100%| O|  |TAMS 0x000000071b200000, 0x000000071b000000| Untracked 
| 217|0x000000071b200000, 0x000000071b400000, 0x000000071b400000|100%| O|  |TAMS 0x000000071b400000, 0x000000071b200000| Untracked 
| 218|0x000000071b400000, 0x000000071b600000, 0x000000071b600000|100%| O|  |TAMS 0x000000071b600000, 0x000000071b400000| Untracked 
| 219|0x000000071b600000, 0x000000071b800000, 0x000000071b800000|100%| O|  |TAMS 0x000000071b800000, 0x000000071b600000| Untracked 
| 220|0x000000071b800000, 0x000000071ba00000, 0x000000071ba00000|100%| O|  |TAMS 0x000000071ba00000, 0x000000071b800000| Untracked 
| 221|0x000000071ba00000, 0x000000071bc00000, 0x000000071bc00000|100%| O|  |TAMS 0x000000071bc00000, 0x000000071ba00000| Untracked 
| 222|0x000000071bc00000, 0x000000071be00000, 0x000000071be00000|100%| O|  |TAMS 0x000000071be00000, 0x000000071bc00000| Untracked 
| 223|0x000000071be00000, 0x000000071c000000, 0x000000071c000000|100%| O|  |TAMS 0x000000071c000000, 0x000000071be00000| Untracked 
| 224|0x000000071c000000, 0x000000071c200000, 0x000000071c200000|100%| O|  |TAMS 0x000000071c200000, 0x000000071c000000| Untracked 
| 225|0x000000071c200000, 0x000000071c400000, 0x000000071c400000|100%| O|  |TAMS 0x000000071c400000, 0x000000071c200000| Untracked 
| 226|0x000000071c400000, 0x000000071c600000, 0x000000071c600000|100%| O|  |TAMS 0x000000071c600000, 0x000000071c400000| Untracked 
| 227|0x000000071c600000, 0x000000071c800000, 0x000000071c800000|100%| O|  |TAMS 0x000000071c800000, 0x000000071c600000| Untracked 
| 228|0x000000071c800000, 0x000000071ca00000, 0x000000071ca00000|100%| O|  |TAMS 0x000000071ca00000, 0x000000071c800000| Untracked 
| 229|0x000000071ca00000, 0x000000071cc00000, 0x000000071cc00000|100%| O|  |TAMS 0x000000071cc00000, 0x000000071ca00000| Untracked 
| 230|0x000000071cc00000, 0x000000071ce00000, 0x000000071ce00000|100%| O|  |TAMS 0x000000071ce00000, 0x000000071cc00000| Untracked 
| 231|0x000000071ce00000, 0x000000071d000000, 0x000000071d000000|100%| O|  |TAMS 0x000000071d000000, 0x000000071ce00000| Untracked 
| 232|0x000000071d000000, 0x000000071d200000, 0x000000071d200000|100%| O|  |TAMS 0x000000071d200000, 0x000000071d000000| Untracked 
| 233|0x000000071d200000, 0x000000071d400000, 0x000000071d400000|100%| O|  |TAMS 0x000000071d400000, 0x000000071d200000| Untracked 
| 234|0x000000071d400000, 0x000000071d600000, 0x000000071d600000|100%| O|  |TAMS 0x000000071d600000, 0x000000071d400000| Untracked 
| 235|0x000000071d600000, 0x000000071d800000, 0x000000071d800000|100%| O|  |TAMS 0x000000071d800000, 0x000000071d600000| Untracked 
| 236|0x000000071d800000, 0x000000071da00000, 0x000000071da00000|100%|HS|  |TAMS 0x000000071da00000, 0x000000071d800000| Complete 
| 237|0x000000071da00000, 0x000000071dc00000, 0x000000071dc00000|100%|HC|  |TAMS 0x000000071dc00000, 0x000000071da00000| Complete 
| 238|0x000000071dc00000, 0x000000071de00000, 0x000000071de00000|100%|HC|  |TAMS 0x000000071de00000, 0x000000071dc00000| Complete 
| 239|0x000000071de00000, 0x000000071e000000, 0x000000071e000000|100%| O|  |TAMS 0x000000071e000000, 0x000000071de00000| Untracked 
| 240|0x000000071e000000, 0x000000071e200000, 0x000000071e200000|100%| O|  |TAMS 0x000000071e200000, 0x000000071e000000| Untracked 
| 241|0x000000071e200000, 0x000000071e400000, 0x000000071e400000|100%| O|  |TAMS 0x000000071e400000, 0x000000071e200000| Untracked 
| 242|0x000000071e400000, 0x000000071e600000, 0x000000071e600000|100%| O|  |TAMS 0x000000071e600000, 0x000000071e400000| Untracked 
| 243|0x000000071e600000, 0x000000071e800000, 0x000000071e800000|100%| O|  |TAMS 0x000000071e800000, 0x000000071e600000| Untracked 
| 244|0x000000071e800000, 0x000000071ea00000, 0x000000071ea00000|100%| O|  |TAMS 0x000000071ea00000, 0x000000071e800000| Untracked 
| 245|0x000000071ea00000, 0x000000071ec00000, 0x000000071ec00000|100%| O|  |TAMS 0x000000071ec00000, 0x000000071ea00000| Untracked 
| 246|0x000000071ec00000, 0x000000071ee00000, 0x000000071ee00000|100%| O|  |TAMS 0x000000071ee00000, 0x000000071ec00000| Untracked 
| 247|0x000000071ee00000, 0x000000071f000000, 0x000000071f000000|100%| O|  |TAMS 0x000000071f000000, 0x000000071ee00000| Untracked 
| 248|0x000000071f000000, 0x000000071f200000, 0x000000071f200000|100%| O|  |TAMS 0x000000071f200000, 0x000000071f000000| Untracked 
| 249|0x000000071f200000, 0x000000071f400000, 0x000000071f400000|100%| O|  |TAMS 0x000000071f400000, 0x000000071f200000| Untracked 
| 250|0x000000071f400000, 0x000000071f600000, 0x000000071f600000|100%| O|  |TAMS 0x000000071f600000, 0x000000071f400000| Untracked 
| 251|0x000000071f600000, 0x000000071f800000, 0x000000071f800000|100%| O|  |TAMS 0x000000071f800000, 0x000000071f600000| Untracked 
| 252|0x000000071f800000, 0x000000071fa00000, 0x000000071fa00000|100%| O|  |TAMS 0x000000071fa00000, 0x000000071f800000| Untracked 
| 253|0x000000071fa00000, 0x000000071fc00000, 0x000000071fc00000|100%| O|  |TAMS 0x000000071fc00000, 0x000000071fa00000| Untracked 
| 254|0x000000071fc00000, 0x000000071fe00000, 0x000000071fe00000|100%| O|  |TAMS 0x000000071fe00000, 0x000000071fc00000| Untracked 
| 255|0x000000071fe00000, 0x0000000720000000, 0x0000000720000000|100%| O|  |TAMS 0x0000000720000000, 0x000000071fe00000| Untracked 
| 256|0x0000000720000000, 0x0000000720200000, 0x0000000720200000|100%| O|  |TAMS 0x0000000720200000, 0x0000000720000000| Untracked 
| 257|0x0000000720200000, 0x0000000720400000, 0x0000000720400000|100%| O|  |TAMS 0x0000000720400000, 0x0000000720200000| Untracked 
| 258|0x0000000720400000, 0x0000000720600000, 0x0000000720600000|100%| O|  |TAMS 0x0000000720600000, 0x0000000720400000| Untracked 
| 259|0x0000000720600000, 0x0000000720800000, 0x0000000720800000|100%| O|  |TAMS 0x0000000720800000, 0x0000000720600000| Untracked 
| 260|0x0000000720800000, 0x0000000720a00000, 0x0000000720a00000|100%| O|  |TAMS 0x0000000720a00000, 0x0000000720800000| Untracked 
| 261|0x0000000720a00000, 0x0000000720c00000, 0x0000000720c00000|100%| O|  |TAMS 0x0000000720c00000, 0x0000000720a00000| Untracked 
| 262|0x0000000720c00000, 0x0000000720e00000, 0x0000000720e00000|100%| O|  |TAMS 0x0000000720e00000, 0x0000000720c00000| Untracked 
| 263|0x0000000720e00000, 0x0000000721000000, 0x0000000721000000|100%| O|  |TAMS 0x0000000721000000, 0x0000000720e00000| Untracked 
| 264|0x0000000721000000, 0x0000000721200000, 0x0000000721200000|100%| O|  |TAMS 0x0000000721200000, 0x0000000721000000| Untracked 
| 265|0x0000000721200000, 0x0000000721400000, 0x0000000721400000|100%| O|  |TAMS 0x0000000721400000, 0x0000000721200000| Untracked 
| 266|0x0000000721400000, 0x0000000721600000, 0x0000000721600000|100%| O|  |TAMS 0x0000000721600000, 0x0000000721400000| Untracked 
| 267|0x0000000721600000, 0x0000000721800000, 0x0000000721800000|100%| O|  |TAMS 0x0000000721800000, 0x0000000721600000| Untracked 
| 268|0x0000000721800000, 0x0000000721a00000, 0x0000000721a00000|100%| O|  |TAMS 0x0000000721a00000, 0x0000000721800000| Untracked 
| 269|0x0000000721a00000, 0x0000000721c00000, 0x0000000721c00000|100%| O|  |TAMS 0x0000000721c00000, 0x0000000721a00000| Untracked 
| 270|0x0000000721c00000, 0x0000000721e00000, 0x0000000721e00000|100%| O|  |TAMS 0x0000000721e00000, 0x0000000721c00000| Untracked 
| 271|0x0000000721e00000, 0x0000000722000000, 0x0000000722000000|100%| O|  |TAMS 0x0000000722000000, 0x0000000721e00000| Untracked 
| 272|0x0000000722000000, 0x0000000722200000, 0x0000000722200000|100%| O|  |TAMS 0x0000000722200000, 0x0000000722000000| Untracked 
| 273|0x0000000722200000, 0x0000000722400000, 0x0000000722400000|100%| O|  |TAMS 0x0000000722400000, 0x0000000722200000| Untracked 
| 274|0x0000000722400000, 0x0000000722600000, 0x0000000722600000|100%| O|  |TAMS 0x0000000722600000, 0x0000000722400000| Untracked 
| 275|0x0000000722600000, 0x0000000722800000, 0x0000000722800000|100%| O|  |TAMS 0x0000000722800000, 0x0000000722600000| Untracked 
| 276|0x0000000722800000, 0x0000000722a00000, 0x0000000722a00000|100%| O|  |TAMS 0x0000000722a00000, 0x0000000722800000| Untracked 
| 277|0x0000000722a00000, 0x0000000722c00000, 0x0000000722c00000|100%| O|  |TAMS 0x0000000722c00000, 0x0000000722a00000| Untracked 
| 278|0x0000000722c00000, 0x0000000722e00000, 0x0000000722e00000|100%| O|  |TAMS 0x0000000722e00000, 0x0000000722c00000| Untracked 
| 279|0x0000000722e00000, 0x0000000723000000, 0x0000000723000000|100%| O|  |TAMS 0x0000000723000000, 0x0000000722e00000| Untracked 
| 280|0x0000000723000000, 0x0000000723200000, 0x0000000723200000|100%| O|  |TAMS 0x0000000723200000, 0x0000000723000000| Untracked 
| 281|0x0000000723200000, 0x0000000723400000, 0x0000000723400000|100%| O|  |TAMS 0x0000000723400000, 0x0000000723200000| Untracked 
| 282|0x0000000723400000, 0x0000000723600000, 0x0000000723600000|100%| O|  |TAMS 0x0000000723600000, 0x0000000723400000| Untracked 
| 283|0x0000000723600000, 0x0000000723800000, 0x0000000723800000|100%| O|  |TAMS 0x0000000723800000, 0x0000000723600000| Untracked 
| 284|0x0000000723800000, 0x0000000723a00000, 0x0000000723a00000|100%| O|  |TAMS 0x0000000723a00000, 0x0000000723800000| Untracked 
| 285|0x0000000723a00000, 0x0000000723c00000, 0x0000000723c00000|100%| O|  |TAMS 0x0000000723a00000, 0x0000000723a00000| Untracked 
| 286|0x0000000723c00000, 0x0000000723e00000, 0x0000000723e00000|100%| O|  |TAMS 0x0000000723e00000, 0x0000000723c00000| Untracked 
| 287|0x0000000723e00000, 0x0000000724000000, 0x0000000724000000|100%| O|  |TAMS 0x0000000724000000, 0x0000000723e00000| Untracked 
| 288|0x0000000724000000, 0x0000000724200000, 0x0000000724200000|100%| O|  |TAMS 0x0000000724200000, 0x0000000724000000| Untracked 
| 289|0x0000000724200000, 0x0000000724400000, 0x0000000724400000|100%| O|  |TAMS 0x0000000724400000, 0x0000000724200000| Untracked 
| 290|0x0000000724400000, 0x0000000724600000, 0x0000000724600000|100%| O|  |TAMS 0x0000000724600000, 0x0000000724400000| Untracked 
| 291|0x0000000724600000, 0x0000000724800000, 0x0000000724800000|100%| O|  |TAMS 0x0000000724800000, 0x0000000724600000| Untracked 
| 292|0x0000000724800000, 0x0000000724a00000, 0x0000000724a00000|100%| O|  |TAMS 0x0000000724a00000, 0x0000000724800000| Untracked 
| 293|0x0000000724a00000, 0x0000000724c00000, 0x0000000724c00000|100%| O|  |TAMS 0x0000000724c00000, 0x0000000724a00000| Untracked 
| 294|0x0000000724c00000, 0x0000000724e00000, 0x0000000724e00000|100%| O|  |TAMS 0x0000000724e00000, 0x0000000724c00000| Untracked 
| 295|0x0000000724e00000, 0x0000000725000000, 0x0000000725000000|100%| O|  |TAMS 0x0000000725000000, 0x0000000724e00000| Untracked 
| 296|0x0000000725000000, 0x0000000725200000, 0x0000000725200000|100%| O|  |TAMS 0x0000000725200000, 0x0000000725000000| Untracked 
| 297|0x0000000725200000, 0x0000000725400000, 0x0000000725400000|100%| O|  |TAMS 0x0000000725400000, 0x0000000725200000| Untracked 
| 298|0x0000000725400000, 0x0000000725600000, 0x0000000725600000|100%| O|  |TAMS 0x0000000725600000, 0x0000000725400000| Untracked 
| 299|0x0000000725600000, 0x0000000725800000, 0x0000000725800000|100%| O|  |TAMS 0x0000000725800000, 0x0000000725600000| Untracked 
| 300|0x0000000725800000, 0x0000000725a00000, 0x0000000725a00000|100%| O|  |TAMS 0x0000000725a00000, 0x0000000725800000| Untracked 
| 301|0x0000000725a00000, 0x0000000725c00000, 0x0000000725c00000|100%| O|  |TAMS 0x0000000725c00000, 0x0000000725a00000| Untracked 
| 302|0x0000000725c00000, 0x0000000725e00000, 0x0000000725e00000|100%| O|  |TAMS 0x0000000725e00000, 0x0000000725c00000| Untracked 
| 303|0x0000000725e00000, 0x0000000726000000, 0x0000000726000000|100%| O|  |TAMS 0x0000000726000000, 0x0000000725e00000| Untracked 
| 304|0x0000000726000000, 0x0000000726200000, 0x0000000726200000|100%| O|  |TAMS 0x0000000726200000, 0x0000000726000000| Untracked 
| 305|0x0000000726200000, 0x0000000726400000, 0x0000000726400000|100%| O|  |TAMS 0x0000000726400000, 0x0000000726200000| Untracked 
| 306|0x0000000726400000, 0x0000000726600000, 0x0000000726600000|100%| O|  |TAMS 0x0000000726600000, 0x0000000726400000| Untracked 
| 307|0x0000000726600000, 0x0000000726800000, 0x0000000726800000|100%| O|  |TAMS 0x0000000726800000, 0x0000000726600000| Untracked 
| 308|0x0000000726800000, 0x0000000726a00000, 0x0000000726a00000|100%| O|  |TAMS 0x0000000726a00000, 0x0000000726800000| Untracked 
| 309|0x0000000726a00000, 0x0000000726c00000, 0x0000000726c00000|100%| O|  |TAMS 0x0000000726c00000, 0x0000000726a00000| Untracked 
| 310|0x0000000726c00000, 0x0000000726e00000, 0x0000000726e00000|100%| O|  |TAMS 0x0000000726e00000, 0x0000000726c00000| Untracked 
| 311|0x0000000726e00000, 0x0000000727000000, 0x0000000727000000|100%| O|  |TAMS 0x0000000727000000, 0x0000000726e00000| Untracked 
| 312|0x0000000727000000, 0x0000000727200000, 0x0000000727200000|100%| O|  |TAMS 0x0000000727200000, 0x0000000727000000| Untracked 
| 313|0x0000000727200000, 0x0000000727400000, 0x0000000727400000|100%| O|  |TAMS 0x0000000727400000, 0x0000000727200000| Untracked 
| 314|0x0000000727400000, 0x0000000727600000, 0x0000000727600000|100%| O|  |TAMS 0x0000000727600000, 0x0000000727400000| Untracked 
| 315|0x0000000727600000, 0x0000000727800000, 0x0000000727800000|100%| O|  |TAMS 0x0000000727600000, 0x0000000727600000| Untracked 
| 316|0x0000000727800000, 0x0000000727a00000, 0x0000000727a00000|100%| O|  |TAMS 0x0000000727800000, 0x0000000727800000| Untracked 
| 317|0x0000000727a00000, 0x0000000727c00000, 0x0000000727c00000|100%| O|  |TAMS 0x0000000727c00000, 0x0000000727a00000| Untracked 
| 318|0x0000000727c00000, 0x0000000727e00000, 0x0000000727e00000|100%| O|  |TAMS 0x0000000727e00000, 0x0000000727c00000| Untracked 
| 319|0x0000000727e00000, 0x0000000728000000, 0x0000000728000000|100%| O|  |TAMS 0x0000000728000000, 0x0000000727e00000| Untracked 
| 320|0x0000000728000000, 0x0000000728200000, 0x0000000728200000|100%| O|  |TAMS 0x0000000728200000, 0x0000000728000000| Untracked 
| 321|0x0000000728200000, 0x0000000728400000, 0x0000000728400000|100%| O|  |TAMS 0x0000000728400000, 0x0000000728200000| Untracked 
| 322|0x0000000728400000, 0x0000000728600000, 0x0000000728600000|100%| O|  |TAMS 0x0000000728600000, 0x0000000728400000| Untracked 
| 323|0x0000000728600000, 0x0000000728800000, 0x0000000728800000|100%| O|  |TAMS 0x0000000728800000, 0x0000000728600000| Untracked 
| 324|0x0000000728800000, 0x0000000728a00000, 0x0000000728a00000|100%| O|  |TAMS 0x0000000728a00000, 0x0000000728800000| Untracked 
| 325|0x0000000728a00000, 0x0000000728c00000, 0x0000000728c00000|100%| O|  |TAMS 0x0000000728c00000, 0x0000000728a00000| Untracked 
| 326|0x0000000728c00000, 0x0000000728e00000, 0x0000000728e00000|100%| O|  |TAMS 0x0000000728e00000, 0x0000000728c00000| Untracked 
| 327|0x0000000728e00000, 0x0000000729000000, 0x0000000729000000|100%| O|  |TAMS 0x0000000729000000, 0x0000000728e00000| Untracked 
| 328|0x0000000729000000, 0x0000000729200000, 0x0000000729200000|100%| O|  |TAMS 0x0000000729200000, 0x0000000729000000| Untracked 
| 329|0x0000000729200000, 0x0000000729400000, 0x0000000729400000|100%| O|  |TAMS 0x0000000729400000, 0x0000000729200000| Untracked 
| 330|0x0000000729400000, 0x0000000729600000, 0x0000000729600000|100%| O|  |TAMS 0x0000000729600000, 0x0000000729400000| Untracked 
| 331|0x0000000729600000, 0x0000000729800000, 0x0000000729800000|100%| O|  |TAMS 0x0000000729800000, 0x0000000729600000| Untracked 
| 332|0x0000000729800000, 0x0000000729a00000, 0x0000000729a00000|100%| O|  |TAMS 0x0000000729a00000, 0x0000000729800000| Untracked 
| 333|0x0000000729a00000, 0x0000000729c00000, 0x0000000729c00000|100%| O|  |TAMS 0x0000000729c00000, 0x0000000729a00000| Untracked 
| 334|0x0000000729c00000, 0x0000000729e00000, 0x0000000729e00000|100%| O|  |TAMS 0x0000000729e00000, 0x0000000729c00000| Untracked 
| 335|0x0000000729e00000, 0x000000072a000000, 0x000000072a000000|100%| O|  |TAMS 0x000000072a000000, 0x0000000729e00000| Untracked 
| 336|0x000000072a000000, 0x000000072a200000, 0x000000072a200000|100%| O|  |TAMS 0x000000072a200000, 0x000000072a000000| Untracked 
| 337|0x000000072a200000, 0x000000072a400000, 0x000000072a400000|100%| O|  |TAMS 0x000000072a400000, 0x000000072a200000| Untracked 
| 338|0x000000072a400000, 0x000000072a600000, 0x000000072a600000|100%| O|  |TAMS 0x000000072a600000, 0x000000072a400000| Untracked 
| 339|0x000000072a600000, 0x000000072a800000, 0x000000072a800000|100%| O|  |TAMS 0x000000072a800000, 0x000000072a600000| Untracked 
| 340|0x000000072a800000, 0x000000072aa00000, 0x000000072aa00000|100%| O|  |TAMS 0x000000072aa00000, 0x000000072a800000| Untracked 
| 341|0x000000072aa00000, 0x000000072ac00000, 0x000000072ac00000|100%| O|  |TAMS 0x000000072ac00000, 0x000000072aa00000| Untracked 
| 342|0x000000072ac00000, 0x000000072ae00000, 0x000000072ae00000|100%| O|  |TAMS 0x000000072ae00000, 0x000000072ac00000| Untracked 
| 343|0x000000072ae00000, 0x000000072b000000, 0x000000072b000000|100%| O|  |TAMS 0x000000072b000000, 0x000000072ae00000| Untracked 
| 344|0x000000072b000000, 0x000000072b200000, 0x000000072b200000|100%| O|  |TAMS 0x000000072b200000, 0x000000072b000000| Untracked 
| 345|0x000000072b200000, 0x000000072b400000, 0x000000072b400000|100%| O|  |TAMS 0x000000072b400000, 0x000000072b200000| Untracked 
| 346|0x000000072b400000, 0x000000072b600000, 0x000000072b600000|100%| O|  |TAMS 0x000000072b600000, 0x000000072b400000| Untracked 
| 347|0x000000072b600000, 0x000000072b800000, 0x000000072b800000|100%| O|  |TAMS 0x000000072b800000, 0x000000072b600000| Untracked 
| 348|0x000000072b800000, 0x000000072ba00000, 0x000000072ba00000|100%| O|  |TAMS 0x000000072ba00000, 0x000000072b800000| Untracked 
| 349|0x000000072ba00000, 0x000000072bc00000, 0x000000072bc00000|100%| O|  |TAMS 0x000000072bc00000, 0x000000072ba00000| Untracked 
| 350|0x000000072bc00000, 0x000000072be00000, 0x000000072be00000|100%| O|  |TAMS 0x000000072be00000, 0x000000072bc00000| Untracked 
| 351|0x000000072be00000, 0x000000072c000000, 0x000000072c000000|100%| O|  |TAMS 0x000000072c000000, 0x000000072be00000| Untracked 
| 352|0x000000072c000000, 0x000000072c200000, 0x000000072c200000|100%| O|  |TAMS 0x000000072c200000, 0x000000072c000000| Untracked 
| 353|0x000000072c200000, 0x000000072c400000, 0x000000072c400000|100%| O|  |TAMS 0x000000072c400000, 0x000000072c200000| Untracked 
| 354|0x000000072c400000, 0x000000072c600000, 0x000000072c600000|100%| O|  |TAMS 0x000000072c600000, 0x000000072c400000| Untracked 
| 355|0x000000072c600000, 0x000000072c800000, 0x000000072c800000|100%| O|  |TAMS 0x000000072c800000, 0x000000072c600000| Untracked 
| 356|0x000000072c800000, 0x000000072ca00000, 0x000000072ca00000|100%| O|  |TAMS 0x000000072ca00000, 0x000000072c800000| Untracked 
| 357|0x000000072ca00000, 0x000000072cc00000, 0x000000072cc00000|100%| O|  |TAMS 0x000000072cc00000, 0x000000072ca00000| Untracked 
| 358|0x000000072cc00000, 0x000000072ce00000, 0x000000072ce00000|100%| O|  |TAMS 0x000000072ce00000, 0x000000072cc00000| Untracked 
| 359|0x000000072ce00000, 0x000000072d000000, 0x000000072d000000|100%| O|  |TAMS 0x000000072d000000, 0x000000072ce00000| Untracked 
| 360|0x000000072d000000, 0x000000072d200000, 0x000000072d200000|100%| O|  |TAMS 0x000000072d200000, 0x000000072d000000| Untracked 
| 361|0x000000072d200000, 0x000000072d400000, 0x000000072d400000|100%| O|  |TAMS 0x000000072d400000, 0x000000072d200000| Untracked 
| 362|0x000000072d400000, 0x000000072d600000, 0x000000072d600000|100%| O|  |TAMS 0x000000072d600000, 0x000000072d400000| Untracked 
| 363|0x000000072d600000, 0x000000072d800000, 0x000000072d800000|100%| O|  |TAMS 0x000000072d800000, 0x000000072d600000| Untracked 
| 364|0x000000072d800000, 0x000000072da00000, 0x000000072da00000|100%| O|  |TAMS 0x000000072da00000, 0x000000072d800000| Untracked 
| 365|0x000000072da00000, 0x000000072dc00000, 0x000000072dc00000|100%| O|  |TAMS 0x000000072dc00000, 0x000000072da00000| Untracked 
| 366|0x000000072dc00000, 0x000000072de00000, 0x000000072de00000|100%| O|  |TAMS 0x000000072de00000, 0x000000072dc00000| Untracked 
| 367|0x000000072de00000, 0x000000072e000000, 0x000000072e000000|100%| O|  |TAMS 0x000000072e000000, 0x000000072de00000| Untracked 
| 368|0x000000072e000000, 0x000000072e200000, 0x000000072e200000|100%| O|  |TAMS 0x000000072e200000, 0x000000072e000000| Untracked 
| 369|0x000000072e200000, 0x000000072e400000, 0x000000072e400000|100%| O|  |TAMS 0x000000072e400000, 0x000000072e200000| Untracked 
| 370|0x000000072e400000, 0x000000072e600000, 0x000000072e600000|100%| O|  |TAMS 0x000000072e600000, 0x000000072e400000| Untracked 
| 371|0x000000072e600000, 0x000000072e800000, 0x000000072e800000|100%| O|  |TAMS 0x000000072e800000, 0x000000072e600000| Untracked 
| 372|0x000000072e800000, 0x000000072ea00000, 0x000000072ea00000|100%| O|  |TAMS 0x000000072ea00000, 0x000000072e800000| Untracked 
| 373|0x000000072ea00000, 0x000000072ec00000, 0x000000072ec00000|100%| O|  |TAMS 0x000000072ec00000, 0x000000072ea00000| Untracked 
| 374|0x000000072ec00000, 0x000000072ee00000, 0x000000072ee00000|100%| O|  |TAMS 0x000000072ee00000, 0x000000072ec00000| Untracked 
| 375|0x000000072ee00000, 0x000000072f000000, 0x000000072f000000|100%| O|  |TAMS 0x000000072f000000, 0x000000072ee00000| Untracked 
| 376|0x000000072f000000, 0x000000072f200000, 0x000000072f200000|100%| O|  |TAMS 0x000000072f200000, 0x000000072f000000| Untracked 
| 377|0x000000072f200000, 0x000000072f400000, 0x000000072f400000|100%| O|  |TAMS 0x000000072f400000, 0x000000072f200000| Untracked 
| 378|0x000000072f400000, 0x000000072f600000, 0x000000072f600000|100%| O|  |TAMS 0x000000072f600000, 0x000000072f400000| Untracked 
| 379|0x000000072f600000, 0x000000072f800000, 0x000000072f800000|100%| O|  |TAMS 0x000000072f800000, 0x000000072f600000| Untracked 
| 380|0x000000072f800000, 0x000000072fa00000, 0x000000072fa00000|100%| O|  |TAMS 0x000000072fa00000, 0x000000072f800000| Untracked 
| 381|0x000000072fa00000, 0x000000072fc00000, 0x000000072fc00000|100%| O|  |TAMS 0x000000072fc00000, 0x000000072fa00000| Untracked 
| 382|0x000000072fc00000, 0x000000072fe00000, 0x000000072fe00000|100%| O|  |TAMS 0x000000072fe00000, 0x000000072fc00000| Untracked 
| 383|0x000000072fe00000, 0x0000000730000000, 0x0000000730000000|100%| O|  |TAMS 0x0000000730000000, 0x000000072fe00000| Untracked 
| 384|0x0000000730000000, 0x0000000730200000, 0x0000000730200000|100%| O|  |TAMS 0x0000000730200000, 0x0000000730000000| Untracked 
| 385|0x0000000730200000, 0x0000000730400000, 0x0000000730400000|100%| O|  |TAMS 0x0000000730400000, 0x0000000730200000| Untracked 
| 386|0x0000000730400000, 0x0000000730600000, 0x0000000730600000|100%| O|  |TAMS 0x0000000730600000, 0x0000000730400000| Untracked 
| 387|0x0000000730600000, 0x0000000730800000, 0x0000000730800000|100%| O|  |TAMS 0x0000000730800000, 0x0000000730600000| Untracked 
| 388|0x0000000730800000, 0x0000000730a00000, 0x0000000730a00000|100%| O|  |TAMS 0x0000000730a00000, 0x0000000730800000| Untracked 
| 389|0x0000000730a00000, 0x0000000730c00000, 0x0000000730c00000|100%| O|  |TAMS 0x0000000730c00000, 0x0000000730a00000| Untracked 
| 390|0x0000000730c00000, 0x0000000730e00000, 0x0000000730e00000|100%| O|  |TAMS 0x0000000730e00000, 0x0000000730c00000| Untracked 
| 391|0x0000000730e00000, 0x0000000731000000, 0x0000000731000000|100%| O|  |TAMS 0x0000000731000000, 0x0000000730e00000| Untracked 
| 392|0x0000000731000000, 0x0000000731200000, 0x0000000731200000|100%| O|  |TAMS 0x0000000731200000, 0x0000000731000000| Untracked 
| 393|0x0000000731200000, 0x0000000731400000, 0x0000000731400000|100%| O|  |TAMS 0x0000000731400000, 0x0000000731200000| Untracked 
| 394|0x0000000731400000, 0x0000000731600000, 0x0000000731600000|100%| O|  |TAMS 0x0000000731600000, 0x0000000731400000| Untracked 
| 395|0x0000000731600000, 0x0000000731800000, 0x0000000731800000|100%| O|  |TAMS 0x0000000731800000, 0x0000000731600000| Untracked 
| 396|0x0000000731800000, 0x0000000731a00000, 0x0000000731a00000|100%| O|  |TAMS 0x0000000731a00000, 0x0000000731800000| Untracked 
| 397|0x0000000731a00000, 0x0000000731c00000, 0x0000000731c00000|100%| O|  |TAMS 0x0000000731c00000, 0x0000000731a00000| Untracked 
| 398|0x0000000731c00000, 0x0000000731e00000, 0x0000000731e00000|100%| O|  |TAMS 0x0000000731e00000, 0x0000000731c00000| Untracked 
| 399|0x0000000731e00000, 0x0000000732000000, 0x0000000732000000|100%|HS|  |TAMS 0x0000000732000000, 0x0000000731e00000| Complete 
| 400|0x0000000732000000, 0x0000000732200000, 0x0000000732200000|100%| O|  |TAMS 0x0000000732200000, 0x0000000732000000| Untracked 
| 401|0x0000000732200000, 0x0000000732400000, 0x0000000732400000|100%| O|  |TAMS 0x0000000732400000, 0x0000000732200000| Untracked 
| 402|0x0000000732400000, 0x0000000732600000, 0x0000000732600000|100%| O|  |TAMS 0x0000000732600000, 0x0000000732400000| Untracked 
| 403|0x0000000732600000, 0x0000000732800000, 0x0000000732800000|100%| O|  |TAMS 0x0000000732800000, 0x0000000732600000| Untracked 
| 404|0x0000000732800000, 0x0000000732a00000, 0x0000000732a00000|100%| O|  |TAMS 0x0000000732a00000, 0x0000000732800000| Untracked 
| 405|0x0000000732a00000, 0x0000000732c00000, 0x0000000732c00000|100%| O|  |TAMS 0x0000000732c00000, 0x0000000732a00000| Untracked 
| 406|0x0000000732c00000, 0x0000000732e00000, 0x0000000732e00000|100%| O|  |TAMS 0x0000000732e00000, 0x0000000732c00000| Untracked 
| 407|0x0000000732e00000, 0x0000000733000000, 0x0000000733000000|100%| O|  |TAMS 0x0000000733000000, 0x0000000732e00000| Untracked 
| 408|0x0000000733000000, 0x0000000733200000, 0x0000000733200000|100%| O|  |TAMS 0x0000000733200000, 0x0000000733000000| Untracked 
| 409|0x0000000733200000, 0x0000000733400000, 0x0000000733400000|100%| O|  |TAMS 0x0000000733400000, 0x0000000733200000| Untracked 
| 410|0x0000000733400000, 0x0000000733600000, 0x0000000733600000|100%| O|  |TAMS 0x0000000733600000, 0x0000000733400000| Untracked 
| 411|0x0000000733600000, 0x0000000733800000, 0x0000000733800000|100%| O|  |TAMS 0x0000000733800000, 0x0000000733600000| Untracked 
| 412|0x0000000733800000, 0x0000000733a00000, 0x0000000733a00000|100%| O|  |TAMS 0x0000000733a00000, 0x0000000733800000| Untracked 
| 413|0x0000000733a00000, 0x0000000733c00000, 0x0000000733c00000|100%| O|  |TAMS 0x0000000733c00000, 0x0000000733a00000| Untracked 
| 414|0x0000000733c00000, 0x0000000733e00000, 0x0000000733e00000|100%| O|  |TAMS 0x0000000733e00000, 0x0000000733c00000| Untracked 
| 415|0x0000000733e00000, 0x0000000734000000, 0x0000000734000000|100%| O|  |TAMS 0x0000000734000000, 0x0000000733e00000| Untracked 
| 416|0x0000000734000000, 0x0000000734200000, 0x0000000734200000|100%| O|  |TAMS 0x0000000734200000, 0x0000000734000000| Untracked 
| 417|0x0000000734200000, 0x0000000734400000, 0x0000000734400000|100%| O|  |TAMS 0x0000000734400000, 0x0000000734200000| Untracked 
| 418|0x0000000734400000, 0x0000000734600000, 0x0000000734600000|100%| O|  |TAMS 0x0000000734600000, 0x0000000734400000| Untracked 
| 419|0x0000000734600000, 0x0000000734800000, 0x0000000734800000|100%| O|  |TAMS 0x0000000734800000, 0x0000000734600000| Untracked 
| 420|0x0000000734800000, 0x0000000734a00000, 0x0000000734a00000|100%| O|  |TAMS 0x0000000734a00000, 0x0000000734800000| Untracked 
| 421|0x0000000734a00000, 0x0000000734c00000, 0x0000000734c00000|100%| O|  |TAMS 0x0000000734c00000, 0x0000000734a00000| Untracked 
| 422|0x0000000734c00000, 0x0000000734e00000, 0x0000000734e00000|100%| O|  |TAMS 0x0000000734e00000, 0x0000000734c00000| Untracked 
| 423|0x0000000734e00000, 0x0000000735000000, 0x0000000735000000|100%| O|  |TAMS 0x0000000735000000, 0x0000000734e00000| Complete 
| 424|0x0000000735000000, 0x0000000735200000, 0x0000000735200000|100%| O|  |TAMS 0x0000000735200000, 0x0000000735000000| Complete 
| 425|0x0000000735200000, 0x0000000735400000, 0x0000000735400000|100%| O|  |TAMS 0x0000000735400000, 0x0000000735200000| Complete 
| 426|0x0000000735400000, 0x0000000735600000, 0x0000000735600000|100%| O|  |TAMS 0x0000000735400000, 0x0000000735400000| Untracked 
| 427|0x0000000735600000, 0x0000000735800000, 0x0000000735800000|100%| O|  |TAMS 0x0000000735800000, 0x0000000735600000| Untracked 
| 428|0x0000000735800000, 0x0000000735a00000, 0x0000000735a00000|100%| O|  |TAMS 0x0000000735a00000, 0x0000000735800000| Untracked 
| 429|0x0000000735a00000, 0x0000000735c00000, 0x0000000735c00000|100%| O|  |TAMS 0x0000000735c00000, 0x0000000735a00000| Untracked 
| 430|0x0000000735c00000, 0x0000000735e00000, 0x0000000735e00000|100%| O|  |TAMS 0x0000000735e00000, 0x0000000735c00000| Untracked 
| 431|0x0000000735e00000, 0x0000000736000000, 0x0000000736000000|100%| O|  |TAMS 0x0000000736000000, 0x0000000735e00000| Untracked 
| 432|0x0000000736000000, 0x0000000736200000, 0x0000000736200000|100%| O|  |TAMS 0x0000000736200000, 0x0000000736000000| Untracked 
| 433|0x0000000736200000, 0x0000000736400000, 0x0000000736400000|100%| O|  |TAMS 0x0000000736400000, 0x0000000736200000| Untracked 
| 434|0x0000000736400000, 0x0000000736600000, 0x0000000736600000|100%| O|  |TAMS 0x0000000736600000, 0x0000000736400000| Untracked 
| 435|0x0000000736600000, 0x0000000736800000, 0x0000000736800000|100%| O|  |TAMS 0x0000000736800000, 0x0000000736600000| Untracked 
| 436|0x0000000736800000, 0x0000000736a00000, 0x0000000736a00000|100%| O|  |TAMS 0x0000000736a00000, 0x0000000736800000| Untracked 
| 437|0x0000000736a00000, 0x0000000736c00000, 0x0000000736c00000|100%| O|  |TAMS 0x0000000736c00000, 0x0000000736a00000| Untracked 
| 438|0x0000000736c00000, 0x0000000736e00000, 0x0000000736e00000|100%| O|  |TAMS 0x0000000736e00000, 0x0000000736c00000| Untracked 
| 439|0x0000000736e00000, 0x0000000737000000, 0x0000000737000000|100%| O|  |TAMS 0x0000000737000000, 0x0000000736e00000| Untracked 
| 440|0x0000000737000000, 0x0000000737200000, 0x0000000737200000|100%| O|  |TAMS 0x0000000737200000, 0x0000000737000000| Untracked 
| 441|0x0000000737200000, 0x0000000737400000, 0x0000000737400000|100%| O|  |TAMS 0x0000000737400000, 0x0000000737200000| Untracked 
| 442|0x0000000737400000, 0x0000000737600000, 0x0000000737600000|100%| O|  |TAMS 0x0000000737600000, 0x0000000737400000| Untracked 
| 443|0x0000000737600000, 0x0000000737800000, 0x0000000737800000|100%| O|  |TAMS 0x0000000737800000, 0x0000000737600000| Untracked 
| 444|0x0000000737800000, 0x0000000737a00000, 0x0000000737a00000|100%| O|  |TAMS 0x0000000737a00000, 0x0000000737800000| Untracked 
| 445|0x0000000737a00000, 0x0000000737c00000, 0x0000000737c00000|100%| O|  |TAMS 0x0000000737c00000, 0x0000000737a00000| Untracked 
| 446|0x0000000737c00000, 0x0000000737e00000, 0x0000000737e00000|100%| O|  |TAMS 0x0000000737e00000, 0x0000000737c00000| Untracked 
| 447|0x0000000737e00000, 0x0000000738000000, 0x0000000738000000|100%| O|  |TAMS 0x0000000738000000, 0x0000000737e00000| Untracked 
| 448|0x0000000738000000, 0x0000000738200000, 0x0000000738200000|100%| O|  |TAMS 0x0000000738200000, 0x0000000738000000| Untracked 
| 449|0x0000000738200000, 0x0000000738400000, 0x0000000738400000|100%| O|  |TAMS 0x0000000738400000, 0x0000000738200000| Untracked 
| 450|0x0000000738400000, 0x0000000738600000, 0x0000000738600000|100%| O|  |TAMS 0x0000000738600000, 0x0000000738400000| Untracked 
| 451|0x0000000738600000, 0x0000000738800000, 0x0000000738800000|100%| O|  |TAMS 0x0000000738800000, 0x0000000738600000| Untracked 
| 452|0x0000000738800000, 0x0000000738a00000, 0x0000000738a00000|100%| O|  |TAMS 0x0000000738a00000, 0x0000000738800000| Untracked 
| 453|0x0000000738a00000, 0x0000000738c00000, 0x0000000738c00000|100%| O|  |TAMS 0x0000000738c00000, 0x0000000738a00000| Untracked 
| 454|0x0000000738c00000, 0x0000000738e00000, 0x0000000738e00000|100%| O|  |TAMS 0x0000000738e00000, 0x0000000738c00000| Untracked 
| 455|0x0000000738e00000, 0x0000000739000000, 0x0000000739000000|100%| O|  |TAMS 0x0000000739000000, 0x0000000738e00000| Untracked 
| 456|0x0000000739000000, 0x0000000739200000, 0x0000000739200000|100%| O|  |TAMS 0x0000000739200000, 0x0000000739000000| Untracked 
| 457|0x0000000739200000, 0x0000000739400000, 0x0000000739400000|100%| O|  |TAMS 0x0000000739400000, 0x0000000739200000| Untracked 
| 458|0x0000000739400000, 0x0000000739600000, 0x0000000739600000|100%| O|  |TAMS 0x0000000739600000, 0x0000000739400000| Untracked 
| 459|0x0000000739600000, 0x0000000739800000, 0x0000000739800000|100%| O|  |TAMS 0x0000000739800000, 0x0000000739600000| Untracked 
| 460|0x0000000739800000, 0x0000000739a00000, 0x0000000739a00000|100%| O|  |TAMS 0x0000000739a00000, 0x0000000739800000| Untracked 
| 461|0x0000000739a00000, 0x0000000739c00000, 0x0000000739c00000|100%|HS|  |TAMS 0x0000000739c00000, 0x0000000739a00000| Complete 
| 462|0x0000000739c00000, 0x0000000739e00000, 0x0000000739e00000|100%|HC|  |TAMS 0x0000000739e00000, 0x0000000739c00000| Complete 
| 463|0x0000000739e00000, 0x000000073a000000, 0x000000073a000000|100%| O|  |TAMS 0x000000073a000000, 0x0000000739e00000| Untracked 
| 464|0x000000073a000000, 0x000000073a200000, 0x000000073a200000|100%| O|  |TAMS 0x000000073a200000, 0x000000073a000000| Untracked 
| 465|0x000000073a200000, 0x000000073a400000, 0x000000073a400000|100%| O|  |TAMS 0x000000073a400000, 0x000000073a200000| Untracked 
| 466|0x000000073a400000, 0x000000073a600000, 0x000000073a600000|100%| O|  |TAMS 0x000000073a600000, 0x000000073a400000| Untracked 
| 467|0x000000073a600000, 0x000000073a800000, 0x000000073a800000|100%| O|  |TAMS 0x000000073a800000, 0x000000073a600000| Untracked 
| 468|0x000000073a800000, 0x000000073aa00000, 0x000000073aa00000|100%| O|  |TAMS 0x000000073aa00000, 0x000000073a800000| Untracked 
| 469|0x000000073aa00000, 0x000000073ac00000, 0x000000073ac00000|100%| O|  |TAMS 0x000000073ac00000, 0x000000073aa00000| Untracked 
| 470|0x000000073ac00000, 0x000000073ae00000, 0x000000073ae00000|100%| O|  |TAMS 0x000000073ae00000, 0x000000073ac00000| Untracked 
| 471|0x000000073ae00000, 0x000000073b000000, 0x000000073b000000|100%| O|  |TAMS 0x000000073b000000, 0x000000073ae00000| Untracked 
| 472|0x000000073b000000, 0x000000073b200000, 0x000000073b200000|100%| O|  |TAMS 0x000000073b200000, 0x000000073b000000| Untracked 
| 473|0x000000073b200000, 0x000000073b400000, 0x000000073b400000|100%| O|  |TAMS 0x000000073b400000, 0x000000073b200000| Untracked 
| 474|0x000000073b400000, 0x000000073b600000, 0x000000073b600000|100%| O|  |TAMS 0x000000073b600000, 0x000000073b400000| Untracked 
| 475|0x000000073b600000, 0x000000073b800000, 0x000000073b800000|100%| O|  |TAMS 0x000000073b800000, 0x000000073b600000| Untracked 
| 476|0x000000073b800000, 0x000000073ba00000, 0x000000073ba00000|100%| O|  |TAMS 0x000000073b84a600, 0x000000073b800000| Untracked 
| 477|0x000000073ba00000, 0x000000073bc00000, 0x000000073bc00000|100%| O|  |TAMS 0x000000073ba00000, 0x000000073ba00000| Untracked 
| 478|0x000000073bc00000, 0x000000073be00000, 0x000000073be00000|100%| O|  |TAMS 0x000000073be00000, 0x000000073bc00000| Untracked 
| 479|0x000000073be00000, 0x000000073c000000, 0x000000073c000000|100%| O|  |TAMS 0x000000073c000000, 0x000000073be00000| Untracked 
| 480|0x000000073c000000, 0x000000073c200000, 0x000000073c200000|100%| O|  |TAMS 0x000000073c200000, 0x000000073c000000| Untracked 
| 481|0x000000073c200000, 0x000000073c400000, 0x000000073c400000|100%| O|  |TAMS 0x000000073c400000, 0x000000073c200000| Untracked 
| 482|0x000000073c400000, 0x000000073c600000, 0x000000073c600000|100%| O|  |TAMS 0x000000073c600000, 0x000000073c400000| Untracked 
| 483|0x000000073c600000, 0x000000073c800000, 0x000000073c800000|100%| O|  |TAMS 0x000000073c600000, 0x000000073c600000| Untracked 
| 484|0x000000073c800000, 0x000000073ca00000, 0x000000073ca00000|100%| O|  |TAMS 0x000000073ca00000, 0x000000073c800000| Untracked 
| 485|0x000000073ca00000, 0x000000073cc00000, 0x000000073cc00000|100%| O|  |TAMS 0x000000073cc00000, 0x000000073ca00000| Untracked 
| 486|0x000000073cc00000, 0x000000073ce00000, 0x000000073ce00000|100%| O|  |TAMS 0x000000073cc00000, 0x000000073cc00000| Untracked 
| 487|0x000000073ce00000, 0x000000073d000000, 0x000000073d000000|100%| O|  |TAMS 0x000000073d000000, 0x000000073ce00000| Untracked 
| 488|0x000000073d000000, 0x000000073d200000, 0x000000073d200000|100%| O|  |TAMS 0x000000073d200000, 0x000000073d000000| Untracked 
| 489|0x000000073d200000, 0x000000073d400000, 0x000000073d400000|100%| O|  |TAMS 0x000000073d200000, 0x000000073d200000| Untracked 
| 490|0x000000073d400000, 0x000000073d600000, 0x000000073d600000|100%| O|  |TAMS 0x000000073d600000, 0x000000073d400000| Complete 
| 491|0x000000073d600000, 0x000000073d800000, 0x000000073d800000|100%| O|  |TAMS 0x000000073d800000, 0x000000073d600000| Untracked 
| 492|0x000000073d800000, 0x000000073da00000, 0x000000073da00000|100%| O|  |TAMS 0x000000073da00000, 0x000000073d800000| Untracked 
| 493|0x000000073da00000, 0x000000073dc00000, 0x000000073dc00000|100%| O|  |TAMS 0x000000073dc00000, 0x000000073da00000| Untracked 
| 494|0x000000073dc00000, 0x000000073de00000, 0x000000073de00000|100%| O|  |TAMS 0x000000073de00000, 0x000000073dc00000| Untracked 
| 495|0x000000073de00000, 0x000000073e000000, 0x000000073e000000|100%| O|  |TAMS 0x000000073e000000, 0x000000073de00000| Untracked 
| 496|0x000000073e000000, 0x000000073e200000, 0x000000073e200000|100%| O|  |TAMS 0x000000073e200000, 0x000000073e000000| Untracked 
| 497|0x000000073e200000, 0x000000073e400000, 0x000000073e400000|100%| O|  |TAMS 0x000000073e400000, 0x000000073e200000| Untracked 
| 498|0x000000073e400000, 0x000000073e600000, 0x000000073e600000|100%| O|  |TAMS 0x000000073e600000, 0x000000073e400000| Untracked 
| 499|0x000000073e600000, 0x000000073e800000, 0x000000073e800000|100%| O|  |TAMS 0x000000073e800000, 0x000000073e600000| Untracked 
| 500|0x000000073e800000, 0x000000073ea00000, 0x000000073ea00000|100%| O|  |TAMS 0x000000073ea00000, 0x000000073e800000| Untracked 
| 501|0x000000073ea00000, 0x000000073ec00000, 0x000000073ec00000|100%| O|  |TAMS 0x000000073ec00000, 0x000000073ea00000| Untracked 
| 502|0x000000073ec00000, 0x000000073ee00000, 0x000000073ee00000|100%| O|  |TAMS 0x000000073ee00000, 0x000000073ec00000| Untracked 
| 503|0x000000073ee00000, 0x000000073f000000, 0x000000073f000000|100%| O|  |TAMS 0x000000073f000000, 0x000000073ee00000| Untracked 
| 504|0x000000073f000000, 0x000000073f200000, 0x000000073f200000|100%| O|  |TAMS 0x000000073f200000, 0x000000073f000000| Untracked 
| 505|0x000000073f200000, 0x000000073f400000, 0x000000073f400000|100%| O|  |TAMS 0x000000073f400000, 0x000000073f200000| Untracked 
| 506|0x000000073f400000, 0x000000073f600000, 0x000000073f600000|100%| O|  |TAMS 0x000000073f600000, 0x000000073f400000| Untracked 
| 507|0x000000073f600000, 0x000000073f800000, 0x000000073f800000|100%| O|  |TAMS 0x000000073f800000, 0x000000073f600000| Untracked 
| 508|0x000000073f800000, 0x000000073fa00000, 0x000000073fa00000|100%| O|  |TAMS 0x000000073fa00000, 0x000000073f800000| Untracked 
| 509|0x000000073fa00000, 0x000000073fc00000, 0x000000073fc00000|100%| O|  |TAMS 0x000000073fc00000, 0x000000073fa00000| Untracked 
| 510|0x000000073fc00000, 0x000000073fe00000, 0x000000073fe00000|100%| O|  |TAMS 0x000000073fe00000, 0x000000073fc00000| Untracked 
| 511|0x000000073fe00000, 0x0000000740000000, 0x0000000740000000|100%| O|  |TAMS 0x0000000740000000, 0x000000073fe00000| Untracked 
| 512|0x0000000740000000, 0x0000000740200000, 0x0000000740200000|100%| O|  |TAMS 0x0000000740200000, 0x0000000740000000| Untracked 
| 513|0x0000000740200000, 0x0000000740400000, 0x0000000740400000|100%| O|  |TAMS 0x0000000740400000, 0x0000000740200000| Untracked 
| 514|0x0000000740400000, 0x0000000740600000, 0x0000000740600000|100%| O|  |TAMS 0x0000000740600000, 0x0000000740400000| Untracked 
| 515|0x0000000740600000, 0x0000000740800000, 0x0000000740800000|100%| O|  |TAMS 0x0000000740800000, 0x0000000740600000| Untracked 
| 516|0x0000000740800000, 0x0000000740a00000, 0x0000000740a00000|100%| O|  |TAMS 0x0000000740a00000, 0x0000000740800000| Untracked 
| 517|0x0000000740a00000, 0x0000000740c00000, 0x0000000740c00000|100%| O|  |TAMS 0x0000000740c00000, 0x0000000740a00000| Untracked 
| 518|0x0000000740c00000, 0x0000000740e00000, 0x0000000740e00000|100%| O|  |TAMS 0x0000000740e00000, 0x0000000740c00000| Untracked 
| 519|0x0000000740e00000, 0x0000000741000000, 0x0000000741000000|100%| O|  |TAMS 0x0000000741000000, 0x0000000740e00000| Untracked 
| 520|0x0000000741000000, 0x0000000741200000, 0x0000000741200000|100%| O|  |TAMS 0x0000000741200000, 0x0000000741000000| Untracked 
| 521|0x0000000741200000, 0x0000000741400000, 0x0000000741400000|100%| O|  |TAMS 0x0000000741400000, 0x0000000741200000| Untracked 
| 522|0x0000000741400000, 0x0000000741600000, 0x0000000741600000|100%| O|  |TAMS 0x0000000741600000, 0x0000000741400000| Untracked 
| 523|0x0000000741600000, 0x0000000741800000, 0x0000000741800000|100%| O|  |TAMS 0x0000000741800000, 0x0000000741600000| Untracked 
| 524|0x0000000741800000, 0x0000000741a00000, 0x0000000741a00000|100%| O|  |TAMS 0x0000000741a00000, 0x0000000741800000| Untracked 
| 525|0x0000000741a00000, 0x0000000741c00000, 0x0000000741c00000|100%| O|  |TAMS 0x0000000741c00000, 0x0000000741a00000| Untracked 
| 526|0x0000000741c00000, 0x0000000741e00000, 0x0000000741e00000|100%| O|  |TAMS 0x0000000741e00000, 0x0000000741c00000| Untracked 
| 527|0x0000000741e00000, 0x0000000742000000, 0x0000000742000000|100%| O|  |TAMS 0x0000000742000000, 0x0000000741e00000| Untracked 
| 528|0x0000000742000000, 0x0000000742200000, 0x0000000742200000|100%| O|  |TAMS 0x0000000742200000, 0x0000000742000000| Untracked 
| 529|0x0000000742200000, 0x0000000742400000, 0x0000000742400000|100%| O|  |TAMS 0x0000000742400000, 0x0000000742200000| Untracked 
| 530|0x0000000742400000, 0x0000000742600000, 0x0000000742600000|100%| O|  |TAMS 0x0000000742600000, 0x0000000742400000| Untracked 
| 531|0x0000000742600000, 0x0000000742800000, 0x0000000742800000|100%| O|  |TAMS 0x0000000742800000, 0x0000000742600000| Untracked 
| 532|0x0000000742800000, 0x0000000742a00000, 0x0000000742a00000|100%| O|  |TAMS 0x0000000742a00000, 0x0000000742800000| Untracked 
| 533|0x0000000742a00000, 0x0000000742c00000, 0x0000000742c00000|100%| O|  |TAMS 0x0000000742a00000, 0x0000000742a00000| Untracked 
| 534|0x0000000742c00000, 0x0000000742e00000, 0x0000000742e00000|100%| O|  |TAMS 0x0000000742e00000, 0x0000000742c00000| Untracked 
| 535|0x0000000742e00000, 0x0000000743000000, 0x0000000743000000|100%| O|  |TAMS 0x0000000743000000, 0x0000000742e00000| Untracked 
| 536|0x0000000743000000, 0x0000000743200000, 0x0000000743200000|100%| O|  |TAMS 0x0000000743200000, 0x0000000743000000| Untracked 
| 537|0x0000000743200000, 0x0000000743400000, 0x0000000743400000|100%| O|  |TAMS 0x0000000743400000, 0x0000000743200000| Untracked 
| 538|0x0000000743400000, 0x0000000743600000, 0x0000000743600000|100%| O|  |TAMS 0x0000000743600000, 0x0000000743400000| Untracked 
| 539|0x0000000743600000, 0x0000000743800000, 0x0000000743800000|100%| O|  |TAMS 0x0000000743800000, 0x0000000743600000| Untracked 
| 540|0x0000000743800000, 0x0000000743a00000, 0x0000000743a00000|100%| O|  |TAMS 0x0000000743800000, 0x0000000743800000| Untracked 
| 541|0x0000000743a00000, 0x0000000743c00000, 0x0000000743c00000|100%| O|  |TAMS 0x0000000743c00000, 0x0000000743a00000| Complete 
| 542|0x0000000743c00000, 0x0000000743e00000, 0x0000000743e00000|100%| O|  |TAMS 0x0000000743e00000, 0x0000000743c00000| Untracked 
| 543|0x0000000743e00000, 0x0000000744000000, 0x0000000744000000|100%| O|  |TAMS 0x0000000744000000, 0x0000000743e00000| Untracked 
| 544|0x0000000744000000, 0x0000000744200000, 0x0000000744200000|100%| O|  |TAMS 0x0000000744200000, 0x0000000744000000| Untracked 
| 545|0x0000000744200000, 0x0000000744400000, 0x0000000744400000|100%| O|  |TAMS 0x0000000744400000, 0x0000000744200000| Untracked 
| 546|0x0000000744400000, 0x0000000744600000, 0x0000000744600000|100%| O|  |TAMS 0x0000000744400000, 0x0000000744400000| Untracked 
| 547|0x0000000744600000, 0x0000000744800000, 0x0000000744800000|100%| O|  |TAMS 0x0000000744600000, 0x0000000744600000| Untracked 
| 548|0x0000000744800000, 0x0000000744a00000, 0x0000000744a00000|100%| O|  |TAMS 0x0000000744a00000, 0x0000000744800000| Untracked 
| 549|0x0000000744a00000, 0x0000000744c00000, 0x0000000744c00000|100%| O|  |TAMS 0x0000000744c00000, 0x0000000744a00000| Untracked 
| 550|0x0000000744c00000, 0x0000000744e00000, 0x0000000744e00000|100%| O|  |TAMS 0x0000000744e00000, 0x0000000744c00000| Untracked 
| 551|0x0000000744e00000, 0x0000000745000000, 0x0000000745000000|100%| O|  |TAMS 0x0000000745000000, 0x0000000744e00000| Untracked 
| 552|0x0000000745000000, 0x0000000745200000, 0x0000000745200000|100%| O|  |TAMS 0x0000000745200000, 0x0000000745000000| Untracked 
| 553|0x0000000745200000, 0x0000000745400000, 0x0000000745400000|100%| O|  |TAMS 0x0000000745400000, 0x0000000745200000| Untracked 
| 554|0x0000000745400000, 0x0000000745600000, 0x0000000745600000|100%| O|  |TAMS 0x0000000745600000, 0x0000000745400000| Untracked 
| 555|0x0000000745600000, 0x0000000745800000, 0x0000000745800000|100%| O|  |TAMS 0x0000000745800000, 0x0000000745600000| Untracked 
| 556|0x0000000745800000, 0x0000000745a00000, 0x0000000745a00000|100%| O|  |TAMS 0x0000000745a00000, 0x0000000745800000| Untracked 
| 557|0x0000000745a00000, 0x0000000745c00000, 0x0000000745c00000|100%| O|  |TAMS 0x0000000745a00000, 0x0000000745a00000| Untracked 
| 558|0x0000000745c00000, 0x0000000745e00000, 0x0000000745e00000|100%| O|  |TAMS 0x0000000745c00000, 0x0000000745c00000| Untracked 
| 559|0x0000000745e00000, 0x0000000746000000, 0x0000000746000000|100%| O|  |TAMS 0x0000000746000000, 0x0000000745e00000| Untracked 
| 560|0x0000000746000000, 0x0000000746200000, 0x0000000746200000|100%| O|  |TAMS 0x0000000746200000, 0x0000000746000000| Untracked 
| 561|0x0000000746200000, 0x0000000746400000, 0x0000000746400000|100%| O|  |TAMS 0x0000000746400000, 0x0000000746200000| Untracked 
| 562|0x0000000746400000, 0x0000000746600000, 0x0000000746600000|100%| O|  |TAMS 0x0000000746600000, 0x0000000746400000| Untracked 
| 563|0x0000000746600000, 0x0000000746800000, 0x0000000746800000|100%| O|  |TAMS 0x0000000746600000, 0x0000000746600000| Untracked 
| 564|0x0000000746800000, 0x0000000746a00000, 0x0000000746a00000|100%| O|  |TAMS 0x0000000746a00000, 0x0000000746800000| Untracked 
| 565|0x0000000746a00000, 0x0000000746c00000, 0x0000000746c00000|100%| O|  |TAMS 0x0000000746c00000, 0x0000000746a00000| Untracked 
| 566|0x0000000746c00000, 0x0000000746e00000, 0x0000000746e00000|100%| O|  |TAMS 0x0000000746e00000, 0x0000000746c00000| Untracked 
| 567|0x0000000746e00000, 0x0000000747000000, 0x0000000747000000|100%| O|  |TAMS 0x0000000747000000, 0x0000000746e00000| Untracked 
| 568|0x0000000747000000, 0x0000000747200000, 0x0000000747200000|100%| O|  |TAMS 0x0000000747200000, 0x0000000747000000| Untracked 
| 569|0x0000000747200000, 0x0000000747400000, 0x0000000747400000|100%| O|  |TAMS 0x0000000747400000, 0x0000000747200000| Untracked 
| 570|0x0000000747400000, 0x0000000747600000, 0x0000000747600000|100%| O|  |TAMS 0x0000000747600000, 0x0000000747400000| Untracked 
| 571|0x0000000747600000, 0x0000000747800000, 0x0000000747800000|100%| O|  |TAMS 0x0000000747800000, 0x0000000747600000| Untracked 
| 572|0x0000000747800000, 0x0000000747a00000, 0x0000000747a00000|100%| O|  |TAMS 0x0000000747a00000, 0x0000000747800000| Untracked 
| 573|0x0000000747a00000, 0x0000000747c00000, 0x0000000747c00000|100%| O|  |TAMS 0x0000000747c00000, 0x0000000747a00000| Untracked 
| 574|0x0000000747c00000, 0x0000000747e00000, 0x0000000747e00000|100%| O|  |TAMS 0x0000000747e00000, 0x0000000747c00000| Untracked 
| 575|0x0000000747e00000, 0x0000000748000000, 0x0000000748000000|100%| O|  |TAMS 0x0000000748000000, 0x0000000747e00000| Untracked 
| 576|0x0000000748000000, 0x0000000748200000, 0x0000000748200000|100%| O|  |TAMS 0x0000000748200000, 0x0000000748000000| Untracked 
| 577|0x0000000748200000, 0x0000000748400000, 0x0000000748400000|100%| O|  |TAMS 0x0000000748400000, 0x0000000748200000| Untracked 
| 578|0x0000000748400000, 0x0000000748600000, 0x0000000748600000|100%| O|  |TAMS 0x0000000748600000, 0x0000000748400000| Untracked 
| 579|0x0000000748600000, 0x0000000748800000, 0x0000000748800000|100%| O|  |TAMS 0x0000000748800000, 0x0000000748600000| Untracked 
| 580|0x0000000748800000, 0x0000000748a00000, 0x0000000748a00000|100%| O|  |TAMS 0x0000000748a00000, 0x0000000748800000| Untracked 
| 581|0x0000000748a00000, 0x0000000748c00000, 0x0000000748c00000|100%| O|  |TAMS 0x0000000748c00000, 0x0000000748a00000| Untracked 
| 582|0x0000000748c00000, 0x0000000748e00000, 0x0000000748e00000|100%| O|  |TAMS 0x0000000748e00000, 0x0000000748c00000| Untracked 
| 583|0x0000000748e00000, 0x0000000749000000, 0x0000000749000000|100%| O|  |TAMS 0x0000000749000000, 0x0000000748e00000| Untracked 
| 584|0x0000000749000000, 0x0000000749200000, 0x0000000749200000|100%| O|  |TAMS 0x0000000749200000, 0x0000000749000000| Untracked 
| 585|0x0000000749200000, 0x0000000749400000, 0x0000000749400000|100%| O|  |TAMS 0x0000000749400000, 0x0000000749200000| Untracked 
| 586|0x0000000749400000, 0x0000000749600000, 0x0000000749600000|100%| O|  |TAMS 0x0000000749600000, 0x0000000749400000| Untracked 
| 587|0x0000000749600000, 0x0000000749800000, 0x0000000749800000|100%| O|  |TAMS 0x0000000749800000, 0x0000000749600000| Untracked 
| 588|0x0000000749800000, 0x0000000749a00000, 0x0000000749a00000|100%| O|  |TAMS 0x0000000749a00000, 0x0000000749800000| Untracked 
| 589|0x0000000749a00000, 0x0000000749c00000, 0x0000000749c00000|100%| O|  |TAMS 0x0000000749c00000, 0x0000000749a00000| Untracked 
| 590|0x0000000749c00000, 0x0000000749e00000, 0x0000000749e00000|100%| O|  |TAMS 0x0000000749e00000, 0x0000000749c00000| Untracked 
| 591|0x0000000749e00000, 0x000000074a000000, 0x000000074a000000|100%| O|  |TAMS 0x0000000749e00000, 0x0000000749e00000| Untracked 
| 592|0x000000074a000000, 0x000000074a200000, 0x000000074a200000|100%| O|  |TAMS 0x000000074a200000, 0x000000074a000000| Untracked 
| 593|0x000000074a200000, 0x000000074a400000, 0x000000074a400000|100%| O|  |TAMS 0x000000074a400000, 0x000000074a200000| Complete 
| 594|0x000000074a400000, 0x000000074a600000, 0x000000074a600000|100%| O|  |TAMS 0x000000074a400000, 0x000000074a400000| Untracked 
| 595|0x000000074a600000, 0x000000074a800000, 0x000000074a800000|100%| O|  |TAMS 0x000000074a800000, 0x000000074a600000| Complete 
| 596|0x000000074a800000, 0x000000074aa00000, 0x000000074aa00000|100%| O|  |TAMS 0x000000074aa00000, 0x000000074a800000| Complete 
| 597|0x000000074aa00000, 0x000000074ac00000, 0x000000074ac00000|100%| O|  |TAMS 0x000000074ac00000, 0x000000074aa00000| Complete 
| 598|0x000000074ac00000, 0x000000074ae00000, 0x000000074ae00000|100%| O|  |TAMS 0x000000074ae00000, 0x000000074ac00000| Complete 
| 599|0x000000074ae00000, 0x000000074b000000, 0x000000074b000000|100%| O|  |TAMS 0x000000074b000000, 0x000000074ae00000| Complete 
| 600|0x000000074b000000, 0x000000074b200000, 0x000000074b200000|100%| O|  |TAMS 0x000000074b000000, 0x000000074b000000| Untracked 
| 601|0x000000074b200000, 0x000000074b400000, 0x000000074b400000|100%| O|  |TAMS 0x000000074b400000, 0x000000074b200000| Complete 
| 602|0x000000074b400000, 0x000000074b600000, 0x000000074b600000|100%| O|  |TAMS 0x000000074b400000, 0x000000074b400000| Untracked 
| 603|0x000000074b600000, 0x000000074b800000, 0x000000074b800000|100%| O|  |TAMS 0x000000074b800000, 0x000000074b600000| Untracked 
| 604|0x000000074b800000, 0x000000074ba00000, 0x000000074ba00000|100%| O|  |TAMS 0x000000074ba00000, 0x000000074b800000| Untracked 
| 605|0x000000074ba00000, 0x000000074bc00000, 0x000000074bc00000|100%| O|  |TAMS 0x000000074bc00000, 0x000000074ba00000| Untracked 
| 606|0x000000074bc00000, 0x000000074be00000, 0x000000074be00000|100%| O|  |TAMS 0x000000074bc00000, 0x000000074bc00000| Untracked 
| 607|0x000000074be00000, 0x000000074c000000, 0x000000074c000000|100%| O|  |TAMS 0x000000074c000000, 0x000000074be00000| Complete 
| 608|0x000000074c000000, 0x000000074c200000, 0x000000074c200000|100%| O|  |TAMS 0x000000074c200000, 0x000000074c000000| Untracked 
| 609|0x000000074c200000, 0x000000074c400000, 0x000000074c400000|100%| O|  |TAMS 0x000000074c200000, 0x000000074c200000| Untracked 
| 610|0x000000074c400000, 0x000000074c600000, 0x000000074c600000|100%| O|  |TAMS 0x000000074c600000, 0x000000074c400000| Untracked 
| 611|0x000000074c600000, 0x000000074c800000, 0x000000074c800000|100%| O|  |TAMS 0x000000074c600000, 0x000000074c600000| Untracked 
| 612|0x000000074c800000, 0x000000074ca00000, 0x000000074ca00000|100%| O|  |TAMS 0x000000074ca00000, 0x000000074c800000| Untracked 
| 613|0x000000074ca00000, 0x000000074cc00000, 0x000000074cc00000|100%| O|  |TAMS 0x000000074cc00000, 0x000000074ca00000| Untracked 
| 614|0x000000074cc00000, 0x000000074ce00000, 0x000000074ce00000|100%| O|  |TAMS 0x000000074ce00000, 0x000000074cc00000| Untracked 
| 615|0x000000074ce00000, 0x000000074d000000, 0x000000074d000000|100%| O|  |TAMS 0x000000074d000000, 0x000000074ce00000| Complete 
| 616|0x000000074d000000, 0x000000074d200000, 0x000000074d200000|100%| O|  |TAMS 0x000000074d000000, 0x000000074d000000| Untracked 
| 617|0x000000074d200000, 0x000000074d400000, 0x000000074d400000|100%| O|  |TAMS 0x000000074d400000, 0x000000074d200000| Untracked 
| 618|0x000000074d400000, 0x000000074d600000, 0x000000074d600000|100%| O|  |TAMS 0x000000074d400000, 0x000000074d400000| Untracked 
| 619|0x000000074d600000, 0x000000074d800000, 0x000000074d800000|100%| O|  |TAMS 0x000000074d600000, 0x000000074d600000| Untracked 
| 620|0x000000074d800000, 0x000000074da00000, 0x000000074da00000|100%| O|  |TAMS 0x000000074d800000, 0x000000074d800000| Untracked 
| 621|0x000000074da00000, 0x000000074dc00000, 0x000000074dc00000|100%| O|  |TAMS 0x000000074da00000, 0x000000074da00000| Untracked 
| 622|0x000000074dc00000, 0x000000074de00000, 0x000000074de00000|100%| O|  |TAMS 0x000000074de00000, 0x000000074dc00000| Untracked 
| 623|0x000000074de00000, 0x000000074e000000, 0x000000074e000000|100%| O|  |TAMS 0x000000074e000000, 0x000000074de00000| Untracked 
| 624|0x000000074e000000, 0x000000074e200000, 0x000000074e200000|100%| O|  |TAMS 0x000000074e000000, 0x000000074e000000| Untracked 
| 625|0x000000074e200000, 0x000000074e400000, 0x000000074e400000|100%| O|  |TAMS 0x000000074e200000, 0x000000074e200000| Untracked 
| 626|0x000000074e400000, 0x000000074e600000, 0x000000074e600000|100%| O|  |TAMS 0x000000074e600000, 0x000000074e400000| Untracked 
| 627|0x000000074e600000, 0x000000074e800000, 0x000000074e800000|100%| O|  |TAMS 0x000000074e800000, 0x000000074e600000| Untracked 
| 628|0x000000074e800000, 0x000000074ea00000, 0x000000074ea00000|100%| O|  |TAMS 0x000000074ea00000, 0x000000074e800000| Complete 
| 629|0x000000074ea00000, 0x000000074ec00000, 0x000000074ec00000|100%| O|  |TAMS 0x000000074ec00000, 0x000000074ea00000| Untracked 
| 630|0x000000074ec00000, 0x000000074ee00000, 0x000000074ee00000|100%| O|  |TAMS 0x000000074ee00000, 0x000000074ec00000| Untracked 
| 631|0x000000074ee00000, 0x000000074f000000, 0x000000074f000000|100%| O|  |TAMS 0x000000074f000000, 0x000000074ee00000| Untracked 
| 632|0x000000074f000000, 0x000000074f200000, 0x000000074f200000|100%| O|  |TAMS 0x000000074f200000, 0x000000074f000000| Untracked 
| 633|0x000000074f200000, 0x000000074f400000, 0x000000074f400000|100%| O|  |TAMS 0x000000074f400000, 0x000000074f200000| Untracked 
| 634|0x000000074f400000, 0x000000074f600000, 0x000000074f600000|100%| O|  |TAMS 0x000000074f600000, 0x000000074f400000| Untracked 
| 635|0x000000074f600000, 0x000000074f800000, 0x000000074f800000|100%| O|  |TAMS 0x000000074f800000, 0x000000074f600000| Untracked 
| 636|0x000000074f800000, 0x000000074fa00000, 0x000000074fa00000|100%| O|  |TAMS 0x000000074fa00000, 0x000000074f800000| Untracked 
| 637|0x000000074fa00000, 0x000000074fc00000, 0x000000074fc00000|100%| O|  |TAMS 0x000000074fa00000, 0x000000074fa00000| Untracked 
| 638|0x000000074fc00000, 0x000000074fe00000, 0x000000074fe00000|100%| O|  |TAMS 0x000000074fe00000, 0x000000074fc00000| Complete 
| 639|0x000000074fe00000, 0x0000000750000000, 0x0000000750000000|100%| O|  |TAMS 0x000000074fe00000, 0x000000074fe00000| Untracked 
| 640|0x0000000750000000, 0x0000000750200000, 0x0000000750200000|100%| O|  |TAMS 0x0000000750200000, 0x0000000750000000| Complete 
| 641|0x0000000750200000, 0x0000000750400000, 0x0000000750400000|100%| O|  |TAMS 0x0000000750200000, 0x0000000750200000| Untracked 
| 642|0x0000000750400000, 0x0000000750600000, 0x0000000750600000|100%| O|  |TAMS 0x0000000750400000, 0x0000000750400000| Untracked 
| 643|0x0000000750600000, 0x0000000750800000, 0x0000000750800000|100%| O|  |TAMS 0x0000000750800000, 0x0000000750600000| Untracked 
| 644|0x0000000750800000, 0x0000000750a00000, 0x0000000750a00000|100%| O|  |TAMS 0x0000000750a00000, 0x0000000750800000| Untracked 
| 645|0x0000000750a00000, 0x0000000750c00000, 0x0000000750c00000|100%| O|  |TAMS 0x0000000750c00000, 0x0000000750a00000| Untracked 
| 646|0x0000000750c00000, 0x0000000750e00000, 0x0000000750e00000|100%| O|  |TAMS 0x0000000750e00000, 0x0000000750c00000| Untracked 
| 647|0x0000000750e00000, 0x0000000751000000, 0x0000000751000000|100%| O|  |TAMS 0x0000000751000000, 0x0000000750e00000| Untracked 
| 648|0x0000000751000000, 0x0000000751200000, 0x0000000751200000|100%| O|  |TAMS 0x0000000751200000, 0x0000000751000000| Untracked 
| 649|0x0000000751200000, 0x0000000751400000, 0x0000000751400000|100%| O|  |TAMS 0x0000000751400000, 0x0000000751200000| Untracked 
| 650|0x0000000751400000, 0x0000000751600000, 0x0000000751600000|100%| O|  |TAMS 0x0000000751600000, 0x0000000751400000| Untracked 
| 651|0x0000000751600000, 0x0000000751800000, 0x0000000751800000|100%| O|  |TAMS 0x0000000751600000, 0x0000000751600000| Untracked 
| 652|0x0000000751800000, 0x0000000751a00000, 0x0000000751a00000|100%| O|  |TAMS 0x0000000751a00000, 0x0000000751800000| Untracked 
| 653|0x0000000751a00000, 0x0000000751c00000, 0x0000000751c00000|100%| O|  |TAMS 0x0000000751c00000, 0x0000000751a00000| Untracked 
| 654|0x0000000751c00000, 0x0000000751e00000, 0x0000000751e00000|100%| O|  |TAMS 0x0000000751e00000, 0x0000000751c00000| Untracked 
| 655|0x0000000751e00000, 0x0000000752000000, 0x0000000752000000|100%| O|  |TAMS 0x0000000752000000, 0x0000000751e00000| Untracked 
| 656|0x0000000752000000, 0x0000000752200000, 0x0000000752200000|100%| O|  |TAMS 0x0000000752200000, 0x0000000752000000| Untracked 
| 657|0x0000000752200000, 0x0000000752400000, 0x0000000752400000|100%| O|  |TAMS 0x0000000752400000, 0x0000000752200000| Untracked 
| 658|0x0000000752400000, 0x0000000752600000, 0x0000000752600000|100%| O|  |TAMS 0x0000000752600000, 0x0000000752400000| Untracked 
| 659|0x0000000752600000, 0x0000000752800000, 0x0000000752800000|100%| O|  |TAMS 0x0000000752800000, 0x0000000752600000| Untracked 
| 660|0x0000000752800000, 0x0000000752a00000, 0x0000000752a00000|100%| O|  |TAMS 0x0000000752800000, 0x0000000752800000| Untracked 
| 661|0x0000000752a00000, 0x0000000752c00000, 0x0000000752c00000|100%| O|  |TAMS 0x0000000752a00000, 0x0000000752a00000| Untracked 
| 662|0x0000000752c00000, 0x0000000752e00000, 0x0000000752e00000|100%| O|  |TAMS 0x0000000752c00000, 0x0000000752c00000| Untracked 
| 663|0x0000000752e00000, 0x0000000753000000, 0x0000000753000000|100%| O|  |TAMS 0x0000000752e00000, 0x0000000752e00000| Untracked 
| 664|0x0000000753000000, 0x0000000753200000, 0x0000000753200000|100%| O|  |TAMS 0x0000000753000000, 0x0000000753000000| Untracked 
| 665|0x0000000753200000, 0x0000000753400000, 0x0000000753400000|100%| O|  |TAMS 0x0000000753200000, 0x0000000753200000| Untracked 
| 666|0x0000000753400000, 0x0000000753600000, 0x0000000753600000|100%| O|  |TAMS 0x0000000753400000, 0x0000000753400000| Untracked 
| 667|0x0000000753600000, 0x0000000753800000, 0x0000000753800000|100%| O|  |TAMS 0x0000000753600000, 0x0000000753600000| Untracked 
| 668|0x0000000753800000, 0x0000000753a00000, 0x0000000753a00000|100%| O|  |TAMS 0x0000000753800000, 0x0000000753800000| Untracked 
| 669|0x0000000753a00000, 0x0000000753c00000, 0x0000000753c00000|100%| O|  |TAMS 0x0000000753a00000, 0x0000000753a00000| Untracked 
| 670|0x0000000753c00000, 0x0000000753e00000, 0x0000000753e00000|100%| O|  |TAMS 0x0000000753c00000, 0x0000000753c00000| Untracked 
| 671|0x0000000753e00000, 0x0000000754000000, 0x0000000754000000|100%| O|  |TAMS 0x0000000753e00000, 0x0000000753e00000| Untracked 
| 672|0x0000000754000000, 0x0000000754200000, 0x0000000754200000|100%| O|  |TAMS 0x0000000754000000, 0x0000000754000000| Untracked 
| 673|0x0000000754200000, 0x0000000754400000, 0x0000000754400000|100%| O|  |TAMS 0x0000000754200000, 0x0000000754200000| Untracked 
| 674|0x0000000754400000, 0x0000000754600000, 0x0000000754600000|100%| O|  |TAMS 0x0000000754400000, 0x0000000754400000| Untracked 
| 675|0x0000000754600000, 0x0000000754800000, 0x0000000754800000|100%| O|  |TAMS 0x0000000754600000, 0x0000000754600000| Untracked 
| 676|0x0000000754800000, 0x0000000754a00000, 0x0000000754a00000|100%| O|  |TAMS 0x0000000754800000, 0x0000000754800000| Untracked 
| 677|0x0000000754a00000, 0x0000000754c00000, 0x0000000754c00000|100%| O|  |TAMS 0x0000000754a00000, 0x0000000754a00000| Untracked 
| 678|0x0000000754c00000, 0x0000000754e00000, 0x0000000754e00000|100%| O|  |TAMS 0x0000000754c00000, 0x0000000754c00000| Untracked 
| 679|0x0000000754e00000, 0x0000000755000000, 0x0000000755000000|100%| O|  |TAMS 0x0000000754e00000, 0x0000000754e00000| Untracked 
| 680|0x0000000755000000, 0x0000000755200000, 0x0000000755200000|100%| O|  |TAMS 0x0000000755000000, 0x0000000755000000| Untracked 
| 681|0x0000000755200000, 0x0000000755400000, 0x0000000755400000|100%| O|  |TAMS 0x0000000755200000, 0x0000000755200000| Untracked 
| 682|0x0000000755400000, 0x0000000755600000, 0x0000000755600000|100%| O|  |TAMS 0x0000000755600000, 0x0000000755400000| Complete 
| 683|0x0000000755600000, 0x0000000755800000, 0x0000000755800000|100%| O|  |TAMS 0x0000000755800000, 0x0000000755600000| Untracked 
| 684|0x0000000755800000, 0x0000000755a00000, 0x0000000755a00000|100%| O|  |TAMS 0x0000000755a00000, 0x0000000755800000| Untracked 
| 685|0x0000000755a00000, 0x0000000755c00000, 0x0000000755c00000|100%| O|  |TAMS 0x0000000755c00000, 0x0000000755a00000| Untracked 
| 686|0x0000000755c00000, 0x0000000755e00000, 0x0000000755e00000|100%| O|  |TAMS 0x0000000755e00000, 0x0000000755c00000| Complete 
| 687|0x0000000755e00000, 0x0000000756000000, 0x0000000756000000|100%| O|  |TAMS 0x0000000756000000, 0x0000000755e00000| Untracked 
| 688|0x0000000756000000, 0x0000000756200000, 0x0000000756200000|100%| O|  |TAMS 0x0000000756000000, 0x0000000756000000| Untracked 
| 689|0x0000000756200000, 0x0000000756400000, 0x0000000756400000|100%| O|  |TAMS 0x0000000756400000, 0x0000000756200000| Untracked 
| 690|0x0000000756400000, 0x0000000756600000, 0x0000000756600000|100%| O|  |TAMS 0x0000000756600000, 0x0000000756400000| Untracked 
| 691|0x0000000756600000, 0x0000000756800000, 0x0000000756800000|100%| O|  |TAMS 0x0000000756800000, 0x0000000756600000| Untracked 
| 692|0x0000000756800000, 0x0000000756a00000, 0x0000000756a00000|100%| O|  |TAMS 0x0000000756a00000, 0x0000000756800000| Complete 
| 693|0x0000000756a00000, 0x0000000756c00000, 0x0000000756c00000|100%| O|  |TAMS 0x0000000756a00000, 0x0000000756a00000| Untracked 
| 694|0x0000000756c00000, 0x0000000756e00000, 0x0000000756e00000|100%| O|  |TAMS 0x0000000756e00000, 0x0000000756c00000| Untracked 
| 695|0x0000000756e00000, 0x0000000757000000, 0x0000000757000000|100%| O|  |TAMS 0x0000000757000000, 0x0000000756e00000| Untracked 
| 696|0x0000000757000000, 0x0000000757200000, 0x0000000757200000|100%| O|  |TAMS 0x0000000757200000, 0x0000000757000000| Untracked 
| 697|0x0000000757200000, 0x0000000757400000, 0x0000000757400000|100%| O|  |TAMS 0x0000000757400000, 0x0000000757200000| Untracked 
| 698|0x0000000757400000, 0x0000000757600000, 0x0000000757600000|100%| O|  |TAMS 0x0000000757600000, 0x0000000757400000| Complete 
| 699|0x0000000757600000, 0x0000000757800000, 0x0000000757800000|100%| O|  |TAMS 0x0000000757800000, 0x0000000757600000| Complete 
| 700|0x0000000757800000, 0x0000000757a00000, 0x0000000757a00000|100%| O|  |TAMS 0x0000000757a00000, 0x0000000757800000| Untracked 
| 701|0x0000000757a00000, 0x0000000757c00000, 0x0000000757c00000|100%| O|  |TAMS 0x0000000757c00000, 0x0000000757a00000| Untracked 
| 702|0x0000000757c00000, 0x0000000757e00000, 0x0000000757e00000|100%| O|  |TAMS 0x0000000757e00000, 0x0000000757c00000| Untracked 
| 703|0x0000000757e00000, 0x0000000758000000, 0x0000000758000000|100%| O|  |TAMS 0x0000000758000000, 0x0000000757e00000| Untracked 
| 704|0x0000000758000000, 0x0000000758200000, 0x0000000758200000|100%| O|  |TAMS 0x0000000758200000, 0x0000000758000000| Untracked 
| 705|0x0000000758200000, 0x0000000758400000, 0x0000000758400000|100%| O|  |TAMS 0x0000000758400000, 0x0000000758200000| Untracked 
| 706|0x0000000758400000, 0x0000000758600000, 0x0000000758600000|100%| O|  |TAMS 0x0000000758600000, 0x0000000758400000| Untracked 
| 707|0x0000000758600000, 0x0000000758800000, 0x0000000758800000|100%| O|  |TAMS 0x0000000758800000, 0x0000000758600000| Untracked 
| 708|0x0000000758800000, 0x0000000758a00000, 0x0000000758a00000|100%| O|  |TAMS 0x0000000758800000, 0x0000000758800000| Untracked 
| 709|0x0000000758a00000, 0x0000000758c00000, 0x0000000758c00000|100%| O|  |TAMS 0x0000000758c00000, 0x0000000758a00000| Untracked 
| 710|0x0000000758c00000, 0x0000000758e00000, 0x0000000758e00000|100%| O|  |TAMS 0x0000000758c00000, 0x0000000758c00000| Untracked 
| 711|0x0000000758e00000, 0x0000000759000000, 0x0000000759000000|100%| O|  |TAMS 0x0000000759000000, 0x0000000758e00000| Untracked 
| 712|0x0000000759000000, 0x0000000759200000, 0x0000000759200000|100%| O|  |TAMS 0x0000000759200000, 0x0000000759000000| Untracked 
| 713|0x0000000759200000, 0x0000000759400000, 0x0000000759400000|100%| O|  |TAMS 0x0000000759200000, 0x0000000759200000| Untracked 
| 714|0x0000000759400000, 0x0000000759600000, 0x0000000759600000|100%| O|  |TAMS 0x0000000759400000, 0x0000000759400000| Untracked 
| 715|0x0000000759600000, 0x0000000759800000, 0x0000000759800000|100%|HS|  |TAMS 0x0000000759800000, 0x0000000759600000| Complete 
| 716|0x0000000759800000, 0x0000000759a00000, 0x0000000759a00000|100%|HC|  |TAMS 0x0000000759a00000, 0x0000000759800000| Complete 
| 717|0x0000000759a00000, 0x0000000759c00000, 0x0000000759c00000|100%|HC|  |TAMS 0x0000000759c00000, 0x0000000759a00000| Complete 
| 718|0x0000000759c00000, 0x0000000759e00000, 0x0000000759e00000|100%| O|  |TAMS 0x0000000759e00000, 0x0000000759c00000| Untracked 
| 719|0x0000000759e00000, 0x000000075a000000, 0x000000075a000000|100%|HS|  |TAMS 0x000000075a000000, 0x0000000759e00000| Complete 
| 720|0x000000075a000000, 0x000000075a200000, 0x000000075a200000|100%|HS|  |TAMS 0x000000075a200000, 0x000000075a000000| Complete 
| 721|0x000000075a200000, 0x000000075a400000, 0x000000075a400000|100%|HC|  |TAMS 0x000000075a400000, 0x000000075a200000| Complete 
| 722|0x000000075a400000, 0x000000075a600000, 0x000000075a600000|100%|HC|  |TAMS 0x000000075a600000, 0x000000075a400000| Complete 
| 723|0x000000075a600000, 0x000000075a800000, 0x000000075a800000|100%| O|  |TAMS 0x000000075a800000, 0x000000075a600000| Untracked 
| 724|0x000000075a800000, 0x000000075aa00000, 0x000000075aa00000|100%| O|  |TAMS 0x000000075aa00000, 0x000000075a800000| Untracked 
| 725|0x000000075aa00000, 0x000000075ac00000, 0x000000075ac00000|100%| O|  |TAMS 0x000000075ac00000, 0x000000075aa00000| Untracked 
| 726|0x000000075ac00000, 0x000000075ae00000, 0x000000075ae00000|100%| O|  |TAMS 0x000000075ae00000, 0x000000075ac00000| Untracked 
| 727|0x000000075ae00000, 0x000000075b000000, 0x000000075b000000|100%| O|  |TAMS 0x000000075b000000, 0x000000075ae00000| Untracked 
| 728|0x000000075b000000, 0x000000075b200000, 0x000000075b200000|100%| O|  |TAMS 0x000000075b200000, 0x000000075b000000| Untracked 
| 729|0x000000075b200000, 0x000000075b400000, 0x000000075b400000|100%| O|  |TAMS 0x000000075b400000, 0x000000075b200000| Complete 
| 730|0x000000075b400000, 0x000000075b600000, 0x000000075b600000|100%| O|  |TAMS 0x000000075b600000, 0x000000075b400000| Untracked 
| 731|0x000000075b600000, 0x000000075b800000, 0x000000075b800000|100%| O|  |TAMS 0x000000075b800000, 0x000000075b600000| Untracked 
| 732|0x000000075b800000, 0x000000075ba00000, 0x000000075ba00000|100%| O|  |TAMS 0x000000075ba00000, 0x000000075b800000| Untracked 
| 733|0x000000075ba00000, 0x000000075bc00000, 0x000000075bc00000|100%| O|  |TAMS 0x000000075bc00000, 0x000000075ba00000| Untracked 
| 734|0x000000075bc00000, 0x000000075be00000, 0x000000075be00000|100%| O|  |TAMS 0x000000075be00000, 0x000000075bc00000| Untracked 
| 735|0x000000075be00000, 0x000000075c000000, 0x000000075c000000|100%| O|  |TAMS 0x000000075c000000, 0x000000075be00000| Untracked 
| 736|0x000000075c000000, 0x000000075c200000, 0x000000075c200000|100%| O|  |TAMS 0x000000075c200000, 0x000000075c000000| Untracked 
| 737|0x000000075c200000, 0x000000075c400000, 0x000000075c400000|100%| O|  |TAMS 0x000000075c400000, 0x000000075c200000| Untracked 
| 738|0x000000075c400000, 0x000000075c600000, 0x000000075c600000|100%| O|  |TAMS 0x000000075c600000, 0x000000075c400000| Untracked 
| 739|0x000000075c600000, 0x000000075c800000, 0x000000075c800000|100%| O|  |TAMS 0x000000075c800000, 0x000000075c600000| Untracked 
| 740|0x000000075c800000, 0x000000075ca00000, 0x000000075ca00000|100%| O|  |TAMS 0x000000075ca00000, 0x000000075c800000| Untracked 
| 741|0x000000075ca00000, 0x000000075cc00000, 0x000000075cc00000|100%| O|  |TAMS 0x000000075cc00000, 0x000000075ca00000| Untracked 
| 742|0x000000075cc00000, 0x000000075ce00000, 0x000000075ce00000|100%| O|  |TAMS 0x000000075ce00000, 0x000000075cc00000| Untracked 
| 743|0x000000075ce00000, 0x000000075d000000, 0x000000075d000000|100%| O|  |TAMS 0x000000075d000000, 0x000000075ce00000| Untracked 
| 744|0x000000075d000000, 0x000000075d200000, 0x000000075d200000|100%| O|  |TAMS 0x000000075d200000, 0x000000075d000000| Untracked 
| 745|0x000000075d200000, 0x000000075d400000, 0x000000075d400000|100%| O|  |TAMS 0x000000075d400000, 0x000000075d200000| Untracked 
| 746|0x000000075d400000, 0x000000075d600000, 0x000000075d600000|100%| O|  |TAMS 0x000000075d600000, 0x000000075d400000| Untracked 
| 747|0x000000075d600000, 0x000000075d800000, 0x000000075d800000|100%| O|  |TAMS 0x000000075d800000, 0x000000075d600000| Untracked 
| 748|0x000000075d800000, 0x000000075da00000, 0x000000075da00000|100%| O|  |TAMS 0x000000075da00000, 0x000000075d800000| Untracked 
| 749|0x000000075da00000, 0x000000075dc00000, 0x000000075dc00000|100%| O|  |TAMS 0x000000075dc00000, 0x000000075da00000| Untracked 
| 750|0x000000075dc00000, 0x000000075de00000, 0x000000075de00000|100%| O|  |TAMS 0x000000075de00000, 0x000000075dc00000| Untracked 
| 751|0x000000075de00000, 0x000000075e000000, 0x000000075e000000|100%| O|  |TAMS 0x000000075e000000, 0x000000075de00000| Untracked 
| 752|0x000000075e000000, 0x000000075e200000, 0x000000075e200000|100%| O|  |TAMS 0x000000075e200000, 0x000000075e000000| Untracked 
| 753|0x000000075e200000, 0x000000075e400000, 0x000000075e400000|100%| O|  |TAMS 0x000000075e400000, 0x000000075e200000| Untracked 
| 754|0x000000075e400000, 0x000000075e600000, 0x000000075e600000|100%| O|  |TAMS 0x000000075e600000, 0x000000075e400000| Untracked 
| 755|0x000000075e600000, 0x000000075e800000, 0x000000075e800000|100%| O|  |TAMS 0x000000075e800000, 0x000000075e600000| Untracked 
| 756|0x000000075e800000, 0x000000075ea00000, 0x000000075ea00000|100%| O|  |TAMS 0x000000075ea00000, 0x000000075e800000| Untracked 
| 757|0x000000075ea00000, 0x000000075ec00000, 0x000000075ec00000|100%| O|  |TAMS 0x000000075ec00000, 0x000000075ea00000| Untracked 
| 758|0x000000075ec00000, 0x000000075ee00000, 0x000000075ee00000|100%| O|  |TAMS 0x000000075ee00000, 0x000000075ec00000| Untracked 
| 759|0x000000075ee00000, 0x000000075f000000, 0x000000075f000000|100%| O|  |TAMS 0x000000075f000000, 0x000000075ee00000| Untracked 
| 760|0x000000075f000000, 0x000000075f200000, 0x000000075f200000|100%| O|  |TAMS 0x000000075f200000, 0x000000075f000000| Untracked 
| 761|0x000000075f200000, 0x000000075f400000, 0x000000075f400000|100%| O|  |TAMS 0x000000075f400000, 0x000000075f200000| Untracked 
| 762|0x000000075f400000, 0x000000075f600000, 0x000000075f600000|100%| O|  |TAMS 0x000000075f600000, 0x000000075f400000| Untracked 
| 763|0x000000075f600000, 0x000000075f800000, 0x000000075f800000|100%| O|  |TAMS 0x000000075f800000, 0x000000075f600000| Untracked 
| 764|0x000000075f800000, 0x000000075fa00000, 0x000000075fa00000|100%| O|  |TAMS 0x000000075fa00000, 0x000000075f800000| Untracked 
| 765|0x000000075fa00000, 0x000000075fc00000, 0x000000075fc00000|100%| O|  |TAMS 0x000000075fc00000, 0x000000075fa00000| Untracked 
| 766|0x000000075fc00000, 0x000000075fe00000, 0x000000075fe00000|100%| O|  |TAMS 0x000000075fe00000, 0x000000075fc00000| Untracked 
| 767|0x000000075fe00000, 0x0000000760000000, 0x0000000760000000|100%| O|  |TAMS 0x0000000760000000, 0x000000075fe00000| Untracked 
| 768|0x0000000760000000, 0x0000000760200000, 0x0000000760200000|100%| O|  |TAMS 0x0000000760200000, 0x0000000760000000| Untracked 
| 769|0x0000000760200000, 0x0000000760400000, 0x0000000760400000|100%| O|  |TAMS 0x0000000760400000, 0x0000000760200000| Untracked 
| 770|0x0000000760400000, 0x0000000760600000, 0x0000000760600000|100%| O|  |TAMS 0x0000000760600000, 0x0000000760400000| Untracked 
| 771|0x0000000760600000, 0x0000000760800000, 0x0000000760800000|100%| O|  |TAMS 0x0000000760800000, 0x0000000760600000| Untracked 
| 772|0x0000000760800000, 0x0000000760a00000, 0x0000000760a00000|100%| O|  |TAMS 0x0000000760a00000, 0x0000000760800000| Untracked 
| 773|0x0000000760a00000, 0x0000000760c00000, 0x0000000760c00000|100%| O|  |TAMS 0x0000000760c00000, 0x0000000760a00000| Untracked 
| 774|0x0000000760c00000, 0x0000000760e00000, 0x0000000760e00000|100%| O|  |TAMS 0x0000000760e00000, 0x0000000760c00000| Untracked 
| 775|0x0000000760e00000, 0x0000000761000000, 0x0000000761000000|100%| O|  |TAMS 0x0000000761000000, 0x0000000760e00000| Untracked 
| 776|0x0000000761000000, 0x0000000761200000, 0x0000000761200000|100%| O|  |TAMS 0x0000000761200000, 0x0000000761000000| Untracked 
| 777|0x0000000761200000, 0x0000000761400000, 0x0000000761400000|100%| O|  |TAMS 0x0000000761400000, 0x0000000761200000| Untracked 
| 778|0x0000000761400000, 0x0000000761600000, 0x0000000761600000|100%| O|  |TAMS 0x0000000761600000, 0x0000000761400000| Untracked 
| 779|0x0000000761600000, 0x0000000761800000, 0x0000000761800000|100%| O|  |TAMS 0x0000000761800000, 0x0000000761600000| Untracked 
| 780|0x0000000761800000, 0x0000000761a00000, 0x0000000761a00000|100%| O|  |TAMS 0x0000000761a00000, 0x0000000761800000| Untracked 
| 781|0x0000000761a00000, 0x0000000761c00000, 0x0000000761c00000|100%| O|  |TAMS 0x0000000761c00000, 0x0000000761a00000| Untracked 
| 782|0x0000000761c00000, 0x0000000761e00000, 0x0000000761e00000|100%| O|  |TAMS 0x0000000761e00000, 0x0000000761c00000| Untracked 
| 783|0x0000000761e00000, 0x0000000762000000, 0x0000000762000000|100%| O|  |TAMS 0x0000000762000000, 0x0000000761e00000| Untracked 
| 784|0x0000000762000000, 0x0000000762200000, 0x0000000762200000|100%| O|  |TAMS 0x0000000762200000, 0x0000000762000000| Untracked 
| 785|0x0000000762200000, 0x0000000762400000, 0x0000000762400000|100%| O|  |TAMS 0x0000000762400000, 0x0000000762200000| Untracked 
| 786|0x0000000762400000, 0x0000000762600000, 0x0000000762600000|100%| O|  |TAMS 0x0000000762600000, 0x0000000762400000| Untracked 
| 787|0x0000000762600000, 0x0000000762800000, 0x0000000762800000|100%| O|  |TAMS 0x0000000762800000, 0x0000000762600000| Untracked 
| 788|0x0000000762800000, 0x0000000762a00000, 0x0000000762a00000|100%| O|  |TAMS 0x0000000762a00000, 0x0000000762800000| Untracked 
| 789|0x0000000762a00000, 0x0000000762c00000, 0x0000000762c00000|100%| O|  |TAMS 0x0000000762c00000, 0x0000000762a00000| Untracked 
| 790|0x0000000762c00000, 0x0000000762e00000, 0x0000000762e00000|100%| O|  |TAMS 0x0000000762e00000, 0x0000000762c00000| Untracked 
| 791|0x0000000762e00000, 0x0000000763000000, 0x0000000763000000|100%| O|  |TAMS 0x0000000763000000, 0x0000000762e00000| Untracked 
| 792|0x0000000763000000, 0x0000000763200000, 0x0000000763200000|100%| O|  |TAMS 0x0000000763200000, 0x0000000763000000| Untracked 
| 793|0x0000000763200000, 0x0000000763400000, 0x0000000763400000|100%| O|  |TAMS 0x0000000763400000, 0x0000000763200000| Untracked 
| 794|0x0000000763400000, 0x0000000763600000, 0x0000000763600000|100%| O|  |TAMS 0x0000000763600000, 0x0000000763400000| Untracked 
| 795|0x0000000763600000, 0x0000000763800000, 0x0000000763800000|100%| O|  |TAMS 0x0000000763800000, 0x0000000763600000| Untracked 
| 796|0x0000000763800000, 0x0000000763a00000, 0x0000000763a00000|100%| O|  |TAMS 0x0000000763a00000, 0x0000000763800000| Untracked 
| 797|0x0000000763a00000, 0x0000000763c00000, 0x0000000763c00000|100%| O|  |TAMS 0x0000000763c00000, 0x0000000763a00000| Untracked 
| 798|0x0000000763c00000, 0x0000000763e00000, 0x0000000763e00000|100%| O|  |TAMS 0x0000000763e00000, 0x0000000763c00000| Untracked 
| 799|0x0000000763e00000, 0x0000000764000000, 0x0000000764000000|100%| O|  |TAMS 0x0000000764000000, 0x0000000763e00000| Untracked 
| 800|0x0000000764000000, 0x0000000764200000, 0x0000000764200000|100%| O|  |TAMS 0x0000000764200000, 0x0000000764000000| Untracked 
| 801|0x0000000764200000, 0x0000000764400000, 0x0000000764400000|100%| O|  |TAMS 0x0000000764400000, 0x0000000764200000| Untracked 
| 802|0x0000000764400000, 0x0000000764600000, 0x0000000764600000|100%| O|  |TAMS 0x0000000764600000, 0x0000000764400000| Untracked 
| 803|0x0000000764600000, 0x0000000764800000, 0x0000000764800000|100%| O|  |TAMS 0x0000000764800000, 0x0000000764600000| Untracked 
| 804|0x0000000764800000, 0x0000000764a00000, 0x0000000764a00000|100%| O|  |TAMS 0x0000000764a00000, 0x0000000764800000| Untracked 
| 805|0x0000000764a00000, 0x0000000764c00000, 0x0000000764c00000|100%| O|  |TAMS 0x0000000764c00000, 0x0000000764a00000| Untracked 
| 806|0x0000000764c00000, 0x0000000764e00000, 0x0000000764e00000|100%| O|  |TAMS 0x0000000764e00000, 0x0000000764c00000| Complete 
| 807|0x0000000764e00000, 0x0000000765000000, 0x0000000765000000|100%| O|  |TAMS 0x0000000764e00000, 0x0000000764e00000| Untracked 
| 808|0x0000000765000000, 0x0000000765200000, 0x0000000765200000|100%|HS|  |TAMS 0x0000000765200000, 0x0000000765000000| Complete 
| 809|0x0000000765200000, 0x0000000765400000, 0x0000000765400000|100%|HC|  |TAMS 0x0000000765400000, 0x0000000765200000| Complete 
| 810|0x0000000765400000, 0x0000000765600000, 0x0000000765600000|100%|HC|  |TAMS 0x0000000765600000, 0x0000000765400000| Complete 
| 811|0x0000000765600000, 0x0000000765800000, 0x0000000765800000|100%|HS|  |TAMS 0x0000000765800000, 0x0000000765600000| Complete 
| 812|0x0000000765800000, 0x0000000765a00000, 0x0000000765a00000|100%|HC|  |TAMS 0x0000000765a00000, 0x0000000765800000| Complete 
| 813|0x0000000765a00000, 0x0000000765c00000, 0x0000000765c00000|100%|HC|  |TAMS 0x0000000765c00000, 0x0000000765a00000| Complete 
| 814|0x0000000765c00000, 0x0000000765e00000, 0x0000000765e00000|100%| O|  |TAMS 0x0000000765e00000, 0x0000000765c00000| Untracked 
| 815|0x0000000765e00000, 0x0000000766000000, 0x0000000766000000|100%| O|  |TAMS 0x0000000766000000, 0x0000000765e00000| Untracked 
| 816|0x0000000766000000, 0x0000000766200000, 0x0000000766200000|100%| O|  |TAMS 0x0000000766200000, 0x0000000766000000| Untracked 
| 817|0x0000000766200000, 0x0000000766400000, 0x0000000766400000|100%| O|  |TAMS 0x0000000766400000, 0x0000000766200000| Untracked 
| 818|0x0000000766400000, 0x0000000766600000, 0x0000000766600000|100%| O|  |TAMS 0x0000000766600000, 0x0000000766400000| Untracked 
| 819|0x0000000766600000, 0x0000000766800000, 0x0000000766800000|100%| O|  |TAMS 0x0000000766800000, 0x0000000766600000| Untracked 
| 820|0x0000000766800000, 0x0000000766a00000, 0x0000000766a00000|100%| O|  |TAMS 0x0000000766a00000, 0x0000000766800000| Untracked 
| 821|0x0000000766a00000, 0x0000000766c00000, 0x0000000766c00000|100%| O|  |TAMS 0x0000000766c00000, 0x0000000766a00000| Untracked 
| 822|0x0000000766c00000, 0x0000000766e00000, 0x0000000766e00000|100%| O|  |TAMS 0x0000000766e00000, 0x0000000766c00000| Untracked 
| 823|0x0000000766e00000, 0x0000000767000000, 0x0000000767000000|100%| O|  |TAMS 0x0000000767000000, 0x0000000766e00000| Untracked 
| 824|0x0000000767000000, 0x0000000767200000, 0x0000000767200000|100%| O|  |TAMS 0x0000000767200000, 0x0000000767000000| Untracked 
| 825|0x0000000767200000, 0x0000000767400000, 0x0000000767400000|100%| O|  |TAMS 0x0000000767400000, 0x0000000767200000| Untracked 
| 826|0x0000000767400000, 0x0000000767600000, 0x0000000767600000|100%| O|  |TAMS 0x0000000767600000, 0x0000000767400000| Untracked 
| 827|0x0000000767600000, 0x0000000767800000, 0x0000000767800000|100%| O|  |TAMS 0x0000000767800000, 0x0000000767600000| Untracked 
| 828|0x0000000767800000, 0x0000000767a00000, 0x0000000767a00000|100%| O|  |TAMS 0x0000000767a00000, 0x0000000767800000| Untracked 
| 829|0x0000000767a00000, 0x0000000767c00000, 0x0000000767c00000|100%| O|  |TAMS 0x0000000767c00000, 0x0000000767a00000| Untracked 
| 830|0x0000000767c00000, 0x0000000767e00000, 0x0000000767e00000|100%| O|  |TAMS 0x0000000767e00000, 0x0000000767c00000| Untracked 
| 831|0x0000000767e00000, 0x0000000768000000, 0x0000000768000000|100%| O|  |TAMS 0x0000000768000000, 0x0000000767e00000| Untracked 
| 832|0x0000000768000000, 0x0000000768200000, 0x0000000768200000|100%| O|  |TAMS 0x0000000768200000, 0x0000000768000000| Untracked 
| 833|0x0000000768200000, 0x0000000768400000, 0x0000000768400000|100%| O|  |TAMS 0x0000000768400000, 0x0000000768200000| Untracked 
| 834|0x0000000768400000, 0x0000000768600000, 0x0000000768600000|100%| O|  |TAMS 0x0000000768400000, 0x0000000768400000| Untracked 
| 835|0x0000000768600000, 0x0000000768800000, 0x0000000768800000|100%| O|  |TAMS 0x0000000768600000, 0x0000000768600000| Untracked 
| 836|0x0000000768800000, 0x0000000768a00000, 0x0000000768a00000|100%| O|  |TAMS 0x0000000768800000, 0x0000000768800000| Untracked 
| 837|0x0000000768a00000, 0x0000000768c00000, 0x0000000768c00000|100%| O|  |TAMS 0x0000000768c00000, 0x0000000768a00000| Untracked 
| 838|0x0000000768c00000, 0x0000000768e00000, 0x0000000768e00000|100%| O|  |TAMS 0x0000000768e00000, 0x0000000768c00000| Untracked 
| 839|0x0000000768e00000, 0x0000000769000000, 0x0000000769000000|100%| O|  |TAMS 0x0000000769000000, 0x0000000768e00000| Untracked 
| 840|0x0000000769000000, 0x0000000769200000, 0x0000000769200000|100%| O|  |TAMS 0x0000000769200000, 0x0000000769000000| Untracked 
| 841|0x0000000769200000, 0x0000000769400000, 0x0000000769400000|100%| O|  |TAMS 0x0000000769400000, 0x0000000769200000| Untracked 
| 842|0x0000000769400000, 0x0000000769600000, 0x0000000769600000|100%| O|  |TAMS 0x0000000769600000, 0x0000000769400000| Untracked 
| 843|0x0000000769600000, 0x0000000769800000, 0x0000000769800000|100%| O|  |TAMS 0x0000000769800000, 0x0000000769600000| Untracked 
| 844|0x0000000769800000, 0x0000000769a00000, 0x0000000769a00000|100%| O|  |TAMS 0x0000000769a00000, 0x0000000769800000| Untracked 
| 845|0x0000000769a00000, 0x0000000769c00000, 0x0000000769c00000|100%| O|  |TAMS 0x0000000769c00000, 0x0000000769a00000| Untracked 
| 846|0x0000000769c00000, 0x0000000769e00000, 0x0000000769e00000|100%| O|  |TAMS 0x0000000769e00000, 0x0000000769c00000| Untracked 
| 847|0x0000000769e00000, 0x000000076a000000, 0x000000076a000000|100%| O|  |TAMS 0x000000076a000000, 0x0000000769e00000| Untracked 
| 848|0x000000076a000000, 0x000000076a200000, 0x000000076a200000|100%| O|  |TAMS 0x000000076a200000, 0x000000076a000000| Untracked 
| 849|0x000000076a200000, 0x000000076a400000, 0x000000076a400000|100%| O|  |TAMS 0x000000076a400000, 0x000000076a200000| Untracked 
| 850|0x000000076a400000, 0x000000076a600000, 0x000000076a600000|100%| O|  |TAMS 0x000000076a600000, 0x000000076a400000| Untracked 
| 851|0x000000076a600000, 0x000000076a800000, 0x000000076a800000|100%| O|  |TAMS 0x000000076a800000, 0x000000076a600000| Untracked 
| 852|0x000000076a800000, 0x000000076aa00000, 0x000000076aa00000|100%| O|  |TAMS 0x000000076aa00000, 0x000000076a800000| Untracked 
| 853|0x000000076aa00000, 0x000000076ac00000, 0x000000076ac00000|100%| O|  |TAMS 0x000000076aa00000, 0x000000076aa00000| Untracked 
| 854|0x000000076ac00000, 0x000000076ae00000, 0x000000076ae00000|100%| O|  |TAMS 0x000000076ac00000, 0x000000076ac00000| Untracked 
| 855|0x000000076ae00000, 0x000000076b000000, 0x000000076b000000|100%| O|  |TAMS 0x000000076ae00000, 0x000000076ae00000| Untracked 
| 856|0x000000076b000000, 0x000000076b200000, 0x000000076b200000|100%| O|  |TAMS 0x000000076b000000, 0x000000076b000000| Untracked 
| 857|0x000000076b200000, 0x000000076b400000, 0x000000076b400000|100%| O|  |TAMS 0x000000076b200000, 0x000000076b200000| Untracked 
| 858|0x000000076b400000, 0x000000076b600000, 0x000000076b600000|100%| O|  |TAMS 0x000000076b600000, 0x000000076b400000| Untracked 
| 859|0x000000076b600000, 0x000000076b800000, 0x000000076b800000|100%| O|  |TAMS 0x000000076b800000, 0x000000076b600000| Untracked 
| 860|0x000000076b800000, 0x000000076ba00000, 0x000000076ba00000|100%| O|  |TAMS 0x000000076ba00000, 0x000000076b800000| Untracked 
| 861|0x000000076ba00000, 0x000000076bc00000, 0x000000076bc00000|100%| O|  |TAMS 0x000000076bc00000, 0x000000076ba00000| Untracked 
| 862|0x000000076bc00000, 0x000000076be00000, 0x000000076be00000|100%| O|  |TAMS 0x000000076be00000, 0x000000076bc00000| Untracked 
| 863|0x000000076be00000, 0x000000076c000000, 0x000000076c000000|100%| O|  |TAMS 0x000000076c000000, 0x000000076be00000| Untracked 
| 864|0x000000076c000000, 0x000000076c200000, 0x000000076c200000|100%| O|  |TAMS 0x000000076c200000, 0x000000076c000000| Untracked 
| 865|0x000000076c200000, 0x000000076c400000, 0x000000076c400000|100%| O|  |TAMS 0x000000076c400000, 0x000000076c200000| Untracked 
| 866|0x000000076c400000, 0x000000076c600000, 0x000000076c600000|100%| O|  |TAMS 0x000000076c600000, 0x000000076c400000| Untracked 
| 867|0x000000076c600000, 0x000000076c800000, 0x000000076c800000|100%| O|  |TAMS 0x000000076c800000, 0x000000076c600000| Untracked 
| 868|0x000000076c800000, 0x000000076ca00000, 0x000000076ca00000|100%| O|  |TAMS 0x000000076ca00000, 0x000000076c800000| Untracked 
| 869|0x000000076ca00000, 0x000000076cc00000, 0x000000076cc00000|100%| O|  |TAMS 0x000000076cc00000, 0x000000076ca00000| Untracked 
| 870|0x000000076cc00000, 0x000000076ce00000, 0x000000076ce00000|100%| O|  |TAMS 0x000000076ce00000, 0x000000076cc00000| Untracked 
| 871|0x000000076ce00000, 0x000000076d000000, 0x000000076d000000|100%| O|  |TAMS 0x000000076d000000, 0x000000076ce00000| Untracked 
| 872|0x000000076d000000, 0x000000076d200000, 0x000000076d200000|100%| O|  |TAMS 0x000000076d200000, 0x000000076d000000| Untracked 
| 873|0x000000076d200000, 0x000000076d400000, 0x000000076d400000|100%| O|  |TAMS 0x000000076d400000, 0x000000076d200000| Untracked 
| 874|0x000000076d400000, 0x000000076d600000, 0x000000076d600000|100%| O|  |TAMS 0x000000076d600000, 0x000000076d400000| Untracked 
| 875|0x000000076d600000, 0x000000076d800000, 0x000000076d800000|100%| O|  |TAMS 0x000000076d800000, 0x000000076d600000| Untracked 
| 876|0x000000076d800000, 0x000000076da00000, 0x000000076da00000|100%| O|  |TAMS 0x000000076da00000, 0x000000076d800000| Untracked 
| 877|0x000000076da00000, 0x000000076dc00000, 0x000000076dc00000|100%| O|  |TAMS 0x000000076dc00000, 0x000000076da00000| Untracked 
| 878|0x000000076dc00000, 0x000000076de00000, 0x000000076de00000|100%| O|  |TAMS 0x000000076de00000, 0x000000076dc00000| Untracked 
| 879|0x000000076de00000, 0x000000076e000000, 0x000000076e000000|100%| O|  |TAMS 0x000000076e000000, 0x000000076de00000| Untracked 
| 880|0x000000076e000000, 0x000000076e200000, 0x000000076e200000|100%| O|  |TAMS 0x000000076e200000, 0x000000076e000000| Untracked 
| 881|0x000000076e200000, 0x000000076e400000, 0x000000076e400000|100%| O|  |TAMS 0x000000076e400000, 0x000000076e200000| Untracked 
| 882|0x000000076e400000, 0x000000076e600000, 0x000000076e600000|100%| O|  |TAMS 0x000000076e600000, 0x000000076e400000| Untracked 
| 883|0x000000076e600000, 0x000000076e800000, 0x000000076e800000|100%| O|  |TAMS 0x000000076e800000, 0x000000076e600000| Untracked 
| 884|0x000000076e800000, 0x000000076ea00000, 0x000000076ea00000|100%| O|  |TAMS 0x000000076ea00000, 0x000000076e800000| Untracked 
| 885|0x000000076ea00000, 0x000000076ec00000, 0x000000076ec00000|100%| O|  |TAMS 0x000000076ec00000, 0x000000076ea00000| Untracked 
| 886|0x000000076ec00000, 0x000000076ee00000, 0x000000076ee00000|100%| O|  |TAMS 0x000000076ee00000, 0x000000076ec00000| Untracked 
| 887|0x000000076ee00000, 0x000000076f000000, 0x000000076f000000|100%| O|  |TAMS 0x000000076f000000, 0x000000076ee00000| Untracked 
| 888|0x000000076f000000, 0x000000076f200000, 0x000000076f200000|100%| O|  |TAMS 0x000000076f200000, 0x000000076f000000| Untracked 
| 889|0x000000076f200000, 0x000000076f400000, 0x000000076f400000|100%| O|  |TAMS 0x000000076f400000, 0x000000076f200000| Untracked 
| 890|0x000000076f400000, 0x000000076f600000, 0x000000076f600000|100%| O|  |TAMS 0x000000076f600000, 0x000000076f400000| Untracked 
| 891|0x000000076f600000, 0x000000076f800000, 0x000000076f800000|100%| O|  |TAMS 0x000000076f800000, 0x000000076f600000| Untracked 
| 892|0x000000076f800000, 0x000000076fa00000, 0x000000076fa00000|100%| O|  |TAMS 0x000000076fa00000, 0x000000076f800000| Untracked 
| 893|0x000000076fa00000, 0x000000076fc00000, 0x000000076fc00000|100%| O|  |TAMS 0x000000076fc00000, 0x000000076fa00000| Untracked 
| 894|0x000000076fc00000, 0x000000076fe00000, 0x000000076fe00000|100%| O|  |TAMS 0x000000076fe00000, 0x000000076fc00000| Untracked 
| 895|0x000000076fe00000, 0x0000000770000000, 0x0000000770000000|100%| O|  |TAMS 0x0000000770000000, 0x000000076fe00000| Untracked 
| 896|0x0000000770000000, 0x0000000770200000, 0x0000000770200000|100%| O|  |TAMS 0x0000000770200000, 0x0000000770000000| Untracked 
| 897|0x0000000770200000, 0x0000000770400000, 0x0000000770400000|100%| O|  |TAMS 0x0000000770400000, 0x0000000770200000| Untracked 
| 898|0x0000000770400000, 0x0000000770600000, 0x0000000770600000|100%| O|  |TAMS 0x0000000770600000, 0x0000000770400000| Untracked 
| 899|0x0000000770600000, 0x0000000770800000, 0x0000000770800000|100%| O|  |TAMS 0x0000000770800000, 0x0000000770600000| Untracked 
| 900|0x0000000770800000, 0x0000000770a00000, 0x0000000770a00000|100%| O|  |TAMS 0x0000000770a00000, 0x0000000770800000| Untracked 
| 901|0x0000000770a00000, 0x0000000770c00000, 0x0000000770c00000|100%| O|  |TAMS 0x0000000770c00000, 0x0000000770a00000| Untracked 
| 902|0x0000000770c00000, 0x0000000770e00000, 0x0000000770e00000|100%| O|  |TAMS 0x0000000770e00000, 0x0000000770c00000| Untracked 
| 903|0x0000000770e00000, 0x0000000771000000, 0x0000000771000000|100%| O|  |TAMS 0x0000000771000000, 0x0000000770e00000| Untracked 
| 904|0x0000000771000000, 0x0000000771200000, 0x0000000771200000|100%| O|  |TAMS 0x0000000771200000, 0x0000000771000000| Untracked 
| 905|0x0000000771200000, 0x0000000771400000, 0x0000000771400000|100%| O|  |TAMS 0x0000000771400000, 0x0000000771200000| Untracked 
| 906|0x0000000771400000, 0x0000000771600000, 0x0000000771600000|100%| O|  |TAMS 0x0000000771600000, 0x0000000771400000| Untracked 
| 907|0x0000000771600000, 0x0000000771800000, 0x0000000771800000|100%| O|  |TAMS 0x0000000771800000, 0x0000000771600000| Untracked 
| 908|0x0000000771800000, 0x0000000771a00000, 0x0000000771a00000|100%| O|  |TAMS 0x0000000771a00000, 0x0000000771800000| Untracked 
| 909|0x0000000771a00000, 0x0000000771c00000, 0x0000000771c00000|100%| O|  |TAMS 0x0000000771c00000, 0x0000000771a00000| Untracked 
| 910|0x0000000771c00000, 0x0000000771e00000, 0x0000000771e00000|100%| O|  |TAMS 0x0000000771e00000, 0x0000000771c00000| Untracked 
| 911|0x0000000771e00000, 0x0000000772000000, 0x0000000772000000|100%| O|  |TAMS 0x0000000771e00000, 0x0000000771e00000| Untracked 
| 912|0x0000000772000000, 0x0000000772200000, 0x0000000772200000|100%| O|  |TAMS 0x0000000772000000, 0x0000000772000000| Untracked 
| 913|0x0000000772200000, 0x0000000772400000, 0x0000000772400000|100%| O|  |TAMS 0x0000000772200000, 0x0000000772200000| Untracked 
| 914|0x0000000772400000, 0x0000000772600000, 0x0000000772600000|100%| O|  |TAMS 0x0000000772400000, 0x0000000772400000| Untracked 
| 915|0x0000000772600000, 0x0000000772800000, 0x0000000772800000|100%| O|  |TAMS 0x0000000772600000, 0x0000000772600000| Untracked 
| 916|0x0000000772800000, 0x0000000772a00000, 0x0000000772a00000|100%| O|  |TAMS 0x0000000772800000, 0x0000000772800000| Untracked 
| 917|0x0000000772a00000, 0x0000000772c00000, 0x0000000772c00000|100%| O|  |TAMS 0x0000000772a00000, 0x0000000772a00000| Untracked 
| 918|0x0000000772c00000, 0x0000000772e00000, 0x0000000772e00000|100%| O|  |TAMS 0x0000000772e00000, 0x0000000772c00000| Untracked 
| 919|0x0000000772e00000, 0x0000000773000000, 0x0000000773000000|100%| O|  |TAMS 0x0000000773000000, 0x0000000772e00000| Untracked 
| 920|0x0000000773000000, 0x0000000773200000, 0x0000000773200000|100%| O|  |TAMS 0x0000000773200000, 0x0000000773000000| Untracked 
| 921|0x0000000773200000, 0x0000000773400000, 0x0000000773400000|100%| O|  |TAMS 0x0000000773400000, 0x0000000773200000| Untracked 
| 922|0x0000000773400000, 0x0000000773600000, 0x0000000773600000|100%| O|  |TAMS 0x0000000773600000, 0x0000000773400000| Untracked 
| 923|0x0000000773600000, 0x0000000773800000, 0x0000000773800000|100%| O|  |TAMS 0x0000000773800000, 0x0000000773600000| Untracked 
| 924|0x0000000773800000, 0x0000000773a00000, 0x0000000773a00000|100%| O|  |TAMS 0x0000000773a00000, 0x0000000773800000| Untracked 
| 925|0x0000000773a00000, 0x0000000773c00000, 0x0000000773c00000|100%| O|  |TAMS 0x0000000773c00000, 0x0000000773a00000| Untracked 
| 926|0x0000000773c00000, 0x0000000773e00000, 0x0000000773e00000|100%| O|  |TAMS 0x0000000773e00000, 0x0000000773c00000| Untracked 
| 927|0x0000000773e00000, 0x0000000774000000, 0x0000000774000000|100%| O|  |TAMS 0x0000000774000000, 0x0000000773e00000| Untracked 
| 928|0x0000000774000000, 0x0000000774200000, 0x0000000774200000|100%| O|  |TAMS 0x0000000774200000, 0x0000000774000000| Untracked 
| 929|0x0000000774200000, 0x0000000774400000, 0x0000000774400000|100%| O|  |TAMS 0x0000000774400000, 0x0000000774200000| Untracked 
| 930|0x0000000774400000, 0x0000000774600000, 0x0000000774600000|100%| O|  |TAMS 0x0000000774600000, 0x0000000774400000| Untracked 
| 931|0x0000000774600000, 0x0000000774800000, 0x0000000774800000|100%| O|  |TAMS 0x0000000774800000, 0x0000000774600000| Untracked 
| 932|0x0000000774800000, 0x0000000774a00000, 0x0000000774a00000|100%| O|  |TAMS 0x0000000774a00000, 0x0000000774800000| Untracked 
| 933|0x0000000774a00000, 0x0000000774c00000, 0x0000000774c00000|100%| O|  |TAMS 0x0000000774c00000, 0x0000000774a00000| Untracked 
| 934|0x0000000774c00000, 0x0000000774e00000, 0x0000000774e00000|100%| O|  |TAMS 0x0000000774e00000, 0x0000000774c00000| Untracked 
| 935|0x0000000774e00000, 0x0000000775000000, 0x0000000775000000|100%| O|  |TAMS 0x0000000775000000, 0x0000000774e00000| Untracked 
| 936|0x0000000775000000, 0x0000000775200000, 0x0000000775200000|100%| O|  |TAMS 0x0000000775200000, 0x0000000775000000| Untracked 
| 937|0x0000000775200000, 0x0000000775400000, 0x0000000775400000|100%| O|  |TAMS 0x0000000775400000, 0x0000000775200000| Untracked 
| 938|0x0000000775400000, 0x0000000775600000, 0x0000000775600000|100%| O|  |TAMS 0x0000000775600000, 0x0000000775400000| Untracked 
| 939|0x0000000775600000, 0x0000000775800000, 0x0000000775800000|100%| O|  |TAMS 0x0000000775800000, 0x0000000775600000| Untracked 
| 940|0x0000000775800000, 0x0000000775a00000, 0x0000000775a00000|100%| O|  |TAMS 0x0000000775a00000, 0x0000000775800000| Untracked 
| 941|0x0000000775a00000, 0x0000000775c00000, 0x0000000775c00000|100%| O|  |TAMS 0x0000000775c00000, 0x0000000775a00000| Untracked 
| 942|0x0000000775c00000, 0x0000000775e00000, 0x0000000775e00000|100%| O|  |TAMS 0x0000000775e00000, 0x0000000775c00000| Untracked 
| 943|0x0000000775e00000, 0x0000000776000000, 0x0000000776000000|100%| O|  |TAMS 0x0000000776000000, 0x0000000775e00000| Untracked 
| 944|0x0000000776000000, 0x0000000776200000, 0x0000000776200000|100%| O|  |TAMS 0x0000000776200000, 0x0000000776000000| Untracked 
| 945|0x0000000776200000, 0x0000000776400000, 0x0000000776400000|100%| O|  |TAMS 0x0000000776400000, 0x0000000776200000| Untracked 
| 946|0x0000000776400000, 0x0000000776600000, 0x0000000776600000|100%| O|  |TAMS 0x0000000776600000, 0x0000000776400000| Untracked 
| 947|0x0000000776600000, 0x0000000776800000, 0x0000000776800000|100%| O|  |TAMS 0x0000000776800000, 0x0000000776600000| Untracked 
| 948|0x0000000776800000, 0x0000000776a00000, 0x0000000776a00000|100%| O|  |TAMS 0x0000000776a00000, 0x0000000776800000| Untracked 
| 949|0x0000000776a00000, 0x0000000776c00000, 0x0000000776c00000|100%| O|  |TAMS 0x0000000776c00000, 0x0000000776a00000| Untracked 
| 950|0x0000000776c00000, 0x0000000776e00000, 0x0000000776e00000|100%| O|  |TAMS 0x0000000776e00000, 0x0000000776c00000| Untracked 
| 951|0x0000000776e00000, 0x0000000777000000, 0x0000000777000000|100%| O|  |TAMS 0x0000000777000000, 0x0000000776e00000| Untracked 
| 952|0x0000000777000000, 0x0000000777200000, 0x0000000777200000|100%| O|  |TAMS 0x0000000777200000, 0x0000000777000000| Untracked 
| 953|0x0000000777200000, 0x0000000777400000, 0x0000000777400000|100%| O|  |TAMS 0x0000000777400000, 0x0000000777200000| Untracked 
| 954|0x0000000777400000, 0x0000000777600000, 0x0000000777600000|100%| O|  |TAMS 0x0000000777600000, 0x0000000777400000| Untracked 
| 955|0x0000000777600000, 0x0000000777800000, 0x0000000777800000|100%| O|  |TAMS 0x0000000777800000, 0x0000000777600000| Untracked 
| 956|0x0000000777800000, 0x0000000777a00000, 0x0000000777a00000|100%| O|  |TAMS 0x0000000777a00000, 0x0000000777800000| Untracked 
| 957|0x0000000777a00000, 0x0000000777c00000, 0x0000000777c00000|100%| O|  |TAMS 0x0000000777c00000, 0x0000000777a00000| Untracked 
| 958|0x0000000777c00000, 0x0000000777e00000, 0x0000000777e00000|100%| O|  |TAMS 0x0000000777e00000, 0x0000000777c00000| Untracked 
| 959|0x0000000777e00000, 0x0000000778000000, 0x0000000778000000|100%| O|  |TAMS 0x0000000778000000, 0x0000000777e00000| Untracked 
| 960|0x0000000778000000, 0x0000000778200000, 0x0000000778200000|100%| O|  |TAMS 0x0000000778200000, 0x0000000778000000| Complete 
| 961|0x0000000778200000, 0x0000000778400000, 0x0000000778400000|100%| O|  |TAMS 0x0000000778200000, 0x0000000778200000| Untracked 
| 962|0x0000000778400000, 0x0000000778600000, 0x0000000778600000|100%| O|  |TAMS 0x0000000778600000, 0x0000000778400000| Untracked 
| 963|0x0000000778600000, 0x0000000778800000, 0x0000000778800000|100%| O|  |TAMS 0x0000000778600000, 0x0000000778600000| Untracked 
| 964|0x0000000778800000, 0x0000000778a00000, 0x0000000778a00000|100%| O|  |TAMS 0x0000000778800000, 0x0000000778800000| Untracked 
| 965|0x0000000778a00000, 0x0000000778c00000, 0x0000000778c00000|100%| O|  |TAMS 0x0000000778c00000, 0x0000000778a00000| Untracked 
| 966|0x0000000778c00000, 0x0000000778e00000, 0x0000000778e00000|100%| O|  |TAMS 0x0000000778e00000, 0x0000000778c00000| Untracked 
| 967|0x0000000778e00000, 0x0000000779000000, 0x0000000779000000|100%| O|  |TAMS 0x0000000779000000, 0x0000000778e00000| Untracked 
| 968|0x0000000779000000, 0x0000000779200000, 0x0000000779200000|100%| O|  |TAMS 0x0000000779200000, 0x0000000779000000| Untracked 
| 969|0x0000000779200000, 0x0000000779400000, 0x0000000779400000|100%| O|  |TAMS 0x0000000779400000, 0x0000000779200000| Untracked 
| 970|0x0000000779400000, 0x0000000779600000, 0x0000000779600000|100%| O|  |TAMS 0x0000000779600000, 0x0000000779400000| Untracked 
| 971|0x0000000779600000, 0x0000000779800000, 0x0000000779800000|100%| O|  |TAMS 0x0000000779800000, 0x0000000779600000| Untracked 
| 972|0x0000000779800000, 0x0000000779a00000, 0x0000000779a00000|100%| O|  |TAMS 0x0000000779a00000, 0x0000000779800000| Untracked 
| 973|0x0000000779a00000, 0x0000000779c00000, 0x0000000779c00000|100%| O|  |TAMS 0x0000000779c00000, 0x0000000779a00000| Untracked 
| 974|0x0000000779c00000, 0x0000000779e00000, 0x0000000779e00000|100%| O|  |TAMS 0x0000000779e00000, 0x0000000779c00000| Untracked 
| 975|0x0000000779e00000, 0x000000077a000000, 0x000000077a000000|100%| O|  |TAMS 0x000000077a000000, 0x0000000779e00000| Untracked 
| 976|0x000000077a000000, 0x000000077a200000, 0x000000077a200000|100%| O|  |TAMS 0x000000077a200000, 0x000000077a000000| Untracked 
| 977|0x000000077a200000, 0x000000077a400000, 0x000000077a400000|100%| O|  |TAMS 0x000000077a400000, 0x000000077a200000| Untracked 
| 978|0x000000077a400000, 0x000000077a600000, 0x000000077a600000|100%| O|  |TAMS 0x000000077a600000, 0x000000077a400000| Untracked 
| 979|0x000000077a600000, 0x000000077a800000, 0x000000077a800000|100%| O|  |TAMS 0x000000077a800000, 0x000000077a600000| Untracked 
| 980|0x000000077a800000, 0x000000077aa00000, 0x000000077aa00000|100%| O|  |TAMS 0x000000077aa00000, 0x000000077a800000| Untracked 
| 981|0x000000077aa00000, 0x000000077ac00000, 0x000000077ac00000|100%| O|  |TAMS 0x000000077ac00000, 0x000000077aa00000| Untracked 
| 982|0x000000077ac00000, 0x000000077ae00000, 0x000000077ae00000|100%| O|  |TAMS 0x000000077ae00000, 0x000000077ac00000| Untracked 
| 983|0x000000077ae00000, 0x000000077b000000, 0x000000077b000000|100%| O|  |TAMS 0x000000077b000000, 0x000000077ae00000| Untracked 
| 984|0x000000077b000000, 0x000000077b200000, 0x000000077b200000|100%| O|  |TAMS 0x000000077b200000, 0x000000077b000000| Untracked 
| 985|0x000000077b200000, 0x000000077b400000, 0x000000077b400000|100%| O|  |TAMS 0x000000077b400000, 0x000000077b200000| Untracked 
| 986|0x000000077b400000, 0x000000077b600000, 0x000000077b600000|100%| O|  |TAMS 0x000000077b600000, 0x000000077b400000| Untracked 
| 987|0x000000077b600000, 0x000000077b800000, 0x000000077b800000|100%| O|  |TAMS 0x000000077b800000, 0x000000077b600000| Untracked 
| 988|0x000000077b800000, 0x000000077ba00000, 0x000000077ba00000|100%| O|  |TAMS 0x000000077ba00000, 0x000000077b800000| Untracked 
| 989|0x000000077ba00000, 0x000000077bc00000, 0x000000077bc00000|100%| O|  |TAMS 0x000000077bc00000, 0x000000077ba00000| Untracked 
| 990|0x000000077bc00000, 0x000000077be00000, 0x000000077be00000|100%| O|  |TAMS 0x000000077be00000, 0x000000077bc00000| Untracked 
| 991|0x000000077be00000, 0x000000077c000000, 0x000000077c000000|100%| O|  |TAMS 0x000000077c000000, 0x000000077be00000| Untracked 
| 992|0x000000077c000000, 0x000000077c200000, 0x000000077c200000|100%| O|  |TAMS 0x000000077c200000, 0x000000077c000000| Untracked 
| 993|0x000000077c200000, 0x000000077c400000, 0x000000077c400000|100%| O|  |TAMS 0x000000077c400000, 0x000000077c200000| Untracked 
| 994|0x000000077c400000, 0x000000077c600000, 0x000000077c600000|100%| O|  |TAMS 0x000000077c600000, 0x000000077c400000| Untracked 
| 995|0x000000077c600000, 0x000000077c800000, 0x000000077c800000|100%| O|  |TAMS 0x000000077c800000, 0x000000077c600000| Untracked 
| 996|0x000000077c800000, 0x000000077ca00000, 0x000000077ca00000|100%| O|  |TAMS 0x000000077ca00000, 0x000000077c800000| Untracked 
| 997|0x000000077ca00000, 0x000000077cc00000, 0x000000077cc00000|100%| O|  |TAMS 0x000000077cc00000, 0x000000077ca00000| Untracked 
| 998|0x000000077cc00000, 0x000000077ce00000, 0x000000077ce00000|100%| O|  |TAMS 0x000000077ce00000, 0x000000077cc00000| Complete 
| 999|0x000000077ce00000, 0x000000077d000000, 0x000000077d000000|100%| O|  |TAMS 0x000000077d000000, 0x000000077ce00000| Untracked 
|1000|0x000000077d000000, 0x000000077d200000, 0x000000077d200000|100%|HS|  |TAMS 0x000000077d200000, 0x000000077d000000| Complete 
|1001|0x000000077d200000, 0x000000077d400000, 0x000000077d400000|100%|HC|  |TAMS 0x000000077d400000, 0x000000077d200000| Complete 
|1002|0x000000077d400000, 0x000000077d600000, 0x000000077d600000|100%|HC|  |TAMS 0x000000077d600000, 0x000000077d400000| Complete 
|1003|0x000000077d600000, 0x000000077d800000, 0x000000077d800000|100%| O|  |TAMS 0x000000077d800000, 0x000000077d600000| Untracked 
|1004|0x000000077d800000, 0x000000077da00000, 0x000000077da00000|100%| O|  |TAMS 0x000000077da00000, 0x000000077d800000| Untracked 
|1005|0x000000077da00000, 0x000000077dc00000, 0x000000077dc00000|100%| O|  |TAMS 0x000000077dc00000, 0x000000077da00000| Untracked 
|1006|0x000000077dc00000, 0x000000077de00000, 0x000000077de00000|100%| O|  |TAMS 0x000000077de00000, 0x000000077dc00000| Untracked 
|1007|0x000000077de00000, 0x000000077e000000, 0x000000077e000000|100%| O|  |TAMS 0x000000077e000000, 0x000000077de00000| Untracked 
|1008|0x000000077e000000, 0x000000077e200000, 0x000000077e200000|100%| O|  |TAMS 0x000000077e200000, 0x000000077e000000| Untracked 
|1009|0x000000077e200000, 0x000000077e400000, 0x000000077e400000|100%| O|  |TAMS 0x000000077e400000, 0x000000077e200000| Untracked 
|1010|0x000000077e400000, 0x000000077e600000, 0x000000077e600000|100%| O|  |TAMS 0x000000077e600000, 0x000000077e400000| Untracked 
|1011|0x000000077e600000, 0x000000077e800000, 0x000000077e800000|100%| O|  |TAMS 0x000000077e800000, 0x000000077e600000| Untracked 
|1012|0x000000077e800000, 0x000000077ea00000, 0x000000077ea00000|100%| O|  |TAMS 0x000000077ea00000, 0x000000077e800000| Untracked 
|1013|0x000000077ea00000, 0x000000077ec00000, 0x000000077ec00000|100%| O|  |TAMS 0x000000077ec00000, 0x000000077ea00000| Untracked 
|1014|0x000000077ec00000, 0x000000077ee00000, 0x000000077ee00000|100%| O|  |TAMS 0x000000077ee00000, 0x000000077ec00000| Untracked 
|1015|0x000000077ee00000, 0x000000077f000000, 0x000000077f000000|100%| O|  |TAMS 0x000000077f000000, 0x000000077ee00000| Untracked 
|1016|0x000000077f000000, 0x000000077f200000, 0x000000077f200000|100%| O|  |TAMS 0x000000077f200000, 0x000000077f000000| Untracked 
|1017|0x000000077f200000, 0x000000077f400000, 0x000000077f400000|100%| O|  |TAMS 0x000000077f400000, 0x000000077f200000| Untracked 
|1018|0x000000077f400000, 0x000000077f600000, 0x000000077f600000|100%| O|  |TAMS 0x000000077f600000, 0x000000077f400000| Untracked 
|1019|0x000000077f600000, 0x000000077f800000, 0x000000077f800000|100%| O|  |TAMS 0x000000077f800000, 0x000000077f600000| Untracked 
|1020|0x000000077f800000, 0x000000077fa00000, 0x000000077fa00000|100%| O|  |TAMS 0x000000077fa00000, 0x000000077f800000| Untracked 
|1021|0x000000077fa00000, 0x000000077fc00000, 0x000000077fc00000|100%| O|  |TAMS 0x000000077fc00000, 0x000000077fa00000| Untracked 
|1022|0x000000077fc00000, 0x000000077fe00000, 0x000000077fe00000|100%| O|  |TAMS 0x000000077fe00000, 0x000000077fc00000| Untracked 
|1023|0x000000077fe00000, 0x0000000780000000, 0x0000000780000000|100%| O|  |TAMS 0x0000000780000000, 0x000000077fe00000| Untracked 
|1024|0x0000000780000000, 0x0000000780200000, 0x0000000780200000|100%| O|  |TAMS 0x0000000780200000, 0x0000000780000000| Untracked 
|1025|0x0000000780200000, 0x0000000780400000, 0x0000000780400000|100%| O|  |TAMS 0x0000000780400000, 0x0000000780200000| Untracked 
|1026|0x0000000780400000, 0x0000000780600000, 0x0000000780600000|100%| O|  |TAMS 0x0000000780600000, 0x0000000780400000| Untracked 
|1027|0x0000000780600000, 0x0000000780800000, 0x0000000780800000|100%| O|  |TAMS 0x0000000780800000, 0x0000000780600000| Untracked 
|1028|0x0000000780800000, 0x0000000780a00000, 0x0000000780a00000|100%| O|  |TAMS 0x0000000780a00000, 0x0000000780800000| Untracked 
|1029|0x0000000780a00000, 0x0000000780c00000, 0x0000000780c00000|100%| O|  |TAMS 0x0000000780c00000, 0x0000000780a00000| Untracked 
|1030|0x0000000780c00000, 0x0000000780e00000, 0x0000000780e00000|100%| O|  |TAMS 0x0000000780e00000, 0x0000000780c00000| Untracked 
|1031|0x0000000780e00000, 0x0000000781000000, 0x0000000781000000|100%| O|  |TAMS 0x0000000781000000, 0x0000000780e00000| Untracked 
|1032|0x0000000781000000, 0x0000000781200000, 0x0000000781200000|100%| O|  |TAMS 0x0000000781200000, 0x0000000781000000| Untracked 
|1033|0x0000000781200000, 0x0000000781400000, 0x0000000781400000|100%| O|  |TAMS 0x0000000781400000, 0x0000000781200000| Untracked 
|1034|0x0000000781400000, 0x0000000781600000, 0x0000000781600000|100%| O|  |TAMS 0x0000000781600000, 0x0000000781400000| Untracked 
|1035|0x0000000781600000, 0x0000000781800000, 0x0000000781800000|100%| O|  |TAMS 0x0000000781800000, 0x0000000781600000| Untracked 
|1036|0x0000000781800000, 0x0000000781a00000, 0x0000000781a00000|100%| O|  |TAMS 0x0000000781a00000, 0x0000000781800000| Untracked 
|1037|0x0000000781a00000, 0x0000000781c00000, 0x0000000781c00000|100%| O|  |TAMS 0x0000000781c00000, 0x0000000781a00000| Untracked 
|1038|0x0000000781c00000, 0x0000000781e00000, 0x0000000781e00000|100%| O|  |TAMS 0x0000000781e00000, 0x0000000781c00000| Untracked 
|1039|0x0000000781e00000, 0x0000000782000000, 0x0000000782000000|100%| O|  |TAMS 0x0000000782000000, 0x0000000781e00000| Untracked 
|1040|0x0000000782000000, 0x0000000782200000, 0x0000000782200000|100%| O|  |TAMS 0x0000000782200000, 0x0000000782000000| Untracked 
|1041|0x0000000782200000, 0x0000000782400000, 0x0000000782400000|100%| O|  |TAMS 0x0000000782400000, 0x0000000782200000| Untracked 
|1042|0x0000000782400000, 0x0000000782600000, 0x0000000782600000|100%| O|  |TAMS 0x0000000782600000, 0x0000000782400000| Untracked 
|1043|0x0000000782600000, 0x0000000782800000, 0x0000000782800000|100%| O|  |TAMS 0x0000000782800000, 0x0000000782600000| Untracked 
|1044|0x0000000782800000, 0x0000000782a00000, 0x0000000782a00000|100%| O|  |TAMS 0x0000000782a00000, 0x0000000782800000| Untracked 
|1045|0x0000000782a00000, 0x0000000782c00000, 0x0000000782c00000|100%| O|  |TAMS 0x0000000782c00000, 0x0000000782a00000| Untracked 
|1046|0x0000000782c00000, 0x0000000782e00000, 0x0000000782e00000|100%| O|  |TAMS 0x0000000782e00000, 0x0000000782c00000| Untracked 
|1047|0x0000000782e00000, 0x0000000783000000, 0x0000000783000000|100%| O|  |TAMS 0x0000000783000000, 0x0000000782e00000| Untracked 
|1048|0x0000000783000000, 0x0000000783200000, 0x0000000783200000|100%| O|  |TAMS 0x0000000783200000, 0x0000000783000000| Untracked 
|1049|0x0000000783200000, 0x0000000783400000, 0x0000000783400000|100%| O|  |TAMS 0x0000000783400000, 0x0000000783200000| Untracked 
|1050|0x0000000783400000, 0x0000000783600000, 0x0000000783600000|100%| O|  |TAMS 0x0000000783600000, 0x0000000783400000| Untracked 
|1051|0x0000000783600000, 0x0000000783800000, 0x0000000783800000|100%| O|  |TAMS 0x0000000783800000, 0x0000000783600000| Untracked 
|1052|0x0000000783800000, 0x0000000783a00000, 0x0000000783a00000|100%| O|  |TAMS 0x0000000783a00000, 0x0000000783800000| Untracked 
|1053|0x0000000783a00000, 0x0000000783c00000, 0x0000000783c00000|100%| O|  |TAMS 0x0000000783c00000, 0x0000000783a00000| Untracked 
|1054|0x0000000783c00000, 0x0000000783e00000, 0x0000000783e00000|100%| O|  |TAMS 0x0000000783e00000, 0x0000000783c00000| Untracked 
|1055|0x0000000783e00000, 0x0000000784000000, 0x0000000784000000|100%| O|  |TAMS 0x0000000784000000, 0x0000000783e00000| Untracked 
|1056|0x0000000784000000, 0x0000000784200000, 0x0000000784200000|100%| O|  |TAMS 0x0000000784200000, 0x0000000784000000| Untracked 
|1057|0x0000000784200000, 0x0000000784400000, 0x0000000784400000|100%| O|  |TAMS 0x0000000784400000, 0x0000000784200000| Complete 
|1058|0x0000000784400000, 0x0000000784600000, 0x0000000784600000|100%| O|  |TAMS 0x0000000784600000, 0x0000000784400000| Untracked 
|1059|0x0000000784600000, 0x0000000784800000, 0x0000000784800000|100%|HS|  |TAMS 0x0000000784800000, 0x0000000784600000| Complete 
|1060|0x0000000784800000, 0x0000000784a00000, 0x0000000784a00000|100%|HC|  |TAMS 0x0000000784a00000, 0x0000000784800000| Complete 
|1061|0x0000000784a00000, 0x0000000784c00000, 0x0000000784c00000|100%|HC|  |TAMS 0x0000000784c00000, 0x0000000784a00000| Complete 
|1062|0x0000000784c00000, 0x0000000784e00000, 0x0000000784e00000|100%| O|  |TAMS 0x0000000784e00000, 0x0000000784c00000| Untracked 
|1063|0x0000000784e00000, 0x0000000785000000, 0x0000000785000000|100%| O|  |TAMS 0x0000000785000000, 0x0000000784e00000| Untracked 
|1064|0x0000000785000000, 0x0000000785200000, 0x0000000785200000|100%| O|  |TAMS 0x0000000785200000, 0x0000000785000000| Untracked 
|1065|0x0000000785200000, 0x0000000785400000, 0x0000000785400000|100%| O|  |TAMS 0x0000000785400000, 0x0000000785200000| Untracked 
|1066|0x0000000785400000, 0x0000000785600000, 0x0000000785600000|100%| O|  |TAMS 0x0000000785600000, 0x0000000785400000| Untracked 
|1067|0x0000000785600000, 0x0000000785800000, 0x0000000785800000|100%| O|  |TAMS 0x0000000785800000, 0x0000000785600000| Untracked 
|1068|0x0000000785800000, 0x0000000785a00000, 0x0000000785a00000|100%| O|  |TAMS 0x0000000785a00000, 0x0000000785800000| Untracked 
|1069|0x0000000785a00000, 0x0000000785c00000, 0x0000000785c00000|100%| O|  |TAMS 0x0000000785c00000, 0x0000000785a00000| Untracked 
|1070|0x0000000785c00000, 0x0000000785e00000, 0x0000000785e00000|100%| O|  |TAMS 0x0000000785e00000, 0x0000000785c00000| Untracked 
|1071|0x0000000785e00000, 0x0000000786000000, 0x0000000786000000|100%| O|  |TAMS 0x0000000786000000, 0x0000000785e00000| Untracked 
|1072|0x0000000786000000, 0x0000000786200000, 0x0000000786200000|100%| O|  |TAMS 0x0000000786200000, 0x0000000786000000| Untracked 
|1073|0x0000000786200000, 0x0000000786400000, 0x0000000786400000|100%| O|  |TAMS 0x0000000786400000, 0x0000000786200000| Untracked 
|1074|0x0000000786400000, 0x0000000786600000, 0x0000000786600000|100%| O|  |TAMS 0x0000000786600000, 0x0000000786400000| Untracked 
|1075|0x0000000786600000, 0x0000000786800000, 0x0000000786800000|100%| O|  |TAMS 0x0000000786800000, 0x0000000786600000| Untracked 
|1076|0x0000000786800000, 0x0000000786a00000, 0x0000000786a00000|100%| O|  |TAMS 0x0000000786a00000, 0x0000000786800000| Untracked 
|1077|0x0000000786a00000, 0x0000000786c00000, 0x0000000786c00000|100%| O|  |TAMS 0x0000000786c00000, 0x0000000786a00000| Untracked 
|1078|0x0000000786c00000, 0x0000000786e00000, 0x0000000786e00000|100%| O|  |TAMS 0x0000000786e00000, 0x0000000786c00000| Untracked 
|1079|0x0000000786e00000, 0x0000000787000000, 0x0000000787000000|100%| O|  |TAMS 0x0000000787000000, 0x0000000786e00000| Untracked 
|1080|0x0000000787000000, 0x0000000787200000, 0x0000000787200000|100%| O|  |TAMS 0x0000000787200000, 0x0000000787000000| Untracked 
|1081|0x0000000787200000, 0x0000000787400000, 0x0000000787400000|100%| O|  |TAMS 0x0000000787400000, 0x0000000787200000| Untracked 
|1082|0x0000000787400000, 0x0000000787600000, 0x0000000787600000|100%| O|  |TAMS 0x0000000787600000, 0x0000000787400000| Untracked 
|1083|0x0000000787600000, 0x0000000787800000, 0x0000000787800000|100%| O|  |TAMS 0x0000000787800000, 0x0000000787600000| Untracked 
|1084|0x0000000787800000, 0x0000000787a00000, 0x0000000787a00000|100%| O|  |TAMS 0x0000000787a00000, 0x0000000787800000| Untracked 
|1085|0x0000000787a00000, 0x0000000787c00000, 0x0000000787c00000|100%| O|  |TAMS 0x0000000787c00000, 0x0000000787a00000| Untracked 
|1086|0x0000000787c00000, 0x0000000787e00000, 0x0000000787e00000|100%| O|  |TAMS 0x0000000787e00000, 0x0000000787c00000| Untracked 
|1087|0x0000000787e00000, 0x0000000788000000, 0x0000000788000000|100%| O|  |TAMS 0x0000000788000000, 0x0000000787e00000| Untracked 
|1088|0x0000000788000000, 0x0000000788200000, 0x0000000788200000|100%| O|  |TAMS 0x0000000788200000, 0x0000000788000000| Untracked 
|1089|0x0000000788200000, 0x0000000788400000, 0x0000000788400000|100%| O|  |TAMS 0x0000000788400000, 0x0000000788200000| Untracked 
|1090|0x0000000788400000, 0x0000000788600000, 0x0000000788600000|100%| O|  |TAMS 0x0000000788600000, 0x0000000788400000| Untracked 
|1091|0x0000000788600000, 0x0000000788800000, 0x0000000788800000|100%| O|  |TAMS 0x0000000788800000, 0x0000000788600000| Untracked 
|1092|0x0000000788800000, 0x0000000788a00000, 0x0000000788a00000|100%| O|  |TAMS 0x0000000788a00000, 0x0000000788800000| Untracked 
|1093|0x0000000788a00000, 0x0000000788c00000, 0x0000000788c00000|100%| O|  |TAMS 0x0000000788c00000, 0x0000000788a00000| Untracked 
|1094|0x0000000788c00000, 0x0000000788e00000, 0x0000000788e00000|100%| O|  |TAMS 0x0000000788e00000, 0x0000000788c00000| Untracked 
|1095|0x0000000788e00000, 0x0000000789000000, 0x0000000789000000|100%| O|  |TAMS 0x0000000789000000, 0x0000000788e00000| Untracked 
|1096|0x0000000789000000, 0x0000000789200000, 0x0000000789200000|100%| O|  |TAMS 0x0000000789200000, 0x0000000789000000| Untracked 
|1097|0x0000000789200000, 0x0000000789400000, 0x0000000789400000|100%| O|  |TAMS 0x0000000789400000, 0x0000000789200000| Untracked 
|1098|0x0000000789400000, 0x0000000789600000, 0x0000000789600000|100%| O|  |TAMS 0x0000000789600000, 0x0000000789400000| Untracked 
|1099|0x0000000789600000, 0x0000000789800000, 0x0000000789800000|100%| O|  |TAMS 0x0000000789800000, 0x0000000789600000| Untracked 
|1100|0x0000000789800000, 0x0000000789a00000, 0x0000000789a00000|100%| O|  |TAMS 0x0000000789a00000, 0x0000000789800000| Untracked 
|1101|0x0000000789a00000, 0x0000000789c00000, 0x0000000789c00000|100%| O|  |TAMS 0x0000000789c00000, 0x0000000789a00000| Untracked 
|1102|0x0000000789c00000, 0x0000000789e00000, 0x0000000789e00000|100%| O|  |TAMS 0x0000000789e00000, 0x0000000789c00000| Untracked 
|1103|0x0000000789e00000, 0x000000078a000000, 0x000000078a000000|100%| O|  |TAMS 0x000000078a000000, 0x0000000789e00000| Untracked 
|1104|0x000000078a000000, 0x000000078a200000, 0x000000078a200000|100%| O|  |TAMS 0x000000078a200000, 0x000000078a000000| Untracked 
|1105|0x000000078a200000, 0x000000078a400000, 0x000000078a400000|100%| O|  |TAMS 0x000000078a400000, 0x000000078a200000| Untracked 
|1106|0x000000078a400000, 0x000000078a600000, 0x000000078a600000|100%| O|  |TAMS 0x000000078a600000, 0x000000078a400000| Untracked 
|1107|0x000000078a600000, 0x000000078a800000, 0x000000078a800000|100%| O|  |TAMS 0x000000078a800000, 0x000000078a600000| Untracked 
|1108|0x000000078a800000, 0x000000078aa00000, 0x000000078aa00000|100%| O|  |TAMS 0x000000078aa00000, 0x000000078a800000| Untracked 
|1109|0x000000078aa00000, 0x000000078ac00000, 0x000000078ac00000|100%| O|  |TAMS 0x000000078ac00000, 0x000000078aa00000| Untracked 
|1110|0x000000078ac00000, 0x000000078ae00000, 0x000000078ae00000|100%| O|  |TAMS 0x000000078ae00000, 0x000000078ac00000| Untracked 
|1111|0x000000078ae00000, 0x000000078b000000, 0x000000078b000000|100%| O|  |TAMS 0x000000078b000000, 0x000000078ae00000| Untracked 
|1112|0x000000078b000000, 0x000000078b200000, 0x000000078b200000|100%| O|  |TAMS 0x000000078b200000, 0x000000078b000000| Untracked 
|1113|0x000000078b200000, 0x000000078b400000, 0x000000078b400000|100%| O|  |TAMS 0x000000078b400000, 0x000000078b200000| Untracked 
|1114|0x000000078b400000, 0x000000078b600000, 0x000000078b600000|100%| O|  |TAMS 0x000000078b600000, 0x000000078b400000| Untracked 
|1115|0x000000078b600000, 0x000000078b800000, 0x000000078b800000|100%| O|  |TAMS 0x000000078b800000, 0x000000078b600000| Untracked 
|1116|0x000000078b800000, 0x000000078ba00000, 0x000000078ba00000|100%| O|  |TAMS 0x000000078ba00000, 0x000000078b800000| Untracked 
|1117|0x000000078ba00000, 0x000000078bc00000, 0x000000078bc00000|100%| O|  |TAMS 0x000000078bc00000, 0x000000078ba00000| Untracked 
|1118|0x000000078bc00000, 0x000000078be00000, 0x000000078be00000|100%| O|  |TAMS 0x000000078be00000, 0x000000078bc00000| Untracked 
|1119|0x000000078be00000, 0x000000078c000000, 0x000000078c000000|100%| O|  |TAMS 0x000000078c000000, 0x000000078be00000| Untracked 
|1120|0x000000078c000000, 0x000000078c200000, 0x000000078c200000|100%| O|  |TAMS 0x000000078c200000, 0x000000078c000000| Complete 
|1121|0x000000078c200000, 0x000000078c400000, 0x000000078c400000|100%| O|  |TAMS 0x000000078c400000, 0x000000078c200000| Complete 
|1122|0x000000078c400000, 0x000000078c600000, 0x000000078c600000|100%| O|  |TAMS 0x000000078c400000, 0x000000078c400000| Untracked 
|1123|0x000000078c600000, 0x000000078c800000, 0x000000078c800000|100%| O|  |TAMS 0x000000078c800000, 0x000000078c600000| Untracked 
|1124|0x000000078c800000, 0x000000078ca00000, 0x000000078ca00000|100%| O|  |TAMS 0x000000078ca00000, 0x000000078c800000| Untracked 
|1125|0x000000078ca00000, 0x000000078cc00000, 0x000000078cc00000|100%| O|  |TAMS 0x000000078cc00000, 0x000000078ca00000| Untracked 
|1126|0x000000078cc00000, 0x000000078ce00000, 0x000000078ce00000|100%| O|  |TAMS 0x000000078ce00000, 0x000000078cc00000| Untracked 
|1127|0x000000078ce00000, 0x000000078d000000, 0x000000078d000000|100%| O|  |TAMS 0x000000078d000000, 0x000000078ce00000| Untracked 
|1128|0x000000078d000000, 0x000000078d200000, 0x000000078d200000|100%| O|  |TAMS 0x000000078d200000, 0x000000078d000000| Untracked 
|1129|0x000000078d200000, 0x000000078d400000, 0x000000078d400000|100%| O|  |TAMS 0x000000078d400000, 0x000000078d200000| Untracked 
|1130|0x000000078d400000, 0x000000078d600000, 0x000000078d600000|100%| O|  |TAMS 0x000000078d600000, 0x000000078d400000| Untracked 
|1131|0x000000078d600000, 0x000000078d800000, 0x000000078d800000|100%| O|  |TAMS 0x000000078d800000, 0x000000078d600000| Untracked 
|1132|0x000000078d800000, 0x000000078da00000, 0x000000078da00000|100%| O|  |TAMS 0x000000078da00000, 0x000000078d800000| Untracked 
|1133|0x000000078da00000, 0x000000078dc00000, 0x000000078dc00000|100%| O|  |TAMS 0x000000078dc00000, 0x000000078da00000| Untracked 
|1134|0x000000078dc00000, 0x000000078de00000, 0x000000078de00000|100%| O|  |TAMS 0x000000078de00000, 0x000000078dc00000| Untracked 
|1135|0x000000078de00000, 0x000000078e000000, 0x000000078e000000|100%| O|  |TAMS 0x000000078e000000, 0x000000078de00000| Untracked 
|1136|0x000000078e000000, 0x000000078e200000, 0x000000078e200000|100%| O|  |TAMS 0x000000078e200000, 0x000000078e000000| Untracked 
|1137|0x000000078e200000, 0x000000078e400000, 0x000000078e400000|100%| O|  |TAMS 0x000000078e400000, 0x000000078e200000| Untracked 
|1138|0x000000078e400000, 0x000000078e600000, 0x000000078e600000|100%| O|  |TAMS 0x000000078e600000, 0x000000078e400000| Untracked 
|1139|0x000000078e600000, 0x000000078e800000, 0x000000078e800000|100%| O|  |TAMS 0x000000078e600000, 0x000000078e600000| Untracked 
|1140|0x000000078e800000, 0x000000078e8fd800, 0x000000078ea00000| 49%| O|  |TAMS 0x000000078e800000, 0x000000078e800000| Untracked 
|1141|0x000000078ea00000, 0x000000078ec00000, 0x000000078ec00000|100%|HS|  |TAMS 0x000000078ec00000, 0x000000078ea00000| Complete 
|1142|0x000000078ec00000, 0x000000078ee00000, 0x000000078ee00000|100%|HC|  |TAMS 0x000000078ee00000, 0x000000078ec00000| Complete 
|1143|0x000000078ee00000, 0x000000078f000000, 0x000000078f000000|100%|HC|  |TAMS 0x000000078f000000, 0x000000078ee00000| Complete 
|1144|0x000000078f000000, 0x000000078f200000, 0x000000078f200000|100%| O|  |TAMS 0x000000078f200000, 0x000000078f000000| Untracked 
|1145|0x000000078f200000, 0x000000078f400000, 0x000000078f400000|100%| O|  |TAMS 0x000000078f400000, 0x000000078f200000| Untracked 
|1146|0x000000078f400000, 0x000000078f600000, 0x000000078f600000|100%| O|  |TAMS 0x000000078f600000, 0x000000078f400000| Untracked 
|1147|0x000000078f600000, 0x000000078f800000, 0x000000078f800000|100%| O|  |TAMS 0x000000078f800000, 0x000000078f600000| Untracked 
|1148|0x000000078f800000, 0x000000078fa00000, 0x000000078fa00000|100%| O|  |TAMS 0x000000078fa00000, 0x000000078f800000| Untracked 
|1149|0x000000078fa00000, 0x000000078fc00000, 0x000000078fc00000|100%| O|  |TAMS 0x000000078fc00000, 0x000000078fa00000| Untracked 
|1150|0x000000078fc00000, 0x000000078fe00000, 0x000000078fe00000|100%| O|  |TAMS 0x000000078fe00000, 0x000000078fc00000| Untracked 
|1151|0x000000078fe00000, 0x0000000790000000, 0x0000000790000000|100%| O|  |TAMS 0x0000000790000000, 0x000000078fe00000| Untracked 
|1152|0x0000000790000000, 0x0000000790200000, 0x0000000790200000|100%| O|  |TAMS 0x0000000790200000, 0x0000000790000000| Untracked 
|1153|0x0000000790200000, 0x0000000790400000, 0x0000000790400000|100%| O|  |TAMS 0x0000000790400000, 0x0000000790200000| Untracked 
|1154|0x0000000790400000, 0x0000000790600000, 0x0000000790600000|100%| O|  |TAMS 0x0000000790600000, 0x0000000790400000| Untracked 
|1155|0x0000000790600000, 0x0000000790800000, 0x0000000790800000|100%| O|  |TAMS 0x0000000790800000, 0x0000000790600000| Untracked 
|1156|0x0000000790800000, 0x0000000790a00000, 0x0000000790a00000|100%| O|  |TAMS 0x0000000790a00000, 0x0000000790800000| Untracked 
|1157|0x0000000790a00000, 0x0000000790c00000, 0x0000000790c00000|100%| O|  |TAMS 0x0000000790c00000, 0x0000000790a00000| Complete 
|1158|0x0000000790c00000, 0x0000000790e00000, 0x0000000790e00000|100%| O|  |TAMS 0x0000000790e00000, 0x0000000790c00000| Untracked 
|1159|0x0000000790e00000, 0x0000000791000000, 0x0000000791000000|100%| O|  |TAMS 0x0000000791000000, 0x0000000790e00000| Untracked 
|1160|0x0000000791000000, 0x0000000791200000, 0x0000000791200000|100%| O|  |TAMS 0x0000000791200000, 0x0000000791000000| Untracked 
|1161|0x0000000791200000, 0x0000000791400000, 0x0000000791400000|100%| O|  |TAMS 0x0000000791400000, 0x0000000791200000| Untracked 
|1162|0x0000000791400000, 0x0000000791600000, 0x0000000791600000|100%| O|  |TAMS 0x0000000791600000, 0x0000000791400000| Untracked 
|1163|0x0000000791600000, 0x0000000791800000, 0x0000000791800000|100%| O|  |TAMS 0x0000000791800000, 0x0000000791600000| Untracked 
|1164|0x0000000791800000, 0x0000000791a00000, 0x0000000791a00000|100%| O|  |TAMS 0x0000000791a00000, 0x0000000791800000| Untracked 
|1165|0x0000000791a00000, 0x0000000791c00000, 0x0000000791c00000|100%| O|  |TAMS 0x0000000791c00000, 0x0000000791a00000| Untracked 
|1166|0x0000000791c00000, 0x0000000791e00000, 0x0000000791e00000|100%| O|  |TAMS 0x0000000791e00000, 0x0000000791c00000| Untracked 
|1167|0x0000000791e00000, 0x0000000792000000, 0x0000000792000000|100%| O|  |TAMS 0x0000000792000000, 0x0000000791e00000| Untracked 
|1168|0x0000000792000000, 0x0000000792200000, 0x0000000792200000|100%| O|  |TAMS 0x0000000792200000, 0x0000000792000000| Untracked 
|1169|0x0000000792200000, 0x0000000792200000, 0x0000000792400000|  0%| F|  |TAMS 0x0000000792200000, 0x0000000792200000| Untracked 
|1170|0x0000000792400000, 0x0000000792400000, 0x0000000792600000|  0%| F|  |TAMS 0x0000000792400000, 0x0000000792400000| Untracked 
|1171|0x0000000792600000, 0x0000000792600000, 0x0000000792800000|  0%| F|  |TAMS 0x0000000792600000, 0x0000000792600000| Untracked 
|1172|0x0000000792800000, 0x0000000792800000, 0x0000000792a00000|  0%| F|  |TAMS 0x0000000792800000, 0x0000000792800000| Untracked 
|1173|0x0000000792a00000, 0x0000000792a00000, 0x0000000792c00000|  0%| F|  |TAMS 0x0000000792a00000, 0x0000000792a00000| Untracked 
|1174|0x0000000792c00000, 0x0000000792c00000, 0x0000000792e00000|  0%| F|  |TAMS 0x0000000792c00000, 0x0000000792c00000| Untracked 
|1175|0x0000000792e00000, 0x0000000793000000, 0x0000000793000000|100%|HS|  |TAMS 0x0000000793000000, 0x0000000792e00000| Complete 
|1176|0x0000000793000000, 0x0000000793200000, 0x0000000793200000|100%|HC|  |TAMS 0x0000000793200000, 0x0000000793000000| Complete 
|1177|0x0000000793200000, 0x0000000793400000, 0x0000000793400000|100%|HC|  |TAMS 0x0000000793400000, 0x0000000793200000| Complete 
|1178|0x0000000793400000, 0x0000000793600000, 0x0000000793600000|100%|HC|  |TAMS 0x0000000793600000, 0x0000000793400000| Complete 
|1179|0x0000000793600000, 0x0000000793800000, 0x0000000793800000|100%|HC|  |TAMS 0x0000000793800000, 0x0000000793600000| Complete 
|1180|0x0000000793800000, 0x0000000793a00000, 0x0000000793a00000|100%| O|  |TAMS 0x0000000793a00000, 0x0000000793800000| Untracked 
|1181|0x0000000793a00000, 0x0000000793c00000, 0x0000000793c00000|100%| O|  |TAMS 0x0000000793c00000, 0x0000000793a00000| Untracked 
|1182|0x0000000793c00000, 0x0000000793e00000, 0x0000000793e00000|100%| O|  |TAMS 0x0000000793e00000, 0x0000000793c00000| Untracked 
|1183|0x0000000793e00000, 0x0000000794000000, 0x0000000794000000|100%| O|  |TAMS 0x0000000794000000, 0x0000000793e00000| Untracked 
|1184|0x0000000794000000, 0x0000000794000000, 0x0000000794200000|  0%| F|  |TAMS 0x0000000794000000, 0x0000000794000000| Untracked 
|1185|0x0000000794200000, 0x0000000794400000, 0x0000000794400000|100%| O|  |TAMS 0x0000000794400000, 0x0000000794200000| Untracked 
|1186|0x0000000794400000, 0x0000000794400000, 0x0000000794600000|  0%| F|  |TAMS 0x0000000794400000, 0x0000000794400000| Untracked 
|1187|0x0000000794600000, 0x0000000794600000, 0x0000000794800000|  0%| F|  |TAMS 0x0000000794600000, 0x0000000794600000| Untracked 
|1188|0x0000000794800000, 0x0000000794a00000, 0x0000000794a00000|100%| O|  |TAMS 0x0000000794a00000, 0x0000000794800000| Untracked 
|1189|0x0000000794a00000, 0x0000000794c00000, 0x0000000794c00000|100%| O|  |TAMS 0x0000000794c00000, 0x0000000794a00000| Untracked 
|1190|0x0000000794c00000, 0x0000000794c00000, 0x0000000794e00000|  0%| F|  |TAMS 0x0000000794c00000, 0x0000000794c00000| Untracked 
|1191|0x0000000794e00000, 0x0000000794e00000, 0x0000000795000000|  0%| F|  |TAMS 0x0000000794e00000, 0x0000000794e00000| Untracked 
|1192|0x0000000795000000, 0x0000000795000000, 0x0000000795200000|  0%| F|  |TAMS 0x0000000795000000, 0x0000000795000000| Untracked 
|1193|0x0000000795200000, 0x0000000795400000, 0x0000000795400000|100%|HS|  |TAMS 0x0000000795400000, 0x0000000795200000| Complete 
|1194|0x0000000795400000, 0x0000000795600000, 0x0000000795600000|100%|HC|  |TAMS 0x0000000795600000, 0x0000000795400000| Complete 
|1195|0x0000000795600000, 0x0000000795800000, 0x0000000795800000|100%|HC|  |TAMS 0x0000000795800000, 0x0000000795600000| Complete 
|1196|0x0000000795800000, 0x0000000795a00000, 0x0000000795a00000|100%|HS|  |TAMS 0x0000000795a00000, 0x0000000795800000| Complete 
|1197|0x0000000795a00000, 0x0000000795c00000, 0x0000000795c00000|100%|HC|  |TAMS 0x0000000795c00000, 0x0000000795a00000| Complete 
|1198|0x0000000795c00000, 0x0000000795e00000, 0x0000000795e00000|100%|HC|  |TAMS 0x0000000795e00000, 0x0000000795c00000| Complete 
|1199|0x0000000795e00000, 0x0000000796000000, 0x0000000796000000|100%|HS|  |TAMS 0x0000000796000000, 0x0000000795e00000| Complete 
|1200|0x0000000796000000, 0x0000000796200000, 0x0000000796200000|100%|HC|  |TAMS 0x0000000796200000, 0x0000000796000000| Complete 
|1201|0x0000000796200000, 0x0000000796200000, 0x0000000796400000|  0%| F|  |TAMS 0x0000000796200000, 0x0000000796200000| Untracked 
|1202|0x0000000796400000, 0x0000000796400000, 0x0000000796600000|  0%| F|  |TAMS 0x0000000796400000, 0x0000000796400000| Untracked 
|1203|0x0000000796600000, 0x0000000796600000, 0x0000000796800000|  0%| F|  |TAMS 0x0000000796600000, 0x0000000796600000| Untracked 
|1204|0x0000000796800000, 0x0000000796800000, 0x0000000796a00000|  0%| F|  |TAMS 0x0000000796800000, 0x0000000796800000| Untracked 
|1205|0x0000000796a00000, 0x0000000796a00000, 0x0000000796c00000|  0%| F|  |TAMS 0x0000000796a00000, 0x0000000796a00000| Untracked 
|1206|0x0000000796c00000, 0x0000000796e00000, 0x0000000796e00000|100%| O|  |TAMS 0x0000000796e00000, 0x0000000796c00000| Untracked 
|1207|0x0000000796e00000, 0x0000000797000000, 0x0000000797000000|100%| O|  |TAMS 0x0000000797000000, 0x0000000796e00000| Untracked 
|1208|0x0000000797000000, 0x0000000797200000, 0x0000000797200000|100%| O|  |TAMS 0x0000000797200000, 0x0000000797000000| Untracked 
|1209|0x0000000797200000, 0x0000000797400000, 0x0000000797400000|100%| O|  |TAMS 0x0000000797400000, 0x0000000797200000| Untracked 
|1210|0x0000000797400000, 0x0000000797600000, 0x0000000797600000|100%| O|  |TAMS 0x0000000797600000, 0x0000000797400000| Untracked 
|1211|0x0000000797600000, 0x0000000797800000, 0x0000000797800000|100%| O|  |TAMS 0x0000000797800000, 0x0000000797600000| Untracked 
|1212|0x0000000797800000, 0x0000000797a00000, 0x0000000797a00000|100%| O|  |TAMS 0x0000000797a00000, 0x0000000797800000| Untracked 
|1213|0x0000000797a00000, 0x0000000797c00000, 0x0000000797c00000|100%| O|  |TAMS 0x0000000797c00000, 0x0000000797a00000| Untracked 
|1214|0x0000000797c00000, 0x0000000797e00000, 0x0000000797e00000|100%| O|  |TAMS 0x0000000797e00000, 0x0000000797c00000| Untracked 
|1215|0x0000000797e00000, 0x0000000798000000, 0x0000000798000000|100%| O|  |TAMS 0x0000000798000000, 0x0000000797e00000| Untracked 
|1216|0x0000000798000000, 0x0000000798200000, 0x0000000798200000|100%| O|  |TAMS 0x0000000798200000, 0x0000000798000000| Untracked 
|1217|0x0000000798200000, 0x0000000798400000, 0x0000000798400000|100%| O|  |TAMS 0x0000000798400000, 0x0000000798200000| Untracked 
|1218|0x0000000798400000, 0x0000000798600000, 0x0000000798600000|100%| O|  |TAMS 0x0000000798600000, 0x0000000798400000| Untracked 
|1219|0x0000000798600000, 0x0000000798800000, 0x0000000798800000|100%| O|  |TAMS 0x0000000798800000, 0x0000000798600000| Untracked 
|1220|0x0000000798800000, 0x0000000798a00000, 0x0000000798a00000|100%| O|  |TAMS 0x0000000798a00000, 0x0000000798800000| Untracked 
|1221|0x0000000798a00000, 0x0000000798c00000, 0x0000000798c00000|100%| O|  |TAMS 0x0000000798c00000, 0x0000000798a00000| Untracked 
|1222|0x0000000798c00000, 0x0000000798e00000, 0x0000000798e00000|100%| O|  |TAMS 0x0000000798e00000, 0x0000000798c00000| Untracked 
|1223|0x0000000798e00000, 0x0000000799000000, 0x0000000799000000|100%| O|  |TAMS 0x0000000799000000, 0x0000000798e00000| Untracked 
|1224|0x0000000799000000, 0x0000000799200000, 0x0000000799200000|100%| O|  |TAMS 0x0000000799200000, 0x0000000799000000| Untracked 
|1225|0x0000000799200000, 0x0000000799400000, 0x0000000799400000|100%| O|  |TAMS 0x0000000799400000, 0x0000000799200000| Untracked 
|1226|0x0000000799400000, 0x0000000799600000, 0x0000000799600000|100%| O|  |TAMS 0x0000000799600000, 0x0000000799400000| Untracked 
|1227|0x0000000799600000, 0x0000000799800000, 0x0000000799800000|100%| O|  |TAMS 0x0000000799800000, 0x0000000799600000| Untracked 
|1228|0x0000000799800000, 0x0000000799a00000, 0x0000000799a00000|100%| O|  |TAMS 0x0000000799a00000, 0x0000000799800000| Untracked 
|1229|0x0000000799a00000, 0x0000000799c00000, 0x0000000799c00000|100%| O|  |TAMS 0x0000000799c00000, 0x0000000799a00000| Untracked 
|1230|0x0000000799c00000, 0x0000000799e00000, 0x0000000799e00000|100%| O|  |TAMS 0x0000000799e00000, 0x0000000799c00000| Untracked 
|1231|0x0000000799e00000, 0x000000079a000000, 0x000000079a000000|100%| O|  |TAMS 0x000000079a000000, 0x0000000799e00000| Untracked 
|1232|0x000000079a000000, 0x000000079a200000, 0x000000079a200000|100%| O|  |TAMS 0x000000079a200000, 0x000000079a000000| Untracked 
|1233|0x000000079a200000, 0x000000079a400000, 0x000000079a400000|100%| O|  |TAMS 0x000000079a400000, 0x000000079a200000| Untracked 
|1234|0x000000079a400000, 0x000000079a600000, 0x000000079a600000|100%| O|  |TAMS 0x000000079a600000, 0x000000079a400000| Untracked 
|1235|0x000000079a600000, 0x000000079a800000, 0x000000079a800000|100%| O|  |TAMS 0x000000079a800000, 0x000000079a600000| Untracked 
|1236|0x000000079a800000, 0x000000079aa00000, 0x000000079aa00000|100%| O|  |TAMS 0x000000079aa00000, 0x000000079a800000| Untracked 
|1237|0x000000079aa00000, 0x000000079ac00000, 0x000000079ac00000|100%| O|  |TAMS 0x000000079ac00000, 0x000000079aa00000| Untracked 
|1238|0x000000079ac00000, 0x000000079ae00000, 0x000000079ae00000|100%| O|  |TAMS 0x000000079ae00000, 0x000000079ac00000| Untracked 
|1239|0x000000079ae00000, 0x000000079b000000, 0x000000079b000000|100%| O|  |TAMS 0x000000079b000000, 0x000000079ae00000| Untracked 
|1240|0x000000079b000000, 0x000000079b200000, 0x000000079b200000|100%| O|  |TAMS 0x000000079b200000, 0x000000079b000000| Untracked 
|1241|0x000000079b200000, 0x000000079b400000, 0x000000079b400000|100%| O|  |TAMS 0x000000079b400000, 0x000000079b200000| Untracked 
|1242|0x000000079b400000, 0x000000079b600000, 0x000000079b600000|100%| O|  |TAMS 0x000000079b600000, 0x000000079b400000| Untracked 
|1243|0x000000079b600000, 0x000000079b800000, 0x000000079b800000|100%| O|  |TAMS 0x000000079b800000, 0x000000079b600000| Untracked 
|1244|0x000000079b800000, 0x000000079ba00000, 0x000000079ba00000|100%| O|  |TAMS 0x000000079ba00000, 0x000000079b800000| Untracked 
|1245|0x000000079ba00000, 0x000000079bc00000, 0x000000079bc00000|100%| O|  |TAMS 0x000000079bc00000, 0x000000079ba00000| Untracked 
|1246|0x000000079bc00000, 0x000000079be00000, 0x000000079be00000|100%| O|  |TAMS 0x000000079be00000, 0x000000079bc00000| Untracked 
|1247|0x000000079be00000, 0x000000079c000000, 0x000000079c000000|100%| O|  |TAMS 0x000000079c000000, 0x000000079be00000| Untracked 
|1248|0x000000079c000000, 0x000000079c200000, 0x000000079c200000|100%| O|  |TAMS 0x000000079c200000, 0x000000079c000000| Untracked 
|1249|0x000000079c200000, 0x000000079c400000, 0x000000079c400000|100%| O|  |TAMS 0x000000079c400000, 0x000000079c200000| Untracked 
|1250|0x000000079c400000, 0x000000079c600000, 0x000000079c600000|100%| O|  |TAMS 0x000000079c600000, 0x000000079c400000| Untracked 
|1251|0x000000079c600000, 0x000000079c800000, 0x000000079c800000|100%| O|  |TAMS 0x000000079c800000, 0x000000079c600000| Untracked 
|1252|0x000000079c800000, 0x000000079ca00000, 0x000000079ca00000|100%| O|  |TAMS 0x000000079ca00000, 0x000000079c800000| Untracked 
|1253|0x000000079ca00000, 0x000000079cc00000, 0x000000079cc00000|100%| O|  |TAMS 0x000000079cc00000, 0x000000079ca00000| Untracked 
|1254|0x000000079cc00000, 0x000000079ce00000, 0x000000079ce00000|100%| O|  |TAMS 0x000000079ce00000, 0x000000079cc00000| Untracked 
|1255|0x000000079ce00000, 0x000000079d000000, 0x000000079d000000|100%| O|  |TAMS 0x000000079d000000, 0x000000079ce00000| Untracked 
|1256|0x000000079d000000, 0x000000079d200000, 0x000000079d200000|100%| O|  |TAMS 0x000000079d200000, 0x000000079d000000| Untracked 
|1257|0x000000079d200000, 0x000000079d400000, 0x000000079d400000|100%| O|  |TAMS 0x000000079d400000, 0x000000079d200000| Untracked 
|1258|0x000000079d400000, 0x000000079d600000, 0x000000079d600000|100%| O|  |TAMS 0x000000079d600000, 0x000000079d400000| Untracked 
|1259|0x000000079d600000, 0x000000079d800000, 0x000000079d800000|100%| O|  |TAMS 0x000000079d800000, 0x000000079d600000| Untracked 
|1260|0x000000079d800000, 0x000000079da00000, 0x000000079da00000|100%| O|  |TAMS 0x000000079da00000, 0x000000079d800000| Untracked 
|1261|0x000000079da00000, 0x000000079dc00000, 0x000000079dc00000|100%| O|  |TAMS 0x000000079dc00000, 0x000000079da00000| Untracked 
|1262|0x000000079dc00000, 0x000000079de00000, 0x000000079de00000|100%| O|  |TAMS 0x000000079de00000, 0x000000079dc00000| Untracked 
|1263|0x000000079de00000, 0x000000079e000000, 0x000000079e000000|100%| O|  |TAMS 0x000000079e000000, 0x000000079de00000| Untracked 
|1264|0x000000079e000000, 0x000000079e200000, 0x000000079e200000|100%| O|  |TAMS 0x000000079e200000, 0x000000079e000000| Untracked 
|1265|0x000000079e200000, 0x000000079e400000, 0x000000079e400000|100%| O|  |TAMS 0x000000079e400000, 0x000000079e200000| Untracked 
|1266|0x000000079e400000, 0x000000079e600000, 0x000000079e600000|100%| O|  |TAMS 0x000000079e600000, 0x000000079e400000| Untracked 
|1267|0x000000079e600000, 0x000000079e800000, 0x000000079e800000|100%| O|  |TAMS 0x000000079e800000, 0x000000079e600000| Untracked 
|1268|0x000000079e800000, 0x000000079ea00000, 0x000000079ea00000|100%| O|  |TAMS 0x000000079ea00000, 0x000000079e800000| Untracked 
|1269|0x000000079ea00000, 0x000000079ec00000, 0x000000079ec00000|100%| O|  |TAMS 0x000000079ec00000, 0x000000079ea00000| Untracked 
|1270|0x000000079ec00000, 0x000000079ee00000, 0x000000079ee00000|100%| O|  |TAMS 0x000000079ee00000, 0x000000079ec00000| Untracked 
|1271|0x000000079ee00000, 0x000000079f000000, 0x000000079f000000|100%| O|  |TAMS 0x000000079f000000, 0x000000079ee00000| Untracked 
|1272|0x000000079f000000, 0x000000079f200000, 0x000000079f200000|100%| O|  |TAMS 0x000000079f200000, 0x000000079f000000| Untracked 
|1273|0x000000079f200000, 0x000000079f400000, 0x000000079f400000|100%| O|  |TAMS 0x000000079f400000, 0x000000079f200000| Untracked 
|1274|0x000000079f400000, 0x000000079f600000, 0x000000079f600000|100%| O|  |TAMS 0x000000079f600000, 0x000000079f400000| Untracked 
|1275|0x000000079f600000, 0x000000079f800000, 0x000000079f800000|100%| O|  |TAMS 0x000000079f800000, 0x000000079f600000| Untracked 
|1276|0x000000079f800000, 0x000000079fa00000, 0x000000079fa00000|100%| O|  |TAMS 0x000000079fa00000, 0x000000079f800000| Untracked 
|1277|0x000000079fa00000, 0x000000079fc00000, 0x000000079fc00000|100%| O|  |TAMS 0x000000079fc00000, 0x000000079fa00000| Untracked 
|1278|0x000000079fc00000, 0x000000079fe00000, 0x000000079fe00000|100%| O|  |TAMS 0x000000079fe00000, 0x000000079fc00000| Untracked 
|1279|0x000000079fe00000, 0x00000007a0000000, 0x00000007a0000000|100%| O|  |TAMS 0x00000007a0000000, 0x000000079fe00000| Untracked 
|1280|0x00000007a0000000, 0x00000007a0000000, 0x00000007a0200000|  0%| F|  |TAMS 0x00000007a0000000, 0x00000007a0000000| Untracked 
|1281|0x00000007a0200000, 0x00000007a0200000, 0x00000007a0400000|  0%| F|  |TAMS 0x00000007a0200000, 0x00000007a0200000| Untracked 
|1282|0x00000007a0400000, 0x00000007a0400000, 0x00000007a0600000|  0%| F|  |TAMS 0x00000007a0400000, 0x00000007a0400000| Untracked 
|1283|0x00000007a0600000, 0x00000007a0600000, 0x00000007a0800000|  0%| F|  |TAMS 0x00000007a0600000, 0x00000007a0600000| Untracked 
|1284|0x00000007a0800000, 0x00000007a0800000, 0x00000007a0a00000|  0%| F|  |TAMS 0x00000007a0800000, 0x00000007a0800000| Untracked 
|1285|0x00000007a0a00000, 0x00000007a0a00000, 0x00000007a0c00000|  0%| F|  |TAMS 0x00000007a0a00000, 0x00000007a0a00000| Untracked 
|1286|0x00000007a0c00000, 0x00000007a0c00000, 0x00000007a0e00000|  0%| F|  |TAMS 0x00000007a0c00000, 0x00000007a0c00000| Untracked 
|1287|0x00000007a0e00000, 0x00000007a0e00000, 0x00000007a1000000|  0%| F|  |TAMS 0x00000007a0e00000, 0x00000007a0e00000| Untracked 
|1288|0x00000007a1000000, 0x00000007a1000000, 0x00000007a1200000|  0%| F|  |TAMS 0x00000007a1000000, 0x00000007a1000000| Untracked 
|1289|0x00000007a1200000, 0x00000007a1200000, 0x00000007a1400000|  0%| F|  |TAMS 0x00000007a1200000, 0x00000007a1200000| Untracked 
|1290|0x00000007a1400000, 0x00000007a1400000, 0x00000007a1600000|  0%| F|  |TAMS 0x00000007a1400000, 0x00000007a1400000| Untracked 
|1291|0x00000007a1600000, 0x00000007a1600000, 0x00000007a1800000|  0%| F|  |TAMS 0x00000007a1600000, 0x00000007a1600000| Untracked 
|1292|0x00000007a1800000, 0x00000007a1800000, 0x00000007a1a00000|  0%| F|  |TAMS 0x00000007a1800000, 0x00000007a1800000| Untracked 
|1293|0x00000007a1a00000, 0x00000007a1a00000, 0x00000007a1c00000|  0%| F|  |TAMS 0x00000007a1a00000, 0x00000007a1a00000| Untracked 
|1294|0x00000007a1c00000, 0x00000007a1c00000, 0x00000007a1e00000|  0%| F|  |TAMS 0x00000007a1c00000, 0x00000007a1c00000| Untracked 
|1295|0x00000007a1e00000, 0x00000007a1e00000, 0x00000007a2000000|  0%| F|  |TAMS 0x00000007a1e00000, 0x00000007a1e00000| Untracked 
|1296|0x00000007a2000000, 0x00000007a2000000, 0x00000007a2200000|  0%| F|  |TAMS 0x00000007a2000000, 0x00000007a2000000| Untracked 
|1297|0x00000007a2200000, 0x00000007a2200000, 0x00000007a2400000|  0%| F|  |TAMS 0x00000007a2200000, 0x00000007a2200000| Untracked 
|1298|0x00000007a2400000, 0x00000007a2400000, 0x00000007a2600000|  0%| F|  |TAMS 0x00000007a2400000, 0x00000007a2400000| Untracked 
|1299|0x00000007a2600000, 0x00000007a2600000, 0x00000007a2800000|  0%| F|  |TAMS 0x00000007a2600000, 0x00000007a2600000| Untracked 
|1300|0x00000007a2800000, 0x00000007a2800000, 0x00000007a2a00000|  0%| F|  |TAMS 0x00000007a2800000, 0x00000007a2800000| Untracked 
|1301|0x00000007a2a00000, 0x00000007a2a00000, 0x00000007a2c00000|  0%| F|  |TAMS 0x00000007a2a00000, 0x00000007a2a00000| Untracked 
|1302|0x00000007a2c00000, 0x00000007a2c00000, 0x00000007a2e00000|  0%| F|  |TAMS 0x00000007a2c00000, 0x00000007a2c00000| Untracked 
|1303|0x00000007a2e00000, 0x00000007a2e00000, 0x00000007a3000000|  0%| F|  |TAMS 0x00000007a2e00000, 0x00000007a2e00000| Untracked 
|1304|0x00000007a3000000, 0x00000007a3000000, 0x00000007a3200000|  0%| F|  |TAMS 0x00000007a3000000, 0x00000007a3000000| Untracked 
|1305|0x00000007a3200000, 0x00000007a3200000, 0x00000007a3400000|  0%| F|  |TAMS 0x00000007a3200000, 0x00000007a3200000| Untracked 
|1306|0x00000007a3400000, 0x00000007a3400000, 0x00000007a3600000|  0%| F|  |TAMS 0x00000007a3400000, 0x00000007a3400000| Untracked 
|1307|0x00000007a3600000, 0x00000007a3600000, 0x00000007a3800000|  0%| F|  |TAMS 0x00000007a3600000, 0x00000007a3600000| Untracked 
|1308|0x00000007a3800000, 0x00000007a3800000, 0x00000007a3a00000|  0%| F|  |TAMS 0x00000007a3800000, 0x00000007a3800000| Untracked 
|1309|0x00000007a3a00000, 0x00000007a3a00000, 0x00000007a3c00000|  0%| F|  |TAMS 0x00000007a3a00000, 0x00000007a3a00000| Untracked 
|1310|0x00000007a3c00000, 0x00000007a3c00000, 0x00000007a3e00000|  0%| F|  |TAMS 0x00000007a3c00000, 0x00000007a3c00000| Untracked 
|1311|0x00000007a3e00000, 0x00000007a3e00000, 0x00000007a4000000|  0%| F|  |TAMS 0x00000007a3e00000, 0x00000007a3e00000| Untracked 
|1312|0x00000007a4000000, 0x00000007a4000000, 0x00000007a4200000|  0%| F|  |TAMS 0x00000007a4000000, 0x00000007a4000000| Untracked 
|1313|0x00000007a4200000, 0x00000007a4200000, 0x00000007a4400000|  0%| F|  |TAMS 0x00000007a4200000, 0x00000007a4200000| Untracked 
|1314|0x00000007a4400000, 0x00000007a4400000, 0x00000007a4600000|  0%| F|  |TAMS 0x00000007a4400000, 0x00000007a4400000| Untracked 
|1315|0x00000007a4600000, 0x00000007a4600000, 0x00000007a4800000|  0%| F|  |TAMS 0x00000007a4600000, 0x00000007a4600000| Untracked 
|1316|0x00000007a4800000, 0x00000007a4800000, 0x00000007a4a00000|  0%| F|  |TAMS 0x00000007a4800000, 0x00000007a4800000| Untracked 
|1317|0x00000007a4a00000, 0x00000007a4a00000, 0x00000007a4c00000|  0%| F|  |TAMS 0x00000007a4a00000, 0x00000007a4a00000| Untracked 
|1318|0x00000007a4c00000, 0x00000007a4c00000, 0x00000007a4e00000|  0%| F|  |TAMS 0x00000007a4c00000, 0x00000007a4c00000| Untracked 
|1319|0x00000007a4e00000, 0x00000007a4e00000, 0x00000007a5000000|  0%| F|  |TAMS 0x00000007a4e00000, 0x00000007a4e00000| Untracked 
|1320|0x00000007a5000000, 0x00000007a5000000, 0x00000007a5200000|  0%| F|  |TAMS 0x00000007a5000000, 0x00000007a5000000| Untracked 
|1321|0x00000007a5200000, 0x00000007a5200000, 0x00000007a5400000|  0%| F|  |TAMS 0x00000007a5200000, 0x00000007a5200000| Untracked 
|1322|0x00000007a5400000, 0x00000007a5400000, 0x00000007a5600000|  0%| F|  |TAMS 0x00000007a5400000, 0x00000007a5400000| Untracked 
|1323|0x00000007a5600000, 0x00000007a5600000, 0x00000007a5800000|  0%| F|  |TAMS 0x00000007a5600000, 0x00000007a5600000| Untracked 
|1324|0x00000007a5800000, 0x00000007a5800000, 0x00000007a5a00000|  0%| F|  |TAMS 0x00000007a5800000, 0x00000007a5800000| Untracked 
|1325|0x00000007a5a00000, 0x00000007a5a00000, 0x00000007a5c00000|  0%| F|  |TAMS 0x00000007a5a00000, 0x00000007a5a00000| Untracked 
|1326|0x00000007a5c00000, 0x00000007a5c00000, 0x00000007a5e00000|  0%| F|  |TAMS 0x00000007a5c00000, 0x00000007a5c00000| Untracked 
|1327|0x00000007a5e00000, 0x00000007a5e00000, 0x00000007a6000000|  0%| F|  |TAMS 0x00000007a5e00000, 0x00000007a5e00000| Untracked 
|1328|0x00000007a6000000, 0x00000007a6000000, 0x00000007a6200000|  0%| F|  |TAMS 0x00000007a6000000, 0x00000007a6000000| Untracked 
|1329|0x00000007a6200000, 0x00000007a6200000, 0x00000007a6400000|  0%| F|  |TAMS 0x00000007a6200000, 0x00000007a6200000| Untracked 
|1330|0x00000007a6400000, 0x00000007a6400000, 0x00000007a6600000|  0%| F|  |TAMS 0x00000007a6400000, 0x00000007a6400000| Untracked 
|1331|0x00000007a6600000, 0x00000007a6600000, 0x00000007a6800000|  0%| F|  |TAMS 0x00000007a6600000, 0x00000007a6600000| Untracked 
|1332|0x00000007a6800000, 0x00000007a6800000, 0x00000007a6a00000|  0%| F|  |TAMS 0x00000007a6800000, 0x00000007a6800000| Untracked 
|1333|0x00000007a6a00000, 0x00000007a6a00000, 0x00000007a6c00000|  0%| F|  |TAMS 0x00000007a6a00000, 0x00000007a6a00000| Untracked 
|1334|0x00000007a6c00000, 0x00000007a6c00000, 0x00000007a6e00000|  0%| F|  |TAMS 0x00000007a6c00000, 0x00000007a6c00000| Untracked 
|1335|0x00000007a6e00000, 0x00000007a6e00000, 0x00000007a7000000|  0%| F|  |TAMS 0x00000007a6e00000, 0x00000007a6e00000| Untracked 
|1336|0x00000007a7000000, 0x00000007a7000000, 0x00000007a7200000|  0%| F|  |TAMS 0x00000007a7000000, 0x00000007a7000000| Untracked 
|1337|0x00000007a7200000, 0x00000007a7200000, 0x00000007a7400000|  0%| F|  |TAMS 0x00000007a7200000, 0x00000007a7200000| Untracked 
|1338|0x00000007a7400000, 0x00000007a7400000, 0x00000007a7600000|  0%| F|  |TAMS 0x00000007a7400000, 0x00000007a7400000| Untracked 
|1339|0x00000007a7600000, 0x00000007a7600000, 0x00000007a7800000|  0%| F|  |TAMS 0x00000007a7600000, 0x00000007a7600000| Untracked 
|1340|0x00000007a7800000, 0x00000007a7800000, 0x00000007a7a00000|  0%| F|  |TAMS 0x00000007a7800000, 0x00000007a7800000| Untracked 
|1341|0x00000007a7a00000, 0x00000007a7a00000, 0x00000007a7c00000|  0%| F|  |TAMS 0x00000007a7a00000, 0x00000007a7a00000| Untracked 
|1342|0x00000007a7c00000, 0x00000007a7c00000, 0x00000007a7e00000|  0%| F|  |TAMS 0x00000007a7c00000, 0x00000007a7c00000| Untracked 
|1343|0x00000007a7e00000, 0x00000007a7e00000, 0x00000007a8000000|  0%| F|  |TAMS 0x00000007a7e00000, 0x00000007a7e00000| Untracked 
|1344|0x00000007a8000000, 0x00000007a8000000, 0x00000007a8200000|  0%| F|  |TAMS 0x00000007a8000000, 0x00000007a8000000| Untracked 
|1345|0x00000007a8200000, 0x00000007a8200000, 0x00000007a8400000|  0%| F|  |TAMS 0x00000007a8200000, 0x00000007a8200000| Untracked 
|1346|0x00000007a8400000, 0x00000007a8400000, 0x00000007a8600000|  0%| F|  |TAMS 0x00000007a8400000, 0x00000007a8400000| Untracked 
|1347|0x00000007a8600000, 0x00000007a8600000, 0x00000007a8800000|  0%| F|  |TAMS 0x00000007a8600000, 0x00000007a8600000| Untracked 
|1348|0x00000007a8800000, 0x00000007a8800000, 0x00000007a8a00000|  0%| F|  |TAMS 0x00000007a8800000, 0x00000007a8800000| Untracked 
|1349|0x00000007a8a00000, 0x00000007a8a00000, 0x00000007a8c00000|  0%| F|  |TAMS 0x00000007a8a00000, 0x00000007a8a00000| Untracked 
|1350|0x00000007a8c00000, 0x00000007a8c00000, 0x00000007a8e00000|  0%| F|  |TAMS 0x00000007a8c00000, 0x00000007a8c00000| Untracked 
|1351|0x00000007a8e00000, 0x00000007a8e00000, 0x00000007a9000000|  0%| F|  |TAMS 0x00000007a8e00000, 0x00000007a8e00000| Untracked 
|1352|0x00000007a9000000, 0x00000007a9000000, 0x00000007a9200000|  0%| F|  |TAMS 0x00000007a9000000, 0x00000007a9000000| Untracked 
|1353|0x00000007a9200000, 0x00000007a9200000, 0x00000007a9400000|  0%| F|  |TAMS 0x00000007a9200000, 0x00000007a9200000| Untracked 
|1354|0x00000007a9400000, 0x00000007a9400000, 0x00000007a9600000|  0%| F|  |TAMS 0x00000007a9400000, 0x00000007a9400000| Untracked 
|1355|0x00000007a9600000, 0x00000007a9600000, 0x00000007a9800000|  0%| F|  |TAMS 0x00000007a9600000, 0x00000007a9600000| Untracked 
|1356|0x00000007a9800000, 0x00000007a9800000, 0x00000007a9a00000|  0%| F|  |TAMS 0x00000007a9800000, 0x00000007a9800000| Untracked 
|1357|0x00000007a9a00000, 0x00000007a9a00000, 0x00000007a9c00000|  0%| F|  |TAMS 0x00000007a9a00000, 0x00000007a9a00000| Untracked 
|1358|0x00000007a9c00000, 0x00000007a9c00000, 0x00000007a9e00000|  0%| F|  |TAMS 0x00000007a9c00000, 0x00000007a9c00000| Untracked 
|1359|0x00000007a9e00000, 0x00000007a9e00000, 0x00000007aa000000|  0%| F|  |TAMS 0x00000007a9e00000, 0x00000007a9e00000| Untracked 
|1360|0x00000007aa000000, 0x00000007aa000000, 0x00000007aa200000|  0%| F|  |TAMS 0x00000007aa000000, 0x00000007aa000000| Untracked 
|1361|0x00000007aa200000, 0x00000007aa200000, 0x00000007aa400000|  0%| F|  |TAMS 0x00000007aa200000, 0x00000007aa200000| Untracked 
|1362|0x00000007aa400000, 0x00000007aa400000, 0x00000007aa600000|  0%| F|  |TAMS 0x00000007aa400000, 0x00000007aa400000| Untracked 
|1363|0x00000007aa600000, 0x00000007aa600000, 0x00000007aa800000|  0%| F|  |TAMS 0x00000007aa600000, 0x00000007aa600000| Untracked 
|1364|0x00000007aa800000, 0x00000007aa800000, 0x00000007aaa00000|  0%| F|  |TAMS 0x00000007aa800000, 0x00000007aa800000| Untracked 
|1365|0x00000007aaa00000, 0x00000007aaa00000, 0x00000007aac00000|  0%| F|  |TAMS 0x00000007aaa00000, 0x00000007aaa00000| Untracked 
|1366|0x00000007aac00000, 0x00000007aac00000, 0x00000007aae00000|  0%| F|  |TAMS 0x00000007aac00000, 0x00000007aac00000| Untracked 
|1367|0x00000007aae00000, 0x00000007aae00000, 0x00000007ab000000|  0%| F|  |TAMS 0x00000007aae00000, 0x00000007aae00000| Untracked 
|1368|0x00000007ab000000, 0x00000007ab000000, 0x00000007ab200000|  0%| F|  |TAMS 0x00000007ab000000, 0x00000007ab000000| Untracked 
|1369|0x00000007ab200000, 0x00000007ab200000, 0x00000007ab400000|  0%| F|  |TAMS 0x00000007ab200000, 0x00000007ab200000| Untracked 
|1370|0x00000007ab400000, 0x00000007ab400000, 0x00000007ab600000|  0%| F|  |TAMS 0x00000007ab400000, 0x00000007ab400000| Untracked 
|1371|0x00000007ab600000, 0x00000007ab600000, 0x00000007ab800000|  0%| F|  |TAMS 0x00000007ab600000, 0x00000007ab600000| Untracked 
|1372|0x00000007ab800000, 0x00000007ab800000, 0x00000007aba00000|  0%| F|  |TAMS 0x00000007ab800000, 0x00000007ab800000| Untracked 
|1373|0x00000007aba00000, 0x00000007aba00000, 0x00000007abc00000|  0%| F|  |TAMS 0x00000007aba00000, 0x00000007aba00000| Untracked 
|1374|0x00000007abc00000, 0x00000007abc00000, 0x00000007abe00000|  0%| F|  |TAMS 0x00000007abc00000, 0x00000007abc00000| Untracked 
|1375|0x00000007abe00000, 0x00000007abe00000, 0x00000007ac000000|  0%| F|  |TAMS 0x00000007abe00000, 0x00000007abe00000| Untracked 
|1376|0x00000007ac000000, 0x00000007ac000000, 0x00000007ac200000|  0%| F|  |TAMS 0x00000007ac000000, 0x00000007ac000000| Untracked 
|1377|0x00000007ac200000, 0x00000007ac200000, 0x00000007ac400000|  0%| F|  |TAMS 0x00000007ac200000, 0x00000007ac200000| Untracked 
|1378|0x00000007ac400000, 0x00000007ac400000, 0x00000007ac600000|  0%| F|  |TAMS 0x00000007ac400000, 0x00000007ac400000| Untracked 
|1379|0x00000007ac600000, 0x00000007ac600000, 0x00000007ac800000|  0%| F|  |TAMS 0x00000007ac600000, 0x00000007ac600000| Untracked 
|1380|0x00000007ac800000, 0x00000007ac800000, 0x00000007aca00000|  0%| F|  |TAMS 0x00000007ac800000, 0x00000007ac800000| Untracked 
|1381|0x00000007aca00000, 0x00000007aca00000, 0x00000007acc00000|  0%| F|  |TAMS 0x00000007aca00000, 0x00000007aca00000| Untracked 
|1382|0x00000007acc00000, 0x00000007acc00000, 0x00000007ace00000|  0%| F|  |TAMS 0x00000007acc00000, 0x00000007acc00000| Untracked 
|1383|0x00000007ace00000, 0x00000007ace00000, 0x00000007ad000000|  0%| F|  |TAMS 0x00000007ace00000, 0x00000007ace00000| Untracked 
|1384|0x00000007ad000000, 0x00000007ad000000, 0x00000007ad200000|  0%| F|  |TAMS 0x00000007ad000000, 0x00000007ad000000| Untracked 
|1385|0x00000007ad200000, 0x00000007ad200000, 0x00000007ad400000|  0%| F|  |TAMS 0x00000007ad200000, 0x00000007ad200000| Untracked 
|1386|0x00000007ad400000, 0x00000007ad400000, 0x00000007ad600000|  0%| F|  |TAMS 0x00000007ad400000, 0x00000007ad400000| Untracked 
|1387|0x00000007ad600000, 0x00000007ad600000, 0x00000007ad800000|  0%| F|  |TAMS 0x00000007ad600000, 0x00000007ad600000| Untracked 
|1388|0x00000007ad800000, 0x00000007ad800000, 0x00000007ada00000|  0%| F|  |TAMS 0x00000007ad800000, 0x00000007ad800000| Untracked 
|1389|0x00000007ada00000, 0x00000007ada00000, 0x00000007adc00000|  0%| F|  |TAMS 0x00000007ada00000, 0x00000007ada00000| Untracked 
|1390|0x00000007adc00000, 0x00000007adc00000, 0x00000007ade00000|  0%| F|  |TAMS 0x00000007adc00000, 0x00000007adc00000| Untracked 
|1391|0x00000007ade00000, 0x00000007ade00000, 0x00000007ae000000|  0%| F|  |TAMS 0x00000007ade00000, 0x00000007ade00000| Untracked 
|1392|0x00000007ae000000, 0x00000007ae000000, 0x00000007ae200000|  0%| F|  |TAMS 0x00000007ae000000, 0x00000007ae000000| Untracked 
|1393|0x00000007ae200000, 0x00000007ae200000, 0x00000007ae400000|  0%| F|  |TAMS 0x00000007ae200000, 0x00000007ae200000| Untracked 
|1394|0x00000007ae400000, 0x00000007ae400000, 0x00000007ae600000|  0%| F|  |TAMS 0x00000007ae400000, 0x00000007ae400000| Untracked 
|1395|0x00000007ae600000, 0x00000007ae600000, 0x00000007ae800000|  0%| F|  |TAMS 0x00000007ae600000, 0x00000007ae600000| Untracked 
|1396|0x00000007ae800000, 0x00000007ae800000, 0x00000007aea00000|  0%| F|  |TAMS 0x00000007ae800000, 0x00000007ae800000| Untracked 
|1397|0x00000007aea00000, 0x00000007aea00000, 0x00000007aec00000|  0%| F|  |TAMS 0x00000007aea00000, 0x00000007aea00000| Untracked 
|1398|0x00000007aec00000, 0x00000007aec00000, 0x00000007aee00000|  0%| F|  |TAMS 0x00000007aec00000, 0x00000007aec00000| Untracked 
|1399|0x00000007aee00000, 0x00000007aee00000, 0x00000007af000000|  0%| F|  |TAMS 0x00000007aee00000, 0x00000007aee00000| Untracked 
|1400|0x00000007af000000, 0x00000007af000000, 0x00000007af200000|  0%| F|  |TAMS 0x00000007af000000, 0x00000007af000000| Untracked 
|1401|0x00000007af200000, 0x00000007af200000, 0x00000007af400000|  0%| F|  |TAMS 0x00000007af200000, 0x00000007af200000| Untracked 
|1402|0x00000007af400000, 0x00000007af400000, 0x00000007af600000|  0%| F|  |TAMS 0x00000007af400000, 0x00000007af400000| Untracked 
|1403|0x00000007af600000, 0x00000007af600000, 0x00000007af800000|  0%| F|  |TAMS 0x00000007af600000, 0x00000007af600000| Untracked 
|1404|0x00000007af800000, 0x00000007af800000, 0x00000007afa00000|  0%| F|  |TAMS 0x00000007af800000, 0x00000007af800000| Untracked 
|1405|0x00000007afa00000, 0x00000007afa00000, 0x00000007afc00000|  0%| F|  |TAMS 0x00000007afa00000, 0x00000007afa00000| Untracked 
|1406|0x00000007afc00000, 0x00000007afc00000, 0x00000007afe00000|  0%| F|  |TAMS 0x00000007afc00000, 0x00000007afc00000| Untracked 
|1407|0x00000007afe00000, 0x00000007afe00000, 0x00000007b0000000|  0%| F|  |TAMS 0x00000007afe00000, 0x00000007afe00000| Untracked 
|1408|0x00000007b0000000, 0x00000007b0000000, 0x00000007b0200000|  0%| F|  |TAMS 0x00000007b0000000, 0x00000007b0000000| Untracked 
|1409|0x00000007b0200000, 0x00000007b0200000, 0x00000007b0400000|  0%| F|  |TAMS 0x00000007b0200000, 0x00000007b0200000| Untracked 
|1410|0x00000007b0400000, 0x00000007b0400000, 0x00000007b0600000|  0%| F|  |TAMS 0x00000007b0400000, 0x00000007b0400000| Untracked 
|1411|0x00000007b0600000, 0x00000007b0600000, 0x00000007b0800000|  0%| F|  |TAMS 0x00000007b0600000, 0x00000007b0600000| Untracked 
|1412|0x00000007b0800000, 0x00000007b0800000, 0x00000007b0a00000|  0%| F|  |TAMS 0x00000007b0800000, 0x00000007b0800000| Untracked 
|1413|0x00000007b0a00000, 0x00000007b0a00000, 0x00000007b0c00000|  0%| F|  |TAMS 0x00000007b0a00000, 0x00000007b0a00000| Untracked 
|1414|0x00000007b0c00000, 0x00000007b0c00000, 0x00000007b0e00000|  0%| F|  |TAMS 0x00000007b0c00000, 0x00000007b0c00000| Untracked 
|1415|0x00000007b0e00000, 0x00000007b0e00000, 0x00000007b1000000|  0%| F|  |TAMS 0x00000007b0e00000, 0x00000007b0e00000| Untracked 
|1416|0x00000007b1000000, 0x00000007b1000000, 0x00000007b1200000|  0%| F|  |TAMS 0x00000007b1000000, 0x00000007b1000000| Untracked 
|1417|0x00000007b1200000, 0x00000007b1200000, 0x00000007b1400000|  0%| F|  |TAMS 0x00000007b1200000, 0x00000007b1200000| Untracked 
|1418|0x00000007b1400000, 0x00000007b1400000, 0x00000007b1600000|  0%| F|  |TAMS 0x00000007b1400000, 0x00000007b1400000| Untracked 
|1419|0x00000007b1600000, 0x00000007b1600000, 0x00000007b1800000|  0%| F|  |TAMS 0x00000007b1600000, 0x00000007b1600000| Untracked 
|1420|0x00000007b1800000, 0x00000007b1800000, 0x00000007b1a00000|  0%| F|  |TAMS 0x00000007b1800000, 0x00000007b1800000| Untracked 
|1421|0x00000007b1a00000, 0x00000007b1a00000, 0x00000007b1c00000|  0%| F|  |TAMS 0x00000007b1a00000, 0x00000007b1a00000| Untracked 
|1422|0x00000007b1c00000, 0x00000007b1c00000, 0x00000007b1e00000|  0%| F|  |TAMS 0x00000007b1c00000, 0x00000007b1c00000| Untracked 
|1423|0x00000007b1e00000, 0x00000007b1e00000, 0x00000007b2000000|  0%| F|  |TAMS 0x00000007b1e00000, 0x00000007b1e00000| Untracked 
|1424|0x00000007b2000000, 0x00000007b2000000, 0x00000007b2200000|  0%| F|  |TAMS 0x00000007b2000000, 0x00000007b2000000| Untracked 
|1425|0x00000007b2200000, 0x00000007b2200000, 0x00000007b2400000|  0%| F|  |TAMS 0x00000007b2200000, 0x00000007b2200000| Untracked 
|1426|0x00000007b2400000, 0x00000007b2400000, 0x00000007b2600000|  0%| F|  |TAMS 0x00000007b2400000, 0x00000007b2400000| Untracked 
|1427|0x00000007b2600000, 0x00000007b2600000, 0x00000007b2800000|  0%| F|  |TAMS 0x00000007b2600000, 0x00000007b2600000| Untracked 
|1428|0x00000007b2800000, 0x00000007b2800000, 0x00000007b2a00000|  0%| F|  |TAMS 0x00000007b2800000, 0x00000007b2800000| Untracked 
|1429|0x00000007b2a00000, 0x00000007b2a00000, 0x00000007b2c00000|  0%| F|  |TAMS 0x00000007b2a00000, 0x00000007b2a00000| Untracked 
|1430|0x00000007b2c00000, 0x00000007b2c00000, 0x00000007b2e00000|  0%| F|  |TAMS 0x00000007b2c00000, 0x00000007b2c00000| Untracked 
|1431|0x00000007b2e00000, 0x00000007b2e00000, 0x00000007b3000000|  0%| F|  |TAMS 0x00000007b2e00000, 0x00000007b2e00000| Untracked 
|1432|0x00000007b3000000, 0x00000007b3000000, 0x00000007b3200000|  0%| F|  |TAMS 0x00000007b3000000, 0x00000007b3000000| Untracked 
|1433|0x00000007b3200000, 0x00000007b3200000, 0x00000007b3400000|  0%| F|  |TAMS 0x00000007b3200000, 0x00000007b3200000| Untracked 
|1434|0x00000007b3400000, 0x00000007b3400000, 0x00000007b3600000|  0%| F|  |TAMS 0x00000007b3400000, 0x00000007b3400000| Untracked 
|1435|0x00000007b3600000, 0x00000007b3600000, 0x00000007b3800000|  0%| F|  |TAMS 0x00000007b3600000, 0x00000007b3600000| Untracked 
|1436|0x00000007b3800000, 0x00000007b3800000, 0x00000007b3a00000|  0%| F|  |TAMS 0x00000007b3800000, 0x00000007b3800000| Untracked 
|1437|0x00000007b3a00000, 0x00000007b3a00000, 0x00000007b3c00000|  0%| F|  |TAMS 0x00000007b3a00000, 0x00000007b3a00000| Untracked 
|1438|0x00000007b3c00000, 0x00000007b3c00000, 0x00000007b3e00000|  0%| F|  |TAMS 0x00000007b3c00000, 0x00000007b3c00000| Untracked 
|1439|0x00000007b3e00000, 0x00000007b3e00000, 0x00000007b4000000|  0%| F|  |TAMS 0x00000007b3e00000, 0x00000007b3e00000| Untracked 
|1440|0x00000007b4000000, 0x00000007b4000000, 0x00000007b4200000|  0%| F|  |TAMS 0x00000007b4000000, 0x00000007b4000000| Untracked 
|1441|0x00000007b4200000, 0x00000007b4200000, 0x00000007b4400000|  0%| F|  |TAMS 0x00000007b4200000, 0x00000007b4200000| Untracked 
|1442|0x00000007b4400000, 0x00000007b4400000, 0x00000007b4600000|  0%| F|  |TAMS 0x00000007b4400000, 0x00000007b4400000| Untracked 
|1443|0x00000007b4600000, 0x00000007b4600000, 0x00000007b4800000|  0%| F|  |TAMS 0x00000007b4600000, 0x00000007b4600000| Untracked 
|1444|0x00000007b4800000, 0x00000007b4800000, 0x00000007b4a00000|  0%| F|  |TAMS 0x00000007b4800000, 0x00000007b4800000| Untracked 
|1445|0x00000007b4a00000, 0x00000007b4a00000, 0x00000007b4c00000|  0%| F|  |TAMS 0x00000007b4a00000, 0x00000007b4a00000| Untracked 
|1446|0x00000007b4c00000, 0x00000007b4c00000, 0x00000007b4e00000|  0%| F|  |TAMS 0x00000007b4c00000, 0x00000007b4c00000| Untracked 
|1447|0x00000007b4e00000, 0x00000007b4e00000, 0x00000007b5000000|  0%| F|  |TAMS 0x00000007b4e00000, 0x00000007b4e00000| Untracked 
|1448|0x00000007b5000000, 0x00000007b5000000, 0x00000007b5200000|  0%| F|  |TAMS 0x00000007b5000000, 0x00000007b5000000| Untracked 
|1449|0x00000007b5200000, 0x00000007b5200000, 0x00000007b5400000|  0%| F|  |TAMS 0x00000007b5200000, 0x00000007b5200000| Untracked 
|1450|0x00000007b5400000, 0x00000007b5400000, 0x00000007b5600000|  0%| F|  |TAMS 0x00000007b5400000, 0x00000007b5400000| Untracked 
|1451|0x00000007b5600000, 0x00000007b5600000, 0x00000007b5800000|  0%| F|  |TAMS 0x00000007b5600000, 0x00000007b5600000| Untracked 
|1452|0x00000007b5800000, 0x00000007b5800000, 0x00000007b5a00000|  0%| F|  |TAMS 0x00000007b5800000, 0x00000007b5800000| Untracked 
|1453|0x00000007b5a00000, 0x00000007b5a00000, 0x00000007b5c00000|  0%| F|  |TAMS 0x00000007b5a00000, 0x00000007b5a00000| Untracked 
|1454|0x00000007b5c00000, 0x00000007b5c00000, 0x00000007b5e00000|  0%| F|  |TAMS 0x00000007b5c00000, 0x00000007b5c00000| Untracked 
|1455|0x00000007b5e00000, 0x00000007b5e00000, 0x00000007b6000000|  0%| F|  |TAMS 0x00000007b5e00000, 0x00000007b5e00000| Untracked 
|1456|0x00000007b6000000, 0x00000007b6000000, 0x00000007b6200000|  0%| F|  |TAMS 0x00000007b6000000, 0x00000007b6000000| Untracked 
|1457|0x00000007b6200000, 0x00000007b6200000, 0x00000007b6400000|  0%| F|  |TAMS 0x00000007b6200000, 0x00000007b6200000| Untracked 
|1458|0x00000007b6400000, 0x00000007b6400000, 0x00000007b6600000|  0%| F|  |TAMS 0x00000007b6400000, 0x00000007b6400000| Untracked 
|1459|0x00000007b6600000, 0x00000007b6600000, 0x00000007b6800000|  0%| F|  |TAMS 0x00000007b6600000, 0x00000007b6600000| Untracked 
|1460|0x00000007b6800000, 0x00000007b6800000, 0x00000007b6a00000|  0%| F|  |TAMS 0x00000007b6800000, 0x00000007b6800000| Untracked 
|1461|0x00000007b6a00000, 0x00000007b6a00000, 0x00000007b6c00000|  0%| F|  |TAMS 0x00000007b6a00000, 0x00000007b6a00000| Untracked 
|1462|0x00000007b6c00000, 0x00000007b6c00000, 0x00000007b6e00000|  0%| F|  |TAMS 0x00000007b6c00000, 0x00000007b6c00000| Untracked 
|1463|0x00000007b6e00000, 0x00000007b6e00000, 0x00000007b7000000|  0%| F|  |TAMS 0x00000007b6e00000, 0x00000007b6e00000| Untracked 
|1464|0x00000007b7000000, 0x00000007b7000000, 0x00000007b7200000|  0%| F|  |TAMS 0x00000007b7000000, 0x00000007b7000000| Untracked 
|1465|0x00000007b7200000, 0x00000007b7200000, 0x00000007b7400000|  0%| F|  |TAMS 0x00000007b7200000, 0x00000007b7200000| Untracked 
|1466|0x00000007b7400000, 0x00000007b7400000, 0x00000007b7600000|  0%| F|  |TAMS 0x00000007b7400000, 0x00000007b7400000| Untracked 
|1467|0x00000007b7600000, 0x00000007b7600000, 0x00000007b7800000|  0%| F|  |TAMS 0x00000007b7600000, 0x00000007b7600000| Untracked 
|1468|0x00000007b7800000, 0x00000007b7800000, 0x00000007b7a00000|  0%| F|  |TAMS 0x00000007b7800000, 0x00000007b7800000| Untracked 
|1469|0x00000007b7a00000, 0x00000007b7a00000, 0x00000007b7c00000|  0%| F|  |TAMS 0x00000007b7a00000, 0x00000007b7a00000| Untracked 
|1470|0x00000007b7c00000, 0x00000007b7c00000, 0x00000007b7e00000|  0%| F|  |TAMS 0x00000007b7c00000, 0x00000007b7c00000| Untracked 
|1471|0x00000007b7e00000, 0x00000007b7e00000, 0x00000007b8000000|  0%| F|  |TAMS 0x00000007b7e00000, 0x00000007b7e00000| Untracked 
|1472|0x00000007b8000000, 0x00000007b8000000, 0x00000007b8200000|  0%| F|  |TAMS 0x00000007b8000000, 0x00000007b8000000| Untracked 
|1473|0x00000007b8200000, 0x00000007b8200000, 0x00000007b8400000|  0%| F|  |TAMS 0x00000007b8200000, 0x00000007b8200000| Untracked 
|1474|0x00000007b8400000, 0x00000007b8400000, 0x00000007b8600000|  0%| F|  |TAMS 0x00000007b8400000, 0x00000007b8400000| Untracked 
|1475|0x00000007b8600000, 0x00000007b8600000, 0x00000007b8800000|  0%| F|  |TAMS 0x00000007b8600000, 0x00000007b8600000| Untracked 
|1476|0x00000007b8800000, 0x00000007b8800000, 0x00000007b8a00000|  0%| F|  |TAMS 0x00000007b8800000, 0x00000007b8800000| Untracked 
|1477|0x00000007b8a00000, 0x00000007b8a00000, 0x00000007b8c00000|  0%| F|  |TAMS 0x00000007b8a00000, 0x00000007b8a00000| Untracked 
|1478|0x00000007b8c00000, 0x00000007b8c00000, 0x00000007b8e00000|  0%| F|  |TAMS 0x00000007b8c00000, 0x00000007b8c00000| Untracked 
|1479|0x00000007b8e00000, 0x00000007b8e00000, 0x00000007b9000000|  0%| F|  |TAMS 0x00000007b8e00000, 0x00000007b8e00000| Untracked 
|1480|0x00000007b9000000, 0x00000007b9000000, 0x00000007b9200000|  0%| F|  |TAMS 0x00000007b9000000, 0x00000007b9000000| Untracked 
|1481|0x00000007b9200000, 0x00000007b9200000, 0x00000007b9400000|  0%| F|  |TAMS 0x00000007b9200000, 0x00000007b9200000| Untracked 
|1482|0x00000007b9400000, 0x00000007b9400000, 0x00000007b9600000|  0%| F|  |TAMS 0x00000007b9400000, 0x00000007b9400000| Untracked 
|1483|0x00000007b9600000, 0x00000007b9600000, 0x00000007b9800000|  0%| F|  |TAMS 0x00000007b9600000, 0x00000007b9600000| Untracked 
|1484|0x00000007b9800000, 0x00000007b9800000, 0x00000007b9a00000|  0%| F|  |TAMS 0x00000007b9800000, 0x00000007b9800000| Untracked 
|1485|0x00000007b9a00000, 0x00000007b9a00000, 0x00000007b9c00000|  0%| F|  |TAMS 0x00000007b9a00000, 0x00000007b9a00000| Untracked 
|1486|0x00000007b9c00000, 0x00000007b9c00000, 0x00000007b9e00000|  0%| F|  |TAMS 0x00000007b9c00000, 0x00000007b9c00000| Untracked 
|1487|0x00000007b9e00000, 0x00000007b9e00000, 0x00000007ba000000|  0%| F|  |TAMS 0x00000007b9e00000, 0x00000007b9e00000| Untracked 
|1488|0x00000007ba000000, 0x00000007ba000000, 0x00000007ba200000|  0%| F|  |TAMS 0x00000007ba000000, 0x00000007ba000000| Untracked 
|1489|0x00000007ba200000, 0x00000007ba200000, 0x00000007ba400000|  0%| F|  |TAMS 0x00000007ba200000, 0x00000007ba200000| Untracked 
|1490|0x00000007ba400000, 0x00000007ba400000, 0x00000007ba600000|  0%| F|  |TAMS 0x00000007ba400000, 0x00000007ba400000| Untracked 
|1491|0x00000007ba600000, 0x00000007ba600000, 0x00000007ba800000|  0%| F|  |TAMS 0x00000007ba600000, 0x00000007ba600000| Untracked 
|1492|0x00000007ba800000, 0x00000007ba800000, 0x00000007baa00000|  0%| F|  |TAMS 0x00000007ba800000, 0x00000007ba800000| Untracked 
|1493|0x00000007baa00000, 0x00000007baa00000, 0x00000007bac00000|  0%| F|  |TAMS 0x00000007baa00000, 0x00000007baa00000| Untracked 
|1494|0x00000007bac00000, 0x00000007bac00000, 0x00000007bae00000|  0%| F|  |TAMS 0x00000007bac00000, 0x00000007bac00000| Untracked 
|1495|0x00000007bae00000, 0x00000007bae00000, 0x00000007bb000000|  0%| F|  |TAMS 0x00000007bae00000, 0x00000007bae00000| Untracked 
|1496|0x00000007bb000000, 0x00000007bb000000, 0x00000007bb200000|  0%| F|  |TAMS 0x00000007bb000000, 0x00000007bb000000| Untracked 
|1497|0x00000007bb200000, 0x00000007bb200000, 0x00000007bb400000|  0%| F|  |TAMS 0x00000007bb200000, 0x00000007bb200000| Untracked 
|1498|0x00000007bb400000, 0x00000007bb400000, 0x00000007bb600000|  0%| F|  |TAMS 0x00000007bb400000, 0x00000007bb400000| Untracked 
|1499|0x00000007bb600000, 0x00000007bb600000, 0x00000007bb800000|  0%| F|  |TAMS 0x00000007bb600000, 0x00000007bb600000| Untracked 
|1500|0x00000007bb800000, 0x00000007bb800000, 0x00000007bba00000|  0%| F|  |TAMS 0x00000007bb800000, 0x00000007bb800000| Untracked 
|1501|0x00000007bba00000, 0x00000007bba00000, 0x00000007bbc00000|  0%| F|  |TAMS 0x00000007bba00000, 0x00000007bba00000| Untracked 
|1502|0x00000007bbc00000, 0x00000007bbc00000, 0x00000007bbe00000|  0%| F|  |TAMS 0x00000007bbc00000, 0x00000007bbc00000| Untracked 
|1503|0x00000007bbe00000, 0x00000007bbe00000, 0x00000007bc000000|  0%| F|  |TAMS 0x00000007bbe00000, 0x00000007bbe00000| Untracked 
|1504|0x00000007bc000000, 0x00000007bc000000, 0x00000007bc200000|  0%| F|  |TAMS 0x00000007bc000000, 0x00000007bc000000| Untracked 
|1505|0x00000007bc200000, 0x00000007bc200000, 0x00000007bc400000|  0%| F|  |TAMS 0x00000007bc200000, 0x00000007bc200000| Untracked 
|1506|0x00000007bc400000, 0x00000007bc400000, 0x00000007bc600000|  0%| F|  |TAMS 0x00000007bc400000, 0x00000007bc400000| Untracked 
|1507|0x00000007bc600000, 0x00000007bc600000, 0x00000007bc800000|  0%| F|  |TAMS 0x00000007bc600000, 0x00000007bc600000| Untracked 
|1508|0x00000007bc800000, 0x00000007bc800000, 0x00000007bca00000|  0%| F|  |TAMS 0x00000007bc800000, 0x00000007bc800000| Untracked 
|1509|0x00000007bca00000, 0x00000007bca00000, 0x00000007bcc00000|  0%| F|  |TAMS 0x00000007bca00000, 0x00000007bca00000| Untracked 
|1510|0x00000007bcc00000, 0x00000007bcc00000, 0x00000007bce00000|  0%| F|  |TAMS 0x00000007bcc00000, 0x00000007bcc00000| Untracked 
|1511|0x00000007bce00000, 0x00000007bce00000, 0x00000007bd000000|  0%| F|  |TAMS 0x00000007bce00000, 0x00000007bce00000| Untracked 
|1512|0x00000007bd000000, 0x00000007bd000000, 0x00000007bd200000|  0%| F|  |TAMS 0x00000007bd000000, 0x00000007bd000000| Untracked 
|1513|0x00000007bd200000, 0x00000007bd200000, 0x00000007bd400000|  0%| F|  |TAMS 0x00000007bd200000, 0x00000007bd200000| Untracked 
|1514|0x00000007bd400000, 0x00000007bd400000, 0x00000007bd600000|  0%| F|  |TAMS 0x00000007bd400000, 0x00000007bd400000| Untracked 
|1515|0x00000007bd600000, 0x00000007bd600000, 0x00000007bd800000|  0%| F|  |TAMS 0x00000007bd600000, 0x00000007bd600000| Untracked 
|1516|0x00000007bd800000, 0x00000007bd800000, 0x00000007bda00000|  0%| F|  |TAMS 0x00000007bd800000, 0x00000007bd800000| Untracked 
|1517|0x00000007bda00000, 0x00000007bda00000, 0x00000007bdc00000|  0%| F|  |TAMS 0x00000007bda00000, 0x00000007bda00000| Untracked 
|1518|0x00000007bdc00000, 0x00000007bdc00000, 0x00000007bde00000|  0%| F|  |TAMS 0x00000007bdc00000, 0x00000007bdc00000| Untracked 
|1519|0x00000007bde00000, 0x00000007bde00000, 0x00000007be000000|  0%| F|  |TAMS 0x00000007bde00000, 0x00000007bde00000| Untracked 
|1520|0x00000007be000000, 0x00000007be000000, 0x00000007be200000|  0%| F|  |TAMS 0x00000007be000000, 0x00000007be000000| Untracked 
|1521|0x00000007be200000, 0x00000007be200000, 0x00000007be400000|  0%| F|  |TAMS 0x00000007be200000, 0x00000007be200000| Untracked 
|1522|0x00000007be400000, 0x00000007be400000, 0x00000007be600000|  0%| F|  |TAMS 0x00000007be400000, 0x00000007be400000| Untracked 
|1523|0x00000007be600000, 0x00000007be600000, 0x00000007be800000|  0%| F|  |TAMS 0x00000007be600000, 0x00000007be600000| Untracked 
|1524|0x00000007be800000, 0x00000007be800000, 0x00000007bea00000|  0%| F|  |TAMS 0x00000007be800000, 0x00000007be800000| Untracked 
|1525|0x00000007bea00000, 0x00000007bea00000, 0x00000007bec00000|  0%| F|  |TAMS 0x00000007bea00000, 0x00000007bea00000| Untracked 
|1526|0x00000007bec00000, 0x00000007bec00000, 0x00000007bee00000|  0%| F|  |TAMS 0x00000007bec00000, 0x00000007bec00000| Untracked 
|1527|0x00000007bee00000, 0x00000007bee00000, 0x00000007bf000000|  0%| F|  |TAMS 0x00000007bee00000, 0x00000007bee00000| Untracked 
|1528|0x00000007bf000000, 0x00000007bf000000, 0x00000007bf200000|  0%| F|  |TAMS 0x00000007bf000000, 0x00000007bf000000| Untracked 
|1529|0x00000007bf200000, 0x00000007bf200000, 0x00000007bf400000|  0%| F|  |TAMS 0x00000007bf200000, 0x00000007bf200000| Untracked 
|1530|0x00000007bf400000, 0x00000007bf400000, 0x00000007bf600000|  0%| F|  |TAMS 0x00000007bf400000, 0x00000007bf400000| Untracked 
|1531|0x00000007bf600000, 0x00000007bf600000, 0x00000007bf800000|  0%| F|  |TAMS 0x00000007bf600000, 0x00000007bf600000| Untracked 
|1532|0x00000007bf800000, 0x00000007bf800000, 0x00000007bfa00000|  0%| F|  |TAMS 0x00000007bf800000, 0x00000007bf800000| Untracked 
|1533|0x00000007bfa00000, 0x00000007bfa00000, 0x00000007bfc00000|  0%| F|  |TAMS 0x00000007bfa00000, 0x00000007bfa00000| Untracked 
|1534|0x00000007bfc00000, 0x00000007bfc00000, 0x00000007bfe00000|  0%| F|  |TAMS 0x00000007bfc00000, 0x00000007bfc00000| Untracked 
|1535|0x00000007bfe00000, 0x00000007bfe00000, 0x00000007c0000000|  0%| F|  |TAMS 0x00000007bfe00000, 0x00000007bfe00000| Untracked 
|1536|0x00000007c0000000, 0x00000007c0000000, 0x00000007c0200000|  0%| F|  |TAMS 0x00000007c0000000, 0x00000007c0000000| Untracked 
|1537|0x00000007c0200000, 0x00000007c0200000, 0x00000007c0400000|  0%| F|  |TAMS 0x00000007c0200000, 0x00000007c0200000| Untracked 
|1538|0x00000007c0400000, 0x00000007c0400000, 0x00000007c0600000|  0%| F|  |TAMS 0x00000007c0400000, 0x00000007c0400000| Untracked 
|1539|0x00000007c0600000, 0x00000007c0600000, 0x00000007c0800000|  0%| F|  |TAMS 0x00000007c0600000, 0x00000007c0600000| Untracked 
|1540|0x00000007c0800000, 0x00000007c0800000, 0x00000007c0a00000|  0%| F|  |TAMS 0x00000007c0800000, 0x00000007c0800000| Untracked 
|1541|0x00000007c0a00000, 0x00000007c0a00000, 0x00000007c0c00000|  0%| F|  |TAMS 0x00000007c0a00000, 0x00000007c0a00000| Untracked 
|1542|0x00000007c0c00000, 0x00000007c0c00000, 0x00000007c0e00000|  0%| F|  |TAMS 0x00000007c0c00000, 0x00000007c0c00000| Untracked 
|1543|0x00000007c0e00000, 0x00000007c0e00000, 0x00000007c1000000|  0%| F|  |TAMS 0x00000007c0e00000, 0x00000007c0e00000| Untracked 
|1544|0x00000007c1000000, 0x00000007c1000000, 0x00000007c1200000|  0%| F|  |TAMS 0x00000007c1000000, 0x00000007c1000000| Untracked 
|1545|0x00000007c1200000, 0x00000007c1200000, 0x00000007c1400000|  0%| F|  |TAMS 0x00000007c1200000, 0x00000007c1200000| Untracked 
|1546|0x00000007c1400000, 0x00000007c1400000, 0x00000007c1600000|  0%| F|  |TAMS 0x00000007c1400000, 0x00000007c1400000| Untracked 
|1547|0x00000007c1600000, 0x00000007c1600000, 0x00000007c1800000|  0%| F|  |TAMS 0x00000007c1600000, 0x00000007c1600000| Untracked 
|1548|0x00000007c1800000, 0x00000007c1800000, 0x00000007c1a00000|  0%| F|  |TAMS 0x00000007c1800000, 0x00000007c1800000| Untracked 
|1549|0x00000007c1a00000, 0x00000007c1a00000, 0x00000007c1c00000|  0%| F|  |TAMS 0x00000007c1a00000, 0x00000007c1a00000| Untracked 
|1550|0x00000007c1c00000, 0x00000007c1c00000, 0x00000007c1e00000|  0%| F|  |TAMS 0x00000007c1c00000, 0x00000007c1c00000| Untracked 
|1551|0x00000007c1e00000, 0x00000007c1e00000, 0x00000007c2000000|  0%| F|  |TAMS 0x00000007c1e00000, 0x00000007c1e00000| Untracked 
|1552|0x00000007c2000000, 0x00000007c2000000, 0x00000007c2200000|  0%| F|  |TAMS 0x00000007c2000000, 0x00000007c2000000| Untracked 
|1553|0x00000007c2200000, 0x00000007c2200000, 0x00000007c2400000|  0%| F|  |TAMS 0x00000007c2200000, 0x00000007c2200000| Untracked 
|1554|0x00000007c2400000, 0x00000007c2400000, 0x00000007c2600000|  0%| F|  |TAMS 0x00000007c2400000, 0x00000007c2400000| Untracked 
|1555|0x00000007c2600000, 0x00000007c2600000, 0x00000007c2800000|  0%| F|  |TAMS 0x00000007c2600000, 0x00000007c2600000| Untracked 
|1556|0x00000007c2800000, 0x00000007c2800000, 0x00000007c2a00000|  0%| F|  |TAMS 0x00000007c2800000, 0x00000007c2800000| Untracked 
|1557|0x00000007c2a00000, 0x00000007c2a00000, 0x00000007c2c00000|  0%| F|  |TAMS 0x00000007c2a00000, 0x00000007c2a00000| Untracked 
|1558|0x00000007c2c00000, 0x00000007c2c00000, 0x00000007c2e00000|  0%| F|  |TAMS 0x00000007c2c00000, 0x00000007c2c00000| Untracked 
|1559|0x00000007c2e00000, 0x00000007c2e00000, 0x00000007c3000000|  0%| F|  |TAMS 0x00000007c2e00000, 0x00000007c2e00000| Untracked 
|1560|0x00000007c3000000, 0x00000007c3000000, 0x00000007c3200000|  0%| F|  |TAMS 0x00000007c3000000, 0x00000007c3000000| Untracked 
|1561|0x00000007c3200000, 0x00000007c3200000, 0x00000007c3400000|  0%| F|  |TAMS 0x00000007c3200000, 0x00000007c3200000| Untracked 
|1562|0x00000007c3400000, 0x00000007c3400000, 0x00000007c3600000|  0%| F|  |TAMS 0x00000007c3400000, 0x00000007c3400000| Untracked 
|1563|0x00000007c3600000, 0x00000007c3600000, 0x00000007c3800000|  0%| F|  |TAMS 0x00000007c3600000, 0x00000007c3600000| Untracked 
|1564|0x00000007c3800000, 0x00000007c3800000, 0x00000007c3a00000|  0%| F|  |TAMS 0x00000007c3800000, 0x00000007c3800000| Untracked 
|1565|0x00000007c3a00000, 0x00000007c3a00000, 0x00000007c3c00000|  0%| F|  |TAMS 0x00000007c3a00000, 0x00000007c3a00000| Untracked 
|1566|0x00000007c3c00000, 0x00000007c3c00000, 0x00000007c3e00000|  0%| F|  |TAMS 0x00000007c3c00000, 0x00000007c3c00000| Untracked 
|1567|0x00000007c3e00000, 0x00000007c3e00000, 0x00000007c4000000|  0%| F|  |TAMS 0x00000007c3e00000, 0x00000007c3e00000| Untracked 
|1568|0x00000007c4000000, 0x00000007c4000000, 0x00000007c4200000|  0%| F|  |TAMS 0x00000007c4000000, 0x00000007c4000000| Untracked 
|1569|0x00000007c4200000, 0x00000007c4200000, 0x00000007c4400000|  0%| F|  |TAMS 0x00000007c4200000, 0x00000007c4200000| Untracked 
|1570|0x00000007c4400000, 0x00000007c4400000, 0x00000007c4600000|  0%| F|  |TAMS 0x00000007c4400000, 0x00000007c4400000| Untracked 
|1571|0x00000007c4600000, 0x00000007c4600000, 0x00000007c4800000|  0%| F|  |TAMS 0x00000007c4600000, 0x00000007c4600000| Untracked 
|1572|0x00000007c4800000, 0x00000007c4800000, 0x00000007c4a00000|  0%| F|  |TAMS 0x00000007c4800000, 0x00000007c4800000| Untracked 
|1573|0x00000007c4a00000, 0x00000007c4a00000, 0x00000007c4c00000|  0%| F|  |TAMS 0x00000007c4a00000, 0x00000007c4a00000| Untracked 
|1574|0x00000007c4c00000, 0x00000007c4c00000, 0x00000007c4e00000|  0%| F|  |TAMS 0x00000007c4c00000, 0x00000007c4c00000| Untracked 
|1575|0x00000007c4e00000, 0x00000007c4e00000, 0x00000007c5000000|  0%| F|  |TAMS 0x00000007c4e00000, 0x00000007c4e00000| Untracked 
|1576|0x00000007c5000000, 0x00000007c5000000, 0x00000007c5200000|  0%| F|  |TAMS 0x00000007c5000000, 0x00000007c5000000| Untracked 
|1577|0x00000007c5200000, 0x00000007c5200000, 0x00000007c5400000|  0%| F|  |TAMS 0x00000007c5200000, 0x00000007c5200000| Untracked 
|1578|0x00000007c5400000, 0x00000007c5400000, 0x00000007c5600000|  0%| F|  |TAMS 0x00000007c5400000, 0x00000007c5400000| Untracked 
|1579|0x00000007c5600000, 0x00000007c5600000, 0x00000007c5800000|  0%| F|  |TAMS 0x00000007c5600000, 0x00000007c5600000| Untracked 
|1580|0x00000007c5800000, 0x00000007c5800000, 0x00000007c5a00000|  0%| F|  |TAMS 0x00000007c5800000, 0x00000007c5800000| Untracked 
|1581|0x00000007c5a00000, 0x00000007c5a00000, 0x00000007c5c00000|  0%| F|  |TAMS 0x00000007c5a00000, 0x00000007c5a00000| Untracked 
|1582|0x00000007c5c00000, 0x00000007c5c00000, 0x00000007c5e00000|  0%| F|  |TAMS 0x00000007c5c00000, 0x00000007c5c00000| Untracked 
|1583|0x00000007c5e00000, 0x00000007c5e00000, 0x00000007c6000000|  0%| F|  |TAMS 0x00000007c5e00000, 0x00000007c5e00000| Untracked 
|1584|0x00000007c6000000, 0x00000007c6000000, 0x00000007c6200000|  0%| F|  |TAMS 0x00000007c6000000, 0x00000007c6000000| Untracked 
|1585|0x00000007c6200000, 0x00000007c6200000, 0x00000007c6400000|  0%| F|  |TAMS 0x00000007c6200000, 0x00000007c6200000| Untracked 
|1586|0x00000007c6400000, 0x00000007c6400000, 0x00000007c6600000|  0%| F|  |TAMS 0x00000007c6400000, 0x00000007c6400000| Untracked 
|1587|0x00000007c6600000, 0x00000007c6600000, 0x00000007c6800000|  0%| F|  |TAMS 0x00000007c6600000, 0x00000007c6600000| Untracked 
|1588|0x00000007c6800000, 0x00000007c6800000, 0x00000007c6a00000|  0%| F|  |TAMS 0x00000007c6800000, 0x00000007c6800000| Untracked 
|1589|0x00000007c6a00000, 0x00000007c6a00000, 0x00000007c6c00000|  0%| F|  |TAMS 0x00000007c6a00000, 0x00000007c6a00000| Untracked 
|1590|0x00000007c6c00000, 0x00000007c6c00000, 0x00000007c6e00000|  0%| F|  |TAMS 0x00000007c6c00000, 0x00000007c6c00000| Untracked 
|1591|0x00000007c6e00000, 0x00000007c6e00000, 0x00000007c7000000|  0%| F|  |TAMS 0x00000007c6e00000, 0x00000007c6e00000| Untracked 
|1592|0x00000007c7000000, 0x00000007c7000000, 0x00000007c7200000|  0%| F|  |TAMS 0x00000007c7000000, 0x00000007c7000000| Untracked 
|1593|0x00000007c7200000, 0x00000007c7200000, 0x00000007c7400000|  0%| F|  |TAMS 0x00000007c7200000, 0x00000007c7200000| Untracked 
|1594|0x00000007c7400000, 0x00000007c7400000, 0x00000007c7600000|  0%| F|  |TAMS 0x00000007c7400000, 0x00000007c7400000| Untracked 
|1595|0x00000007c7600000, 0x00000007c7600000, 0x00000007c7800000|  0%| F|  |TAMS 0x00000007c7600000, 0x00000007c7600000| Untracked 
|1596|0x00000007c7800000, 0x00000007c7800000, 0x00000007c7a00000|  0%| F|  |TAMS 0x00000007c7800000, 0x00000007c7800000| Untracked 
|1597|0x00000007c7a00000, 0x00000007c7a00000, 0x00000007c7c00000|  0%| F|  |TAMS 0x00000007c7a00000, 0x00000007c7a00000| Untracked 
|1598|0x00000007c7c00000, 0x00000007c7c00000, 0x00000007c7e00000|  0%| F|  |TAMS 0x00000007c7c00000, 0x00000007c7c00000| Untracked 
|1599|0x00000007c7e00000, 0x00000007c7e00000, 0x00000007c8000000|  0%| F|  |TAMS 0x00000007c7e00000, 0x00000007c7e00000| Untracked 
|1600|0x00000007c8000000, 0x00000007c8000000, 0x00000007c8200000|  0%| F|  |TAMS 0x00000007c8000000, 0x00000007c8000000| Untracked 
|1601|0x00000007c8200000, 0x00000007c8200000, 0x00000007c8400000|  0%| F|  |TAMS 0x00000007c8200000, 0x00000007c8200000| Untracked 
|1602|0x00000007c8400000, 0x00000007c8400000, 0x00000007c8600000|  0%| F|  |TAMS 0x00000007c8400000, 0x00000007c8400000| Untracked 
|1603|0x00000007c8600000, 0x00000007c8600000, 0x00000007c8800000|  0%| F|  |TAMS 0x00000007c8600000, 0x00000007c8600000| Untracked 
|1604|0x00000007c8800000, 0x00000007c8800000, 0x00000007c8a00000|  0%| F|  |TAMS 0x00000007c8800000, 0x00000007c8800000| Untracked 
|1605|0x00000007c8a00000, 0x00000007c8a00000, 0x00000007c8c00000|  0%| F|  |TAMS 0x00000007c8a00000, 0x00000007c8a00000| Untracked 
|1606|0x00000007c8c00000, 0x00000007c8c00000, 0x00000007c8e00000|  0%| F|  |TAMS 0x00000007c8c00000, 0x00000007c8c00000| Untracked 
|1607|0x00000007c8e00000, 0x00000007c8e00000, 0x00000007c9000000|  0%| F|  |TAMS 0x00000007c8e00000, 0x00000007c8e00000| Untracked 
|1608|0x00000007c9000000, 0x00000007c9000000, 0x00000007c9200000|  0%| F|  |TAMS 0x00000007c9000000, 0x00000007c9000000| Untracked 
|1609|0x00000007c9200000, 0x00000007c9200000, 0x00000007c9400000|  0%| F|  |TAMS 0x00000007c9200000, 0x00000007c9200000| Untracked 
|1610|0x00000007c9400000, 0x00000007c9400000, 0x00000007c9600000|  0%| F|  |TAMS 0x00000007c9400000, 0x00000007c9400000| Untracked 
|1611|0x00000007c9600000, 0x00000007c9600000, 0x00000007c9800000|  0%| F|  |TAMS 0x00000007c9600000, 0x00000007c9600000| Untracked 
|1612|0x00000007c9800000, 0x00000007c9800000, 0x00000007c9a00000|  0%| F|  |TAMS 0x00000007c9800000, 0x00000007c9800000| Untracked 
|1613|0x00000007c9a00000, 0x00000007c9a00000, 0x00000007c9c00000|  0%| F|  |TAMS 0x00000007c9a00000, 0x00000007c9a00000| Untracked 
|1614|0x00000007c9c00000, 0x00000007c9c00000, 0x00000007c9e00000|  0%| F|  |TAMS 0x00000007c9c00000, 0x00000007c9c00000| Untracked 
|1615|0x00000007c9e00000, 0x00000007c9e00000, 0x00000007ca000000|  0%| F|  |TAMS 0x00000007c9e00000, 0x00000007c9e00000| Untracked 
|1616|0x00000007ca000000, 0x00000007ca000000, 0x00000007ca200000|  0%| F|  |TAMS 0x00000007ca000000, 0x00000007ca000000| Untracked 
|1617|0x00000007ca200000, 0x00000007ca200000, 0x00000007ca400000|  0%| F|  |TAMS 0x00000007ca200000, 0x00000007ca200000| Untracked 
|1618|0x00000007ca400000, 0x00000007ca400000, 0x00000007ca600000|  0%| F|  |TAMS 0x00000007ca400000, 0x00000007ca400000| Untracked 
|1619|0x00000007ca600000, 0x00000007ca600000, 0x00000007ca800000|  0%| F|  |TAMS 0x00000007ca600000, 0x00000007ca600000| Untracked 
|1620|0x00000007ca800000, 0x00000007ca800000, 0x00000007caa00000|  0%| F|  |TAMS 0x00000007ca800000, 0x00000007ca800000| Untracked 
|1621|0x00000007caa00000, 0x00000007caa00000, 0x00000007cac00000|  0%| F|  |TAMS 0x00000007caa00000, 0x00000007caa00000| Untracked 
|1622|0x00000007cac00000, 0x00000007cac00000, 0x00000007cae00000|  0%| F|  |TAMS 0x00000007cac00000, 0x00000007cac00000| Untracked 
|1623|0x00000007cae00000, 0x00000007cae00000, 0x00000007cb000000|  0%| F|  |TAMS 0x00000007cae00000, 0x00000007cae00000| Untracked 
|1624|0x00000007cb000000, 0x00000007cb000000, 0x00000007cb200000|  0%| F|  |TAMS 0x00000007cb000000, 0x00000007cb000000| Untracked 
|1625|0x00000007cb200000, 0x00000007cb200000, 0x00000007cb400000|  0%| F|  |TAMS 0x00000007cb200000, 0x00000007cb200000| Untracked 
|1626|0x00000007cb400000, 0x00000007cb400000, 0x00000007cb600000|  0%| F|  |TAMS 0x00000007cb400000, 0x00000007cb400000| Untracked 
|1627|0x00000007cb600000, 0x00000007cb600000, 0x00000007cb800000|  0%| F|  |TAMS 0x00000007cb600000, 0x00000007cb600000| Untracked 
|1628|0x00000007cb800000, 0x00000007cb800000, 0x00000007cba00000|  0%| F|  |TAMS 0x00000007cb800000, 0x00000007cb800000| Untracked 
|1629|0x00000007cba00000, 0x00000007cba00000, 0x00000007cbc00000|  0%| F|  |TAMS 0x00000007cba00000, 0x00000007cba00000| Untracked 
|1630|0x00000007cbc00000, 0x00000007cbc00000, 0x00000007cbe00000|  0%| F|  |TAMS 0x00000007cbc00000, 0x00000007cbc00000| Untracked 
|1631|0x00000007cbe00000, 0x00000007cbe00000, 0x00000007cc000000|  0%| F|  |TAMS 0x00000007cbe00000, 0x00000007cbe00000| Untracked 
|1632|0x00000007cc000000, 0x00000007cc000000, 0x00000007cc200000|  0%| F|  |TAMS 0x00000007cc000000, 0x00000007cc000000| Untracked 
|1633|0x00000007cc200000, 0x00000007cc200000, 0x00000007cc400000|  0%| F|  |TAMS 0x00000007cc200000, 0x00000007cc200000| Untracked 
|1634|0x00000007cc400000, 0x00000007cc400000, 0x00000007cc600000|  0%| F|  |TAMS 0x00000007cc400000, 0x00000007cc400000| Untracked 
|1635|0x00000007cc600000, 0x00000007cc600000, 0x00000007cc800000|  0%| F|  |TAMS 0x00000007cc600000, 0x00000007cc600000| Untracked 
|1636|0x00000007cc800000, 0x00000007cc800000, 0x00000007cca00000|  0%| F|  |TAMS 0x00000007cc800000, 0x00000007cc800000| Untracked 
|1637|0x00000007cca00000, 0x00000007cca00000, 0x00000007ccc00000|  0%| F|  |TAMS 0x00000007cca00000, 0x00000007cca00000| Untracked 
|1638|0x00000007ccc00000, 0x00000007ccc00000, 0x00000007cce00000|  0%| F|  |TAMS 0x00000007ccc00000, 0x00000007ccc00000| Untracked 
|1639|0x00000007cce00000, 0x00000007cce00000, 0x00000007cd000000|  0%| F|  |TAMS 0x00000007cce00000, 0x00000007cce00000| Untracked 
|1640|0x00000007cd000000, 0x00000007cd000000, 0x00000007cd200000|  0%| F|  |TAMS 0x00000007cd000000, 0x00000007cd000000| Untracked 
|1641|0x00000007cd200000, 0x00000007cd200000, 0x00000007cd400000|  0%| F|  |TAMS 0x00000007cd200000, 0x00000007cd200000| Untracked 
|1642|0x00000007cd400000, 0x00000007cd400000, 0x00000007cd600000|  0%| F|  |TAMS 0x00000007cd400000, 0x00000007cd400000| Untracked 
|1643|0x00000007cd600000, 0x00000007cd600000, 0x00000007cd800000|  0%| F|  |TAMS 0x00000007cd600000, 0x00000007cd600000| Untracked 
|1644|0x00000007cd800000, 0x00000007cd800000, 0x00000007cda00000|  0%| F|  |TAMS 0x00000007cd800000, 0x00000007cd800000| Untracked 
|1645|0x00000007cda00000, 0x00000007cda00000, 0x00000007cdc00000|  0%| F|  |TAMS 0x00000007cda00000, 0x00000007cda00000| Untracked 
|1646|0x00000007cdc00000, 0x00000007cdc00000, 0x00000007cde00000|  0%| F|  |TAMS 0x00000007cdc00000, 0x00000007cdc00000| Untracked 
|1647|0x00000007cde00000, 0x00000007cde00000, 0x00000007ce000000|  0%| F|  |TAMS 0x00000007cde00000, 0x00000007cde00000| Untracked 
|1648|0x00000007ce000000, 0x00000007ce000000, 0x00000007ce200000|  0%| F|  |TAMS 0x00000007ce000000, 0x00000007ce000000| Untracked 
|1649|0x00000007ce200000, 0x00000007ce200000, 0x00000007ce400000|  0%| F|  |TAMS 0x00000007ce200000, 0x00000007ce200000| Untracked 
|1650|0x00000007ce400000, 0x00000007ce400000, 0x00000007ce600000|  0%| F|  |TAMS 0x00000007ce400000, 0x00000007ce400000| Untracked 
|1651|0x00000007ce600000, 0x00000007ce600000, 0x00000007ce800000|  0%| F|  |TAMS 0x00000007ce600000, 0x00000007ce600000| Untracked 
|1652|0x00000007ce800000, 0x00000007ce800000, 0x00000007cea00000|  0%| F|  |TAMS 0x00000007ce800000, 0x00000007ce800000| Untracked 
|1653|0x00000007cea00000, 0x00000007cea00000, 0x00000007cec00000|  0%| F|  |TAMS 0x00000007cea00000, 0x00000007cea00000| Untracked 
|1654|0x00000007cec00000, 0x00000007cec00000, 0x00000007cee00000|  0%| F|  |TAMS 0x00000007cec00000, 0x00000007cec00000| Untracked 
|1655|0x00000007cee00000, 0x00000007cee00000, 0x00000007cf000000|  0%| F|  |TAMS 0x00000007cee00000, 0x00000007cee00000| Untracked 
|1656|0x00000007cf000000, 0x00000007cf000000, 0x00000007cf200000|  0%| F|  |TAMS 0x00000007cf000000, 0x00000007cf000000| Untracked 
|1657|0x00000007cf200000, 0x00000007cf200000, 0x00000007cf400000|  0%| F|  |TAMS 0x00000007cf200000, 0x00000007cf200000| Untracked 
|1658|0x00000007cf400000, 0x00000007cf400000, 0x00000007cf600000|  0%| F|  |TAMS 0x00000007cf400000, 0x00000007cf400000| Untracked 
|1659|0x00000007cf600000, 0x00000007cf600000, 0x00000007cf800000|  0%| F|  |TAMS 0x00000007cf600000, 0x00000007cf600000| Untracked 
|1660|0x00000007cf800000, 0x00000007cf800000, 0x00000007cfa00000|  0%| F|  |TAMS 0x00000007cf800000, 0x00000007cf800000| Untracked 
|1661|0x00000007cfa00000, 0x00000007cfa00000, 0x00000007cfc00000|  0%| F|  |TAMS 0x00000007cfa00000, 0x00000007cfa00000| Untracked 
|1662|0x00000007cfc00000, 0x00000007cfc00000, 0x00000007cfe00000|  0%| F|  |TAMS 0x00000007cfc00000, 0x00000007cfc00000| Untracked 
|1663|0x00000007cfe00000, 0x00000007cfe00000, 0x00000007d0000000|  0%| F|  |TAMS 0x00000007cfe00000, 0x00000007cfe00000| Untracked 
|1664|0x00000007d0000000, 0x00000007d0000000, 0x00000007d0200000|  0%| F|  |TAMS 0x00000007d0000000, 0x00000007d0000000| Untracked 
|1665|0x00000007d0200000, 0x00000007d0200000, 0x00000007d0400000|  0%| F|  |TAMS 0x00000007d0200000, 0x00000007d0200000| Untracked 
|1666|0x00000007d0400000, 0x00000007d0400000, 0x00000007d0600000|  0%| F|  |TAMS 0x00000007d0400000, 0x00000007d0400000| Untracked 
|1667|0x00000007d0600000, 0x00000007d0600000, 0x00000007d0800000|  0%| F|  |TAMS 0x00000007d0600000, 0x00000007d0600000| Untracked 
|1668|0x00000007d0800000, 0x00000007d0800000, 0x00000007d0a00000|  0%| F|  |TAMS 0x00000007d0800000, 0x00000007d0800000| Untracked 
|1669|0x00000007d0a00000, 0x00000007d0a00000, 0x00000007d0c00000|  0%| F|  |TAMS 0x00000007d0a00000, 0x00000007d0a00000| Untracked 
|1670|0x00000007d0c00000, 0x00000007d0c00000, 0x00000007d0e00000|  0%| F|  |TAMS 0x00000007d0c00000, 0x00000007d0c00000| Untracked 
|1671|0x00000007d0e00000, 0x00000007d0e00000, 0x00000007d1000000|  0%| F|  |TAMS 0x00000007d0e00000, 0x00000007d0e00000| Untracked 
|1672|0x00000007d1000000, 0x00000007d1000000, 0x00000007d1200000|  0%| F|  |TAMS 0x00000007d1000000, 0x00000007d1000000| Untracked 
|1673|0x00000007d1200000, 0x00000007d1200000, 0x00000007d1400000|  0%| F|  |TAMS 0x00000007d1200000, 0x00000007d1200000| Untracked 
|1674|0x00000007d1400000, 0x00000007d1400000, 0x00000007d1600000|  0%| F|  |TAMS 0x00000007d1400000, 0x00000007d1400000| Untracked 
|1675|0x00000007d1600000, 0x00000007d1600000, 0x00000007d1800000|  0%| F|  |TAMS 0x00000007d1600000, 0x00000007d1600000| Untracked 
|1676|0x00000007d1800000, 0x00000007d1800000, 0x00000007d1a00000|  0%| F|  |TAMS 0x00000007d1800000, 0x00000007d1800000| Untracked 
|1677|0x00000007d1a00000, 0x00000007d1a00000, 0x00000007d1c00000|  0%| F|  |TAMS 0x00000007d1a00000, 0x00000007d1a00000| Untracked 
|1678|0x00000007d1c00000, 0x00000007d1c00000, 0x00000007d1e00000|  0%| F|  |TAMS 0x00000007d1c00000, 0x00000007d1c00000| Untracked 
|1679|0x00000007d1e00000, 0x00000007d1e00000, 0x00000007d2000000|  0%| F|  |TAMS 0x00000007d1e00000, 0x00000007d1e00000| Untracked 
|1680|0x00000007d2000000, 0x00000007d2000000, 0x00000007d2200000|  0%| F|  |TAMS 0x00000007d2000000, 0x00000007d2000000| Untracked 
|1681|0x00000007d2200000, 0x00000007d2200000, 0x00000007d2400000|  0%| F|  |TAMS 0x00000007d2200000, 0x00000007d2200000| Untracked 
|1682|0x00000007d2400000, 0x00000007d2400000, 0x00000007d2600000|  0%| F|  |TAMS 0x00000007d2400000, 0x00000007d2400000| Untracked 
|1683|0x00000007d2600000, 0x00000007d2600000, 0x00000007d2800000|  0%| F|  |TAMS 0x00000007d2600000, 0x00000007d2600000| Untracked 
|1684|0x00000007d2800000, 0x00000007d2800000, 0x00000007d2a00000|  0%| F|  |TAMS 0x00000007d2800000, 0x00000007d2800000| Untracked 
|1685|0x00000007d2a00000, 0x00000007d2a00000, 0x00000007d2c00000|  0%| F|  |TAMS 0x00000007d2a00000, 0x00000007d2a00000| Untracked 
|1686|0x00000007d2c00000, 0x00000007d2c00000, 0x00000007d2e00000|  0%| F|  |TAMS 0x00000007d2c00000, 0x00000007d2c00000| Untracked 
|1687|0x00000007d2e00000, 0x00000007d2e00000, 0x00000007d3000000|  0%| F|  |TAMS 0x00000007d2e00000, 0x00000007d2e00000| Untracked 
|1688|0x00000007d3000000, 0x00000007d3000000, 0x00000007d3200000|  0%| F|  |TAMS 0x00000007d3000000, 0x00000007d3000000| Untracked 
|1689|0x00000007d3200000, 0x00000007d3200000, 0x00000007d3400000|  0%| F|  |TAMS 0x00000007d3200000, 0x00000007d3200000| Untracked 
|1690|0x00000007d3400000, 0x00000007d3400000, 0x00000007d3600000|  0%| F|  |TAMS 0x00000007d3400000, 0x00000007d3400000| Untracked 
|1691|0x00000007d3600000, 0x00000007d3600000, 0x00000007d3800000|  0%| F|  |TAMS 0x00000007d3600000, 0x00000007d3600000| Untracked 
|1692|0x00000007d3800000, 0x00000007d3900800, 0x00000007d3a00000| 50%| E|  |TAMS 0x00000007d3800000, 0x00000007d3800000| Complete 
|1693|0x00000007d3a00000, 0x00000007d3c00000, 0x00000007d3c00000|100%| E|CS|TAMS 0x00000007d3a00000, 0x00000007d3a00000| Complete 
|1694|0x00000007d3c00000, 0x00000007d3e00000, 0x00000007d3e00000|100%| E|CS|TAMS 0x00000007d3c00000, 0x00000007d3c00000| Complete 
|1695|0x00000007d3e00000, 0x00000007d4000000, 0x00000007d4000000|100%| E|CS|TAMS 0x00000007d3e00000, 0x00000007d3e00000| Complete 
|1696|0x00000007d4000000, 0x00000007d4200000, 0x00000007d4200000|100%| E|CS|TAMS 0x00000007d4000000, 0x00000007d4000000| Complete 
|1697|0x00000007d4200000, 0x00000007d4400000, 0x00000007d4400000|100%| E|CS|TAMS 0x00000007d4200000, 0x00000007d4200000| Complete 
|1698|0x00000007d4400000, 0x00000007d4600000, 0x00000007d4600000|100%| E|CS|TAMS 0x00000007d4400000, 0x00000007d4400000| Complete 
|1699|0x00000007d4600000, 0x00000007d4800000, 0x00000007d4800000|100%| E|CS|TAMS 0x00000007d4600000, 0x00000007d4600000| Complete 
|1700|0x00000007d4800000, 0x00000007d4a00000, 0x00000007d4a00000|100%| E|CS|TAMS 0x00000007d4800000, 0x00000007d4800000| Complete 
|1701|0x00000007d4a00000, 0x00000007d4c00000, 0x00000007d4c00000|100%| E|CS|TAMS 0x00000007d4a00000, 0x00000007d4a00000| Complete 
|1702|0x00000007d4c00000, 0x00000007d4e00000, 0x00000007d4e00000|100%| E|CS|TAMS 0x00000007d4c00000, 0x00000007d4c00000| Complete 
|1703|0x00000007d4e00000, 0x00000007d5000000, 0x00000007d5000000|100%| E|CS|TAMS 0x00000007d4e00000, 0x00000007d4e00000| Complete 
|1704|0x00000007d5000000, 0x00000007d5200000, 0x00000007d5200000|100%| E|CS|TAMS 0x00000007d5000000, 0x00000007d5000000| Complete 
|1705|0x00000007d5200000, 0x00000007d5400000, 0x00000007d5400000|100%| E|CS|TAMS 0x00000007d5200000, 0x00000007d5200000| Complete 
|1706|0x00000007d5400000, 0x00000007d5600000, 0x00000007d5600000|100%| E|CS|TAMS 0x00000007d5400000, 0x00000007d5400000| Complete 
|1707|0x00000007d5600000, 0x00000007d5800000, 0x00000007d5800000|100%| E|CS|TAMS 0x00000007d5600000, 0x00000007d5600000| Complete 
|1708|0x00000007d5800000, 0x00000007d5a00000, 0x00000007d5a00000|100%| E|CS|TAMS 0x00000007d5800000, 0x00000007d5800000| Complete 
|1709|0x00000007d5a00000, 0x00000007d5c00000, 0x00000007d5c00000|100%| E|  |TAMS 0x00000007d5a00000, 0x00000007d5a00000| Complete 
|1710|0x00000007d5c00000, 0x00000007d5e00000, 0x00000007d5e00000|100%| E|CS|TAMS 0x00000007d5c00000, 0x00000007d5c00000| Complete 
|1711|0x00000007d5e00000, 0x00000007d6000000, 0x00000007d6000000|100%| E|CS|TAMS 0x00000007d5e00000, 0x00000007d5e00000| Complete 
|1712|0x00000007d6000000, 0x00000007d6200000, 0x00000007d6200000|100%| E|CS|TAMS 0x00000007d6000000, 0x00000007d6000000| Complete 
|1713|0x00000007d6200000, 0x00000007d6400000, 0x00000007d6400000|100%| E|CS|TAMS 0x00000007d6200000, 0x00000007d6200000| Complete 
|1714|0x00000007d6400000, 0x00000007d6600000, 0x00000007d6600000|100%| E|CS|TAMS 0x00000007d6400000, 0x00000007d6400000| Complete 
|1715|0x00000007d6600000, 0x00000007d6800000, 0x00000007d6800000|100%| E|CS|TAMS 0x00000007d6600000, 0x00000007d6600000| Complete 
|1716|0x00000007d6800000, 0x00000007d6a00000, 0x00000007d6a00000|100%| E|CS|TAMS 0x00000007d6800000, 0x00000007d6800000| Complete 
|1717|0x00000007d6a00000, 0x00000007d6c00000, 0x00000007d6c00000|100%| E|CS|TAMS 0x00000007d6a00000, 0x00000007d6a00000| Complete 
|1718|0x00000007d6c00000, 0x00000007d6e00000, 0x00000007d6e00000|100%| E|CS|TAMS 0x00000007d6c00000, 0x00000007d6c00000| Complete 
|1719|0x00000007d6e00000, 0x00000007d7000000, 0x00000007d7000000|100%| E|CS|TAMS 0x00000007d6e00000, 0x00000007d6e00000| Complete 
|1720|0x00000007d7000000, 0x00000007d7200000, 0x00000007d7200000|100%| E|CS|TAMS 0x00000007d7000000, 0x00000007d7000000| Complete 
|1721|0x00000007d7200000, 0x00000007d7400000, 0x00000007d7400000|100%| E|CS|TAMS 0x00000007d7200000, 0x00000007d7200000| Complete 
|1722|0x00000007d7400000, 0x00000007d7600000, 0x00000007d7600000|100%| E|CS|TAMS 0x00000007d7400000, 0x00000007d7400000| Complete 
|1723|0x00000007d7600000, 0x00000007d7800000, 0x00000007d7800000|100%| E|CS|TAMS 0x00000007d7600000, 0x00000007d7600000| Complete 
|1724|0x00000007d7800000, 0x00000007d7a00000, 0x00000007d7a00000|100%| E|CS|TAMS 0x00000007d7800000, 0x00000007d7800000| Complete 
|1725|0x00000007d7a00000, 0x00000007d7c00000, 0x00000007d7c00000|100%| E|CS|TAMS 0x00000007d7a00000, 0x00000007d7a00000| Complete 
|1726|0x00000007d7c00000, 0x00000007d7e00000, 0x00000007d7e00000|100%| E|CS|TAMS 0x00000007d7c00000, 0x00000007d7c00000| Complete 
|1727|0x00000007d7e00000, 0x00000007d8000000, 0x00000007d8000000|100%| E|CS|TAMS 0x00000007d7e00000, 0x00000007d7e00000| Complete 
|1728|0x00000007d8000000, 0x00000007d8200000, 0x00000007d8200000|100%| E|CS|TAMS 0x00000007d8000000, 0x00000007d8000000| Complete 
|1729|0x00000007d8200000, 0x00000007d8400000, 0x00000007d8400000|100%| E|CS|TAMS 0x00000007d8200000, 0x00000007d8200000| Complete 
|1730|0x00000007d8400000, 0x00000007d8600000, 0x00000007d8600000|100%| E|CS|TAMS 0x00000007d8400000, 0x00000007d8400000| Complete 
|1731|0x00000007d8600000, 0x00000007d8800000, 0x00000007d8800000|100%| E|CS|TAMS 0x00000007d8600000, 0x00000007d8600000| Complete 
|1732|0x00000007d8800000, 0x00000007d8a00000, 0x00000007d8a00000|100%| E|CS|TAMS 0x00000007d8800000, 0x00000007d8800000| Complete 
|1733|0x00000007d8a00000, 0x00000007d8c00000, 0x00000007d8c00000|100%| E|CS|TAMS 0x00000007d8a00000, 0x00000007d8a00000| Complete 
|1734|0x00000007d8c00000, 0x00000007d8e00000, 0x00000007d8e00000|100%| E|CS|TAMS 0x00000007d8c00000, 0x00000007d8c00000| Complete 
|1735|0x00000007d8e00000, 0x00000007d9000000, 0x00000007d9000000|100%| E|CS|TAMS 0x00000007d8e00000, 0x00000007d8e00000| Complete 
|1736|0x00000007d9000000, 0x00000007d9200000, 0x00000007d9200000|100%| E|CS|TAMS 0x00000007d9000000, 0x00000007d9000000| Complete 
|1737|0x00000007d9200000, 0x00000007d9400000, 0x00000007d9400000|100%| E|CS|TAMS 0x00000007d9200000, 0x00000007d9200000| Complete 
|1738|0x00000007d9400000, 0x00000007d9600000, 0x00000007d9600000|100%| E|CS|TAMS 0x00000007d9400000, 0x00000007d9400000| Complete 
|1739|0x00000007d9600000, 0x00000007d9800000, 0x00000007d9800000|100%| E|CS|TAMS 0x00000007d9600000, 0x00000007d9600000| Complete 
|1740|0x00000007d9800000, 0x00000007d9a00000, 0x00000007d9a00000|100%| E|CS|TAMS 0x00000007d9800000, 0x00000007d9800000| Complete 
|1741|0x00000007d9a00000, 0x00000007d9c00000, 0x00000007d9c00000|100%| E|CS|TAMS 0x00000007d9a00000, 0x00000007d9a00000| Complete 
|1742|0x00000007d9c00000, 0x00000007d9e00000, 0x00000007d9e00000|100%| E|CS|TAMS 0x00000007d9c00000, 0x00000007d9c00000| Complete 
|1743|0x00000007d9e00000, 0x00000007da000000, 0x00000007da000000|100%| E|CS|TAMS 0x00000007d9e00000, 0x00000007d9e00000| Complete 
|1744|0x00000007da000000, 0x00000007da200000, 0x00000007da200000|100%| E|CS|TAMS 0x00000007da000000, 0x00000007da000000| Complete 
|1745|0x00000007da200000, 0x00000007da400000, 0x00000007da400000|100%| E|CS|TAMS 0x00000007da200000, 0x00000007da200000| Complete 
|1746|0x00000007da400000, 0x00000007da600000, 0x00000007da600000|100%| E|CS|TAMS 0x00000007da400000, 0x00000007da400000| Complete 
|1747|0x00000007da600000, 0x00000007da800000, 0x00000007da800000|100%| E|CS|TAMS 0x00000007da600000, 0x00000007da600000| Complete 
|1748|0x00000007da800000, 0x00000007daa00000, 0x00000007daa00000|100%| E|CS|TAMS 0x00000007da800000, 0x00000007da800000| Complete 
|1749|0x00000007daa00000, 0x00000007dac00000, 0x00000007dac00000|100%| E|CS|TAMS 0x00000007daa00000, 0x00000007daa00000| Complete 
|1750|0x00000007dac00000, 0x00000007dae00000, 0x00000007dae00000|100%| E|CS|TAMS 0x00000007dac00000, 0x00000007dac00000| Complete 
|1751|0x00000007dae00000, 0x00000007db000000, 0x00000007db000000|100%| E|CS|TAMS 0x00000007dae00000, 0x00000007dae00000| Complete 
|1752|0x00000007db000000, 0x00000007db200000, 0x00000007db200000|100%| E|CS|TAMS 0x00000007db000000, 0x00000007db000000| Complete 
|1753|0x00000007db200000, 0x00000007db400000, 0x00000007db400000|100%| E|CS|TAMS 0x00000007db200000, 0x00000007db200000| Complete 
|1754|0x00000007db400000, 0x00000007db600000, 0x00000007db600000|100%| E|CS|TAMS 0x00000007db400000, 0x00000007db400000| Complete 
|1755|0x00000007db600000, 0x00000007db800000, 0x00000007db800000|100%| E|CS|TAMS 0x00000007db600000, 0x00000007db600000| Complete 
|1756|0x00000007db800000, 0x00000007dba00000, 0x00000007dba00000|100%| E|CS|TAMS 0x00000007db800000, 0x00000007db800000| Complete 
|1757|0x00000007dba00000, 0x00000007dbc00000, 0x00000007dbc00000|100%| E|CS|TAMS 0x00000007dba00000, 0x00000007dba00000| Complete 
|1758|0x00000007dbc00000, 0x00000007dbe00000, 0x00000007dbe00000|100%| E|CS|TAMS 0x00000007dbc00000, 0x00000007dbc00000| Complete 
|1759|0x00000007dbe00000, 0x00000007dc000000, 0x00000007dc000000|100%| E|CS|TAMS 0x00000007dbe00000, 0x00000007dbe00000| Complete 
|1760|0x00000007dc000000, 0x00000007dc200000, 0x00000007dc200000|100%| E|CS|TAMS 0x00000007dc000000, 0x00000007dc000000| Complete 
|1761|0x00000007dc200000, 0x00000007dc400000, 0x00000007dc400000|100%| E|CS|TAMS 0x00000007dc200000, 0x00000007dc200000| Complete 
|1762|0x00000007dc400000, 0x00000007dc600000, 0x00000007dc600000|100%| E|CS|TAMS 0x00000007dc400000, 0x00000007dc400000| Complete 
|1763|0x00000007dc600000, 0x00000007dc800000, 0x00000007dc800000|100%| E|CS|TAMS 0x00000007dc600000, 0x00000007dc600000| Complete 
|1764|0x00000007dc800000, 0x00000007dca00000, 0x00000007dca00000|100%| E|CS|TAMS 0x00000007dc800000, 0x00000007dc800000| Complete 
|1765|0x00000007dca00000, 0x00000007dcc00000, 0x00000007dcc00000|100%| E|CS|TAMS 0x00000007dca00000, 0x00000007dca00000| Complete 
|1766|0x00000007dcc00000, 0x00000007dce00000, 0x00000007dce00000|100%| E|CS|TAMS 0x00000007dcc00000, 0x00000007dcc00000| Complete 
|1767|0x00000007dce00000, 0x00000007dd000000, 0x00000007dd000000|100%| E|CS|TAMS 0x00000007dce00000, 0x00000007dce00000| Complete 
|1768|0x00000007dd000000, 0x00000007dd200000, 0x00000007dd200000|100%| E|CS|TAMS 0x00000007dd000000, 0x00000007dd000000| Complete 
|1769|0x00000007dd200000, 0x00000007dd400000, 0x00000007dd400000|100%| E|CS|TAMS 0x00000007dd200000, 0x00000007dd200000| Complete 
|1770|0x00000007dd400000, 0x00000007dd600000, 0x00000007dd600000|100%| E|CS|TAMS 0x00000007dd400000, 0x00000007dd400000| Complete 
|1771|0x00000007dd600000, 0x00000007dd800000, 0x00000007dd800000|100%| E|CS|TAMS 0x00000007dd600000, 0x00000007dd600000| Complete 
|1772|0x00000007dd800000, 0x00000007dda00000, 0x00000007dda00000|100%| E|CS|TAMS 0x00000007dd800000, 0x00000007dd800000| Complete 
|1773|0x00000007dda00000, 0x00000007ddc00000, 0x00000007ddc00000|100%| E|CS|TAMS 0x00000007dda00000, 0x00000007dda00000| Complete 
|1774|0x00000007ddc00000, 0x00000007dde00000, 0x00000007dde00000|100%| E|CS|TAMS 0x00000007ddc00000, 0x00000007ddc00000| Complete 
|1775|0x00000007dde00000, 0x00000007de000000, 0x00000007de000000|100%| E|CS|TAMS 0x00000007dde00000, 0x00000007dde00000| Complete 
|1776|0x00000007de000000, 0x00000007de200000, 0x00000007de200000|100%| E|CS|TAMS 0x00000007de000000, 0x00000007de000000| Complete 
|1777|0x00000007de200000, 0x00000007de400000, 0x00000007de400000|100%| E|CS|TAMS 0x00000007de200000, 0x00000007de200000| Complete 
|1778|0x00000007de400000, 0x00000007de600000, 0x00000007de600000|100%| E|CS|TAMS 0x00000007de400000, 0x00000007de400000| Complete 
|1779|0x00000007de600000, 0x00000007de800000, 0x00000007de800000|100%| E|CS|TAMS 0x00000007de600000, 0x00000007de600000| Complete 
|1780|0x00000007de800000, 0x00000007dea00000, 0x00000007dea00000|100%| E|CS|TAMS 0x00000007de800000, 0x00000007de800000| Complete 
|1781|0x00000007dea00000, 0x00000007dec00000, 0x00000007dec00000|100%| E|CS|TAMS 0x00000007dea00000, 0x00000007dea00000| Complete 
|1782|0x00000007dec00000, 0x00000007dee00000, 0x00000007dee00000|100%| E|CS|TAMS 0x00000007dec00000, 0x00000007dec00000| Complete 
|1783|0x00000007dee00000, 0x00000007df000000, 0x00000007df000000|100%| E|CS|TAMS 0x00000007dee00000, 0x00000007dee00000| Complete 
|1784|0x00000007df000000, 0x00000007df200000, 0x00000007df200000|100%| E|CS|TAMS 0x00000007df000000, 0x00000007df000000| Complete 
|1785|0x00000007df200000, 0x00000007df400000, 0x00000007df400000|100%| E|CS|TAMS 0x00000007df200000, 0x00000007df200000| Complete 
|1786|0x00000007df400000, 0x00000007df600000, 0x00000007df600000|100%| E|CS|TAMS 0x00000007df400000, 0x00000007df400000| Complete 
|1787|0x00000007df600000, 0x00000007df800000, 0x00000007df800000|100%| E|CS|TAMS 0x00000007df600000, 0x00000007df600000| Complete 
|1788|0x00000007df800000, 0x00000007dfa00000, 0x00000007dfa00000|100%| E|CS|TAMS 0x00000007df800000, 0x00000007df800000| Complete 
|1789|0x00000007dfa00000, 0x00000007dfc00000, 0x00000007dfc00000|100%| E|CS|TAMS 0x00000007dfa00000, 0x00000007dfa00000| Complete 
|1790|0x00000007dfc00000, 0x00000007dfe00000, 0x00000007dfe00000|100%| E|CS|TAMS 0x00000007dfc00000, 0x00000007dfc00000| Complete 
|1791|0x00000007dfe00000, 0x00000007e0000000, 0x00000007e0000000|100%| E|CS|TAMS 0x00000007dfe00000, 0x00000007dfe00000| Complete 
|1792|0x00000007e0000000, 0x00000007e0200000, 0x00000007e0200000|100%| E|CS|TAMS 0x00000007e0000000, 0x00000007e0000000| Complete 
|1793|0x00000007e0200000, 0x00000007e0400000, 0x00000007e0400000|100%| E|CS|TAMS 0x00000007e0200000, 0x00000007e0200000| Complete 
|1794|0x00000007e0400000, 0x00000007e0600000, 0x00000007e0600000|100%| E|CS|TAMS 0x00000007e0400000, 0x00000007e0400000| Complete 
|1795|0x00000007e0600000, 0x00000007e0800000, 0x00000007e0800000|100%| E|CS|TAMS 0x00000007e0600000, 0x00000007e0600000| Complete 
|1796|0x00000007e0800000, 0x00000007e0a00000, 0x00000007e0a00000|100%| E|CS|TAMS 0x00000007e0800000, 0x00000007e0800000| Complete 
|1797|0x00000007e0a00000, 0x00000007e0c00000, 0x00000007e0c00000|100%| E|CS|TAMS 0x00000007e0a00000, 0x00000007e0a00000| Complete 
|1798|0x00000007e0c00000, 0x00000007e0e00000, 0x00000007e0e00000|100%| E|CS|TAMS 0x00000007e0c00000, 0x00000007e0c00000| Complete 
|1799|0x00000007e0e00000, 0x00000007e1000000, 0x00000007e1000000|100%| E|CS|TAMS 0x00000007e0e00000, 0x00000007e0e00000| Complete 
|1800|0x00000007e1000000, 0x00000007e1200000, 0x00000007e1200000|100%| E|CS|TAMS 0x00000007e1000000, 0x00000007e1000000| Complete 
|1801|0x00000007e1200000, 0x00000007e1400000, 0x00000007e1400000|100%| E|CS|TAMS 0x00000007e1200000, 0x00000007e1200000| Complete 
|1802|0x00000007e1400000, 0x00000007e1600000, 0x00000007e1600000|100%| E|CS|TAMS 0x00000007e1400000, 0x00000007e1400000| Complete 
|1803|0x00000007e1600000, 0x00000007e1800000, 0x00000007e1800000|100%| E|CS|TAMS 0x00000007e1600000, 0x00000007e1600000| Complete 
|1804|0x00000007e1800000, 0x00000007e1a00000, 0x00000007e1a00000|100%| E|CS|TAMS 0x00000007e1800000, 0x00000007e1800000| Complete 
|1805|0x00000007e1a00000, 0x00000007e1c00000, 0x00000007e1c00000|100%| E|CS|TAMS 0x00000007e1a00000, 0x00000007e1a00000| Complete 
|1806|0x00000007e1c00000, 0x00000007e1e00000, 0x00000007e1e00000|100%| E|CS|TAMS 0x00000007e1c00000, 0x00000007e1c00000| Complete 
|1807|0x00000007e1e00000, 0x00000007e2000000, 0x00000007e2000000|100%| E|CS|TAMS 0x00000007e1e00000, 0x00000007e1e00000| Complete 
|1808|0x00000007e2000000, 0x00000007e2200000, 0x00000007e2200000|100%| E|CS|TAMS 0x00000007e2000000, 0x00000007e2000000| Complete 
|1809|0x00000007e2200000, 0x00000007e2400000, 0x00000007e2400000|100%| E|CS|TAMS 0x00000007e2200000, 0x00000007e2200000| Complete 
|1810|0x00000007e2400000, 0x00000007e2600000, 0x00000007e2600000|100%| E|CS|TAMS 0x00000007e2400000, 0x00000007e2400000| Complete 
|1811|0x00000007e2600000, 0x00000007e2800000, 0x00000007e2800000|100%| E|CS|TAMS 0x00000007e2600000, 0x00000007e2600000| Complete 
|1812|0x00000007e2800000, 0x00000007e2a00000, 0x00000007e2a00000|100%| E|CS|TAMS 0x00000007e2800000, 0x00000007e2800000| Complete 
|1813|0x00000007e2a00000, 0x00000007e2c00000, 0x00000007e2c00000|100%| E|CS|TAMS 0x00000007e2a00000, 0x00000007e2a00000| Complete 
|1814|0x00000007e2c00000, 0x00000007e2e00000, 0x00000007e2e00000|100%| E|CS|TAMS 0x00000007e2c00000, 0x00000007e2c00000| Complete 
|1815|0x00000007e2e00000, 0x00000007e3000000, 0x00000007e3000000|100%| E|CS|TAMS 0x00000007e2e00000, 0x00000007e2e00000| Complete 
|1816|0x00000007e3000000, 0x00000007e3200000, 0x00000007e3200000|100%| E|CS|TAMS 0x00000007e3000000, 0x00000007e3000000| Complete 
|1817|0x00000007e3200000, 0x00000007e3400000, 0x00000007e3400000|100%| E|CS|TAMS 0x00000007e3200000, 0x00000007e3200000| Complete 
|1818|0x00000007e3400000, 0x00000007e3600000, 0x00000007e3600000|100%| E|CS|TAMS 0x00000007e3400000, 0x00000007e3400000| Complete 
|1819|0x00000007e3600000, 0x00000007e3800000, 0x00000007e3800000|100%| E|CS|TAMS 0x00000007e3600000, 0x00000007e3600000| Complete 
|1820|0x00000007e3800000, 0x00000007e3a00000, 0x00000007e3a00000|100%| E|CS|TAMS 0x00000007e3800000, 0x00000007e3800000| Complete 
|1821|0x00000007e3a00000, 0x00000007e3c00000, 0x00000007e3c00000|100%| E|CS|TAMS 0x00000007e3a00000, 0x00000007e3a00000| Complete 
|1822|0x00000007e3c00000, 0x00000007e3e00000, 0x00000007e3e00000|100%| E|CS|TAMS 0x00000007e3c00000, 0x00000007e3c00000| Complete 
|1823|0x00000007e3e00000, 0x00000007e4000000, 0x00000007e4000000|100%| E|CS|TAMS 0x00000007e3e00000, 0x00000007e3e00000| Complete 
|1824|0x00000007e4000000, 0x00000007e4200000, 0x00000007e4200000|100%| E|CS|TAMS 0x00000007e4000000, 0x00000007e4000000| Complete 
|1825|0x00000007e4200000, 0x00000007e4400000, 0x00000007e4400000|100%| E|CS|TAMS 0x00000007e4200000, 0x00000007e4200000| Complete 
|1826|0x00000007e4400000, 0x00000007e4600000, 0x00000007e4600000|100%| E|CS|TAMS 0x00000007e4400000, 0x00000007e4400000| Complete 
|1827|0x00000007e4600000, 0x00000007e4800000, 0x00000007e4800000|100%| E|CS|TAMS 0x00000007e4600000, 0x00000007e4600000| Complete 
|1828|0x00000007e4800000, 0x00000007e4a00000, 0x00000007e4a00000|100%| E|CS|TAMS 0x00000007e4800000, 0x00000007e4800000| Complete 
|1829|0x00000007e4a00000, 0x00000007e4c00000, 0x00000007e4c00000|100%| E|CS|TAMS 0x00000007e4a00000, 0x00000007e4a00000| Complete 
|1830|0x00000007e4c00000, 0x00000007e4e00000, 0x00000007e4e00000|100%| E|CS|TAMS 0x00000007e4c00000, 0x00000007e4c00000| Complete 
|1831|0x00000007e4e00000, 0x00000007e5000000, 0x00000007e5000000|100%| E|CS|TAMS 0x00000007e4e00000, 0x00000007e4e00000| Complete 
|1832|0x00000007e5000000, 0x00000007e5200000, 0x00000007e5200000|100%| E|CS|TAMS 0x00000007e5000000, 0x00000007e5000000| Complete 
|1833|0x00000007e5200000, 0x00000007e5400000, 0x00000007e5400000|100%| E|CS|TAMS 0x00000007e5200000, 0x00000007e5200000| Complete 
|1834|0x00000007e5400000, 0x00000007e5600000, 0x00000007e5600000|100%| E|CS|TAMS 0x00000007e5400000, 0x00000007e5400000| Complete 
|1835|0x00000007e5600000, 0x00000007e5800000, 0x00000007e5800000|100%| E|CS|TAMS 0x00000007e5600000, 0x00000007e5600000| Complete 
|1836|0x00000007e5800000, 0x00000007e5a00000, 0x00000007e5a00000|100%| E|CS|TAMS 0x00000007e5800000, 0x00000007e5800000| Complete 
|1837|0x00000007e5a00000, 0x00000007e5c00000, 0x00000007e5c00000|100%| E|CS|TAMS 0x00000007e5a00000, 0x00000007e5a00000| Complete 
|1838|0x00000007e5c00000, 0x00000007e5e00000, 0x00000007e5e00000|100%| E|CS|TAMS 0x00000007e5c00000, 0x00000007e5c00000| Complete 
|1839|0x00000007e5e00000, 0x00000007e6000000, 0x00000007e6000000|100%| E|CS|TAMS 0x00000007e5e00000, 0x00000007e5e00000| Complete 
|1840|0x00000007e6000000, 0x00000007e6200000, 0x00000007e6200000|100%| E|CS|TAMS 0x00000007e6000000, 0x00000007e6000000| Complete 
|1841|0x00000007e6200000, 0x00000007e6400000, 0x00000007e6400000|100%| E|CS|TAMS 0x00000007e6200000, 0x00000007e6200000| Complete 
|1842|0x00000007e6400000, 0x00000007e6600000, 0x00000007e6600000|100%| E|CS|TAMS 0x00000007e6400000, 0x00000007e6400000| Complete 
|1843|0x00000007e6600000, 0x00000007e6800000, 0x00000007e6800000|100%| E|CS|TAMS 0x00000007e6600000, 0x00000007e6600000| Complete 
|1844|0x00000007e6800000, 0x00000007e6a00000, 0x00000007e6a00000|100%| E|CS|TAMS 0x00000007e6800000, 0x00000007e6800000| Complete 
|1845|0x00000007e6a00000, 0x00000007e6c00000, 0x00000007e6c00000|100%| E|CS|TAMS 0x00000007e6a00000, 0x00000007e6a00000| Complete 
|1846|0x00000007e6c00000, 0x00000007e6e00000, 0x00000007e6e00000|100%| E|CS|TAMS 0x00000007e6c00000, 0x00000007e6c00000| Complete 
|1847|0x00000007e6e00000, 0x00000007e7000000, 0x00000007e7000000|100%| E|CS|TAMS 0x00000007e6e00000, 0x00000007e6e00000| Complete 
|1848|0x00000007e7000000, 0x00000007e7200000, 0x00000007e7200000|100%| E|CS|TAMS 0x00000007e7000000, 0x00000007e7000000| Complete 
|1849|0x00000007e7200000, 0x00000007e7400000, 0x00000007e7400000|100%| E|CS|TAMS 0x00000007e7200000, 0x00000007e7200000| Complete 
|1850|0x00000007e7400000, 0x00000007e7600000, 0x00000007e7600000|100%| E|CS|TAMS 0x00000007e7400000, 0x00000007e7400000| Complete 
|1851|0x00000007e7600000, 0x00000007e7800000, 0x00000007e7800000|100%| E|CS|TAMS 0x00000007e7600000, 0x00000007e7600000| Complete 
|1852|0x00000007e7800000, 0x00000007e7a00000, 0x00000007e7a00000|100%| E|CS|TAMS 0x00000007e7800000, 0x00000007e7800000| Complete 
|1853|0x00000007e7a00000, 0x00000007e7c00000, 0x00000007e7c00000|100%| E|CS|TAMS 0x00000007e7a00000, 0x00000007e7a00000| Complete 
|1854|0x00000007e7c00000, 0x00000007e7e00000, 0x00000007e7e00000|100%| E|CS|TAMS 0x00000007e7c00000, 0x00000007e7c00000| Complete 
|1855|0x00000007e7e00000, 0x00000007e8000000, 0x00000007e8000000|100%| E|CS|TAMS 0x00000007e7e00000, 0x00000007e7e00000| Complete 
|1856|0x00000007e8000000, 0x00000007e8200000, 0x00000007e8200000|100%| E|CS|TAMS 0x00000007e8000000, 0x00000007e8000000| Complete 
|1857|0x00000007e8200000, 0x00000007e8400000, 0x00000007e8400000|100%| E|CS|TAMS 0x00000007e8200000, 0x00000007e8200000| Complete 
|1858|0x00000007e8400000, 0x00000007e8500000, 0x00000007e8600000| 50%| S|CS|TAMS 0x00000007e8400000, 0x00000007e8400000| Complete 
|1859|0x00000007e8600000, 0x00000007e8800000, 0x00000007e8800000|100%| S|CS|TAMS 0x00000007e8600000, 0x00000007e8600000| Complete 
|1860|0x00000007e8800000, 0x00000007e8a00000, 0x00000007e8a00000|100%| S|CS|TAMS 0x00000007e8800000, 0x00000007e8800000| Complete 
|1861|0x00000007e8a00000, 0x00000007e8c00000, 0x00000007e8c00000|100%| S|CS|TAMS 0x00000007e8a00000, 0x00000007e8a00000| Complete 
|1862|0x00000007e8c00000, 0x00000007e8e00000, 0x00000007e8e00000|100%| S|CS|TAMS 0x00000007e8c00000, 0x00000007e8c00000| Complete 
|1863|0x00000007e8e00000, 0x00000007e9000000, 0x00000007e9000000|100%| S|CS|TAMS 0x00000007e8e00000, 0x00000007e8e00000| Complete 
|1864|0x00000007e9000000, 0x00000007e9200000, 0x00000007e9200000|100%| S|CS|TAMS 0x00000007e9000000, 0x00000007e9000000| Complete 
|1865|0x00000007e9200000, 0x00000007e9400000, 0x00000007e9400000|100%| S|CS|TAMS 0x00000007e9200000, 0x00000007e9200000| Complete 
|1866|0x00000007e9400000, 0x00000007e9600000, 0x00000007e9600000|100%| S|CS|TAMS 0x00000007e9400000, 0x00000007e9400000| Complete 
|1867|0x00000007e9600000, 0x00000007e9800000, 0x00000007e9800000|100%| S|CS|TAMS 0x00000007e9600000, 0x00000007e9600000| Complete 
|1868|0x00000007e9800000, 0x00000007e9a00000, 0x00000007e9a00000|100%| S|CS|TAMS 0x00000007e9800000, 0x00000007e9800000| Complete 
|1869|0x00000007e9a00000, 0x00000007e9c00000, 0x00000007e9c00000|100%| E|CS|TAMS 0x00000007e9a00000, 0x00000007e9a00000| Complete 
|1870|0x00000007e9c00000, 0x00000007e9e00000, 0x00000007e9e00000|100%| E|CS|TAMS 0x00000007e9c00000, 0x00000007e9c00000| Complete 
|1871|0x00000007e9e00000, 0x00000007ea000000, 0x00000007ea000000|100%| E|CS|TAMS 0x00000007e9e00000, 0x00000007e9e00000| Complete 
|1872|0x00000007ea000000, 0x00000007ea200000, 0x00000007ea200000|100%| E|CS|TAMS 0x00000007ea000000, 0x00000007ea000000| Complete 
|1873|0x00000007ea200000, 0x00000007ea400000, 0x00000007ea400000|100%| E|CS|TAMS 0x00000007ea200000, 0x00000007ea200000| Complete 
|1874|0x00000007ea400000, 0x00000007ea600000, 0x00000007ea600000|100%| E|CS|TAMS 0x00000007ea400000, 0x00000007ea400000| Complete 
|1875|0x00000007ea600000, 0x00000007ea800000, 0x00000007ea800000|100%| E|CS|TAMS 0x00000007ea600000, 0x00000007ea600000| Complete 
|1876|0x00000007ea800000, 0x00000007eaa00000, 0x00000007eaa00000|100%| E|CS|TAMS 0x00000007ea800000, 0x00000007ea800000| Complete 
|1877|0x00000007eaa00000, 0x00000007eac00000, 0x00000007eac00000|100%| E|CS|TAMS 0x00000007eaa00000, 0x00000007eaa00000| Complete 
|1878|0x00000007eac00000, 0x00000007eae00000, 0x00000007eae00000|100%| E|CS|TAMS 0x00000007eac00000, 0x00000007eac00000| Complete 
|1879|0x00000007eae00000, 0x00000007eb000000, 0x00000007eb000000|100%| E|CS|TAMS 0x00000007eae00000, 0x00000007eae00000| Complete 
|1880|0x00000007eb000000, 0x00000007eb200000, 0x00000007eb200000|100%| E|CS|TAMS 0x00000007eb000000, 0x00000007eb000000| Complete 
|1881|0x00000007eb200000, 0x00000007eb400000, 0x00000007eb400000|100%| E|CS|TAMS 0x00000007eb200000, 0x00000007eb200000| Complete 
|1882|0x00000007eb400000, 0x00000007eb600000, 0x00000007eb600000|100%| E|CS|TAMS 0x00000007eb400000, 0x00000007eb400000| Complete 
|1883|0x00000007eb600000, 0x00000007eb800000, 0x00000007eb800000|100%| E|CS|TAMS 0x00000007eb600000, 0x00000007eb600000| Complete 
|1884|0x00000007eb800000, 0x00000007eba00000, 0x00000007eba00000|100%| E|CS|TAMS 0x00000007eb800000, 0x00000007eb800000| Complete 
|1885|0x00000007eba00000, 0x00000007ebc00000, 0x00000007ebc00000|100%| E|CS|TAMS 0x00000007eba00000, 0x00000007eba00000| Complete 
|1886|0x00000007ebc00000, 0x00000007ebe00000, 0x00000007ebe00000|100%| E|CS|TAMS 0x00000007ebc00000, 0x00000007ebc00000| Complete 
|1887|0x00000007ebe00000, 0x00000007ec000000, 0x00000007ec000000|100%| E|CS|TAMS 0x00000007ebe00000, 0x00000007ebe00000| Complete 
|1888|0x00000007ec000000, 0x00000007ec200000, 0x00000007ec200000|100%| E|CS|TAMS 0x00000007ec000000, 0x00000007ec000000| Complete 
|1889|0x00000007ec200000, 0x00000007ec400000, 0x00000007ec400000|100%| E|CS|TAMS 0x00000007ec200000, 0x00000007ec200000| Complete 
|1890|0x00000007ec400000, 0x00000007ec600000, 0x00000007ec600000|100%| E|CS|TAMS 0x00000007ec400000, 0x00000007ec400000| Complete 
|1891|0x00000007ec600000, 0x00000007ec800000, 0x00000007ec800000|100%| E|CS|TAMS 0x00000007ec600000, 0x00000007ec600000| Complete 
|1892|0x00000007ec800000, 0x00000007eca00000, 0x00000007eca00000|100%| E|CS|TAMS 0x00000007ec800000, 0x00000007ec800000| Complete 
|1893|0x00000007eca00000, 0x00000007ecc00000, 0x00000007ecc00000|100%| E|CS|TAMS 0x00000007eca00000, 0x00000007eca00000| Complete 
|1894|0x00000007ecc00000, 0x00000007ece00000, 0x00000007ece00000|100%| E|CS|TAMS 0x00000007ecc00000, 0x00000007ecc00000| Complete 
|1895|0x00000007ece00000, 0x00000007ed000000, 0x00000007ed000000|100%| E|CS|TAMS 0x00000007ece00000, 0x00000007ece00000| Complete 
|1896|0x00000007ed000000, 0x00000007ed200000, 0x00000007ed200000|100%| E|CS|TAMS 0x00000007ed000000, 0x00000007ed000000| Complete 
|1897|0x00000007ed200000, 0x00000007ed400000, 0x00000007ed400000|100%| E|CS|TAMS 0x00000007ed200000, 0x00000007ed200000| Complete 
|1898|0x00000007ed400000, 0x00000007ed600000, 0x00000007ed600000|100%| E|CS|TAMS 0x00000007ed400000, 0x00000007ed400000| Complete 
|1899|0x00000007ed600000, 0x00000007ed800000, 0x00000007ed800000|100%| E|CS|TAMS 0x00000007ed600000, 0x00000007ed600000| Complete 
|1900|0x00000007ed800000, 0x00000007eda00000, 0x00000007eda00000|100%| E|CS|TAMS 0x00000007ed800000, 0x00000007ed800000| Complete 
|1901|0x00000007eda00000, 0x00000007edc00000, 0x00000007edc00000|100%| E|CS|TAMS 0x00000007eda00000, 0x00000007eda00000| Complete 
|1902|0x00000007edc00000, 0x00000007ede00000, 0x00000007ede00000|100%| E|CS|TAMS 0x00000007edc00000, 0x00000007edc00000| Complete 
|1903|0x00000007ede00000, 0x00000007ee000000, 0x00000007ee000000|100%| E|CS|TAMS 0x00000007ede00000, 0x00000007ede00000| Complete 
|1904|0x00000007ee000000, 0x00000007ee200000, 0x00000007ee200000|100%| E|CS|TAMS 0x00000007ee000000, 0x00000007ee000000| Complete 
|1905|0x00000007ee200000, 0x00000007ee400000, 0x00000007ee400000|100%| E|CS|TAMS 0x00000007ee200000, 0x00000007ee200000| Complete 
|1906|0x00000007ee400000, 0x00000007ee600000, 0x00000007ee600000|100%| E|CS|TAMS 0x00000007ee400000, 0x00000007ee400000| Complete 
|1907|0x00000007ee600000, 0x00000007ee800000, 0x00000007ee800000|100%| E|CS|TAMS 0x00000007ee600000, 0x00000007ee600000| Complete 
|1908|0x00000007ee800000, 0x00000007eea00000, 0x00000007eea00000|100%| E|CS|TAMS 0x00000007ee800000, 0x00000007ee800000| Complete 
|1909|0x00000007eea00000, 0x00000007eec00000, 0x00000007eec00000|100%| E|CS|TAMS 0x00000007eea00000, 0x00000007eea00000| Complete 
|1910|0x00000007eec00000, 0x00000007eee00000, 0x00000007eee00000|100%| E|CS|TAMS 0x00000007eec00000, 0x00000007eec00000| Complete 
|1911|0x00000007eee00000, 0x00000007ef000000, 0x00000007ef000000|100%| E|CS|TAMS 0x00000007eee00000, 0x00000007eee00000| Complete 
|1912|0x00000007ef000000, 0x00000007ef200000, 0x00000007ef200000|100%| E|CS|TAMS 0x00000007ef000000, 0x00000007ef000000| Complete 
|1913|0x00000007ef200000, 0x00000007ef400000, 0x00000007ef400000|100%| E|CS|TAMS 0x00000007ef200000, 0x00000007ef200000| Complete 
|1914|0x00000007ef400000, 0x00000007ef600000, 0x00000007ef600000|100%| E|CS|TAMS 0x00000007ef400000, 0x00000007ef400000| Complete 
|1915|0x00000007ef600000, 0x00000007ef800000, 0x00000007ef800000|100%| E|CS|TAMS 0x00000007ef600000, 0x00000007ef600000| Complete 
|1916|0x00000007ef800000, 0x00000007efa00000, 0x00000007efa00000|100%| E|CS|TAMS 0x00000007ef800000, 0x00000007ef800000| Complete 
|1917|0x00000007efa00000, 0x00000007efc00000, 0x00000007efc00000|100%| E|CS|TAMS 0x00000007efa00000, 0x00000007efa00000| Complete 
|1918|0x00000007efc00000, 0x00000007efe00000, 0x00000007efe00000|100%| E|CS|TAMS 0x00000007efc00000, 0x00000007efc00000| Complete 
|1919|0x00000007efe00000, 0x00000007f0000000, 0x00000007f0000000|100%| E|CS|TAMS 0x00000007efe00000, 0x00000007efe00000| Complete 
|1920|0x00000007f0000000, 0x00000007f0200000, 0x00000007f0200000|100%| E|CS|TAMS 0x00000007f0000000, 0x00000007f0000000| Complete 
|1921|0x00000007f0200000, 0x00000007f0400000, 0x00000007f0400000|100%| E|CS|TAMS 0x00000007f0200000, 0x00000007f0200000| Complete 
|1922|0x00000007f0400000, 0x00000007f0600000, 0x00000007f0600000|100%| E|CS|TAMS 0x00000007f0400000, 0x00000007f0400000| Complete 
|1923|0x00000007f0600000, 0x00000007f0800000, 0x00000007f0800000|100%| E|CS|TAMS 0x00000007f0600000, 0x00000007f0600000| Complete 
|1924|0x00000007f0800000, 0x00000007f0a00000, 0x00000007f0a00000|100%| E|CS|TAMS 0x00000007f0800000, 0x00000007f0800000| Complete 
|1925|0x00000007f0a00000, 0x00000007f0c00000, 0x00000007f0c00000|100%| E|CS|TAMS 0x00000007f0a00000, 0x00000007f0a00000| Complete 
|1926|0x00000007f0c00000, 0x00000007f0e00000, 0x00000007f0e00000|100%| E|CS|TAMS 0x00000007f0c00000, 0x00000007f0c00000| Complete 
|1927|0x00000007f0e00000, 0x00000007f1000000, 0x00000007f1000000|100%| E|CS|TAMS 0x00000007f0e00000, 0x00000007f0e00000| Complete 
|1928|0x00000007f1000000, 0x00000007f1200000, 0x00000007f1200000|100%| E|CS|TAMS 0x00000007f1000000, 0x00000007f1000000| Complete 
|1929|0x00000007f1200000, 0x00000007f1400000, 0x00000007f1400000|100%| E|CS|TAMS 0x00000007f1200000, 0x00000007f1200000| Complete 
|1930|0x00000007f1400000, 0x00000007f1600000, 0x00000007f1600000|100%| E|CS|TAMS 0x00000007f1400000, 0x00000007f1400000| Complete 
|1931|0x00000007f1600000, 0x00000007f1800000, 0x00000007f1800000|100%| E|CS|TAMS 0x00000007f1600000, 0x00000007f1600000| Complete 
|1932|0x00000007f1800000, 0x00000007f1a00000, 0x00000007f1a00000|100%| E|CS|TAMS 0x00000007f1800000, 0x00000007f1800000| Complete 
|1933|0x00000007f1a00000, 0x00000007f1c00000, 0x00000007f1c00000|100%| E|CS|TAMS 0x00000007f1a00000, 0x00000007f1a00000| Complete 
|1934|0x00000007f1c00000, 0x00000007f1e00000, 0x00000007f1e00000|100%| E|CS|TAMS 0x00000007f1c00000, 0x00000007f1c00000| Complete 
|1935|0x00000007f1e00000, 0x00000007f2000000, 0x00000007f2000000|100%| E|CS|TAMS 0x00000007f1e00000, 0x00000007f1e00000| Complete 
|1936|0x00000007f2000000, 0x00000007f2200000, 0x00000007f2200000|100%| E|CS|TAMS 0x00000007f2000000, 0x00000007f2000000| Complete 
|1937|0x00000007f2200000, 0x00000007f2400000, 0x00000007f2400000|100%| E|CS|TAMS 0x00000007f2200000, 0x00000007f2200000| Complete 
|1938|0x00000007f2400000, 0x00000007f2600000, 0x00000007f2600000|100%| E|CS|TAMS 0x00000007f2400000, 0x00000007f2400000| Complete 
|1939|0x00000007f2600000, 0x00000007f2800000, 0x00000007f2800000|100%| E|CS|TAMS 0x00000007f2600000, 0x00000007f2600000| Complete 
|1940|0x00000007f2800000, 0x00000007f2a00000, 0x00000007f2a00000|100%| E|CS|TAMS 0x00000007f2800000, 0x00000007f2800000| Complete 
|1941|0x00000007f2a00000, 0x00000007f2c00000, 0x00000007f2c00000|100%| E|CS|TAMS 0x00000007f2a00000, 0x00000007f2a00000| Complete 
|1942|0x00000007f2c00000, 0x00000007f2e00000, 0x00000007f2e00000|100%| E|CS|TAMS 0x00000007f2c00000, 0x00000007f2c00000| Complete 
|1943|0x00000007f2e00000, 0x00000007f3000000, 0x00000007f3000000|100%| E|CS|TAMS 0x00000007f2e00000, 0x00000007f2e00000| Complete 
|1944|0x00000007f3000000, 0x00000007f3200000, 0x00000007f3200000|100%| E|CS|TAMS 0x00000007f3000000, 0x00000007f3000000| Complete 
|1945|0x00000007f3200000, 0x00000007f3400000, 0x00000007f3400000|100%| E|CS|TAMS 0x00000007f3200000, 0x00000007f3200000| Complete 
|1946|0x00000007f3400000, 0x00000007f3600000, 0x00000007f3600000|100%| E|CS|TAMS 0x00000007f3400000, 0x00000007f3400000| Complete 
|1947|0x00000007f3600000, 0x00000007f3800000, 0x00000007f3800000|100%| E|CS|TAMS 0x00000007f3600000, 0x00000007f3600000| Complete 
|1948|0x00000007f3800000, 0x00000007f3a00000, 0x00000007f3a00000|100%| E|CS|TAMS 0x00000007f3800000, 0x00000007f3800000| Complete 
|1949|0x00000007f3a00000, 0x00000007f3c00000, 0x00000007f3c00000|100%| E|CS|TAMS 0x00000007f3a00000, 0x00000007f3a00000| Complete 
|1950|0x00000007f3c00000, 0x00000007f3e00000, 0x00000007f3e00000|100%| E|CS|TAMS 0x00000007f3c00000, 0x00000007f3c00000| Complete 
|1951|0x00000007f3e00000, 0x00000007f4000000, 0x00000007f4000000|100%| E|CS|TAMS 0x00000007f3e00000, 0x00000007f3e00000| Complete 
|1952|0x00000007f4000000, 0x00000007f4200000, 0x00000007f4200000|100%| E|CS|TAMS 0x00000007f4000000, 0x00000007f4000000| Complete 
|1953|0x00000007f4200000, 0x00000007f4400000, 0x00000007f4400000|100%| E|CS|TAMS 0x00000007f4200000, 0x00000007f4200000| Complete 
|1954|0x00000007f4400000, 0x00000007f4600000, 0x00000007f4600000|100%| E|CS|TAMS 0x00000007f4400000, 0x00000007f4400000| Complete 
|1955|0x00000007f4600000, 0x00000007f4800000, 0x00000007f4800000|100%| E|CS|TAMS 0x00000007f4600000, 0x00000007f4600000| Complete 
|1956|0x00000007f4800000, 0x00000007f4a00000, 0x00000007f4a00000|100%| E|CS|TAMS 0x00000007f4800000, 0x00000007f4800000| Complete 
|1957|0x00000007f4a00000, 0x00000007f4c00000, 0x00000007f4c00000|100%| E|CS|TAMS 0x00000007f4a00000, 0x00000007f4a00000| Complete 
|1958|0x00000007f4c00000, 0x00000007f4e00000, 0x00000007f4e00000|100%| E|CS|TAMS 0x00000007f4c00000, 0x00000007f4c00000| Complete 
|1959|0x00000007f4e00000, 0x00000007f5000000, 0x00000007f5000000|100%| E|CS|TAMS 0x00000007f4e00000, 0x00000007f4e00000| Complete 
|1960|0x00000007f5000000, 0x00000007f5200000, 0x00000007f5200000|100%| E|CS|TAMS 0x00000007f5000000, 0x00000007f5000000| Complete 
|1961|0x00000007f5200000, 0x00000007f5400000, 0x00000007f5400000|100%| E|CS|TAMS 0x00000007f5200000, 0x00000007f5200000| Complete 
|1962|0x00000007f5400000, 0x00000007f5600000, 0x00000007f5600000|100%| E|CS|TAMS 0x00000007f5400000, 0x00000007f5400000| Complete 
|1963|0x00000007f5600000, 0x00000007f5800000, 0x00000007f5800000|100%| E|CS|TAMS 0x00000007f5600000, 0x00000007f5600000| Complete 
|1964|0x00000007f5800000, 0x00000007f5a00000, 0x00000007f5a00000|100%| E|CS|TAMS 0x00000007f5800000, 0x00000007f5800000| Complete 
|1965|0x00000007f5a00000, 0x00000007f5c00000, 0x00000007f5c00000|100%| E|CS|TAMS 0x00000007f5a00000, 0x00000007f5a00000| Complete 
|1966|0x00000007f5c00000, 0x00000007f5e00000, 0x00000007f5e00000|100%| E|CS|TAMS 0x00000007f5c00000, 0x00000007f5c00000| Complete 
|1967|0x00000007f5e00000, 0x00000007f6000000, 0x00000007f6000000|100%| E|CS|TAMS 0x00000007f5e00000, 0x00000007f5e00000| Complete 
|1968|0x00000007f6000000, 0x00000007f6200000, 0x00000007f6200000|100%| E|CS|TAMS 0x00000007f6000000, 0x00000007f6000000| Complete 
|1969|0x00000007f6200000, 0x00000007f6400000, 0x00000007f6400000|100%| E|CS|TAMS 0x00000007f6200000, 0x00000007f6200000| Complete 
|1970|0x00000007f6400000, 0x00000007f6600000, 0x00000007f6600000|100%| E|CS|TAMS 0x00000007f6400000, 0x00000007f6400000| Complete 
|1971|0x00000007f6600000, 0x00000007f6800000, 0x00000007f6800000|100%| E|CS|TAMS 0x00000007f6600000, 0x00000007f6600000| Complete 
|1972|0x00000007f6800000, 0x00000007f6a00000, 0x00000007f6a00000|100%| E|CS|TAMS 0x00000007f6800000, 0x00000007f6800000| Complete 
|1973|0x00000007f6a00000, 0x00000007f6c00000, 0x00000007f6c00000|100%| E|CS|TAMS 0x00000007f6a00000, 0x00000007f6a00000| Complete 
|1974|0x00000007f6c00000, 0x00000007f6e00000, 0x00000007f6e00000|100%| E|CS|TAMS 0x00000007f6c00000, 0x00000007f6c00000| Complete 
|1975|0x00000007f6e00000, 0x00000007f7000000, 0x00000007f7000000|100%| E|CS|TAMS 0x00000007f6e00000, 0x00000007f6e00000| Complete 
|1976|0x00000007f7000000, 0x00000007f7200000, 0x00000007f7200000|100%| E|CS|TAMS 0x00000007f7000000, 0x00000007f7000000| Complete 
|1977|0x00000007f7200000, 0x00000007f7400000, 0x00000007f7400000|100%| E|CS|TAMS 0x00000007f7200000, 0x00000007f7200000| Complete 
|1978|0x00000007f7400000, 0x00000007f7600000, 0x00000007f7600000|100%| E|CS|TAMS 0x00000007f7400000, 0x00000007f7400000| Complete 
|1979|0x00000007f7600000, 0x00000007f7800000, 0x00000007f7800000|100%| E|CS|TAMS 0x00000007f7600000, 0x00000007f7600000| Complete 
|1980|0x00000007f7800000, 0x00000007f7a00000, 0x00000007f7a00000|100%| E|CS|TAMS 0x00000007f7800000, 0x00000007f7800000| Complete 
|1981|0x00000007f7a00000, 0x00000007f7c00000, 0x00000007f7c00000|100%| E|CS|TAMS 0x00000007f7a00000, 0x00000007f7a00000| Complete 
|1982|0x00000007f7c00000, 0x00000007f7e00000, 0x00000007f7e00000|100%| E|CS|TAMS 0x00000007f7c00000, 0x00000007f7c00000| Complete 
|1983|0x00000007f7e00000, 0x00000007f8000000, 0x00000007f8000000|100%| E|CS|TAMS 0x00000007f7e00000, 0x00000007f7e00000| Complete 
|1984|0x00000007f8000000, 0x00000007f8200000, 0x00000007f8200000|100%| E|CS|TAMS 0x00000007f8000000, 0x00000007f8000000| Complete 
|1985|0x00000007f8200000, 0x00000007f8400000, 0x00000007f8400000|100%| E|CS|TAMS 0x00000007f8200000, 0x00000007f8200000| Complete 
|1986|0x00000007f8400000, 0x00000007f8600000, 0x00000007f8600000|100%| E|CS|TAMS 0x00000007f8400000, 0x00000007f8400000| Complete 
|1987|0x00000007f8600000, 0x00000007f8800000, 0x00000007f8800000|100%| E|CS|TAMS 0x00000007f8600000, 0x00000007f8600000| Complete 
|1988|0x00000007f8800000, 0x00000007f8a00000, 0x00000007f8a00000|100%| E|CS|TAMS 0x00000007f8800000, 0x00000007f8800000| Complete 
|1989|0x00000007f8a00000, 0x00000007f8c00000, 0x00000007f8c00000|100%| E|CS|TAMS 0x00000007f8a00000, 0x00000007f8a00000| Complete 
|1990|0x00000007f8c00000, 0x00000007f8e00000, 0x00000007f8e00000|100%| E|CS|TAMS 0x00000007f8c00000, 0x00000007f8c00000| Complete 
|1991|0x00000007f8e00000, 0x00000007f9000000, 0x00000007f9000000|100%| E|CS|TAMS 0x00000007f8e00000, 0x00000007f8e00000| Complete 
|1992|0x00000007f9000000, 0x00000007f9200000, 0x00000007f9200000|100%| E|CS|TAMS 0x00000007f9000000, 0x00000007f9000000| Complete 
|1993|0x00000007f9200000, 0x00000007f9400000, 0x00000007f9400000|100%| E|CS|TAMS 0x00000007f9200000, 0x00000007f9200000| Complete 
|1994|0x00000007f9400000, 0x00000007f9600000, 0x00000007f9600000|100%| E|CS|TAMS 0x00000007f9400000, 0x00000007f9400000| Complete 
|1995|0x00000007f9600000, 0x00000007f9800000, 0x00000007f9800000|100%| E|CS|TAMS 0x00000007f9600000, 0x00000007f9600000| Complete 
|1996|0x00000007f9800000, 0x00000007f9a00000, 0x00000007f9a00000|100%| E|CS|TAMS 0x00000007f9800000, 0x00000007f9800000| Complete 
|1997|0x00000007f9a00000, 0x00000007f9c00000, 0x00000007f9c00000|100%| E|CS|TAMS 0x00000007f9a00000, 0x00000007f9a00000| Complete 
|1998|0x00000007f9c00000, 0x00000007f9e00000, 0x00000007f9e00000|100%| E|CS|TAMS 0x00000007f9c00000, 0x00000007f9c00000| Complete 
|1999|0x00000007f9e00000, 0x00000007fa000000, 0x00000007fa000000|100%| E|CS|TAMS 0x00000007f9e00000, 0x00000007f9e00000| Complete 
|2000|0x00000007fa000000, 0x00000007fa200000, 0x00000007fa200000|100%| E|CS|TAMS 0x00000007fa000000, 0x00000007fa000000| Complete 
|2001|0x00000007fa200000, 0x00000007fa400000, 0x00000007fa400000|100%| E|CS|TAMS 0x00000007fa200000, 0x00000007fa200000| Complete 
|2002|0x00000007fa400000, 0x00000007fa600000, 0x00000007fa600000|100%| E|CS|TAMS 0x00000007fa400000, 0x00000007fa400000| Complete 
|2003|0x00000007fa600000, 0x00000007fa800000, 0x00000007fa800000|100%| E|CS|TAMS 0x00000007fa600000, 0x00000007fa600000| Complete 
|2004|0x00000007fa800000, 0x00000007faa00000, 0x00000007faa00000|100%| E|CS|TAMS 0x00000007fa800000, 0x00000007fa800000| Complete 
|2005|0x00000007faa00000, 0x00000007fac00000, 0x00000007fac00000|100%| E|CS|TAMS 0x00000007faa00000, 0x00000007faa00000| Complete 
|2006|0x00000007fac00000, 0x00000007fae00000, 0x00000007fae00000|100%| E|CS|TAMS 0x00000007fac00000, 0x00000007fac00000| Complete 
|2007|0x00000007fae00000, 0x00000007fb000000, 0x00000007fb000000|100%| E|CS|TAMS 0x00000007fae00000, 0x00000007fae00000| Complete 
|2008|0x00000007fb000000, 0x00000007fb200000, 0x00000007fb200000|100%| E|CS|TAMS 0x00000007fb000000, 0x00000007fb000000| Complete 
|2009|0x00000007fb200000, 0x00000007fb400000, 0x00000007fb400000|100%| E|CS|TAMS 0x00000007fb200000, 0x00000007fb200000| Complete 
|2010|0x00000007fb400000, 0x00000007fb600000, 0x00000007fb600000|100%| E|CS|TAMS 0x00000007fb400000, 0x00000007fb400000| Complete 
|2011|0x00000007fb600000, 0x00000007fb800000, 0x00000007fb800000|100%| E|CS|TAMS 0x00000007fb600000, 0x00000007fb600000| Complete 
|2012|0x00000007fb800000, 0x00000007fba00000, 0x00000007fba00000|100%| E|CS|TAMS 0x00000007fb800000, 0x00000007fb800000| Complete 
|2013|0x00000007fba00000, 0x00000007fbc00000, 0x00000007fbc00000|100%| E|CS|TAMS 0x00000007fba00000, 0x00000007fba00000| Complete 
|2014|0x00000007fbc00000, 0x00000007fbe00000, 0x00000007fbe00000|100%| E|CS|TAMS 0x00000007fbc00000, 0x00000007fbc00000| Complete 
|2015|0x00000007fbe00000, 0x00000007fc000000, 0x00000007fc000000|100%| E|CS|TAMS 0x00000007fbe00000, 0x00000007fbe00000| Complete 
|2016|0x00000007fc000000, 0x00000007fc200000, 0x00000007fc200000|100%| E|CS|TAMS 0x00000007fc000000, 0x00000007fc000000| Complete 
|2017|0x00000007fc200000, 0x00000007fc400000, 0x00000007fc400000|100%| E|CS|TAMS 0x00000007fc200000, 0x00000007fc200000| Complete 
|2018|0x00000007fc400000, 0x00000007fc600000, 0x00000007fc600000|100%| E|CS|TAMS 0x00000007fc400000, 0x00000007fc400000| Complete 
|2019|0x00000007fc600000, 0x00000007fc800000, 0x00000007fc800000|100%| E|CS|TAMS 0x00000007fc600000, 0x00000007fc600000| Complete 
|2020|0x00000007fc800000, 0x00000007fca00000, 0x00000007fca00000|100%| E|CS|TAMS 0x00000007fc800000, 0x00000007fc800000| Complete 
|2021|0x00000007fca00000, 0x00000007fcc00000, 0x00000007fcc00000|100%| E|CS|TAMS 0x00000007fca00000, 0x00000007fca00000| Complete 
|2022|0x00000007fcc00000, 0x00000007fce00000, 0x00000007fce00000|100%| E|CS|TAMS 0x00000007fcc00000, 0x00000007fcc00000| Complete 
|2023|0x00000007fce00000, 0x00000007fd000000, 0x00000007fd000000|100%| E|CS|TAMS 0x00000007fce00000, 0x00000007fce00000| Complete 
|2024|0x00000007fd000000, 0x00000007fd200000, 0x00000007fd200000|100%| E|CS|TAMS 0x00000007fd000000, 0x00000007fd000000| Complete 
|2025|0x00000007fd200000, 0x00000007fd400000, 0x00000007fd400000|100%| E|CS|TAMS 0x00000007fd200000, 0x00000007fd200000| Complete 
|2026|0x00000007fd400000, 0x00000007fd600000, 0x00000007fd600000|100%| E|CS|TAMS 0x00000007fd400000, 0x00000007fd400000| Complete 
|2027|0x00000007fd600000, 0x00000007fd800000, 0x00000007fd800000|100%| E|CS|TAMS 0x00000007fd600000, 0x00000007fd600000| Complete 
|2028|0x00000007fd800000, 0x00000007fda00000, 0x00000007fda00000|100%| E|CS|TAMS 0x00000007fd800000, 0x00000007fd800000| Complete 
|2029|0x00000007fda00000, 0x00000007fdc00000, 0x00000007fdc00000|100%| E|CS|TAMS 0x00000007fda00000, 0x00000007fda00000| Complete 
|2030|0x00000007fdc00000, 0x00000007fde00000, 0x00000007fde00000|100%| E|CS|TAMS 0x00000007fdc00000, 0x00000007fdc00000| Complete 
|2031|0x00000007fde00000, 0x00000007fe000000, 0x00000007fe000000|100%| E|CS|TAMS 0x00000007fde00000, 0x00000007fde00000| Complete 
|2032|0x00000007fe000000, 0x00000007fe200000, 0x00000007fe200000|100%| E|CS|TAMS 0x00000007fe000000, 0x00000007fe000000| Complete 
|2033|0x00000007fe200000, 0x00000007fe400000, 0x00000007fe400000|100%| E|CS|TAMS 0x00000007fe200000, 0x00000007fe200000| Complete 
|2034|0x00000007fe400000, 0x00000007fe600000, 0x00000007fe600000|100%| E|CS|TAMS 0x00000007fe400000, 0x00000007fe400000| Complete 
|2035|0x00000007fe600000, 0x00000007fe800000, 0x00000007fe800000|100%| E|CS|TAMS 0x00000007fe600000, 0x00000007fe600000| Complete 
|2036|0x00000007fe800000, 0x00000007fea00000, 0x00000007fea00000|100%| E|CS|TAMS 0x00000007fe800000, 0x00000007fe800000| Complete 
|2037|0x00000007fea00000, 0x00000007fec00000, 0x00000007fec00000|100%| E|CS|TAMS 0x00000007fea00000, 0x00000007fea00000| Complete 
|2038|0x00000007fec00000, 0x00000007fee00000, 0x00000007fee00000|100%| E|CS|TAMS 0x00000007fec00000, 0x00000007fec00000| Complete 
|2039|0x00000007fee00000, 0x00000007ff000000, 0x00000007ff000000|100%| E|CS|TAMS 0x00000007fee00000, 0x00000007fee00000| Complete 
|2040|0x00000007ff000000, 0x00000007ff200000, 0x00000007ff200000|100%| E|CS|TAMS 0x00000007ff000000, 0x00000007ff000000| Complete 
|2041|0x00000007ff200000, 0x00000007ff400000, 0x00000007ff400000|100%| E|CS|TAMS 0x00000007ff200000, 0x00000007ff200000| Complete 
|2042|0x00000007ff400000, 0x00000007ff600000, 0x00000007ff600000|100%| E|CS|TAMS 0x00000007ff400000, 0x00000007ff400000| Complete 
|2043|0x00000007ff600000, 0x00000007ff800000, 0x00000007ff800000|100%| E|CS|TAMS 0x00000007ff600000, 0x00000007ff600000| Complete 
|2044|0x00000007ff800000, 0x00000007ffa00000, 0x00000007ffa00000|100%| E|CS|TAMS 0x00000007ff800000, 0x00000007ff800000| Complete 
|2045|0x00000007ffa00000, 0x00000007ffc00000, 0x00000007ffc00000|100%| E|CS|TAMS 0x00000007ffa00000, 0x00000007ffa00000| Complete 
|2046|0x00000007ffc00000, 0x00000007ffe00000, 0x00000007ffe00000|100%| E|CS|TAMS 0x00000007ffc00000, 0x00000007ffc00000| Complete 
|2047|0x00000007ffe00000, 0x0000000800000000, 0x0000000800000000|100%| E|CS|TAMS 0x00000007ffe00000, 0x00000007ffe00000| Complete 

Card table byte_map: [0x0000000106800000,0x0000000107000000] _byte_map_base: 0x0000000103000000

Marking Bits (Prev, Next): (CMBitMap*) 0x000000012180ce50, (CMBitMap*) 0x000000012180ce10
 Prev Bits: [0x0000000138000000, 0x000000013c000000)
 Next Bits: [0x000000011c86c000, 0x000000012086c000)

Polling page: 0x0000000100634000

Metaspace:

Usage:
  Non-class:    273.68 MB used.
      Class:     61.55 MB used.
       Both:    335.22 MB used.

Virtual space:
  Non-class space:      320.00 MB reserved,     275.25 MB ( 86%) committed,  5 nodes.
      Class space:        1.00 GB reserved,      62.81 MB (  6%) committed,  1 nodes.
             Both:        1.31 GB reserved,     338.06 MB ( 25%) committed. 

Chunk freelists:
   Non-Class:  12.62 MB
       Class:  1.23 MB
        Both:  13.85 MB

MaxMetaspaceSize: unlimited
CompressedClassSpaceSize: 1.00 GB
Initial GC threshold: 21.00 MB
Current GC threshold: 553.75 MB
CDS: off
MetaspaceReclaimPolicy: balanced
 - commit_granule_bytes: 65536.
 - commit_granule_words: 8192.
 - virtual_space_node_default_size: 8388608.
 - enlarge_chunks_in_place: 1.
 - new_chunks_are_fully_committed: 0.
 - uncommit_free_chunks: 1.
 - use_allocation_guard: 0.
 - handle_deallocations: 1.


Internal statistics:

num_allocs_failed_limit: 317.
num_arena_births: 4448.
num_arena_deaths: 2.
num_vsnodes_births: 6.
num_vsnodes_deaths: 0.
num_space_committed: 5395.
num_space_uncommitted: 0.
num_chunks_returned_to_freelist: 320.
num_chunks_taken_from_freelist: 18572.
num_chunk_merges: 305.
num_chunk_splits: 13053.
num_chunks_enlarged: 9152.
num_inconsistent_stats: 0.

CodeHeap 'non-profiled nmethods': size=120032Kb used=23964Kb max_used=23964Kb free=96067Kb
 bounds [0x0000000114b34000, 0x00000001162a4000, 0x000000011c06c000]
CodeHeap 'profiled nmethods': size=120016Kb used=46384Kb max_used=47857Kb free=73631Kb
 bounds [0x000000010d06c000, 0x000000010ff2c000, 0x00000001145a0000]
CodeHeap 'non-nmethods': size=5712Kb used=3040Kb max_used=3120Kb free=2671Kb
 bounds [0x00000001145a0000, 0x00000001148c0000, 0x0000000114b34000]
 total_blobs=29106 nmethods=26185 adapters=2836
 compilation: enabled
              stopped_count=0, restarted_count=0
 full_count=0

Compilation events (20 events):
Event: 74.036 Thread 0x000000012400fc00 51842       1       net.minecraft.world.level.levelgen.structure.pools.StructureTemplatePool::setRawTemplates (6 bytes)
Event: 74.036 Thread 0x000000012400fc00 nmethod 51842 0x0000000116295810 code [0x0000000116295980, 0x0000000116295a58]
Event: 74.036 Thread 0x000000012400fc00 51843       1       dev.worldgen.lithostitched.config.ConfigCodec::logDebugMessages (5 bytes)
Event: 74.036 Thread 0x000000012400fc00 nmethod 51843 0x0000000116295b10 code [0x0000000116295c80, 0x0000000116295d18]
Event: 74.036 Thread 0x000000012400fc00 51845       3       net.minecraft.core.MappedRegistry$$Lambda$4067/0x0000000800dff358::test (8 bytes)
Event: 74.036 Thread 0x000000012400fc00 nmethod 51845 0x000000010fa2e590 code [0x000000010fa2e740, 0x000000010fa2ea18]
Event: 74.037 Thread 0x000000012400fc00 51847       3       net.minecraft.world.level.levelgen.structure.pools.StructureTemplatePool$$Lambda$40269/0x0000000803ec73e8::accept (12 bytes)
Event: 74.037 Thread 0x000000012400fc00 nmethod 51847 0x000000010f632710 code [0x000000010f632900, 0x000000010f632e88]
Event: 74.037 Thread 0x000000012400fc00 51849       3       dev.worldgen.lithostitched.worldgen.structure.LithostitchedTemplates::add (30 bytes)
Event: 74.037 Thread 0x000000012400fc00 nmethod 51849 0x000000010e11d310 code [0x000000010e11d500, 0x000000010e11d8a8]
Event: 74.037 Thread 0x000000012400fc00 51850       3       dev.worldgen.lithostitched.worldgen.structure.LithostitchedTemplates$WeightedEntry::<init> (50 bytes)
Event: 74.037 Thread 0x000000012400fc00 nmethod 51850 0x000000010decd610 code [0x000000010decd800, 0x000000010decde58]
Event: 74.037 Thread 0x000000012400fc00 51851       3       net.minecraft.core.MappedRegistry$$Lambda$4068/0x0000000800dff5a8::apply (13 bytes)
Event: 74.037 Thread 0x000000012400fc00 nmethod 51851 0x000000010eb72f90 code [0x000000010eb73140, 0x000000010eb733c8]
Event: 74.037 Thread 0x000000012400fc00 51848       3       net.minecraft.world.level.levelgen.structure.pools.StructureTemplatePool::mdbaafcc$lambda$compileRawTemplates$0$0 (26 bytes)
Event: 74.037 Thread 0x000000012400fc00 nmethod 51848 0x000000010e866d90 code [0x000000010e866f80, 0x000000010e867388]
Event: 74.037 Thread 0x000000012400fc00 51852       3       net.minecraft.world.level.levelgen.structure.pools.StructureTemplatePool::compileRawTemplates (16 bytes)
Event: 74.037 Thread 0x000000012400fc00 nmethod 51852 0x000000010e008510 code [0x000000010e008780, 0x000000010e008e38]
Event: 74.037 Thread 0x000000012400fc00 51853       3       net.minecraft.world.level.levelgen.structure.pools.StructureTemplatePool$$Lambda$40269/0x0000000803ec73e8::<init> (10 bytes)
Event: 74.037 Thread 0x000000012400fc00 nmethod 51853 0x000000010f1b7c90 code [0x000000010f1b7e40, 0x000000010f1b8018]

GC Heap History (20 events):
Event: 59.511 GC heap before
{Heap before GC invocations=124 (full 0):
 garbage-first heap   total 2965504K, used 2727936K [0x0000000700000000, 0x0000000800000000)
  region size 2048K, 72 young (147456K), 9 survivors (18432K)
 Metaspace       used 318021K, committed 320704K, reserved 1310720K
  class space    used 59191K, committed 60352K, reserved 1048576K
}
Event: 59.519 GC heap after
{Heap after GC invocations=125 (full 0):
 garbage-first heap   total 2965504K, used 2618836K [0x0000000700000000, 0x0000000800000000)
  region size 2048K, 9 young (18432K), 9 survivors (18432K)
 Metaspace       used 318021K, committed 320704K, reserved 1310720K
  class space    used 59191K, committed 60352K, reserved 1048576K
}
Event: 59.963 GC heap before
{Heap before GC invocations=125 (full 0):
 garbage-first heap   total 2965504K, used 2747860K [0x0000000700000000, 0x0000000800000000)
  region size 2048K, 72 young (147456K), 9 survivors (18432K)
 Metaspace       used 321205K, committed 323968K, reserved 1376256K
  class space    used 59720K, committed 60928K, reserved 1048576K
}
Event: 59.975 GC heap after
{Heap after GC invocations=126 (full 0):
 garbage-first heap   total 2965504K, used 2629959K [0x0000000700000000, 0x0000000800000000)
  region size 2048K, 5 young (10240K), 5 survivors (10240K)
 Metaspace       used 321205K, committed 323968K, reserved 1376256K
  class space    used 59720K, committed 60928K, reserved 1048576K
}
Event: 62.204 GC heap before
{Heap before GC invocations=127 (full 0):
 garbage-first heap   total 4194304K, used 2675015K [0x0000000700000000, 0x0000000800000000)
  region size 2048K, 102 young (208896K), 5 survivors (10240K)
 Metaspace       used 326201K, committed 328960K, reserved 1376256K
  class space    used 60340K, committed 61504K, reserved 1048576K
}
Event: 62.218 GC heap after
{Heap after GC invocations=128 (full 0):
 garbage-first heap   total 4194304K, used 2482287K [0x0000000700000000, 0x0000000800000000)
  region size 2048K, 7 young (14336K), 7 survivors (14336K)
 Metaspace       used 326201K, committed 328960K, reserved 1376256K
  class space    used 60340K, committed 61504K, reserved 1048576K
}
Event: 64.338 GC heap before
{Heap before GC invocations=128 (full 0):
 garbage-first heap   total 4194304K, used 2674799K [0x0000000700000000, 0x0000000800000000)
  region size 2048K, 102 young (208896K), 7 survivors (14336K)
 Metaspace       used 327818K, committed 330624K, reserved 1376256K
  class space    used 60523K, committed 61760K, reserved 1048576K
}
Event: 64.388 GC heap after
{Heap after GC invocations=129 (full 0):
 garbage-first heap   total 4194304K, used 2431101K [0x0000000700000000, 0x0000000800000000)
  region size 2048K, 8 young (16384K), 8 survivors (16384K)
 Metaspace       used 327818K, committed 330624K, reserved 1376256K
  class space    used 60523K, committed 61760K, reserved 1048576K
}
Event: 65.633 GC heap before
{Heap before GC invocations=129 (full 0):
 garbage-first heap   total 4194304K, used 3485821K [0x0000000700000000, 0x0000000800000000)
  region size 2048K, 519 young (1062912K), 8 survivors (16384K)
 Metaspace       used 328586K, committed 331392K, reserved 1376256K
  class space    used 60637K, committed 61888K, reserved 1048576K
}
Event: 65.733 GC heap after
{Heap after GC invocations=130 (full 0):
 garbage-first heap   total 4194304K, used 2468763K [0x0000000700000000, 0x0000000800000000)
  region size 2048K, 22 young (45056K), 22 survivors (45056K)
 Metaspace       used 328586K, committed 331392K, reserved 1376256K
  class space    used 60637K, committed 61888K, reserved 1048576K
}
Event: 66.431 GC heap before
{Heap before GC invocations=130 (full 0):
 garbage-first heap   total 4194304K, used 3185563K [0x0000000700000000, 0x0000000800000000)
  region size 2048K, 373 young (763904K), 22 survivors (45056K)
 Metaspace       used 330884K, committed 333760K, reserved 1376256K
  class space    used 61078K, committed 62336K, reserved 1048576K
}
Event: 66.461 GC heap after
{Heap after GC invocations=131 (full 0):
 garbage-first heap   total 4194304K, used 2484521K [0x0000000700000000, 0x0000000800000000)
  region size 2048K, 29 young (59392K), 29 survivors (59392K)
 Metaspace       used 330884K, committed 333760K, reserved 1376256K
  class space    used 61078K, committed 62336K, reserved 1048576K
}
Event: 67.647 GC heap before
{Heap before GC invocations=131 (full 0):
 garbage-first heap   total 4194304K, used 3567913K [0x0000000700000000, 0x0000000800000000)
  region size 2048K, 554 young (1134592K), 29 survivors (59392K)
 Metaspace       used 336769K, committed 339712K, reserved 1376256K
  class space    used 62132K, committed 63424K, reserved 1048576K
}
Event: 67.790 GC heap after
{Heap after GC invocations=132 (full 0):
 garbage-first heap   total 4194304K, used 2509097K [0x0000000700000000, 0x0000000800000000)
  region size 2048K, 41 young (83968K), 41 survivors (83968K)
 Metaspace       used 336769K, committed 339712K, reserved 1376256K
  class space    used 62132K, committed 63424K, reserved 1048576K
}
Event: 68.021 GC heap before
{Heap before GC invocations=132 (full 0):
 garbage-first heap   total 4194304K, used 3586345K [0x0000000700000000, 0x0000000800000000)
  region size 2048K, 568 young (1163264K), 41 survivors (83968K)
 Metaspace       used 336886K, committed 339776K, reserved 1376256K
  class space    used 62143K, committed 63424K, reserved 1048576K
}
Event: 68.111 GC heap after
{Heap after GC invocations=133 (full 0):
 garbage-first heap   total 4194304K, used 2562550K [0x0000000700000000, 0x0000000800000000)
  region size 2048K, 64 young (131072K), 64 survivors (131072K)
 Metaspace       used 336886K, committed 339776K, reserved 1376256K
  class space    used 62143K, committed 63424K, reserved 1048576K
}
Event: 68.478 GC heap before
{Heap before GC invocations=133 (full 0):
 garbage-first heap   total 4194304K, used 3586550K [0x0000000700000000, 0x0000000800000000)
  region size 2048K, 570 young (1167360K), 64 survivors (131072K)
 Metaspace       used 337337K, committed 340224K, reserved 1376256K
  class space    used 62207K, committed 63488K, reserved 1048576K
}
Event: 68.534 GC heap after
{Heap after GC invocations=134 (full 0):
 garbage-first heap   total 4194304K, used 2587232K [0x0000000700000000, 0x0000000800000000)
  region size 2048K, 52 young (106496K), 52 survivors (106496K)
 Metaspace       used 337337K, committed 340224K, reserved 1376256K
  class space    used 62207K, committed 63488K, reserved 1048576K
}
Event: 68.950 GC heap before
{Heap before GC invocations=134 (full 0):
 garbage-first heap   total 4194304K, used 2953824K [0x0000000700000000, 0x0000000800000000)
  region size 2048K, 231 young (473088K), 52 survivors (106496K)
 Metaspace       used 337903K, committed 340800K, reserved 1376256K
  class space    used 62279K, committed 63552K, reserved 1048576K
}
Event: 69.005 GC heap after
{Heap after GC invocations=135 (full 0):
 garbage-first heap   total 4194304K, used 2607094K [0x0000000700000000, 0x0000000800000000)
  region size 2048K, 11 young (22528K), 11 survivors (22528K)
 Metaspace       used 337903K, committed 340800K, reserved 1376256K
  class space    used 62279K, committed 63552K, reserved 1048576K
}

Dll operation events (20 events):
Event: 0.097 Loaded shared library /Users/ycar/Documents/curseforge/minecraft/Install/java/java-runtime-gamma/Contents/Home/lib/libjimage.dylib
Event: 0.159 Loaded shared library /Users/ycar/Documents/curseforge/minecraft/Install/java/java-runtime-gamma/Contents/Home/lib/libnet.dylib
Event: 0.224 Loaded shared library /Users/ycar/Documents/curseforge/minecraft/Install/java/java-runtime-gamma/Contents/Home/lib/libverify.dylib
Event: 1.080 Loaded shared library /Users/ycar/Documents/curseforge/minecraft/Install/java/java-runtime-gamma/Contents/Home/lib/libmanagement.dylib
Event: 1.083 Loaded shared library /Users/ycar/Documents/curseforge/minecraft/Install/java/java-runtime-gamma/Contents/Home/lib/libmanagement_ext.dylib
Event: 2.323 Loaded shared library /Users/ycar/Documents/curseforge/minecraft/Install/natives/forge-47.4.0/liblwjgl.dylib
Event: 2.773 Loaded shared library /Users/ycar/Documents/curseforge/minecraft/Install/natives/forge-47.4.0/liblwjgl_opengl.dylib
Event: 2.824 Loaded shared library /Users/ycar/Documents/curseforge/minecraft/Install/natives/forge-47.4.0/liblwjgl_stb.dylib
Event: 2.929 Loaded shared library /Users/ycar/Documents/curseforge/minecraft/Install/java/java-runtime-gamma/Contents/Home/lib/libextnet.dylib
Event: 11.792 Loaded shared library /Users/ycar/Documents/curseforge/minecraft/Install/natives/forge-47.4.0/jna8152520830268422724.tmp
Event: 16.123 Loaded shared library /Users/ycar/Documents/curseforge/minecraft/Install/java/java-runtime-gamma/Contents/Home/lib/libawt.dylib
Event: 16.135 Loaded shared library /Users/ycar/Documents/curseforge/minecraft/Install/java/java-runtime-gamma/Contents/Home/lib/libawt_lwawt.dylib
Event: 16.704 Loading shared library /Users/ycar/Documents/curseforge/minecraft/Install/java/java-runtime-gamma/Contents/Home/lib/libjunixsocket-native-2.6.2.dylib failed, dlopen(/Users/ycar/Documents/curseforge/minecraft/Install/java/java-runtime-gamma/Contents/Home/l
Event: 16.705 Loading shared library /Users/ycar/Documents/curseforge/minecraft/Install/java/java-runtime-gamma/Contents/Home/lib/libjunixsocket-native-2.6.2.jnilib failed, dlopen(/Users/ycar/Documents/curseforge/minecraft/Install/java/java-runtime-gamma/Contents/Home/
Event: 16.705 Loading shared library /Users/ycar/Documents/curseforge/minecraft/Install/natives/forge-47.4.0/libjunixsocket-native-2.6.2.dylib failed, dlopen(/Users/ycar/Documents/curseforge/minecraft/Install/natives/forge-47.4.0/libjunixsocket-native-2.6.2.dylib, 0x00
Event: 16.705 Loading shared library /Users/ycar/Documents/curseforge/minecraft/Install/natives/forge-47.4.0/libjunixsocket-native-2.6.2.jnilib failed, dlopen(/Users/ycar/Documents/curseforge/minecraft/Install/natives/forge-47.4.0/libjunixsocket-native-2.6.2.jnilib, 0x
Event: 16.849 Loaded shared library /private/var/folders/n7/77_gm68s55d4qwfn1b4zkpgm0000gn/T/libtmp9687618481714584210libjunixsocket-native-2.6.2.dylib
Event: 16.990 Loaded shared library /private/var/folders/n7/77_gm68s55d4qwfn1b4zkpgm0000gn/T/libjcocoa18108499075537401202.dylib
Event: 28.089 Loaded shared library /Users/ycar/Documents/curseforge/minecraft/Install/java/java-runtime-gamma/Contents/Home/lib/libfontmanager.dylib
Event: 70.803 Loaded shared library /Users/ycar/Documents/curseforge/minecraft/Instances/Create_ Hell's Kitchen/config/spark/tmp/spark-94bc93fa6c91-libasyncProfiler.so.tmp

Deoptimization events (20 events):
Event: 74.018 Thread 0x0000000174156a00 Uncommon trap: trap_request=0xffffffde fr.pc=0x00000001156c9bb8 relative=0x0000000000000838
Event: 74.018 Thread 0x0000000174156a00 Uncommon trap: reason=class_check action=maybe_recompile pc=0x00000001156c9bb8 method=java.util.ArrayList.removeIf(Ljava/util/function/Predicate;II)Z @ 82 c2
Event: 74.018 Thread 0x0000000174156a00 DEOPT PACKING pc=0x00000001156c9bb8 sp=0x00000003a5104940
Event: 74.018 Thread 0x0000000174156a00 DEOPT UNPACKING pc=0x00000001145e791c sp=0x00000003a5104860 mode 2
Event: 74.018 Thread 0x0000000174156a00 Uncommon trap: trap_request=0xffffffde fr.pc=0x00000001159dc260 relative=0x00000000000000e0
Event: 74.018 Thread 0x0000000174156a00 Uncommon trap: reason=class_check action=maybe_recompile pc=0x00000001159dc260 method=com.google.common.collect.Maps$9.transformEntry(Ljava/lang/Object;Ljava/lang/Object;)Ljava/lang/Object; @ 5 c2
Event: 74.018 Thread 0x0000000174156a00 DEOPT PACKING pc=0x00000001159dc260 sp=0x00000003a5105230
Event: 74.018 Thread 0x0000000174156a00 DEOPT UNPACKING pc=0x00000001145e791c sp=0x00000003a5105140 mode 2
Event: 74.021 Thread 0x0000000174156a00 Uncommon trap: trap_request=0xffffffde fr.pc=0x00000001159dc260 relative=0x00000000000000e0
Event: 74.021 Thread 0x0000000174156a00 Uncommon trap: reason=class_check action=maybe_recompile pc=0x00000001159dc260 method=com.google.common.collect.Maps$9.transformEntry(Ljava/lang/Object;Ljava/lang/Object;)Ljava/lang/Object; @ 5 c2
Event: 74.021 Thread 0x0000000174156a00 DEOPT PACKING pc=0x00000001159dc260 sp=0x00000003a5105230
Event: 74.021 Thread 0x0000000174156a00 DEOPT UNPACKING pc=0x00000001145e791c sp=0x00000003a5105140 mode 2
Event: 74.023 Thread 0x0000000174156a00 Uncommon trap: trap_request=0xffffff45 fr.pc=0x0000000115a07f50 relative=0x0000000000000110
Event: 74.023 Thread 0x0000000174156a00 Uncommon trap: reason=unstable_if action=reinterpret pc=0x0000000115a07f50 method=java.util.EnumMap.containsKey(Ljava/lang/Object;)Z @ 20 c2
Event: 74.023 Thread 0x0000000174156a00 DEOPT PACKING pc=0x0000000115a07f50 sp=0x00000003a5106230
Event: 74.023 Thread 0x0000000174156a00 DEOPT UNPACKING pc=0x00000001145e791c sp=0x00000003a51061e0 mode 2
Event: 74.026 Thread 0x0000000174156a00 Uncommon trap: trap_request=0xffffff76 fr.pc=0x00000001160bea84 relative=0x00000000000001c4
Event: 74.026 Thread 0x0000000174156a00 Uncommon trap: reason=predicate action=maybe_recompile pc=0x00000001160bea84 method=java.util.LinkedHashMap.keysToArray([Ljava/lang/Object;)[Ljava/lang/Object; @ 12 c2
Event: 74.026 Thread 0x0000000174156a00 DEOPT PACKING pc=0x00000001160bea84 sp=0x00000003a5106110
Event: 74.026 Thread 0x0000000174156a00 DEOPT UNPACKING pc=0x00000001145e791c sp=0x00000003a51060b0 mode 2

Classes unloaded (3 events):
Event: 5.803 Thread 0x00000001223154f0 Unloading class 0x000000080043ac28 'kotlin/KotlinVersionCurrentValue'
Event: 5.803 Thread 0x00000001223154f0 Unloading class 0x000000080043aa20 'kotlin/KotlinVersion$Companion'
Event: 5.803 Thread 0x00000001223154f0 Unloading class 0x000000080043a800 'kotlin/KotlinVersion'

Classes redefined (0 events):
No events

Internal exceptions (20 events):
Event: 68.245 Thread 0x0000000121d0ca00 Exception <a 'java/lang/NoSuchMethodError'{0x00000007db779100}: 'java.lang.Object java.lang.invoke.DirectMethodHandle$Holder.invokeStatic(java.lang.Object, java.lang.Object, int, int, java.lang.Object, java.lang.Object)'> (0x00000007db779100) 
thrown [src/hotspot/share/interpreter/linkResolver.cpp, line 759]
Event: 69.034 Thread 0x000000012180c200 NullPointerException in IC check 0x0000000115856640
Event: 69.034 Thread 0x000000012180c200 Exception <a 'java/lang/NullPointerException'{0x00000007ff4cc288}> (0x00000007ff4cc288) 
thrown [src/hotspot/share/runtime/sharedRuntime.cpp, line 628]
Event: 69.039 Thread 0x000000012180c200 NullPointerException in IC check 0x0000000115856640
Event: 69.039 Thread 0x000000012180c200 Exception <a 'java/lang/NullPointerException'{0x00000007ff322280}> (0x00000007ff322280) 
thrown [src/hotspot/share/runtime/sharedRuntime.cpp, line 628]
Event: 69.739 Thread 0x000000012180c200 Implicit null exception at 0x00000001161a7a90 to 0x00000001161a8a68
Event: 69.741 Thread 0x000000012180c200 Exception <a 'java/lang/IncompatibleClassChangeError'{0x00000007ea369258}: Found class java.lang.Object, but interface was expected> (0x00000007ea369258) 
thrown [src/hotspot/share/interpreter/linkResolver.cpp, line 826]
Event: 69.807 Thread 0x000000012180c200 Exception <a 'java/lang/NoSuchMethodError'{0x00000007e7693660}: 'java.lang.Object java.lang.invoke.DirectMethodHandle$Holder.newInvokeSpecial(java.lang.Object, java.lang.Object, int, java.lang.Object, java.lang.Object, int)'> (0x00000007e7693660) 
thrown [src/hotspot/share/interpreter/linkResolver.cpp, line 759]
Event: 69.914 Thread 0x000000012180c200 Exception <a 'java/lang/NoSuchMethodError'{0x00000007e5a325a0}: 'java.lang.Object java.lang.invoke.DirectMethodHandle$Holder.newInvokeSpecial(java.lang.Object, java.lang.Object, int, int, java.lang.Object, int)'> (0x00000007e5a325a0) 
thrown [src/hotspot/share/interpreter/linkResolver.cpp, line 759]
Event: 70.304 Thread 0x000000012180c200 Exception <a 'sun/nio/fs/UnixException'{0x00000007ded062d0}> (0x00000007ded062d0) 
thrown [src/hotspot/share/prims/jni.cpp, line 516]
Event: 70.304 Thread 0x000000012180c200 Exception <a 'sun/nio/fs/UnixException'{0x00000007ded06428}> (0x00000007ded06428) 
thrown [src/hotspot/share/prims/jni.cpp, line 516]
Event: 70.304 Thread 0x000000012180c200 Exception <a 'sun/nio/fs/UnixException'{0x00000007ded11638}> (0x00000007ded11638) 
thrown [src/hotspot/share/prims/jni.cpp, line 516]
Event: 70.305 Thread 0x000000012180c200 Exception <a 'sun/nio/fs/UnixException'{0x00000007ded12380}> (0x00000007ded12380) 
thrown [src/hotspot/share/prims/jni.cpp, line 516]
Event: 70.309 Thread 0x000000012180c200 Exception <a 'java/io/FileNotFoundException'{0x00000007ded8c878}> (0x00000007ded8c878) 
thrown [src/hotspot/share/prims/jni.cpp, line 516]
Event: 70.414 Thread 0x0000000174156a00 Exception <a 'sun/nio/fs/UnixException'{0x00000007dd53bf70}> (0x00000007dd53bf70) 
thrown [src/hotspot/share/prims/jni.cpp, line 516]
Event: 70.415 Thread 0x0000000174156a00 Exception <a 'java/lang/NoSuchMethodError'{0x00000007dd555d48}: 'void java.lang.invoke.DelegatingMethodHandle$Holder.reinvoke_L(java.lang.Object, java.lang.Object, double)'> (0x00000007dd555d48) 
thrown [src/hotspot/share/interpreter/linkResolver.cpp, line 759]
Event: 70.417 Thread 0x0000000174156a00 Exception <a 'sun/nio/fs/UnixException'{0x00000007dd5741c0}> (0x00000007dd5741c0) 
thrown [src/hotspot/share/prims/jni.cpp, line 516]
Event: 70.460 Thread 0x0000000174156a00 Exception <a 'sun/nio/fs/UnixException'{0x00000007dcc31940}> (0x00000007dcc31940) 
thrown [src/hotspot/share/prims/jni.cpp, line 516]
Event: 70.600 Thread 0x0000000174156a00 Exception <a 'sun/nio/fs/UnixException'{0x00000007d61c3140}> (0x00000007d61c3140) 
thrown [src/hotspot/share/prims/jni.cpp, line 516]
Event: 70.610 Thread 0x0000000174156a00 Exception <a 'java/lang/NoSuchMethodError'{0x00000007d5c7d800}: 'double java.lang.invoke.DirectMethodHandle$Holder.invokeStaticInit(java.lang.Object, long)'> (0x00000007d5c7d800) 
thrown [src/hotspot/share/interpreter/linkResolver.cpp, line 759]

VM Operations (20 events):
Event: 70.173 Executing VM operation: ICBufferFull
Event: 70.173 Executing VM operation: ICBufferFull done
Event: 70.194 Executing VM operation: HandshakeAllThreads
Event: 70.195 Executing VM operation: HandshakeAllThreads done
Event: 70.220 Executing VM operation: ICBufferFull
Event: 70.220 Executing VM operation: ICBufferFull done
Event: 70.262 Executing VM operation: HandshakeAllThreads
Event: 70.262 Executing VM operation: HandshakeAllThreads done
Event: 70.295 Executing VM operation: ICBufferFull
Event: 70.295 Executing VM operation: ICBufferFull done
Event: 70.314 Executing VM operation: HandshakeAllThreads
Event: 70.314 Executing VM operation: HandshakeAllThreads done
Event: 70.441 Executing VM operation: HandshakeAllThreads
Event: 70.442 Executing VM operation: HandshakeAllThreads done
Event: 70.516 Executing VM operation: ICBufferFull
Event: 70.516 Executing VM operation: ICBufferFull done
Event: 71.517 Executing VM operation: Cleanup
Event: 71.517 Executing VM operation: Cleanup done
Event: 73.525 Executing VM operation: Cleanup
Event: 73.525 Executing VM operation: Cleanup done

Events (20 events):
Event: 70.458 Thread 0x00000001230c0000 Thread added: 0x00000001230c0000
Event: 70.458 Protecting memory [0x00000003a521c000,0x00000003a5228000] with protection modes 0
Event: 70.459 Thread 0x0000000121902200 Thread added: 0x0000000121902200
Event: 70.459 Protecting memory [0x00000003a5328000,0x00000003a5334000] with protection modes 0
Event: 70.608 Thread 0x0000000127886800 Thread added: 0x0000000127886800
Event: 70.608 Protecting memory [0x00000003a5434000,0x00000003a5440000] with protection modes 0
Event: 71.463 Thread 0x0000000122d16400 Thread added: 0x0000000122d16400
Event: 71.463 Protecting memory [0x00000003a9604000,0x00000003a9610000] with protection modes 0
Event: 72.463 Thread 0x0000000333a0f000 Thread added: 0x0000000333a0f000
Event: 72.463 Protecting memory [0x00000003b1b04000,0x00000003b1b10000] with protection modes 0
Event: 72.534 Protecting memory [0x0000000172950000,0x000000017295c000] with protection modes 3
Event: 72.534 Thread 0x000000012761d600 Thread exited: 0x000000012761d600
Event: 73.857 Thread 0x00000003693a6000 Thread added: 0x00000003693a6000
Event: 73.857 Protecting memory [0x00000003bea04000,0x00000003bea10000] with protection modes 0
Event: 74.002 loading class jdk/internal/vm/VMSupport
Event: 74.002 loading class jdk/internal/vm/VMSupport done
Event: 74.003 Thread 0x000000036d4ad200 Thread added: 0x000000036d4ad200
Event: 74.003 Protecting memory [0x00000003bf504000,0x00000003bf510000] with protection modes 0
Event: 74.004 Thread 0x000000036d4af600 Thread added: 0x000000036d4af600
Event: 74.004 Protecting memory [0x00000003bf610000,0x00000003bf61c000] with protection modes 0


Dynamic libraries:
0x00000001005e8000 	/Users/ycar/Documents/curseforge/minecraft/Install/java/java-runtime-gamma/Contents/Home/lib/libjli.dylib
0x00000001a5683000 	/usr/lib/libz.1.dylib
0x00000001a5739000 	/usr/lib/libSystem.B.dylib
0x00000001a5733000 	/usr/lib/system/libcache.dylib
0x00000001a56ee000 	/usr/lib/system/libcommonCrypto.dylib
0x00000001a5719000 	/usr/lib/system/libcompiler_rt.dylib
0x00000001a570e000 	/usr/lib/system/libcopyfile.dylib
0x0000000197257000 	/usr/lib/system/libcorecrypto.dylib
0x000000019733d000 	/usr/lib/system/libdispatch.dylib
0x00000001974fd000 	/usr/lib/system/libdyld.dylib
0x00000001a5729000 	/usr/lib/system/libkeymgr.dylib
0x00000001a56d1000 	/usr/lib/system/libmacho.dylib
0x00000001a4b04000 	/usr/lib/system/libquarantine.dylib
0x00000001a5726000 	/usr/lib/system/libremovefile.dylib
0x000000019d4fc000 	/usr/lib/system/libsystem_asl.dylib
0x00000001971ec000 	/usr/lib/system/libsystem_blocks.dylib
0x0000000197387000 	/usr/lib/system/libsystem_c.dylib
0x00000001a571d000 	/usr/lib/system/libsystem_collections.dylib
0x00000001a3af8000 	/usr/lib/system/libsystem_configuration.dylib
0x00000001a2893000 	/usr/lib/system/libsystem_containermanager.dylib
0x00000001a5214000 	/usr/lib/system/libsystem_coreservices.dylib
0x000000019affe000 	/usr/lib/system/libsystem_darwin.dylib
0x00000002805b5000 	/usr/lib/system/libsystem_darwindirectory.dylib
0x00000001a572a000 	/usr/lib/system/libsystem_dnssd.dylib
0x00000002805b9000 	/usr/lib/system/libsystem_eligibility.dylib
0x0000000197384000 	/usr/lib/system/libsystem_featureflags.dylib
0x0000000197535000 	/usr/lib/system/libsystem_info.dylib
0x00000001a5692000 	/usr/lib/system/libsystem_m.dylib
0x00000001972f6000 	/usr/lib/system/libsystem_malloc.dylib
0x000000019d465000 	/usr/lib/system/libsystem_networkextension.dylib
0x000000019b460000 	/usr/lib/system/libsystem_notify.dylib
0x00000001a3afd000 	/usr/lib/system/libsystem_sandbox.dylib
0x00000002805c1000 	/usr/lib/system/libsystem_sanitizers.dylib
0x00000001a5722000 	/usr/lib/system/libsystem_secinit.dylib
0x00000001974b4000 	/usr/lib/system/libsystem_kernel.dylib
0x000000019752d000 	/usr/lib/system/libsystem_platform.dylib
0x00000001974f0000 	/usr/lib/system/libsystem_pthread.dylib
0x000000019f056000 	/usr/lib/system/libsystem_symptoms.dylib
0x000000019723b000 	/usr/lib/system/libsystem_trace.dylib
0x00000001a56fc000 	/usr/lib/system/libunwind.dylib
0x00000001971f0000 	/usr/lib/system/libxpc.dylib
0x00000001970fc000 	/usr/lib/libobjc.A.dylib
0x0000000197565000 	/System/Library/Frameworks/CoreFoundation.framework/Versions/A/CoreFoundation
0x00000001a8c76000 	/usr/lib/swift/libswiftCore.dylib
0x0000000197496000 	/usr/lib/libc++abi.dylib
0x000000027f18d000 	/usr/lib/libRosetta.dylib
0x0000000197409000 	/usr/lib/libc++.1.dylib
0x0000000198b55000 	/System/Library/Frameworks/Foundation.framework/Versions/C/Foundation
0x00000001b18c4000 	/usr/lib/swift/libswiftObjectiveC.dylib
0x000000019b2fc000 	/System/Library/PrivateFrameworks/CoreServicesInternal.framework/Versions/A/CoreServicesInternal
0x00000001a5706000 	/usr/lib/liboah.dylib
0x00000001a573b000 	/usr/lib/libfakelink.dylib
0x000000019ad32000 	/usr/lib/libicucore.A.dylib
0x00000001a573e000 	/System/Library/PrivateFrameworks/SoftLinking.framework/Versions/A/SoftLinking
0x00000001ad15f000 	/System/Library/Frameworks/CoreServices.framework/Versions/A/CoreServices
0x000000019a927000 	/System/Library/Frameworks/Security.framework/Versions/A/Security
0x000000019b37d000 	/System/Library/Frameworks/IOKit.framework/Versions/A/IOKit
0x00000001b0dd1000 	/System/Library/PrivateFrameworks/DiskImages.framework/Versions/A/DiskImages
0x00000001bd85b000 	/System/Library/Frameworks/NetFS.framework/Versions/A/NetFS
0x000000019d09a000 	/System/Library/Frameworks/CFNetwork.framework/Versions/A/CFNetwork
0x00000001a0d18000 	/System/Library/Frameworks/CoreServices.framework/Versions/A/Frameworks/FSEvents.framework/Versions/A/FSEvents
0x000000019b009000 	/System/Library/Frameworks/CoreServices.framework/Versions/A/Frameworks/CarbonCore.framework/Versions/A/CarbonCore
0x00000001a018d000 	/System/Library/Frameworks/CoreServices.framework/Versions/A/Frameworks/Metadata.framework/Versions/A/Metadata
0x00000001a521b000 	/System/Library/Frameworks/CoreServices.framework/Versions/A/Frameworks/OSServices.framework/Versions/A/OSServices
0x00000001a5888000 	/System/Library/Frameworks/CoreServices.framework/Versions/A/Frameworks/SearchKit.framework/Versions/A/SearchKit
0x000000019efd1000 	/System/Library/Frameworks/CoreServices.framework/Versions/A/Frameworks/AE.framework/Versions/A/AE
0x0000000197aa4000 	/System/Library/Frameworks/CoreServices.framework/Versions/A/Frameworks/LaunchServices.framework/Versions/A/LaunchServices
0x00000001a6c9e000 	/System/Library/Frameworks/CoreServices.framework/Versions/A/Frameworks/DictionaryServices.framework/Versions/A/DictionaryServices
0x00000001a0d26000 	/System/Library/Frameworks/CoreServices.framework/Versions/A/Frameworks/SharedFileList.framework/Versions/A/SharedFileList
0x00000001987b9000 	/System/Library/Frameworks/SystemConfiguration.framework/Versions/A/SystemConfiguration
0x00000001a591d000 	/usr/lib/libapple_nghttp2.dylib
0x00000001a5966000 	/usr/lib/libcompression.dylib
0x000000019ec32000 	/usr/lib/libsqlite3.dylib
0x00000001a00f9000 	/System/Library/PrivateFrameworks/CoreAnalytics.framework/Versions/A/CoreAnalytics
0x000000019da5d000 	/System/Library/Frameworks/CoreGraphics.framework/Versions/A/CoreGraphics
0x00000001a9959000 	/System/Library/Frameworks/GSS.framework/Versions/A/GSS
0x00000001a7f03000 	/System/Library/PrivateFrameworks/InternationalSupport.framework/Versions/A/InternationalSupport
0x000000019ef68000 	/System/Library/PrivateFrameworks/RunningBoardServices.framework/Versions/A/RunningBoardServices
0x000000019d480000 	/usr/lib/libenergytrace.dylib
0x000000019f05f000 	/System/Library/Frameworks/Network.framework/Versions/A/Network
0x00000001a012a000 	/usr/lib/libDiagnosticMessagesClient.dylib
0x00000001a4b2b000 	/usr/lib/libbsm.0.dylib
0x00000001a56d5000 	/usr/lib/system/libkxld.dylib
0x0000000241629000 	/System/Library/PrivateFrameworks/AppleKeyStore.framework/Versions/A/AppleKeyStore
0x000000027efe5000 	/usr/lib/libCoreEntitlements.dylib
0x000000025ca65000 	/System/Library/PrivateFrameworks/MessageSecurity.framework/Versions/A/MessageSecurity
0x000000019ec17000 	/System/Library/PrivateFrameworks/ProtocolBuffer.framework/Versions/A/ProtocolBuffer
0x000000019d482000 	/usr/lib/libMobileGestalt.dylib
0x00000001a51fb000 	/System/Library/PrivateFrameworks/AppleFSCompression.framework/Versions/A/AppleFSCompression
0x00000001a4b13000 	/usr/lib/libcoretls.dylib
0x00000001a6d14000 	/usr/lib/libcoretls_cfhelpers.dylib
0x00000001a5960000 	/usr/lib/libpam.2.dylib
0x00000001a6d88000 	/usr/lib/libxar.1.dylib
0x00000001a0d54000 	/System/Library/PrivateFrameworks/CoreAutoLayout.framework/Versions/A/CoreAutoLayout
0x00000001a0218000 	/System/Library/Frameworks/DiskArbitration.framework/Versions/A/DiskArbitration
0x00000001a5790000 	/usr/lib/libarchive.2.dylib
0x00000001a0d9e000 	/usr/lib/libxml2.2.dylib
0x00000001a3b0b000 	/usr/lib/liblangid.dylib
0x00000001ab05b000 	/System/Library/Frameworks/Combine.framework/Versions/A/Combine
0x0000000245a93000 	/System/Library/PrivateFrameworks/CollectionsInternal.framework/Versions/A/CollectionsInternal
0x0000000265a8c000 	/System/Library/PrivateFrameworks/ReflectionInternal.framework/Versions/A/ReflectionInternal
0x000000026675e000 	/System/Library/PrivateFrameworks/RuntimeInternal.framework/Versions/A/RuntimeInternal
0x00000001c091e000 	/usr/lib/swift/libswiftCoreFoundation.dylib
0x00000001bdd32000 	/usr/lib/swift/libswiftDarwin.dylib
0x00000001aec57000 	/usr/lib/swift/libswiftDispatch.dylib
0x00000001c0979000 	/usr/lib/swift/libswiftIOKit.dylib
0x0000000280211000 	/usr/lib/swift/libswiftSystem.dylib
0x00000001c0930000 	/usr/lib/swift/libswiftXPC.dylib
0x0000000280280000 	/usr/lib/swift/libswift_Builtin_float.dylib
0x0000000280283000 	/usr/lib/swift/libswift_Concurrency.dylib
0x00000002803e2000 	/usr/lib/swift/libswift_StringProcessing.dylib
0x0000000280475000 	/usr/lib/swift/libswift_errno.dylib
0x0000000280477000 	/usr/lib/swift/libswift_math.dylib
0x000000028047a000 	/usr/lib/swift/libswift_signal.dylib
0x000000028047b000 	/usr/lib/swift/libswift_stdio.dylib
0x000000028047c000 	/usr/lib/swift/libswift_time.dylib
0x00000001b18c8000 	/usr/lib/swift/libswiftos.dylib
0x000000028047d000 	/usr/lib/swift/libswiftsys_time.dylib
0x000000028047e000 	/usr/lib/swift/libswiftunistd.dylib
0x00000001a3b06000 	/System/Library/PrivateFrameworks/AppleSystemInfo.framework/Versions/A/AppleSystemInfo
0x00000001c0809000 	/System/Library/PrivateFrameworks/LoggingSupport.framework/Versions/A/LoggingSupport
0x00000001ae118000 	/System/Library/PrivateFrameworks/PowerLog.framework/Versions/A/PowerLog
0x00000001fe31a000 	/System/Library/Frameworks/SwiftData.framework/Versions/A/SwiftData
0x000000019cb11000 	/System/Library/Frameworks/UniformTypeIdentifiers.framework/Versions/A/UniformTypeIdentifiers
0x00000001a0f29000 	/System/Library/PrivateFrameworks/UserManagement.framework/Versions/A/UserManagement
0x000000019cfc8000 	/usr/lib/libboringssl.dylib
0x000000019f045000 	/usr/lib/libdns_services.dylib
0x00000001bf9bd000 	/usr/lib/libquic.dylib
0x00000001a8c05000 	/usr/lib/libusrtcp.dylib
0x00000001e430f000 	/System/Library/PrivateFrameworks/InternalSwiftProtobuf.framework/Versions/A/InternalSwiftProtobuf
0x000000028016e000 	/usr/lib/swift/libswiftDistributed.dylib
0x000000028019a000 	/usr/lib/swift/libswiftObservation.dylib
0x0000000280207000 	/usr/lib/swift/libswiftSynchronization.dylib
0x000000019d099000 	/usr/lib/libnetwork.dylib
0x00000001d1535000 	/System/Library/PrivateFrameworks/OSAnalytics.framework/Versions/A/OSAnalytics
0x00000001a58f8000 	/System/Library/PrivateFrameworks/AppleSauce.framework/Versions/A/AppleSauce
0x00000001af3ed000 	/System/Library/PrivateFrameworks/CoreSymbolication.framework/Versions/A/CoreSymbolication
0x00000001dffdb000 	/System/Library/PrivateFrameworks/Symbolication.framework/Versions/A/Symbolication
0x00000001af3c9000 	/System/Library/PrivateFrameworks/DebugSymbols.framework/Versions/A/DebugSymbols
0x000000027eeb0000 	/usr/lib/libAppleArchive.dylib
0x00000001a5207000 	/usr/lib/libbz2.1.0.dylib
0x00000001a6cf5000 	/usr/lib/liblzma.5.dylib
0x00000001a4803000 	/System/Library/PrivateFrameworks/IOMobileFramebuffer.framework/Versions/A/IOMobileFramebuffer
0x00000001a28c4000 	/System/Library/Frameworks/IOSurface.framework/Versions/A/IOSurface
0x00000001c0892000 	/System/Library/PrivateFrameworks/MallocStackLogging.framework/Versions/A/MallocStackLogging
0x00000001a6ee3000 	/System/Library/PrivateFrameworks/CrashReporterSupport.framework/Versions/A/CrashReporterSupport
0x00000001985b0000 	/System/Library/PrivateFrameworks/Lexicon.framework/Versions/A/Lexicon
0x0000000254db5000 	/System/Library/PrivateFrameworks/IO80211.framework/Versions/A/IO80211
0x00000001aeeef000 	/System/Library/PrivateFrameworks/FrontBoardServices.framework/Versions/A/FrontBoardServices
0x00000001a4a3b000 	/System/Library/Frameworks/SecurityFoundation.framework/Versions/A/SecurityFoundation
0x00000001a4b9d000 	/usr/lib/libgermantok.dylib
0x00000001a3c2a000 	/System/Library/PrivateFrameworks/LinguisticData.framework/Versions/A/LinguisticData
0x000000019ee83000 	/System/Library/PrivateFrameworks/BaseBoard.framework/Versions/A/BaseBoard
0x00000001aefbc000 	/System/Library/PrivateFrameworks/BoardServices.framework/Versions/A/BoardServices
0x00000001a4a2c000 	/System/Library/PrivateFrameworks/AssertionServices.framework/Versions/A/AssertionServices
0x00000001b0c0c000 	/System/Library/PrivateFrameworks/BackBoardServices.framework/Versions/A/BackBoardServices
0x00000001a330e000 	/System/Library/Frameworks/ImageIO.framework/Versions/A/ImageIO
0x000000019d537000 	/System/Library/PrivateFrameworks/SkyLight.framework/Versions/A/SkyLight
0x00000001a2cde000 	/System/Library/PrivateFrameworks/FontServices.framework/libFontParser.dylib
0x00000001ad40b000 	/System/Library/Frameworks/Accelerate.framework/Versions/A/Accelerate
0x000000019d514000 	/System/Library/PrivateFrameworks/TCC.framework/Versions/A/TCC
0x00000001b47a7000 	/System/Library/PrivateFrameworks/IOSurfaceAccelerator.framework/Versions/A/IOSurfaceAccelerator
0x00000001a77ce000 	/System/Library/PrivateFrameworks/WatchdogClient.framework/Versions/A/WatchdogClient
0x0000000199afa000 	/System/Library/Frameworks/CoreDisplay.framework/Versions/A/CoreDisplay
0x00000001a2b82000 	/System/Library/Frameworks/CoreMedia.framework/Versions/A/CoreMedia
0x00000001a28dd000 	/System/Library/PrivateFrameworks/IOAccelerator.framework/Versions/A/IOAccelerator
0x00000001a28e7000 	/System/Library/Frameworks/Metal.framework/Versions/A/Metal
0x00000001a0e88000 	/System/Library/Frameworks/CoreVideo.framework/Versions/A/CoreVideo
0x00000001a595e000 	/System/Library/Frameworks/MetalPerformanceShaders.framework/Versions/A/MetalPerformanceShaders
0x00000001a77d0000 	/System/Library/PrivateFrameworks/MultitouchSupport.framework/Versions/A/MultitouchSupport
0x00000001a0631000 	/System/Library/Frameworks/QuartzCore.framework/Versions/A/QuartzCore
0x0000000264ddd000 	/System/Library/PrivateFrameworks/ProDisplayLibrary.framework/Versions/A/ProDisplayLibrary
0x00000001a7816000 	/System/Library/Frameworks/VideoToolbox.framework/Versions/A/VideoToolbox
0x00000001cd4cf000 	/usr/lib/swift/libswiftMetal.dylib
0x00000001dc4a5000 	/usr/lib/swift/libswiftOSLog.dylib
0x00000001d28f6000 	/usr/lib/swift/libswiftQuartzCore.dylib
0x00000001d6f39000 	/usr/lib/swift/libswiftUniformTypeIdentifiers.dylib
0x00000001c41cc000 	/usr/lib/swift/libswiftsimd.dylib
0x00000001a4a0f000 	/System/Library/PrivateFrameworks/MobileKeyBag.framework/Versions/A/MobileKeyBag
0x00000001a3b04000 	/System/Library/PrivateFrameworks/AggregateDictionary.framework/Versions/A/AggregateDictionary
0x00000001a6d16000 	/System/Library/PrivateFrameworks/APFS.framework/Versions/A/APFS
0x00000001a6d97000 	/usr/lib/libutil.dylib
0x000000026fc9c000 	/System/Library/PrivateFrameworks/SwiftASN1Internal.framework/Versions/A/SwiftASN1Internal
0x00000001a0221000 	/System/Library/Frameworks/Accelerate.framework/Versions/A/Frameworks/vImage.framework/Versions/A/vImage
0x00000001ad13a000 	/System/Library/Frameworks/Accelerate.framework/Versions/A/Frameworks/vecLib.framework/Versions/A/vecLib
0x00000001a6dcf000 	/System/Library/Frameworks/Accelerate.framework/Versions/A/Frameworks/vecLib.framework/Versions/A/libvMisc.dylib
0x0000000197f1c000 	/System/Library/Frameworks/Accelerate.framework/Versions/A/Frameworks/vecLib.framework/Versions/A/libBLAS.dylib
0x00000001b131e000 	/System/Library/Frameworks/ApplicationServices.framework/Versions/A/ApplicationServices
0x000000019e18d000 	/System/Library/Frameworks/ColorSync.framework/Versions/A/ColorSync
0x0000000199fd3000 	/System/Library/Frameworks/CoreText.framework/Versions/A/CoreText
0x00000001a9530000 	/System/Library/Frameworks/ApplicationServices.framework/Versions/A/Frameworks/ATS.framework/Versions/A/ATS
0x000000019e343000 	/System/Library/Frameworks/ApplicationServices.framework/Versions/A/Frameworks/HIServices.framework/Versions/A/HIServices
0x00000001a7dec000 	/System/Library/Frameworks/ApplicationServices.framework/Versions/A/Frameworks/PrintCore.framework/Versions/A/PrintCore
0x00000001a9923000 	/System/Library/Frameworks/ApplicationServices.framework/Versions/A/Frameworks/QD.framework/Versions/A/QD
0x00000001a991a000 	/System/Library/Frameworks/ApplicationServices.framework/Versions/A/Frameworks/ColorSyncLegacy.framework/Versions/A/ColorSyncLegacy
0x00000001a9502000 	/System/Library/Frameworks/ApplicationServices.framework/Versions/A/Frameworks/SpeechSynthesis.framework/Versions/A/SpeechSynthesis
0x00000001a47d0000 	/System/Library/PrivateFrameworks/CoreEmoji.framework/Versions/A/CoreEmoji
0x000000024be8e000 	/System/Library/PrivateFrameworks/FontServices.framework/Versions/A/FontServices
0x00000001a731c000 	/System/Library/PrivateFrameworks/OTSVG.framework/Versions/A/OTSVG
0x00000001a0a05000 	/System/Library/Frameworks/ApplicationServices.framework/Versions/A/Frameworks/ATS.framework/Versions/A/Resources/libFontRegistry.dylib
0x000000027f571000 	/usr/lib/libhvf.dylib
0x0000000260ceb000 	/System/Library/PrivateFrameworks/ParsingInternal.framework/Versions/A/ParsingInternal
0x00000002801b7000 	/usr/lib/swift/libswiftRegexBuilder.dylib
0x000000028033f000 	/usr/lib/swift/libswift_RegexParser.dylib
0x00000001a7697000 	/System/Library/PrivateFrameworks/AppleJPEG.framework/Versions/A/AppleJPEG
0x00000001a7138000 	/usr/lib/libexpat.1.dylib
0x00000001a7cc2000 	/System/Library/Frameworks/ImageIO.framework/Versions/A/Resources/libPng.dylib
0x00000001a7ced000 	/System/Library/Frameworks/ImageIO.framework/Versions/A/Resources/libTIFF.dylib
0x00000001a7dd7000 	/System/Library/Frameworks/ImageIO.framework/Versions/A/Resources/libGIF.dylib
0x00000001a76dd000 	/System/Library/Frameworks/ImageIO.framework/Versions/A/Resources/libJP2.dylib
0x00000001a6e49000 	/usr/lib/libate.dylib
0x00000001a7d7e000 	/System/Library/Frameworks/ImageIO.framework/Versions/A/Resources/libJPEG.dylib
0x00000001a7d75000 	/System/Library/Frameworks/ImageIO.framework/Versions/A/Resources/libRadiance.dylib
0x0000000250b5c000 	/System/Library/PrivateFrameworks/GPUCompiler.framework/Versions/32023/Libraries/libllvm-flatbuffers.dylib
0x000000024bf59000 	/System/Library/PrivateFrameworks/FramePacing.framework/Versions/A/FramePacing
0x00000001f7e17000 	/System/Library/Frameworks/OpenGL.framework/Versions/A/Libraries/libCoreFSCache.dylib
0x000000024cace000 	/System/Library/PrivateFrameworks/GPUCompiler.framework/Versions/32023/Libraries/libGPUCompilerUtils.dylib
0x000000024be8f000 	/System/Library/PrivateFrameworks/FontServices.framework/libXTFontStaticRegistryData.dylib
0x00000001a368d000 	/System/Library/Frameworks/CoreImage.framework/Versions/A/CoreImage
0x00000001b2a0d000 	/System/Library/PrivateFrameworks/ASEProcessing.framework/Versions/A/ASEProcessing
0x0000000263f4c000 	/System/Library/PrivateFrameworks/PhotosensitivityProcessing.framework/Versions/A/PhotosensitivityProcessing
0x00000001f7e25000 	/System/Library/Frameworks/OpenGL.framework/Versions/A/OpenGL
0x00000001a7310000 	/System/Library/PrivateFrameworks/GraphVisualizer.framework/Versions/A/GraphVisualizer
0x00000001f7e75000 	/System/Library/Frameworks/OpenGL.framework/Versions/A/Libraries/libGLU.dylib
0x00000001f7e39000 	/System/Library/Frameworks/OpenGL.framework/Versions/A/Libraries/libGFXShared.dylib
0x00000001f8001000 	/System/Library/Frameworks/OpenGL.framework/Versions/A/Libraries/libGL.dylib
0x00000001f7e42000 	/System/Library/Frameworks/OpenGL.framework/Versions/A/Libraries/libGLImage.dylib
0x00000001f7e36000 	/System/Library/Frameworks/OpenGL.framework/Versions/A/Libraries/libCVMSPluginSupport.dylib
0x00000001f7e1f000 	/System/Library/Frameworks/OpenGL.framework/Versions/A/Libraries/libCoreVMClient.dylib
0x00000001a3a48000 	/System/Library/Frameworks/MetalPerformanceShaders.framework/Versions/A/Frameworks/MPSCore.framework/Versions/A/MPSCore
0x00000001a5166000 	/System/Library/Frameworks/MetalPerformanceShaders.framework/Versions/A/Frameworks/MPSImage.framework/Versions/A/MPSImage
0x00000001a4bb5000 	/System/Library/Frameworks/MetalPerformanceShaders.framework/Versions/A/Frameworks/MPSNeuralNetwork.framework/Versions/A/MPSNeuralNetwork
0x00000001a4fec000 	/System/Library/Frameworks/MetalPerformanceShaders.framework/Versions/A/Frameworks/MPSMatrix.framework/Versions/A/MPSMatrix
0x00000001a4e01000 	/System/Library/Frameworks/MetalPerformanceShaders.framework/Versions/A/Frameworks/MPSRayIntersector.framework/Versions/A/MPSRayIntersector
0x00000001a501e000 	/System/Library/Frameworks/MetalPerformanceShaders.framework/Versions/A/Frameworks/MPSNDArray.framework/Versions/A/MPSNDArray
0x00000001fb70c000 	/System/Library/Frameworks/MetalPerformanceShaders.framework/Versions/A/Frameworks/MPSFunctions.framework/Versions/A/MPSFunctions
0x00000001fb6ee000 	/System/Library/Frameworks/MetalPerformanceShaders.framework/Versions/A/Frameworks/MPSBenchmarkLoop.framework/Versions/A/MPSBenchmarkLoop
0x0000000197d97000 	/System/Library/PrivateFrameworks/MetalTools.framework/Versions/A/MetalTools
0x00000001c5572000 	/System/Library/PrivateFrameworks/IOAccelMemoryInfo.framework/Versions/A/IOAccelMemoryInfo
0x00000001d2ceb000 	/System/Library/PrivateFrameworks/kperf.framework/Versions/A/kperf
0x00000001c08f9000 	/System/Library/PrivateFrameworks/GPURawCounter.framework/Versions/A/GPURawCounter
0x00000001a7da9000 	/System/Library/Frameworks/ApplicationServices.framework/Versions/A/Frameworks/ATSUI.framework/Versions/A/ATSUI
0x00000001a98ae000 	/usr/lib/libcups.2.dylib
0x00000001a9948000 	/System/Library/Frameworks/Kerberos.framework/Versions/A/Kerberos
0x00000001a95ae000 	/usr/lib/libresolv.9.dylib
0x00000001a5775000 	/usr/lib/libiconv.2.dylib
0x00000001a736e000 	/System/Library/PrivateFrameworks/Heimdal.framework/Versions/A/Heimdal
0x00000001b181b000 	/System/Library/Frameworks/Kerberos.framework/Versions/A/Libraries/libHeimdalProxy.dylib
0x00000001a7153000 	/usr/lib/libheimdal-asn1.dylib
0x00000001a0ceb000 	/System/Library/Frameworks/OpenDirectory.framework/Versions/A/OpenDirectory
0x00000001a99ab000 	/System/Library/PrivateFrameworks/CommonAuth.framework/Versions/A/CommonAuth
0x00000001a0cf9000 	/System/Library/Frameworks/OpenDirectory.framework/Versions/A/Frameworks/CFOpenDirectory.framework/Versions/A/CFOpenDirectory
0x00000001a56d0000 	/usr/lib/libcharset.1.dylib
0x00000001f839d000 	/System/Library/Frameworks/AVFAudio.framework/Versions/A/AVFAudio
0x00000001b9fe1000 	/System/Library/PrivateFrameworks/AXCoreUtilities.framework/Versions/A/AXCoreUtilities
0x00000001a92e1000 	/System/Library/Frameworks/AudioToolbox.framework/Versions/A/AudioToolbox
0x000000019a1f2000 	/System/Library/Frameworks/CoreAudio.framework/Versions/A/CoreAudio
0x00000002586e4000 	/System/Library/PrivateFrameworks/IsolatedCoreAudioClient.framework/Versions/A/IsolatedCoreAudioClient
0x00000001a94e9000 	/usr/lib/libAudioStatistics.dylib
0x00000001a2b5a000 	/System/Library/PrivateFrameworks/caulk.framework/Versions/A/caulk
0x0000000199c1b000 	/System/Library/PrivateFrameworks/AudioToolboxCore.framework/Versions/A/AudioToolboxCore
0x00000001b3b33000 	/System/Library/Frameworks/CoreMIDI.framework/Versions/A/CoreMIDI
0x00000001a948c000 	/System/Library/PrivateFrameworks/AudioSession.framework/Versions/A/AudioSession
0x00000001aadc3000 	/System/Library/Frameworks/IOBluetooth.framework/Versions/A/IOBluetooth
0x00000001a723d000 	/System/Library/PrivateFrameworks/MediaExperience.framework/Versions/A/MediaExperience
0x0000000272757000 	/System/Library/PrivateFrameworks/Tightbeam.framework/Versions/A/Tightbeam
0x0000000246550000 	/System/Library/PrivateFrameworks/CoreAudioOrchestration.framework/Versions/A/CoreAudioOrchestration
0x00000001d760b000 	/System/Library/PrivateFrameworks/AFKUser.framework/Versions/A/AFKUser
0x00000001eb634000 	/System/Library/PrivateFrameworks/FeatureFlags.framework/Versions/A/FeatureFlags
0x00000001c08fd000 	/usr/lib/swift/libswiftCoreAudio.dylib
0x00000001a735d000 	/System/Library/PrivateFrameworks/AppServerSupport.framework/Versions/A/AppServerSupport
0x00000001a992c000 	/System/Library/PrivateFrameworks/perfdata.framework/Versions/A/perfdata
0x00000001bfab6000 	/System/Library/PrivateFrameworks/SystemPolicy.framework/Versions/A/SystemPolicy
0x00000001a97cd000 	/usr/lib/libSMC.dylib
0x00000001a7c8c000 	/usr/lib/libAudioToolboxUtility.dylib
0x00000001a993a000 	/usr/lib/libperfcheck.dylib
0x00000002423e6000 	/System/Library/PrivateFrameworks/AudioAnalytics.framework/Versions/A/AudioAnalytics
0x00000001e40d6000 	/System/Library/Frameworks/OSLog.framework/Versions/A/OSLog
0x00000001c08c4000 	/usr/lib/libmis.dylib
0x00000001a929a000 	/System/Library/PrivateFrameworks/AudioSession.framework/libSessionUtility.dylib
0x00000001a7ddd000 	/System/Library/PrivateFrameworks/CMCaptureCore.framework/Versions/A/CMCaptureCore
0x00000001a7367000 	/usr/lib/libspindump.dylib
0x00000001f9a3e000 	/System/Library/Frameworks/ExtensionFoundation.framework/Versions/A/ExtensionFoundation
0x00000001af4fa000 	/System/Library/PrivateFrameworks/CoreTime.framework/Versions/A/CoreTime
0x00000001a7037000 	/System/Library/PrivateFrameworks/PlugInKit.framework/Versions/A/PlugInKit
0x00000001ae021000 	/System/Library/Frameworks/CoreBluetooth.framework/Versions/A/CoreBluetooth
0x00000001b181c000 	/System/Library/Frameworks/AudioUnit.framework/Versions/A/AudioUnit
0x00000001a4894000 	/System/Library/PrivateFrameworks/CoreUtils.framework/Versions/A/CoreUtils
0x00000002494f4000 	/System/Library/PrivateFrameworks/CoreUtilsExtras.framework/Versions/A/CoreUtilsExtras
0x00000001ad45b000 	/System/Library/Frameworks/MediaAccessibility.framework/Versions/A/MediaAccessibility
0x00000001c8f0e000 	/System/Library/PrivateFrameworks/AttributeGraph.framework/Versions/A/AttributeGraph
0x000000027ee2e000 	/usr/lib/libAXSafeCategoryBundle.dylib
0x00000001ba09d000 	/usr/lib/libAccessibility.dylib
0x00000001a46de000 	/System/Library/Frameworks/Accelerate.framework/Versions/A/Frameworks/vecLib.framework/Versions/A/libvDSP.dylib
0x00000001a5a3c000 	/System/Library/Frameworks/Accelerate.framework/Versions/A/Frameworks/vecLib.framework/Versions/A/libLAPACK.dylib
0x00000001a4ba0000 	/System/Library/Frameworks/Accelerate.framework/Versions/A/Frameworks/vecLib.framework/Versions/A/libLinearAlgebra.dylib
0x00000001a5937000 	/System/Library/Frameworks/Accelerate.framework/Versions/A/Frameworks/vecLib.framework/Versions/A/libSparseBLAS.dylib
0x00000001a5a37000 	/System/Library/Frameworks/Accelerate.framework/Versions/A/Frameworks/vecLib.framework/Versions/A/libQuadrature.dylib
0x00000001a3c31000 	/System/Library/Frameworks/Accelerate.framework/Versions/A/Frameworks/vecLib.framework/Versions/A/libBNNS.dylib
0x00000001986bd000 	/System/Library/Frameworks/Accelerate.framework/Versions/A/Frameworks/vecLib.framework/Versions/A/libSparse.dylib
0x0000000259e55000 	/System/Library/PrivateFrameworks/MIL.framework/Versions/A/MIL
0x00000001a7d70000 	/System/Library/PrivateFrameworks/GPUWrangler.framework/Versions/A/GPUWrangler
0x00000001a7d50000 	/System/Library/PrivateFrameworks/IOPresentment.framework/Versions/A/IOPresentment
0x00000001a7d78000 	/System/Library/PrivateFrameworks/DSExternalDisplay.framework/Versions/A/DSExternalDisplay
0x00000001e44dd000 	/System/Library/PrivateFrameworks/HIDDisplay.framework/Versions/A/HIDDisplay
0x00000001b92bc000 	/System/Library/PrivateFrameworks/HID.framework/Versions/A/HID
0x0000000275f93000 	/System/Library/PrivateFrameworks/VideoToolboxParavirtualizationSupport.framework/Versions/A/VideoToolboxParavirtualizationSupport
0x00000001a70ef000 	/System/Library/PrivateFrameworks/AppleVA.framework/Versions/A/AppleVA
0x00000001af069000 	/System/Library/PrivateFrameworks/GraphicsServices.framework/Versions/A/GraphicsServices
0x000000019e7bc000 	/System/Library/Frameworks/CoreData.framework/Versions/A/CoreData
0x00000001a9b1e000 	/System/Library/PrivateFrameworks/CorePhoneNumbers.framework/Versions/A/CorePhoneNumbers
0x00000001ae209000 	/System/Library/PrivateFrameworks/MediaKit.framework/Versions/A/MediaKit
0x00000001ae154000 	/System/Library/Frameworks/DiscRecording.framework/Versions/A/DiscRecording
0x00000001f936a000 	/System/Library/Frameworks/CoreTransferable.framework/Versions/A/CoreTransferable
0x00000001a990d000 	/System/Library/PrivateFrameworks/NetAuth.framework/Versions/A/NetAuth
0x00000001a71aa000 	/System/Library/PrivateFrameworks/IconServices.framework/Versions/A/IconServices
0x00000001a0ee9000 	/System/Library/PrivateFrameworks/login.framework/Versions/A/Frameworks/loginsupport.framework/Versions/A/loginsupport
0x00000001c0978000 	/usr/lib/swift/libswiftCoreImage.dylib
0x00000001a715d000 	/System/Library/PrivateFrameworks/IconFoundation.framework/Versions/A/IconFoundation
0x00000001a0a57000 	/System/Library/PrivateFrameworks/CoreUI.framework/Versions/A/CoreUI
0x00000001a7e63000 	/System/Library/PrivateFrameworks/TextureIO.framework/Versions/A/TextureIO
0x00000001a32d3000 	/System/Library/PrivateFrameworks/CoreSVG.framework/Versions/A/CoreSVG
0x00000001d6f48000 	/usr/lib/swift/libswiftAccelerate.dylib
0x00000001a6eda000 	/usr/lib/libIOReport.dylib
0x0000000241ff6000 	/System/Library/PrivateFrameworks/AppleMobileFileIntegrity.framework/Versions/A/AppleMobileFileIntegrity
0x000000027f1f0000 	/usr/lib/libTLE.dylib
0x00000001f4e73000 	/System/Library/PrivateFrameworks/ConfigProfileHelper.framework/Versions/A/ConfigProfileHelper
0x00000001a4b3d000 	/usr/lib/libmecab.dylib
0x000000019884d000 	/usr/lib/libCRFSuite.dylib
0x00000001a3b0d000 	/System/Library/PrivateFrameworks/CoreNLP.framework/Versions/A/CoreNLP
0x00000001a58f0000 	/usr/lib/libThaiTokenizer.dylib
0x00000001a820b000 	/System/Library/PrivateFrameworks/DataDetectorsCore.framework/Versions/A/DataDetectorsCore
0x00000001c4275000 	/System/Library/PrivateFrameworks/TextInput.framework/Versions/A/TextInput
0x000000019c95f000 	/System/Library/PrivateFrameworks/UIFoundation.framework/Versions/A/UIFoundation
0x00000001a4b07000 	/usr/lib/libCheckFix.dylib
0x00000001a012c000 	/System/Library/PrivateFrameworks/MetadataUtilities.framework/Versions/A/MetadataUtilities
0x0000000255697000 	/System/Library/PrivateFrameworks/InstalledContentLibrary.framework/Versions/A/InstalledContentLibrary
0x000000019b33c000 	/System/Library/PrivateFrameworks/CoreServicesStore.framework/Versions/A/CoreServicesStore
0x00000001a0d50000 	/usr/lib/libapp_launch_measurement.dylib
0x00000001d2df5000 	/System/Library/PrivateFrameworks/MobileSystemServices.framework/Versions/A/MobileSystemServices
0x00000001a6d9b000 	/usr/lib/libxslt.1.dylib
0x00000001a4aca000 	/System/Library/PrivateFrameworks/BackgroundTaskManagement.framework/Versions/A/BackgroundTaskManagement
0x00000001b0f8f000 	/usr/lib/libcurl.4.dylib
0x000000027f424000 	/usr/lib/libcrypto.46.dylib
0x000000027ff4c000 	/usr/lib/libssl.48.dylib
0x00000001b0c68000 	/System/Library/Frameworks/LDAP.framework/Versions/A/LDAP
0x00000001b0ca4000 	/System/Library/PrivateFrameworks/TrustEvaluationAgent.framework/Versions/A/TrustEvaluationAgent
0x00000001a95cb000 	/usr/lib/libsasl2.2.dylib
0x00000001b3d06000 	/System/Library/Frameworks/Cocoa.framework/Versions/A/Cocoa
0x000000019b4cd000 	/System/Library/Frameworks/AppKit.framework/Versions/C/AppKit
0x0000000245a6f000 	/System/Library/PrivateFrameworks/CollectionViewCore.framework/Versions/A/CollectionViewCore
0x00000001acd2c000 	/System/Library/PrivateFrameworks/RemoteViewServices.framework/Versions/A/RemoteViewServices
0x00000001a32cd000 	/System/Library/PrivateFrameworks/XCTTargetBootstrap.framework/Versions/A/XCTTargetBootstrap
0x00000001a825a000 	/System/Library/PrivateFrameworks/UserActivity.framework/Versions/A/UserActivity
0x00000002744df000 	/System/Library/PrivateFrameworks/UIIntelligenceSupport.framework/Versions/A/UIIntelligenceSupport
0x00000001fe455000 	/System/Library/Frameworks/SwiftUICore.framework/Versions/A/SwiftUICore
0x0000000279558000 	/System/Library/PrivateFrameworks/WritingTools.framework/Versions/A/WritingTools
0x00000002785a0000 	/System/Library/PrivateFrameworks/WindowManagement.framework/Versions/A/WindowManagement
0x00000001a32b8000 	/System/Library/PrivateFrameworks/DFRFoundation.framework/Versions/A/DFRFoundation
0x00000001a2fb1000 	/System/Library/Frameworks/Carbon.framework/Versions/A/Frameworks/HIToolbox.framework/Versions/A/HIToolbox
0x00000001acd68000 	/System/Library/Frameworks/Carbon.framework/Versions/A/Frameworks/SpeechRecognition.framework/Versions/A/SpeechRecognition
0x00000001b861b000 	/System/Library/PrivateFrameworks/RenderBox.framework/Versions/A/RenderBox
0x00000001a0ce1000 	/System/Library/PrivateFrameworks/PerformanceAnalysis.framework/Versions/A/PerformanceAnalysis
0x00000001ad0e0000 	/System/Library/Frameworks/Accessibility.framework/Versions/A/Accessibility
0x00000001f98ee000 	/System/Library/Frameworks/DataDetection.framework/Versions/A/DataDetection
0x00000001f98f1000 	/System/Library/Frameworks/DeveloperToolsSupport.framework/Versions/A/DeveloperToolsSupport
0x00000001ff018000 	/System/Library/Frameworks/Symbols.framework/Versions/A/Symbols
0x000000028016d000 	/usr/lib/swift/libswiftDataDetection.dylib
0x00000001bdd31000 	/usr/lib/swift/libswiftCoreGraphics.dylib
0x00000001ada89000 	/usr/lib/swift/libswiftFoundation.dylib
0x00000001f48fd000 	/usr/lib/swift/libswiftSwiftOnoneSupport.dylib
0x00000001e078f000 	/System/Library/PrivateFrameworks/CoreMaterial.framework/Versions/A/CoreMaterial
0x0000000266855000 	/System/Library/PrivateFrameworks/SFSymbols.framework/Versions/A/SFSymbols
0x00000001acd55000 	/System/Library/PrivateFrameworks/SpeechRecognitionCore.framework/Versions/A/SpeechRecognitionCore
0x0000000107010000 	/Users/ycar/Documents/curseforge/minecraft/Install/java/java-runtime-gamma/Contents/Home/lib/server/libjvm.dylib
0x0000000100648000 	/Users/ycar/Documents/curseforge/minecraft/Install/java/java-runtime-gamma/Contents/Home/lib/libjimage.dylib
0x00000001006e4000 	/Users/ycar/Documents/curseforge/minecraft/Install/java/java-runtime-gamma/Contents/Home/lib/libjava.dylib
0x0000000100b00000 	/Users/ycar/Documents/curseforge/minecraft/Install/java/java-runtime-gamma/Contents/Home/lib/libnio.dylib
0x0000000100b44000 	/Users/ycar/Documents/curseforge/minecraft/Install/java/java-runtime-gamma/Contents/Home/lib/libnet.dylib
0x00000001009e0000 	/Users/ycar/Documents/curseforge/minecraft/Install/java/java-runtime-gamma/Contents/Home/lib/libzip.dylib
0x0000000100b20000 	/Users/ycar/Documents/curseforge/minecraft/Install/java/java-runtime-gamma/Contents/Home/lib/libverify.dylib
0x0000000100b68000 	/Users/ycar/Documents/curseforge/minecraft/Install/java/java-runtime-gamma/Contents/Home/lib/libmanagement.dylib
0x0000000100b7c000 	/Users/ycar/Documents/curseforge/minecraft/Install/java/java-runtime-gamma/Contents/Home/lib/libmanagement_ext.dylib
0x0000000100f00000 	/Users/ycar/Documents/curseforge/minecraft/Install/natives/forge-47.4.0/liblwjgl.dylib
0x0000000100f48000 	/Users/ycar/Documents/curseforge/minecraft/Install/natives/forge-47.4.0/libglfw.dylib
0x000000012086c000 	/Users/ycar/Documents/curseforge/minecraft/Install/natives/forge-47.4.0/libjemalloc.dylib
0x00000001a0bb0000 	/System/Library/PrivateFrameworks/ViewBridge.framework/Versions/A/ViewBridge
0x000000027ee32000 	/usr/lib/libAccessibilityBaseImplementations.dylib
0x00000001227d0000 	/usr/lib/libobjc-trampolines.dylib
0x000000027955d000 	/System/Library/PrivateFrameworks/WritingToolsUI.framework/Versions/A/WritingToolsUI
0x0000000251cb1000 	/System/Library/PrivateFrameworks/GenerativeAssistantSettings.framework/Versions/A/GenerativeAssistantSettings
0x00000002709a2000 	/System/Library/PrivateFrameworks/TextComposer.framework/Versions/A/TextComposer
0x00000001c0925000 	/usr/lib/swift/libswiftIntents.dylib
0x00000002801c9000 	/usr/lib/swift/libswiftSpatial.dylib
0x00000001f84f6000 	/System/Library/Frameworks/AppIntents.framework/Versions/A/AppIntents
0x00000001c77e7000 	/System/Library/Frameworks/SwiftUI.framework/Versions/A/SwiftUI
0x00000001bde0d000 	/System/Library/Frameworks/WebKit.framework/Versions/A/WebKit
0x000000023d2d8000 	/System/Library/Frameworks/_AuthenticationServices_SwiftUI.framework/Versions/A/_AuthenticationServices_SwiftUI
0x000000023feb6000 	/System/Library/PrivateFrameworks/Anvil.framework/Versions/A/Anvil
0x00000001c6e5c000 	/System/Library/PrivateFrameworks/AppStoreDaemon.framework/Versions/A/AppStoreDaemon
0x00000001b3d4e000 	/System/Library/PrivateFrameworks/AppleMediaServices.framework/Versions/A/AppleMediaServices
0x00000001c38e4000 	/System/Library/PrivateFrameworks/AppleMediaServicesUI.framework/Versions/A/AppleMediaServicesUI
0x0000000251c8b000 	/System/Library/PrivateFrameworks/GenerativeAssistantCommon.framework/Versions/A/GenerativeAssistantCommon
0x00000001f3f18000 	/System/Library/PrivateFrameworks/JetEngine.framework/Versions/A/JetEngine
0x00000002597bb000 	/System/Library/PrivateFrameworks/LinkMetadata.framework/Versions/A/LinkMetadata
0x00000001c11a7000 	/System/Library/PrivateFrameworks/OnBoardingKit.framework/Versions/A/OnBoardingKit
0x00000002676b9000 	/System/Library/PrivateFrameworks/Settings.framework/Versions/A/Settings
0x00000001a5540000 	/System/Library/Frameworks/CoreSpotlight.framework/Versions/A/CoreSpotlight
0x00000002599fc000 	/System/Library/PrivateFrameworks/LinkServices.framework/Versions/A/LinkServices
0x000000024a17b000 	/System/Library/PrivateFrameworks/DoNotDisturb.framework/Versions/A/DoNotDisturb
0x00000001c5682000 	/System/Library/PrivateFrameworks/IntentsCore.framework/Versions/A/IntentsCore
0x00000002427d3000 	/System/Library/PrivateFrameworks/AvailabilityKit.framework/Versions/A/AvailabilityKit
0x0000000240104000 	/System/Library/PrivateFrameworks/AppIntentSchemas.framework/Versions/A/AppIntentSchemas
0x000000026f4bf000 	/System/Library/PrivateFrameworks/StatusKit.framework/Versions/A/StatusKit
0x0000000265a07000 	/System/Library/PrivateFrameworks/RecapPerformanceTesting.framework/Versions/A/RecapPerformanceTesting
0x00000001c1197000 	/System/Library/PrivateFrameworks/SignpostCollection.framework/Versions/A/SignpostCollection
0x000000027f1ef000 	/usr/lib/libSpatial.dylib
0x00000001b3744000 	/System/Library/Frameworks/WebKit.framework/Versions/A/Frameworks/WebKitLegacy.framework/Versions/A/WebKitLegacy
0x00000001bf4d9000 	/System/Library/Frameworks/Carbon.framework/Versions/A/Carbon
0x00000001b167c000 	/System/Library/PrivateFrameworks/CorePrediction.framework/Versions/A/CorePrediction
0x00000001a1ba2000 	/System/Library/Frameworks/WebKit.framework/Versions/A/Frameworks/WebCore.framework/Versions/A/Frameworks/libwebrtc.dylib
0x00000001bdd99000 	/System/Library/PrivateFrameworks/SafariSafeBrowsing.framework/Versions/A/SafariSafeBrowsing
0x00000001a9654000 	/System/Library/Frameworks/SecurityInterface.framework/Versions/A/SecurityInterface
0x00000001c11a6000 	/System/Library/PrivateFrameworks/WebInspectorUI.framework/Versions/A/WebInspectorUI
0x00000001b61dd000 	/System/Library/Frameworks/JavaScriptCore.framework/Versions/A/JavaScriptCore
0x00000001ba0ce000 	/System/Library/Frameworks/WebKit.framework/Versions/A/Frameworks/WebCore.framework/Versions/A/WebCore
0x00000001b61d6000 	/System/Library/Frameworks/Carbon.framework/Versions/A/Frameworks/CommonPanels.framework/Versions/A/CommonPanels
0x00000001b0f7a000 	/System/Library/Frameworks/Carbon.framework/Versions/A/Frameworks/Help.framework/Versions/A/Help
0x00000001b61da000 	/System/Library/Frameworks/Carbon.framework/Versions/A/Frameworks/ImageCapture.framework/Versions/A/ImageCapture
0x00000001b61b6000 	/System/Library/Frameworks/Carbon.framework/Versions/A/Frameworks/OpenScripting.framework/Versions/A/OpenScripting
0x00000001b61d5000 	/System/Library/Frameworks/Carbon.framework/Versions/A/Frameworks/Ink.framework/Versions/A/Ink
0x00000001b61d2000 	/System/Library/Frameworks/Carbon.framework/Versions/A/Frameworks/SecurityHI.framework/Versions/A/SecurityHI
0x00000001f8ecf000 	/System/Library/Frameworks/BrowserEngineCore.framework/Versions/A/BrowserEngineCore
0x000000023ce39000 	/System/Library/Frameworks/WebKit.framework/Versions/A/Frameworks/WebCore.framework/Versions/A/Frameworks/libANGLE-shared.dylib
0x0000000278159000 	/System/Library/PrivateFrameworks/WebGPU.framework/Versions/A/WebGPU
0x00000001c2f76000 	/System/Library/Frameworks/SceneKit.framework/Versions/A/SceneKit
0x00000001d361b000 	/System/Library/Frameworks/ModelIO.framework/Versions/A/ModelIO
0x00000001aaf8e000 	/System/Library/Frameworks/MetalKit.framework/Versions/A/MetalKit
0x00000001ad06c000 	/System/Library/Frameworks/GLKit.framework/Versions/A/GLKit
0x0000000280702000 	/usr/lib/usd/libusd_ms.dylib
0x00000002747a9000 	/System/Library/PrivateFrameworks/USDLib_FormatLoaderProxy.framework/Versions/A/USDLib_FormatLoaderProxy
0x00000001c03af000 	/System/Library/PrivateFrameworks/CoreOptimization.framework/Versions/A/CoreOptimization
0x00000002426a6000 	/System/Library/PrivateFrameworks/AuthenticationServicesCore.framework/Versions/A/AuthenticationServicesCore
0x00000001ca0fb000 	/System/Library/Frameworks/AuthenticationServices.framework/Versions/A/AuthenticationServices
0x00000001a7013000 	/System/Library/PrivateFrameworks/SharedWebCredentials.framework/Versions/A/SharedWebCredentials
0x00000001c1fe2000 	/System/Library/PrivateFrameworks/SafariCore.framework/Versions/A/SafariCore
0x00000001c9c55000 	/System/Library/PrivateFrameworks/SafariFoundation.framework/Versions/A/SafariFoundation
0x0000000243825000 	/System/Library/PrivateFrameworks/CBORLibrary.framework/Versions/A/CBORLibrary
0x00000002445ca000 	/System/Library/PrivateFrameworks/Chirp.framework/Versions/A/Chirp
0x00000001f51a8000 	/System/Library/PrivateFrameworks/RemoteManagement.framework/Versions/A/RemoteManagement
0x0000000265d5a000 	/System/Library/PrivateFrameworks/RemoteManagementModel.framework/Versions/A/RemoteManagementModel
0x0000000265de7000 	/System/Library/PrivateFrameworks/RemoteManagementStore.framework/Versions/A/RemoteManagementStore
0x00000001aafac000 	/usr/lib/libxcselect.dylib
0x00000001c9bc4000 	/System/Library/PrivateFrameworks/DifferentialPrivacy.framework/Versions/A/DifferentialPrivacy
0x00000001add3a000 	/System/Library/Frameworks/Contacts.framework/Versions/A/Contacts
0x0000000274fcc000 	/System/Library/PrivateFrameworks/VDAF.framework/Versions/A/VDAF
0x00000001adb57000 	/System/Library/PrivateFrameworks/ContactsPersistence.framework/Versions/A/ContactsPersistence
0x00000001acd6f000 	/System/Library/PrivateFrameworks/AppleLDAP.framework/Versions/A/AppleLDAP
0x00000001b1323000 	/System/Library/Frameworks/ClassKit.framework/Versions/A/ClassKit
0x00000001b3470000 	/System/Library/PrivateFrameworks/CoreSuggestions.framework/Versions/A/CoreSuggestions
0x00000001ada8a000 	/System/Library/PrivateFrameworks/ContactsFoundation.framework/Versions/A/ContactsFoundation
0x00000001af02b000 	/System/Library/PrivateFrameworks/vCard.framework/Versions/A/vCard
0x0000000245d8d000 	/System/Library/PrivateFrameworks/ContactsMetrics.framework/Versions/A/ContactsMetrics
0x00000001a742f000 	/System/Library/PrivateFrameworks/login.framework/Versions/A/login
0x000000025bb3f000 	/System/Library/PrivateFrameworks/ManagedOrganizationContacts.framework/Versions/A/ManagedOrganizationContacts
0x00000001a130e000 	/System/Library/PrivateFrameworks/CloudDocs.framework/Versions/A/CloudDocs
0x00000001b2a5f000 	/System/Library/PrivateFrameworks/ConfigurationProfiles.framework/Versions/A/ConfigurationProfiles
0x0000000249704000 	/System/Library/PrivateFrameworks/DMCUtilities.framework/Versions/A/DMCUtilities
0x0000000259dd2000 	/System/Library/PrivateFrameworks/MDMClientLibrary.framework/Versions/A/MDMClientLibrary
0x0000000265ddb000 	/System/Library/PrivateFrameworks/RemoteManagementProtocol.framework/Versions/A/RemoteManagementProtocol
0x000000027effb000 	/usr/lib/libEndpointSecuritySystem.dylib
0x00000001ad495000 	/System/Library/PrivateFrameworks/SystemAdministration.framework/Versions/A/SystemAdministration
0x00000001b7c14000 	/System/Library/PrivateFrameworks/PowerlogControl.framework/Versions/A/PowerlogControl
0x00000001a4af9000 	/System/Library/Frameworks/ServiceManagement.framework/Versions/A/ServiceManagement
0x00000001b7c16000 	/usr/lib/libUniversalAccess.dylib
0x00000001b47b2000 	/System/Library/PrivateFrameworks/FamilyControls.framework/Versions/A/FamilyControls
0x00000001acd20000 	/System/Library/Frameworks/DirectoryService.framework/Versions/A/DirectoryService
0x00000001b1011000 	/System/Library/PrivateFrameworks/LoginUIKit.framework/Versions/A/Frameworks/LoginUICore.framework/Versions/A/LoginUICore
0x00000001a761f000 	/usr/lib/libodfde.dylib
0x00000001b47ac000 	/System/Library/PrivateFrameworks/UniversalAccess.framework/Versions/A/Libraries/libUAPreferences.dylib
0x00000001b47d6000 	/System/Library/PrivateFrameworks/CommerceKit.framework/Versions/A/Frameworks/CommerceCore.framework/Versions/A/CommerceCore
0x00000002496b2000 	/System/Library/PrivateFrameworks/DEPClientLibrary.framework/Versions/A/DEPClientLibrary
0x00000002496d2000 	/System/Library/PrivateFrameworks/DMCEnrollmentLibrary.framework/Versions/A/DMCEnrollmentLibrary
0x00000001b7cfa000 	/System/Library/PrivateFrameworks/SetupAssistantFramework.framework/Versions/A/SetupAssistantFramework
0x00000001b16d6000 	/System/Library/PrivateFrameworks/AuthKitUI.framework/Versions/A/AuthKitUI
0x00000001b105b000 	/System/Library/PrivateFrameworks/AppSSO.framework/Versions/A/AppSSO
0x00000001c6bc2000 	/System/Library/PrivateFrameworks/LocalAuthenticationUI.framework/Versions/A/LocalAuthenticationUI
0x0000000263fb1000 	/System/Library/PrivateFrameworks/PlatformSSO.framework/Versions/A/PlatformSSO
0x00000001c75af000 	/System/Library/PrivateFrameworks/AOSUI.framework/Versions/A/AOSUI
0x00000001b978b000 	/System/Library/Frameworks/ContactsUI.framework/Versions/A/ContactsUI
0x00000001adf71000 	/System/Library/PrivateFrameworks/FamilyCircle.framework/Versions/A/FamilyCircle
0x00000001d4cc7000 	/System/Library/Frameworks/LinkPresentation.framework/Versions/A/LinkPresentation
0x000000026407d000 	/System/Library/PrivateFrameworks/PlatformSSOCore.framework/Versions/A/PlatformSSOCore
0x00000001b949d000 	/System/Library/PrivateFrameworks/IASUtilities.framework/Versions/A/IASUtilities
0x0000000254ce5000 	/System/Library/PrivateFrameworks/IASUtilitiesCore.framework/Versions/A/IASUtilitiesCore
0x0000000259cbb000 	/System/Library/PrivateFrameworks/LocalAuthenticationCoreUI.framework/Versions/A/LocalAuthenticationCoreUI
0x00000001c0644000 	/System/Library/Frameworks/LocalAuthentication.framework/Support/DaemonUtils.framework/Versions/A/DaemonUtils
0x00000001c38ab000 	/System/Library/PrivateFrameworks/BridgeXPC.framework/Versions/A/BridgeXPC
0x00000001a7453000 	/System/Library/PrivateFrameworks/CoreBrightness.framework/Versions/A/CoreBrightness
0x00000001c127f000 	/System/Library/PrivateFrameworks/CoreKDL.framework/Versions/A/CoreKDL
0x00000001bfaaf000 	/System/Library/PrivateFrameworks/EmbeddedOSSupportHost.framework/Versions/A/EmbeddedOSSupportHost
0x00000002701cb000 	/System/Library/PrivateFrameworks/SystemStatus.framework/Versions/A/SystemStatus
0x00000001ced17000 	/System/Library/PrivateFrameworks/StorageKit.framework/Versions/A/StorageKit
0x00000001f6822000 	/System/Library/Frameworks/DeviceCheck.framework/Versions/A/DeviceCheck
0x00000001f9b44000 	/System/Library/Frameworks/FSKit.framework/Versions/A/FSKit
0x0000000249ea1000 	/System/Library/PrivateFrameworks/DiskImages2.framework/Versions/A/DiskImages2
0x0000000259b4c000 	/System/Library/PrivateFrameworks/LiveFS.framework/Versions/A/LiveFS
0x000000027c89d000 	/System/Library/PrivateFrameworks/icloudMCCKit.framework/Versions/A/icloudMCCKit
0x0000000240dfd000 	/System/Library/PrivateFrameworks/AppleAccountUI.framework/Versions/A/AppleAccountUI
0x0000000245101000 	/System/Library/PrivateFrameworks/CloudSubscriptionFeatures.framework/Versions/A/CloudSubscriptionFeatures
0x00000001e075b000 	/System/Library/PrivateFrameworks/PreferencePanesSupport.framework/Versions/A/PreferencePanesSupport
0x00000001c775f000 	/System/Library/PrivateFrameworks/FindMyDeviceUI.framework/Versions/A/FindMyDeviceUI
0x000000027a4d6000 	/System/Library/PrivateFrameworks/iCloudQuotaUI.framework/Versions/A/iCloudQuotaUI
0x00000001e090e000 	/System/Library/PrivateFrameworks/CoreCDPUI.framework/Versions/A/CoreCDPUI
0x00000001c1d49000 	/System/Library/PrivateFrameworks/CoreFollowUpUI.framework/Versions/A/CoreFollowUpUI
0x00000001a968d000 	/System/Library/PrivateFrameworks/CoreFollowUp.framework/Versions/A/CoreFollowUp
0x00000001cda96000 	/System/Library/PrivateFrameworks/IMCore.framework/Versions/A/IMCore
0x00000001b7c7c000 	/System/Library/PrivateFrameworks/CoreCDP.framework/Versions/A/CoreCDP
0x00000001b3d40000 	/System/Library/PrivateFrameworks/AskPermission.framework/Versions/A/AskPermission
0x00000001c55fd000 	/System/Library/Frameworks/Quartz.framework/Versions/A/Quartz
0x00000001d1651000 	/System/Library/PrivateFrameworks/CloudPhotoServicesConfiguration.framework/Versions/A/CloudPhotoServicesConfiguration
0x00000001c4016000 	/System/Library/PrivateFrameworks/CommerceKit.framework/Versions/A/CommerceKit
0x00000001d2f87000 	/System/Library/PrivateFrameworks/FindMyMac.framework/Versions/A/FindMyMac
0x00000001d2e5e000 	/System/Library/Frameworks/PreferencePanes.framework/Versions/A/PreferencePanes
0x00000001c6cba000 	/System/Library/Frameworks/AddressBook.framework/Versions/A/AddressBook
0x00000001b2d28000 	/System/Library/PrivateFrameworks/AOSAccounts.framework/Versions/A/AOSAccounts
0x00000001ad48f000 	/System/Library/PrivateFrameworks/AppleSRP.framework/Versions/A/AppleSRP
0x00000001c055e000 	/System/Library/Frameworks/SafariServices.framework/Versions/A/SafariServices
0x00000001b1824000 	/System/Library/PrivateFrameworks/NetFSServer.framework/Versions/A/NetFSServer
0x00000001c2e4f000 	/System/Library/Frameworks/PDFKit.framework/Versions/A/PDFKit
0x00000001d3e7d000 	/System/Library/PrivateFrameworks/EmailFoundation.framework/Versions/A/EmailFoundation
0x00000001d2ebb000 	/System/Library/PrivateFrameworks/EmailCore.framework/Versions/A/EmailCore
0x00000001d6ca8000 	/System/Library/PrivateFrameworks/EmailAddressing.framework/Versions/A/EmailAddressing
0x00000001d6cb4000 	/System/Library/PrivateFrameworks/Email.framework/Versions/A/Email
0x00000001ff02f000 	/System/Library/Frameworks/TabularData.framework/Versions/A/TabularData
0x00000002801a9000 	/usr/lib/swift/libswiftPassKit.dylib
0x0000000242915000 	/System/Library/PrivateFrameworks/BackgroundSystemTasks.framework/Versions/A/BackgroundSystemTasks
0x0000000259d4a000 	/System/Library/PrivateFrameworks/LockdownMode.framework/Versions/A/LockdownMode
0x00000001adf6b000 	/System/Library/PrivateFrameworks/CommunicationsFilter.framework/Versions/A/CommunicationsFilter
0x00000001e4419000 	/System/Library/Frameworks/PassKit.framework/Versions/A/PassKit
0x00000001b52d4000 	/System/Library/PrivateFrameworks/PassKitCore.framework/Versions/A/PassKitCore
0x000000026156e000 	/System/Library/PrivateFrameworks/PassKitMacHelperTemp.framework/Versions/A/PassKitMacHelperTemp
0x0000000240141000 	/System/Library/PrivateFrameworks/AppIntentsServices.framework/Versions/A/AppIntentsServices
0x00000001b2922000 	/System/Library/PrivateFrameworks/CoreRecents.framework/Versions/A/CoreRecents
0x00000001c0691000 	/System/Library/PrivateFrameworks/BiometricKit.framework/Versions/A/BiometricKit
0x0000000266796000 	/System/Library/PrivateFrameworks/SEService.framework/Versions/A/SEService
0x00000001b353c000 	/System/Library/Frameworks/EventKit.framework/Versions/A/EventKit
0x00000001c56a2000 	/System/Library/PrivateFrameworks/NearField.framework/Versions/A/NearField
0x00000001c73d7000 	/System/Library/PrivateFrameworks/FTClientServices.framework/Versions/A/FTClientServices
0x00000001e0179000 	/System/Library/PrivateFrameworks/DiagnosticRequest.framework/Versions/A/DiagnosticRequest
0x000000027f1a9000 	/usr/lib/libSESShared.dylib
0x0000000266937000 	/System/Library/PrivateFrameworks/STSXPCHelperClient.framework/Versions/A/STSXPCHelperClient
0x000000026ff9e000 	/System/Library/PrivateFrameworks/Symptoms.framework/Versions/A/Frameworks/SymptomPresentationFeed.framework/Versions/A/SymptomPresentationFeed
0x00000002416af000 	/System/Library/PrivateFrameworks/AppleMediaServicesKitInternal.framework/Versions/A/AppleMediaServicesKitInternal
0x000000026fd19000 	/System/Library/PrivateFrameworks/SymptomShared.framework/Versions/A/SymptomShared
0x000000024415b000 	/System/Library/PrivateFrameworks/CalendarDatabase.framework/Versions/A/CalendarDatabase
0x00000002440af000 	/System/Library/PrivateFrameworks/CalendarDaemon.framework/Versions/A/CalendarDaemon
0x00000001b2977000 	/System/Library/PrivateFrameworks/CalendarFoundation.framework/Versions/A/CalendarFoundation
0x00000001b2933000 	/System/Library/PrivateFrameworks/iCalendar.framework/Versions/A/iCalendar
0x0000000249939000 	/System/Library/PrivateFrameworks/DataAccessExpress.framework/Versions/A/DataAccessExpress
0x00000001b932f000 	/System/Library/PrivateFrameworks/CoreDAV.framework/Versions/A/CoreDAV
0x00000001b3411000 	/System/Library/PrivateFrameworks/CalDAV.framework/Versions/A/CalDAV
0x00000001bdaf6000 	/System/Library/PrivateFrameworks/TelephonyUtilities.framework/Versions/A/TelephonyUtilities
0x00000001c1e14000 	/System/Library/Frameworks/CallKit.framework/Versions/A/CallKit
0x00000001e9a56000 	/System/Library/PrivateFrameworks/IMTransferServices.framework/Versions/A/IMTransferServices
0x00000001c03c9000 	/System/Library/PrivateFrameworks/IncomingCallFilter.framework/Versions/A/IncomingCallFilter
0x000000025ee87000 	/System/Library/PrivateFrameworks/NeighborhoodActivityConduit.framework/Versions/A/NeighborhoodActivityConduit
0x000000027efd1000 	/usr/lib/libBASupport.dylib
0x00000001cd841000 	/System/Library/PrivateFrameworks/SpotlightReceiver.framework/Versions/A/SpotlightReceiver
0x00000001c7078000 	/usr/lib/libnfshared.dylib
0x00000001e6c3f000 	/System/Library/PrivateFrameworks/PassKitUIFoundation.framework/Versions/A/PassKitUIFoundation
0x00000001acd81000 	/System/Library/Frameworks/MapKit.framework/Versions/A/MapKit
0x00000001f9b08000 	/System/Library/Frameworks/ExtensionKit.framework/Versions/A/ExtensionKit
0x0000000252111000 	/System/Library/PrivateFrameworks/GeoAnalytics.framework/Versions/A/GeoAnalytics
0x00000001c13d4000 	/System/Library/PrivateFrameworks/SearchFoundation.framework/Versions/A/SearchFoundation
0x00000001c70ae000 	/System/Library/PrivateFrameworks/Navigation.framework/Versions/A/Navigation
0x00000001d0171000 	/System/Library/PrivateFrameworks/VectorKit.framework/Versions/A/VectorKit
0x00000001b9565000 	/System/Library/PrivateFrameworks/VirtualGarage.framework/Versions/A/VirtualGarage
0x00000001c7227000 	/System/Library/Frameworks/ExternalAccessory.framework/ExternalAccessory
0x00000001c7241000 	/System/Library/PrivateFrameworks/IAP.framework/Versions/A/IAP
0x00000001ad034000 	/System/Library/PrivateFrameworks/IOPlatformPluginFamily.framework/Versions/A/IOPlatformPluginFamily
0x00000002427d6000 	/System/Library/PrivateFrameworks/AvatarKit.framework/Versions/A/AvatarKit
0x000000024288e000 	/System/Library/PrivateFrameworks/AvatarPersistence.framework/Versions/A/AvatarPersistence
0x0000000265e50000 	/System/Library/PrivateFrameworks/RemoteUI.framework/Versions/A/RemoteUI
0x00000001ad138000 	/usr/lib/libCTGreenTeaLogger.dylib
0x000000023c7db000 	/System/Library/Frameworks/TipKit.framework/Versions/A/TipKit
0x00000001e23d3000 	/System/Library/PrivateFrameworks/AppleCVA.framework/Versions/A/AppleCVA
0x000000024288d000 	/System/Library/PrivateFrameworks/AvatarKitContent.framework/Versions/A/AvatarKitContent
0x00000001ad160000 	/System/Library/PrivateFrameworks/CoreAppleCVA.framework/Versions/A/CoreAppleCVA
0x0000000258b8a000 	/System/Library/PrivateFrameworks/LiftUI.framework/Versions/A/LiftUI
0x0000000245070000 	/System/Library/PrivateFrameworks/CloudSettings.framework/Versions/A/CloudSettings
0x00000001bfff4000 	/System/Library/PrivateFrameworks/CoreRoutine.framework/Versions/A/CoreRoutine
0x00000001ce86d000 	/System/Library/PrivateFrameworks/Categories.framework/Versions/A/Categories
0x00000002454ff000 	/System/Library/PrivateFrameworks/Coherence.framework/Versions/A/Coherence
0x00000001bd9f1000 	/System/Library/PrivateFrameworks/CoreParsec.framework/Versions/A/CoreParsec
0x0000000261bfc000 	/System/Library/PrivateFrameworks/PegasusAPI.framework/Versions/A/PegasusAPI
0x00000002628c9000 	/System/Library/PrivateFrameworks/PegasusConfiguration.framework/Versions/A/PegasusConfiguration
0x0000000259d21000 	/System/Library/PrivateFrameworks/LocalStatusKit.framework/Versions/A/LocalStatusKit
0x00000001c1fc8000 	/System/Library/PrivateFrameworks/ContextKit.framework/Versions/A/ContextKit
0x0000000245eba000 	/System/Library/PrivateFrameworks/ContextKitCore.framework/Versions/A/ContextKitCore
0x00000001c73db000 	/System/Library/PrivateFrameworks/CharacterPicker.framework/Versions/A/CharacterPicker
0x00000001c04d0000 	/System/Library/PrivateFrameworks/ContactsDonation.framework/Versions/A/ContactsDonation
0x00000001b9687000 	/System/Library/PrivateFrameworks/ContactsUICore.framework/Versions/A/ContactsUICore
0x00000001bfdd7000 	/System/Library/PrivateFrameworks/DataDetectors.framework/Versions/A/DataDetectors
0x00000001b33fd000 	/System/Library/Frameworks/MediaLibrary.framework/Versions/A/MediaLibrary
0x00000001adf5a000 	/System/Library/PrivateFrameworks/PersonaKit.framework/Versions/A/PersonaKit
0x00000001b9675000 	/System/Library/PrivateFrameworks/PersonaUI.framework/Versions/A/PersonaUI
0x00000002555a5000 	/System/Library/PrivateFrameworks/InputToolKitUI.framework/Versions/A/InputToolKitUI
0x0000000255590000 	/System/Library/PrivateFrameworks/InputToolKit.framework/Versions/A/InputToolKit
0x000000026f5f8000 	/System/Library/PrivateFrameworks/Stickers.framework/Versions/A/Stickers
0x00000002554fe000 	/System/Library/PrivateFrameworks/InputAnalytics.framework/Versions/A/InputAnalytics
0x00000001c8f51000 	/System/Library/PrivateFrameworks/EmojiFoundation.framework/Versions/A/EmojiFoundation
0x000000024b49a000 	/System/Library/PrivateFrameworks/FeedbackService.framework/Versions/A/FeedbackService
0x00000001adbd6000 	/System/Library/PrivateFrameworks/AddressBookCore.framework/Versions/A/AddressBookCore
0x00000001c1cc9000 	/System/Library/PrivateFrameworks/IntlPreferences.framework/Versions/A/IntlPreferences
0x00000001c6e3d000 	/System/Library/PrivateFrameworks/ToneKit.framework/Versions/A/ToneKit
0x00000001c1d0f000 	/System/Library/PrivateFrameworks/ToneLibrary.framework/Versions/A/ToneLibrary
0x0000000245d53000 	/System/Library/PrivateFrameworks/ContactsAccounts.framework/Versions/A/ContactsAccounts
0x00000001d287d000 	/System/Library/PrivateFrameworks/Transparency.framework/Versions/A/Transparency
0x00000001c551a000 	/System/Library/PrivateFrameworks/Lookup.framework/Versions/A/Lookup
0x00000001fd42f000 	/System/Library/Frameworks/QuickLookUI.framework/Versions/A/QuickLookUI
0x00000001fde0d000 	/System/Library/Frameworks/ScreenCaptureKit.framework/Versions/A/ScreenCaptureKit
0x00000001c2963000 	/System/Library/Frameworks/Quartz.framework/Versions/A/Frameworks/QuartzComposer.framework/Versions/A/QuartzComposer
0x00000001c1ca0000 	/System/Library/Frameworks/Quartz.framework/Versions/A/Frameworks/QuartzFilters.framework/Versions/A/QuartzFilters
0x00000001c0d87000 	/System/Library/Frameworks/Quartz.framework/Versions/A/Frameworks/ImageKit.framework/Versions/A/ImageKit
0x00000001f8191000 	/System/Library/Frameworks/OpenCL.framework/Versions/A/OpenCL
0x00000001bf4d8000 	/System/Library/PrivateFrameworks/CorePDF.framework/Versions/A/CorePDF
0x00000001aaf25000 	/System/Library/Frameworks/QuickLook.framework/Versions/A/QuickLook
0x00000001b51d9000 	/System/Library/PrivateFrameworks/DisplayServices.framework/Versions/A/DisplayServices
0x00000001c1c10000 	/System/Library/Frameworks/ImageCaptureCore.framework/Versions/A/ImageCaptureCore
0x0000000276a80000 	/System/Library/PrivateFrameworks/VisionKitCore.framework/Versions/A/VisionKitCore
0x00000001bd9c1000 	/System/Library/PrivateFrameworks/QuickLookSupport.framework/Versions/A/QuickLookSupport
0x000000025c3a8000 	/System/Library/PrivateFrameworks/MediaAnalysisServices.framework/Versions/A/MediaAnalysisServices
0x00000001c450c000 	/System/Library/PrivateFrameworks/PhotoLibraryServices.framework/Versions/A/PhotoLibraryServices
0x00000001c1859000 	/System/Library/Frameworks/Photos.framework/Versions/A/Photos
0x00000001d50a8000 	/System/Library/PrivateFrameworks/PhotosFormats.framework/Versions/A/PhotosFormats
0x00000001d1683000 	/System/Library/PrivateFrameworks/CloudPhotoLibrary.framework/Versions/A/CloudPhotoLibrary
0x00000001da675000 	/System/Library/PrivateFrameworks/CloudPhotoServices.framework/Versions/A/CloudPhotoServices
0x00000001d6e1c000 	/System/Library/PrivateFrameworks/CoreMediaStream.framework/Versions/A/CoreMediaStream
0x00000001ae586000 	/System/Library/PrivateFrameworks/CPAnalytics.framework/Versions/A/CPAnalytics
0x00000001d3520000 	/System/Library/PrivateFrameworks/MediaConversionService.framework/Versions/A/MediaConversionService
0x00000001b4e47000 	/System/Library/PrivateFrameworks/PhotoFoundation.framework/Versions/A/PhotoFoundation
0x0000000262e60000 	/System/Library/PrivateFrameworks/PhotoLibraryServicesCore.framework/Versions/A/PhotoLibraryServicesCore
0x00000001cd1f3000 	/System/Library/PrivateFrameworks/MMCS.framework/Versions/A/MMCS
0x00000001b3266000 	/System/Library/PrivateFrameworks/ChunkingLibrary.framework/Versions/A/ChunkingLibrary
0x00000001ad43a000 	/System/Library/PrivateFrameworks/AssetCacheServices.framework/Versions/A/AssetCacheServices
0x00000001af162000 	/System/Library/PrivateFrameworks/AVFoundationCF.framework/Versions/A/AVFoundationCF
0x00000001e9953000 	/usr/lib/swift/libswiftDemangle.dylib
0x00000001c0054000 	/System/Library/PrivateFrameworks/MediaStream.framework/Versions/A/MediaStream
0x00000001d3a3a000 	/System/Library/PrivateFrameworks/NeutrinoCore.framework/Versions/A/NeutrinoCore
0x000000019e6c2000 	/System/Library/PrivateFrameworks/NLP.framework/Versions/A/NLP
0x00000001d9426000 	/System/Library/PrivateFrameworks/PhotoImaging.framework/Versions/A/PhotoImaging
0x00000001da636000 	/System/Library/PrivateFrameworks/PhotosImagingFoundation.framework/Versions/A/PhotosImagingFoundation
0x0000000263939000 	/System/Library/PrivateFrameworks/PhotosIntelligenceCore.framework/Versions/A/PhotosIntelligenceCore
0x00000001af5f8000 	/System/Library/PrivateFrameworks/EmbeddedAcousticRecognition.framework/Versions/A/EmbeddedAcousticRecognition
0x00000001d18e9000 	/System/Library/PrivateFrameworks/SDAPI.framework/Versions/A/SDAPI
0x00000001da683000 	/System/Library/PrivateFrameworks/AutoLoop.framework/Versions/A/AutoLoop
0x00000002643a1000 	/System/Library/PrivateFrameworks/Portrait.framework/Versions/A/Portrait
0x0000000240ea6000 	/System/Library/PrivateFrameworks/AppleDepth.framework/Versions/A/AppleDepth
0x000000024c023000 	/System/Library/PrivateFrameworks/FusionTracker.framework/Versions/A/FusionTracker
0x0000000240f94000 	/System/Library/PrivateFrameworks/AppleDepthCore.framework/Versions/A/AppleDepthCore
0x00000001c2423000 	/System/Library/PrivateFrameworks/iTunesCloud.framework/Versions/A/iTunesCloud
0x00000001cacb9000 	/System/Library/PrivateFrameworks/DAAPKit.framework/Versions/A/DAAPKit
0x000000028022d000 	/usr/lib/swift/libswiftVideoToolbox.dylib
0x00000001bdcd2000 	/System/Library/PrivateFrameworks/DeviceManagement.framework/Versions/A/DeviceManagement
0x00000001e00d8000 	/System/Library/PrivateFrameworks/ScreenTimeUI.framework/Versions/A/ScreenTimeUI
0x00000001bfdd1000 	/System/Library/PrivateFrameworks/QuickLookNonBaseSystem.framework/Versions/A/QuickLookNonBaseSystem
0x00000001c059f000 	/System/Library/PrivateFrameworks/Catalyst.framework/Versions/A/Catalyst
0x000000025bb45000 	/System/Library/PrivateFrameworks/ManagedSettingsObjC.framework/Versions/A/ManagedSettingsObjC
0x00000001c1eb6000 	/System/Library/PrivateFrameworks/ScreenTimeCore.framework/Versions/A/ScreenTimeCore
0x00000001d460b000 	/System/Library/PrivateFrameworks/ScreenTimeServiceUI.framework/Versions/A/ScreenTimeServiceUI
0x00000001cd37e000 	/System/Library/PrivateFrameworks/ConfigurationEngineModel.framework/Versions/A/ConfigurationEngineModel
0x00000001d012d000 	/System/Library/PrivateFrameworks/UsageTracking.framework/Versions/A/UsageTracking
0x00000001f990a000 	/System/Library/Frameworks/DeviceActivity.framework/Versions/A/DeviceActivity
0x00000001d00fd000 	/System/Library/PrivateFrameworks/KnowledgeMonitor.framework/Versions/A/KnowledgeMonitor
0x00000001e6be4000 	/System/Library/PrivateFrameworks/BluetoothManager.framework/Versions/A/BluetoothManager
0x00000001faa62000 	/System/Library/Frameworks/ManagedSettings.framework/Versions/A/ManagedSettings
0x000000025bb7e000 	/System/Library/PrivateFrameworks/ManagedSettingsSupport.framework/Versions/A/ManagedSettingsSupport
0x00000001e44e9000 	/System/Library/Frameworks/ReplayKit.framework/Versions/A/ReplayKit
0x00000001b6172000 	/System/Library/PrivateFrameworks/MarkupUI.framework/Versions/A/MarkupUI
0x00000001bfda9000 	/System/Library/PrivateFrameworks/SidecarCore.framework/Versions/A/SidecarCore
0x00000001c2824000 	/System/Library/PrivateFrameworks/AnnotationKit.framework/Versions/A/AnnotationKit
0x000000023c93b000 	/System/Library/Frameworks/Translation.framework/Versions/A/Translation
0x00000001dc022000 	/System/Library/PrivateFrameworks/RevealCore.framework/Versions/A/RevealCore
0x00000001dc016000 	/System/Library/PrivateFrameworks/Reveal.framework/Versions/A/Reveal
0x000000027388b000 	/System/Library/PrivateFrameworks/TranslationUIServices.framework/Versions/A/TranslationUIServices
0x00000001c0fcd000 	/System/Library/Frameworks/PencilKit.framework/Versions/A/PencilKit
0x00000001c1182000 	/System/Library/PrivateFrameworks/SidecarUI.framework/Versions/A/SidecarUI
0x00000001c097a000 	/System/Library/PrivateFrameworks/CoreHandwriting.framework/Versions/A/CoreHandwriting
0x0000000198882000 	/usr/lib/libmecabra.dylib
0x00000001b9afd000 	/System/Library/PrivateFrameworks/Calculate.framework/Versions/A/Calculate
0x00000001a6dc7000 	/usr/lib/libChineseTokenizer.dylib
0x00000001f50d1000 	/System/Library/PrivateFrameworks/ScreenReaderCore.framework/Versions/A/ScreenReaderCore
0x000000026f9cf000 	/System/Library/PrivateFrameworks/StocksKit.framework/Versions/A/StocksKit
0x00000001b8c77000 	/System/Library/PrivateFrameworks/OAuth.framework/Versions/A/OAuth
0x000000026f67c000 	/System/Library/PrivateFrameworks/StocksCore.framework/Versions/A/StocksCore
0x00000002706d9000 	/System/Library/PrivateFrameworks/TeaFoundation.framework/Versions/A/TeaFoundation
0x00000002708c2000 	/System/Library/PrivateFrameworks/TeaSettings.framework/Versions/A/TeaSettings
0x00000001ead1e000 	/System/Library/PrivateFrameworks/NewsCore.framework/Versions/A/NewsCore
0x0000000270676000 	/System/Library/PrivateFrameworks/TeaDB.framework/Versions/A/TeaDB
0x00000001e79c9000 	/System/Library/PrivateFrameworks/RemoteConfiguration.framework/Versions/A/RemoteConfiguration
0x00000001ea958000 	/System/Library/PrivateFrameworks/NewsTransport.framework/Versions/A/NewsTransport
0x00000001ead0e000 	/System/Library/PrivateFrameworks/NewsFoundation.framework/Versions/A/NewsFoundation
0x000000025f3cd000 	/System/Library/PrivateFrameworks/NewsURLBucket.framework/Versions/A/NewsURLBucket
0x00000001c4240000 	/System/Library/PrivateFrameworks/MobileInstallation.framework/Versions/A/MobileInstallation
0x00000002728d4000 	/System/Library/PrivateFrameworks/TipKitCore.framework/Versions/A/TipKitCore
0x00000001c8fd4000 	/System/Library/PrivateFrameworks/CoreCDPInternal.framework/Versions/A/CoreCDPInternal
0x00000001b8bc9000 	/System/Library/PrivateFrameworks/AccountsDaemon.framework/Versions/A/AccountsDaemon
0x0000000265a95000 	/System/Library/PrivateFrameworks/RegulatoryDomain.framework/Versions/A/RegulatoryDomain
0x00000001e090b000 	/System/Library/PrivateFrameworks/MachineSettings.framework/Versions/A/MachineSettings
0x00000001d2de1000 	/System/Library/PrivateFrameworks/BezelServices.framework/Versions/A/BezelServices
0x00000001cad42000 	/System/Library/PrivateFrameworks/SPOwner.framework/Versions/A/SPOwner
0x00000001c407b000 	/System/Library/PrivateFrameworks/FMCore.framework/Versions/A/FMCore
0x000000027a433000 	/System/Library/PrivateFrameworks/iCloudQuota.framework/Versions/A/iCloudQuota
0x00000001b95fa000 	/System/Library/PrivateFrameworks/CoreRecognition.framework/Versions/A/CoreRecognition
0x00000001d2e96000 	/System/Library/PrivateFrameworks/InAppMessages.framework/Versions/A/InAppMessages
0x00000001f3e1f000 	/System/Library/PrivateFrameworks/JetUI.framework/Versions/A/JetUI
0x00000002588e6000 	/System/Library/PrivateFrameworks/JetPack.framework/Versions/A/JetPack
0x00000001d2e8d000 	/System/Library/PrivateFrameworks/InAppMessagesCore.framework/Versions/A/InAppMessagesCore
0x0000000279b2d000 	/System/Library/PrivateFrameworks/_JetEngine_SwiftUI.framework/Versions/A/_JetEngine_SwiftUI
0x000000026ffc6000 	/System/Library/PrivateFrameworks/Synapse.framework/Versions/A/Synapse
0x0000000243f4b000 	/System/Library/PrivateFrameworks/CSExattrCrypto.framework/Versions/A/CSExattrCrypto
0x00000001b4e58000 	/System/Library/PrivateFrameworks/IMSharedUtilities.framework/Versions/A/IMSharedUtilities
0x00000001ce127000 	/System/Library/Frameworks/InstantMessage.framework/Versions/A/InstantMessage
0x00000001c6bbb000 	/System/Library/PrivateFrameworks/IDSKVStore.framework/Versions/A/IDSKVStore
0x00000001c69fb000 	/System/Library/PrivateFrameworks/IMDPersistence.framework/Versions/A/IMDPersistence
0x0000000280149000 	/usr/lib/swift/libswiftAppleArchive.dylib
0x0000000274fbe000 	/System/Library/PrivateFrameworks/UserSafety.framework/Versions/A/UserSafety
0x00000001e5e3c000 	/System/Library/PrivateFrameworks/BlastDoor.framework/Versions/A/BlastDoor
0x00000001fde91000 	/System/Library/Frameworks/SensitiveContentAnalysis.framework/Versions/A/SensitiveContentAnalysis
0x00000002599cc000 	/System/Library/PrivateFrameworks/LinkPresentationStyleSheetParsing.framework/Versions/A/LinkPresentationStyleSheetParsing
0x00000001c0428000 	/System/Library/PrivateFrameworks/CoreSDB.framework/Versions/A/CoreSDB
0x000000024222c000 	/System/Library/PrivateFrameworks/AskToCore.framework/Versions/A/AskToCore
0x00000001c5207000 	/System/Library/PrivateFrameworks/StoreFoundation.framework/Versions/A/StoreFoundation
0x00000001c4075000 	/System/Library/PrivateFrameworks/ServerInformation.framework/Versions/A/ServerInformation
0x00000001c3ae9000 	/System/Library/PrivateFrameworks/Install.framework/Frameworks/DistributionKit.framework/Versions/A/DistributionKit
0x00000001bd78f000 	/System/Library/PrivateFrameworks/PackageKit.framework/Versions/A/PackageKit
0x00000001c3b0b000 	/System/Library/PrivateFrameworks/OSPersonalization.framework/Versions/A/OSPersonalization
0x00000001c5773000 	/System/Library/PrivateFrameworks/BridgeOSSoftwareUpdate.framework/Versions/A/BridgeOSSoftwareUpdate
0x00000001c08a2000 	/System/Library/PrivateFrameworks/StorageManagement.framework/Versions/A/StorageManagement
0x00000001d4195000 	/usr/lib/libauthinstall.dylib
0x00000001c577c000 	/System/Library/PrivateFrameworks/InstallerDiagnostics.framework/Versions/A/InstallerDiagnostics
0x00000001d47c7000 	/usr/lib/libcrypto.42.dylib
0x00000001c5761000 	/System/Library/PrivateFrameworks/GPUInfo.framework/Versions/A/GPUInfo
0x00000001d2f8d000 	/System/Library/PrivateFrameworks/MobileActivationMacOS.framework/Versions/A/MobileActivationMacOS
0x00000001ae52d000 	/System/Library/PrivateFrameworks/GenerationalStorage.framework/Versions/A/GenerationalStorage
0x00000001a9a91000 	/System/Library/PrivateFrameworks/CacheDelete.framework/Versions/A/CacheDelete
0x00000001b1956000 	/System/Library/Frameworks/QuickLookThumbnailing.framework/Versions/A/QuickLookThumbnailing
0x00000001ae35f000 	/System/Library/Frameworks/FileProvider.framework/Versions/A/FileProvider
0x000000019cb27000 	/System/Library/PrivateFrameworks/DesktopServicesPriv.framework/Versions/A/DesktopServicesPriv
0x000000019ede7000 	/System/Library/Frameworks/Accounts.framework/Versions/A/Accounts
0x00000001c57c0000 	/System/Library/PrivateFrameworks/AOSKit.framework/Versions/A/AOSKit
0x00000001a6ef7000 	/System/Library/PrivateFrameworks/AppSSOCore.framework/Versions/A/AppSSOCore
0x00000001b1017000 	/System/Library/PrivateFrameworks/AppSupport.framework/Versions/A/AppSupport
0x00000001bf8b1000 	/System/Library/Frameworks/AVFoundation.framework/Versions/A/AVFoundation
0x00000001b1879000 	/System/Library/PrivateFrameworks/DuetActivityScheduler.framework/Versions/A/DuetActivityScheduler
0x00000001c03cf000 	/System/Library/PrivateFrameworks/FTServices.framework/Versions/A/FTServices
0x00000001d15bc000 	/System/Library/PrivateFrameworks/NetworkServiceProxy.framework/Versions/A/NetworkServiceProxy
0x00000001b183f000 	/System/Library/PrivateFrameworks/StreamingZip.framework/Versions/A/StreamingZip
0x00000001b0944000 	/System/Library/PrivateFrameworks/CoreWiFi.framework/Versions/A/CoreWiFi
0x00000001a99bc000 	/System/Library/PrivateFrameworks/MobileAsset.framework/Versions/A/MobileAsset
0x00000001af505000 	/System/Library/PrivateFrameworks/Rapport.framework/Versions/A/Rapport
0x000000026fd29000 	/System/Library/PrivateFrameworks/Symptoms.framework/Versions/A/Frameworks/SymptomAnalytics.framework/Versions/A/SymptomAnalytics
0x00000001ad0a6000 	/usr/lib/libnetworkextension.dylib
0x000000027fa30000 	/usr/lib/libmrc.dylib
0x0000000254e12000 	/System/Library/PrivateFrameworks/IPConfiguration.framework/Versions/A/IPConfiguration
0x00000001e0753000 	/System/Library/PrivateFrameworks/Netrb.framework/Versions/A/Netrb
0x00000001eb6bc000 	/System/Library/PrivateFrameworks/WiFiPeerToPeer.framework/Versions/A/WiFiPeerToPeer
0x00000001c735b000 	/System/Library/PrivateFrameworks/SoftwareUpdateCoreSupport.framework/Versions/A/SoftwareUpdateCoreSupport
0x00000001cece8000 	/System/Library/PrivateFrameworks/SoftwareUpdateCoreConnect.framework/Versions/A/SoftwareUpdateCoreConnect
0x00000001b0ecf000 	/System/Library/PrivateFrameworks/RemoteServiceDiscovery.framework/Versions/A/RemoteServiceDiscovery
0x00000001c6fe1000 	/System/Library/PrivateFrameworks/MSUDataAccessor.framework/Versions/A/MSUDataAccessor
0x00000001c27df000 	/usr/lib/libbootpolicy.dylib
0x00000001b0ee5000 	/System/Library/PrivateFrameworks/RemoteXPC.framework/Versions/A/RemoteXPC
0x00000001ce137000 	/usr/lib/libFDR.dylib
0x00000001d4268000 	/usr/lib/libamsupport.dylib
0x000000027f185000 	/usr/lib/libReverseProxyDevice.dylib
0x0000000241014000 	/System/Library/PrivateFrameworks/AppleDeviceQuerySupport.framework/Versions/A/AppleDeviceQuerySupport
0x00000001d7140000 	/usr/lib/libpartition2_dynamic.dylib
0x00000001a54f2000 	/System/Library/Frameworks/UserNotifications.framework/Versions/A/UserNotifications
0x00000001e69fa000 	/System/Library/Frameworks/CryptoKit.framework/Versions/A/CryptoKit
0x00000001b1817000 	/System/Library/PrivateFrameworks/CryptoKitCBridging.framework/Versions/A/CryptoKitCBridging
0x00000001af07b000 	/System/Library/Frameworks/CryptoTokenKit.framework/Versions/A/CryptoTokenKit
0x00000001dac8d000 	/usr/lib/swift/libswiftCryptoTokenKit.dylib
0x00000001af0df000 	/System/Library/Frameworks/LocalAuthentication.framework/Versions/A/LocalAuthentication
0x0000000259ba1000 	/System/Library/PrivateFrameworks/LocalAuthenticationCore.framework/Versions/A/LocalAuthenticationCore
0x00000001af135000 	/System/Library/Frameworks/LocalAuthentication.framework/Support/SharedUtils.framework/Versions/A/SharedUtils
0x00000001a9b28000 	/usr/lib/libTelephonyUtilDynamic.dylib
0x00000001ae108000 	/System/Library/PrivateFrameworks/SymptomDiagnosticReporter.framework/Versions/A/SymptomDiagnosticReporter
0x00000002495f0000 	/System/Library/PrivateFrameworks/CryptoKitPrivate.framework/Versions/A/CryptoKitPrivate
0x00000001a0eec000 	/System/Library/PrivateFrameworks/ApplePushService.framework/Versions/A/ApplePushService
0x00000001bfadc000 	/System/Library/PrivateFrameworks/FindMyDevice.framework/Versions/A/FindMyDevice
0x000000019ee6c000 	/System/Library/PrivateFrameworks/CommonUtilities.framework/Versions/A/CommonUtilities
0x00000001d5bde000 	/System/Library/PrivateFrameworks/DeviceIdentity.framework/Versions/A/DeviceIdentity
0x00000001a7621000 	/System/Library/PrivateFrameworks/Bom.framework/Versions/A/Bom
0x00000001a95ec000 	/usr/lib/libParallelCompression.dylib
0x00000001a95de000 	/System/Library/PrivateFrameworks/MultiverseSupport.framework/Versions/A/MultiverseSupport
0x00000001b52b4000 	/System/Library/PrivateFrameworks/FMCoreLite.framework/Versions/A/FMCoreLite
0x00000001a524e000 	/System/Library/PrivateFrameworks/AuthKit.framework/Versions/A/AuthKit
0x00000001ae23b000 	/System/Library/PrivateFrameworks/DiskManagement.framework/Versions/A/DiskManagement
0x00000001ae147000 	/System/Library/PrivateFrameworks/AppleIDAuthSupport.framework/Versions/A/AppleIDAuthSupport
0x000000023dc7a000 	/System/Library/PrivateFrameworks/AAAFoundation.framework/Versions/A/AAAFoundation
0x00000001a9add000 	/System/Library/PrivateFrameworks/KeychainCircle.framework/Versions/A/KeychainCircle
0x00000001b9fd7000 	/System/Library/PrivateFrameworks/URLFormatting.framework/Versions/A/URLFormatting
0x00000001b0f83000 	/usr/lib/libcsfde.dylib
0x00000001a7081000 	/usr/lib/libCoreStorage.dylib
0x00000001aae9a000 	/System/Library/PrivateFrameworks/ProtectedCloudStorage.framework/Versions/A/ProtectedCloudStorage
0x00000001b0f7e000 	/System/Library/PrivateFrameworks/EFILogin.framework/Versions/A/EFILogin
0x00000001b9280000 	/System/Library/PrivateFrameworks/CloudServices.framework/Versions/A/CloudServices
0x00000001ae554000 	/System/Library/PrivateFrameworks/OctagonTrust.framework/Versions/A/OctagonTrust
0x00000001aec6e000 	/System/Library/PrivateFrameworks/AVFCore.framework/Versions/A/AVFCore
0x00000001b7d0a000 	/System/Library/PrivateFrameworks/AVFCapture.framework/Versions/A/AVFCapture
0x00000001a82c8000 	/System/Library/Frameworks/MediaToolbox.framework/Versions/A/MediaToolbox
0x00000001ae330000 	/System/Library/PrivateFrameworks/CoreAVCHD.framework/Versions/A/CoreAVCHD
0x00000001ae32c000 	/System/Library/PrivateFrameworks/Mangrove.framework/Versions/A/Mangrove
0x0000000243e3b000 	/System/Library/PrivateFrameworks/CMPhoto.framework/Versions/A/CMPhoto
0x00000001aea8b000 	/System/Library/Frameworks/CoreTelephony.framework/Versions/A/CoreTelephony
0x00000001ae31f000 	/System/Library/PrivateFrameworks/CoreAUC.framework/Versions/A/CoreAUC
0x0000000241455000 	/System/Library/PrivateFrameworks/AppleJPEGXL.framework/Versions/A/AppleJPEGXL
0x0000000243c67000 	/System/Library/PrivateFrameworks/CMImaging.framework/Versions/A/CMImaging
0x00000001b7f22000 	/System/Library/PrivateFrameworks/Quagga.framework/Versions/A/Quagga
0x00000001b8055000 	/System/Library/PrivateFrameworks/CMCapture.framework/Versions/A/CMCapture
0x00000001a96c0000 	/System/Library/Frameworks/CoreMediaIO.framework/Versions/A/CoreMediaIO
0x00000001b19a2000 	/System/Library/PrivateFrameworks/Espresso.framework/Versions/A/Espresso
0x00000001f548d000 	/System/Library/PrivateFrameworks/ANECompiler.framework/Versions/A/ANECompiler
0x00000001b39aa000 	/System/Library/PrivateFrameworks/AppleNeuralEngine.framework/Versions/A/AppleNeuralEngine
0x00000001fb721000 	/System/Library/Frameworks/MetalPerformanceShadersGraph.framework/Versions/A/MetalPerformanceShadersGraph
0x000000025a694000 	/System/Library/PrivateFrameworks/MLCompilerServices.framework/Versions/A/MLCompilerServices
0x00000001b2864000 	/System/Library/PrivateFrameworks/ANEServices.framework/Versions/A/ANEServices
0x00000001c5535000 	/usr/lib/libncurses.5.4.dylib
0x000000019b472000 	/usr/lib/libsandbox.1.dylib
0x00000001a7079000 	/usr/lib/libMatch.1.dylib
0x000000025a638000 	/System/Library/PrivateFrameworks/MLCompilerRuntime.framework/Versions/A/MLCompilerRuntime
0x0000000243b9d000 	/System/Library/PrivateFrameworks/CMCaptureDevice.framework/Versions/A/CMCaptureDevice
0x000000024498c000 	/System/Library/PrivateFrameworks/CinematicFraming.framework/Versions/A/CinematicFraming
0x00000001bf4da000 	/System/Library/Frameworks/CoreMotion.framework/Versions/A/CoreMotion
0x00000001ce1e0000 	/System/Library/PrivateFrameworks/TimeSync.framework/Versions/A/TimeSync
0x000000024a086000 	/System/Library/PrivateFrameworks/DistributedSensing.framework/Versions/A/DistributedSensing
0x00000001ca0b9000 	/System/Library/PrivateFrameworks/MobileBluetooth.framework/Versions/A/MobileBluetooth
0x00000001a925f000 	/System/Library/PrivateFrameworks/LocationSupport.framework/Versions/A/LocationSupport
0x00000001cfd36000 	/System/Library/PrivateFrameworks/IOKitten.framework/Versions/A/IOKitten
0x000000019cd92000 	/System/Library/PrivateFrameworks/CoreDuet.framework/Versions/A/CoreDuet
0x00000001b029d000 	/System/Library/PrivateFrameworks/CoreDuetContext.framework/Versions/A/CoreDuetContext
0x00000001cac62000 	/System/Library/PrivateFrameworks/BiomeFoundation.framework/Versions/A/BiomeFoundation
0x00000002429d9000 	/System/Library/PrivateFrameworks/BiomeLibrary.framework/Versions/A/BiomeLibrary
0x00000001ce25e000 	/System/Library/PrivateFrameworks/BiomeStreams.framework/Versions/A/BiomeStreams
0x00000001d4612000 	/System/Library/PrivateFrameworks/BiomePubSub.framework/Versions/A/BiomePubSub
0x00000001a0f54000 	/System/Library/Frameworks/CloudKit.framework/Versions/A/CloudKit
0x00000001b02f3000 	/System/Library/Frameworks/Intents.framework/Versions/A/Intents
0x00000001b2a0c000 	/System/Library/PrivateFrameworks/CoreDuetDaemonProtocol.framework/Versions/A/CoreDuetDaemonProtocol
0x00000001b2892000 	/System/Library/PrivateFrameworks/ProactiveSupport.framework/Versions/A/ProactiveSupport
0x0000000264308000 	/System/Library/PrivateFrameworks/PoirotSchematizer.framework/Versions/A/PoirotSchematizer
0x0000000243073000 	/System/Library/PrivateFrameworks/BiomeSync.framework/Versions/A/BiomeSync
0x00000002429ba000 	/System/Library/PrivateFrameworks/BiomeFlexibleStorage.framework/Versions/A/BiomeFlexibleStorage
0x000000024299e000 	/System/Library/PrivateFrameworks/BiomeDSL.framework/Versions/A/BiomeDSL
0x00000001d466f000 	/System/Library/PrivateFrameworks/BiomeStorage.framework/Versions/A/BiomeStorage
0x0000000264375000 	/System/Library/PrivateFrameworks/PoirotUDFs.framework/Versions/A/PoirotUDFs
0x00000002642d7000 	/System/Library/PrivateFrameworks/PoirotSQLite.framework/Versions/A/PoirotSQLite
0x00000001b131f000 	/System/Library/PrivateFrameworks/InternationalTextSearch.framework/Versions/A/InternationalTextSearch
0x00000002581c6000 	/System/Library/PrivateFrameworks/IntelligencePlatformLibrary.framework/Versions/A/IntelligencePlatformLibrary
0x0000000244551000 	/System/Library/PrivateFrameworks/CascadeSets.framework/Versions/A/CascadeSets
0x00000001aa57a000 	/System/Library/PrivateFrameworks/IDS.framework/Versions/A/IDS
0x00000001a91e5000 	/System/Library/PrivateFrameworks/IMFoundation.framework/Versions/A/IMFoundation
0x00000001b95af000 	/System/Library/PrivateFrameworks/Marco.framework/Versions/A/Marco
0x00000001aa747000 	/System/Library/PrivateFrameworks/IDSFoundation.framework/Versions/A/IDSFoundation
0x00000001b619e000 	/System/Library/PrivateFrameworks/Engram.framework/Versions/A/Engram
0x00000001b613e000 	/usr/lib/libtidy.A.dylib
0x00000001cdd49000 	/System/Library/PrivateFrameworks/FTAWD.framework/Versions/A/FTAWD
0x00000001fdf51000 	/System/Library/Frameworks/SharedWithYouCore.framework/Versions/A/SharedWithYouCore
0x00000001b13ea000 	/System/Library/PrivateFrameworks/AppleAccount.framework/Versions/A/AppleAccount
0x00000001b18fc000 	/System/Library/PrivateFrameworks/C2.framework/Versions/A/C2
0x00000001a2744000 	/System/Library/Frameworks/CoreLocation.framework/Versions/A/CoreLocation
0x0000000244d39000 	/System/Library/PrivateFrameworks/CloudAssets.framework/Versions/A/CloudAssets
0x00000001b18f3000 	/System/Library/Frameworks/PushKit.framework/Versions/A/PushKit
0x00000001dc735000 	/usr/lib/swift/libswiftAVFoundation.dylib
0x00000001c69a2000 	/usr/lib/swift/libswiftCoreLocation.dylib
0x00000001c69b8000 	/usr/lib/swift/libswiftCoreMIDI.dylib
0x00000001dac8f000 	/usr/lib/swift/libswiftCoreMedia.dylib
0x00000001aa9db000 	/System/Library/PrivateFrameworks/Sharing.framework/Versions/A/Sharing
0x00000001b0943000 	/System/Library/PrivateFrameworks/Apple80211.framework/Versions/A/Apple80211
0x00000001a4814000 	/System/Library/Frameworks/CoreWLAN.framework/Versions/A/CoreWLAN
0x00000001b4baa000 	/System/Library/PrivateFrameworks/AssistantServices.framework/Versions/A/AssistantServices
0x00000001af308000 	/System/Library/PrivateFrameworks/SAObjects.framework/Versions/A/SAObjects
0x00000001b47e3000 	/System/Library/PrivateFrameworks/MediaRemote.framework/Versions/A/MediaRemote
0x00000001c5c16000 	/System/Library/PrivateFrameworks/SiriInstrumentation.framework/Versions/A/SiriInstrumentation
0x0000000267b71000 	/System/Library/PrivateFrameworks/SiriAnalytics.framework/Versions/A/SiriAnalytics
0x000000026d6fc000 	/System/Library/PrivateFrameworks/SiriTTSService.framework/Versions/A/SiriTTSService
0x0000000268529000 	/System/Library/PrivateFrameworks/SiriCrossDeviceArbitration.framework/Versions/A/SiriCrossDeviceArbitration
0x00000001c38b6000 	/System/Library/PrivateFrameworks/FeedbackLogger.framework/Versions/A/FeedbackLogger
0x000000026857d000 	/System/Library/PrivateFrameworks/SiriCrossDeviceArbitrationFeedback.framework/Versions/A/SiriCrossDeviceArbitrationFeedback
0x0000000251fda000 	/System/Library/PrivateFrameworks/GenerativeModels.framework/Versions/A/GenerativeModels
0x00000001b941b000 	/System/Library/PrivateFrameworks/MediaServices.framework/Versions/A/MediaServices
0x00000001a72e4000 	/System/Library/PrivateFrameworks/PersistentConnection.framework/Versions/A/PersistentConnection
0x00000001ab173000 	/System/Library/PrivateFrameworks/GeoServices.framework/Versions/A/GeoServices
0x0000000252202000 	/System/Library/PrivateFrameworks/GeoServicesCore.framework/Versions/A/GeoServicesCore
0x00000001b9fd5000 	/System/Library/PrivateFrameworks/PhoneNumbers.framework/Versions/A/PhoneNumbers
0x0000000249af8000 	/System/Library/PrivateFrameworks/Dendrite.framework/Versions/A/Dendrite
0x0000000242352000 	/System/Library/PrivateFrameworks/AtomicsInternal.framework/Versions/A/AtomicsInternal
0x00000001c77b2000 	/usr/lib/libtailspin.dylib
0x00000001da78b000 	/System/Library/PrivateFrameworks/Osprey.framework/Versions/A/Osprey
0x000000026cd7c000 	/System/Library/PrivateFrameworks/SiriTTS.framework/Versions/A/SiriTTS
0x00000001c04ec000 	/System/Library/Frameworks/NaturalLanguage.framework/Versions/A/NaturalLanguage
0x000000026babf000 	/System/Library/PrivateFrameworks/SiriPowerInstrumentation.framework/Versions/A/SiriPowerInstrumentation
0x00000001c130e000 	/System/Library/PrivateFrameworks/Trial.framework/Versions/A/Trial
0x00000001c1290000 	/System/Library/PrivateFrameworks/TrialProto.framework/Versions/A/TrialProto
0x0000000274835000 	/System/Library/PrivateFrameworks/UnifiedAssetFramework.framework/Versions/A/UnifiedAssetFramework
0x00000001eb640000 	/usr/lib/swift/libswiftNaturalLanguage.dylib
0x0000000270674000 	/System/Library/PrivateFrameworks/TailspinSymbolication.framework/Versions/A/TailspinSymbolication
0x0000000249807000 	/System/Library/PrivateFrameworks/Darwinup.framework/Versions/A/Darwinup
0x00000001d358d000 	/System/Library/PrivateFrameworks/SignpostSupport.framework/Versions/A/SignpostSupport
0x00000001c03b5000 	/System/Library/PrivateFrameworks/FeatureFlagsSupport.framework/Versions/A/FeatureFlagsSupport
0x00000001d2cf1000 	/System/Library/PrivateFrameworks/ktrace.framework/Versions/A/ktrace
0x00000001d380d000 	/System/Library/PrivateFrameworks/SampleAnalysis.framework/Versions/A/SampleAnalysis
0x00000001dbffe000 	/System/Library/PrivateFrameworks/kperfdata.framework/Versions/A/kperfdata
0x00000001ab054000 	/usr/lib/libdscsym.dylib
0x00000001dc493000 	/System/Library/PrivateFrameworks/BulkSymbolication.framework/Versions/A/BulkSymbolication
0x00000001a13ee000 	/System/Library/Frameworks/CoreML.framework/Versions/A/CoreML
0x00000001e991d000 	/usr/lib/libedit.3.dylib
0x00000001a4e56000 	/System/Library/Frameworks/MLCompute.framework/Versions/A/MLCompute
0x000000025a4e7000 	/System/Library/PrivateFrameworks/MLAssetIO.framework/Versions/A/MLAssetIO
0x000000028018b000 	/usr/lib/swift/libswiftMLCompute.dylib
0x000000019993f000 	/System/Library/PrivateFrameworks/LanguageModeling.framework/Versions/A/LanguageModeling
0x000000019e4ae000 	/System/Library/PrivateFrameworks/Montreal.framework/Versions/A/Montreal
0x00000001a577d000 	/usr/lib/libcmph.dylib
0x000000025209d000 	/System/Library/PrivateFrameworks/GenerativeModelsFoundation.framework/Versions/A/GenerativeModelsFoundation
0x0000000272bff000 	/System/Library/PrivateFrameworks/TokenGeneration.framework/Versions/A/TokenGeneration
0x0000000251e71000 	/System/Library/PrivateFrameworks/GenerativeFunctions.framework/Versions/A/GenerativeFunctions
0x0000000251ec2000 	/System/Library/PrivateFrameworks/GenerativeFunctionsFoundation.framework/Versions/A/GenerativeFunctionsFoundation
0x000000025d438000 	/System/Library/PrivateFrameworks/ModelCatalog.framework/Versions/A/ModelCatalog
0x0000000267471000 	/System/Library/PrivateFrameworks/SensitiveContentAnalysisML.framework/Versions/A/SensitiveContentAnalysisML
0x0000000251f71000 	/System/Library/PrivateFrameworks/GenerativeFunctionsInstrumentation.framework/Versions/A/GenerativeFunctionsInstrumentation
0x0000000265396000 	/System/Library/PrivateFrameworks/PromptKit.framework/Versions/A/PromptKit
0x0000000264ec2000 	/System/Library/PrivateFrameworks/ProactiveDaemonSupport.framework/Versions/A/ProactiveDaemonSupport
0x0000000272db6000 	/System/Library/PrivateFrameworks/TokenGenerationCore.framework/Versions/A/TokenGenerationCore
0x0000000275eab000 	/System/Library/PrivateFrameworks/VectorSearch.framework/Versions/A/VectorSearch
0x000000025d6f6000 	/System/Library/PrivateFrameworks/ModelManagerServices.framework/Versions/A/ModelManagerServices
0x0000000241076000 	/System/Library/PrivateFrameworks/AppleFlatBuffers.framework/Versions/A/AppleFlatBuffers
0x00000001b99c4000 	/System/Library/PrivateFrameworks/ProactiveEventTracker.framework/Versions/A/ProactiveEventTracker
0x000000023dc96000 	/System/Library/PrivateFrameworks/AAAFoundationSwift.framework/Versions/A/AAAFoundationSwift
0x00000001b163f000 	/System/Library/PrivateFrameworks/AppleIDSSOAuthentication.framework/Versions/A/AppleIDSSOAuthentication
0x00000001cd4d7000 	/usr/lib/swift/libswiftCompression.dylib
0x00000002675fc000 	/System/Library/PrivateFrameworks/SentencePieceInternal.framework/Versions/A/SentencePieceInternal
0x00000001ad4d4000 	/System/Library/Frameworks/Vision.framework/Versions/A/Vision
0x000000024925c000 	/System/Library/PrivateFrameworks/CoreSceneUnderstanding.framework/Versions/A/CoreSceneUnderstanding
0x0000000276a35000 	/System/Library/PrivateFrameworks/VisionCore.framework/Versions/A/VisionCore
0x00000001c90b2000 	/System/Library/Frameworks/Vision.framework/libfaceCore.dylib
0x00000001c9bac000 	/System/Library/PrivateFrameworks/Futhark.framework/Versions/A/Futhark
0x00000001cd29f000 	/System/Library/PrivateFrameworks/InertiaCam.framework/Versions/A/InertiaCam
0x00000001c995f000 	/System/Library/PrivateFrameworks/TextRecognition.framework/Versions/A/TextRecognition
0x00000001a6f17000 	/System/Library/PrivateFrameworks/CVNLP.framework/Versions/A/CVNLP
0x0000000250bfe000 	/System/Library/PrivateFrameworks/GRDBInternal.framework/Versions/A/GRDBInternal
0x00000001b3718000 	/System/Library/PrivateFrameworks/RTCReporting.framework/Versions/A/RTCReporting
0x00000001b18e2000 	/System/Library/PrivateFrameworks/IntentsFoundation.framework/Versions/A/IntentsFoundation
0x00000001aa303000 	/System/Library/Frameworks/NetworkExtension.framework/Versions/A/NetworkExtension
0x00000001c50b6000 	/System/Library/PrivateFrameworks/CaptiveNetwork.framework/Versions/A/CaptiveNetwork
0x00000001b0e8f000 	/System/Library/PrivateFrameworks/EAP8021X.framework/Versions/A/EAP8021X
0x00000001c6987000 	/System/Library/Frameworks/Accelerate.framework/Versions/A/Frameworks/vImage.framework/Versions/A/Libraries/libCGInterfaces.dylib
0x00000001d37d9000 	/System/Library/PrivateFrameworks/UIKitServices.framework/Versions/A/UIKitServices
0x000000014f2c0000 	/System/Library/Extensions/AGXMetalG13X.bundle/Contents/MacOS/AGXMetalG13X
0x00000001b92cd000 	/System/Library/PrivateFrameworks/IOGPU.framework/Versions/A/IOGPU
0x00000001f800b000 	/System/Library/Frameworks/OpenGL.framework/Versions/A/Resources/GLEngine.bundle/GLEngine
0x00000001f7eb0000 	/System/Library/Frameworks/OpenGL.framework/Versions/A/Libraries/libGLProgrammability.dylib
0x000000014e3ac000 	/System/Library/Extensions/AppleMetalOpenGLRenderer.bundle/Contents/MacOS/AppleMetalOpenGLRenderer
0x00000001f816c000 	/System/Library/Frameworks/OpenGL.framework/Versions/A/Resources/GLRendererFloat.bundle/GLRendererFloat
0x00000001d3963000 	/System/Library/PrivateFrameworks/AccessibilitySupport.framework/Versions/A/Frameworks/AccessibilityFoundation.framework/Versions/A/AccessibilityFoundation
0x0000000270c2d000 	/System/Library/PrivateFrameworks/TextInputUI.framework/Versions/A/TextInputUI
0x0000000270c51000 	/System/Library/PrivateFrameworks/TextInputUIMacHelper.framework/Versions/A/TextInputUIMacHelper
0x0000000266a91000 	/System/Library/PrivateFrameworks/Sage.framework/Versions/A/Sage
0x000000014fe98000 	/Users/ycar/Documents/curseforge/minecraft/Install/natives/forge-47.4.0/liblwjgl_opengl.dylib
0x0000000169a00000 	/Users/ycar/Documents/curseforge/minecraft/Install/natives/forge-47.4.0/liblwjgl_stb.dylib
0x000000016ae94000 	/Users/ycar/Documents/curseforge/minecraft/Install/java/java-runtime-gamma/Contents/Home/lib/libextnet.dylib
0x000000023f283000 	/System/Library/PrivateFrameworks/AccessibilityBundles.framework/Versions/A/AccessibilityBundles
0x0000000172fb4000 	/Users/ycar/Documents/curseforge/minecraft/Install/natives/forge-47.4.0/jna8152520830268422724.tmp
0x000000017570c000 	/Users/ycar/Documents/curseforge/minecraft/Install/java/java-runtime-gamma/Contents/Home/lib/libawt.dylib
0x0000000172c08000 	/Users/ycar/Documents/curseforge/minecraft/Install/java/java-runtime-gamma/Contents/Home/lib/libmlib_image.dylib
0x00000001fa975000 	/System/Library/Frameworks/JavaRuntimeSupport.framework/Versions/A/JavaRuntimeSupport
0x000000031e928000 	/Users/ycar/Documents/curseforge/minecraft/Install/java/java-runtime-gamma/Contents/Home/lib/libawt_lwawt.dylib
0x00000001729bc000 	/Users/ycar/Documents/curseforge/minecraft/Install/java/java-runtime-gamma/Contents/Home/lib/libosxapp.dylib
0x00000001bdd96000 	/System/Library/Frameworks/ExceptionHandling.framework/Versions/A/ExceptionHandling
0x0000000177fa8000 	/private/var/folders/n7/77_gm68s55d4qwfn1b4zkpgm0000gn/T/libtmp9687618481714584210libjunixsocket-native-2.6.2.dylib
0x000000031f27c000 	/private/var/folders/n7/77_gm68s55d4qwfn1b4zkpgm0000gn/T/libjcocoa18108499075537401202.dylib
0x00000001c9c9c000 	/System/Library/CoreServices/RawCamera.bundle/Contents/MacOS/RawCamera
0x0000000338424000 	/Users/ycar/Documents/curseforge/minecraft/Install/natives/forge-47.4.0/libopenal.dylib
0x00000001ce87f000 	/System/Library/PrivateFrameworks/TextToSpeech.framework/Versions/A/TextToSpeech
0x00000001d3cd4000 	/System/Library/PrivateFrameworks/AXAssetLoader.framework/Versions/A/AXAssetLoader
0x000000023f4fc000 	/System/Library/PrivateFrameworks/AccessibilityUtilities.framework/Versions/A/AccessibilityUtilities
0x00000001bfd31000 	/System/Library/PrivateFrameworks/AccessibilitySharedSupport.framework/Versions/A/AccessibilitySharedSupport
0x00000001e011b000 	/System/Library/PrivateFrameworks/AXRuntime.framework/Versions/A/AXRuntime
0x00000001d4787000 	/System/Library/PrivateFrameworks/UniversalAccess.framework/Versions/A/Frameworks/UniversalAccessCore.framework/Versions/A/UniversalAccessCore
0x0000000274a3c000 	/System/Library/PrivateFrameworks/UniversalControl.framework/Versions/A/UniversalControl
0x00000001b181d000 	/usr/lib/libScreenReader.dylib
0x00000001d2ce1000 	/System/Library/PrivateFrameworks/AccessibilitySupport.framework/Versions/A/AccessibilitySupport
0x00000001dc46b000 	/System/Library/PrivateFrameworks/AccessibilitySupport.framework/Versions/A/Frameworks/AccessibilityEvents.framework/Versions/A/AccessibilityEvents
0x00000001dc3a6000 	/System/Library/PrivateFrameworks/AccessibilitySupport.framework/Versions/A/Frameworks/AccessibilityKit.framework/Versions/A/AccessibilityKit
0x00000001dc406000 	/System/Library/PrivateFrameworks/AccessibilitySupport.framework/Versions/A/Frameworks/AccessibilityVisuals.framework/Versions/A/AccessibilityVisuals
0x00000001af2d3000 	/System/Library/PrivateFrameworks/BatteryUIKit.framework/Versions/A/BatteryUIKit
0x000000027247f000 	/System/Library/PrivateFrameworks/TextToSpeechVoiceBankingSupport.framework/Versions/A/TextToSpeechVoiceBankingSupport
0x00000001d4307000 	/System/Library/Frameworks/Speech.framework/Versions/A/Speech
0x000000023ddab000 	/System/Library/PrivateFrameworks/AIMLExperimentationAnalytics.framework/Versions/A/AIMLExperimentationAnalytics
0x000000035b6d4000 	/Users/ycar/Documents/curseforge/minecraft/Install/java/java-runtime-gamma/Contents/Home/lib/libfontmanager.dylib
0x000000035b570000 	/Users/ycar/Documents/curseforge/minecraft/Install/java/java-runtime-gamma/Contents/Home/lib/libfreetype.dylib
0x0000000375f98000 	/System/Library/Components/CoreAudio.component/Contents/MacOS/CoreAudio
0x000000016a138000 	/Users/ycar/Documents/curseforge/minecraft/Instances/Create_ Hell's Kitchen/config/spark/tmp/spark-94bc93fa6c91-libasyncProfiler.so.tmp


VM Arguments:
jvm_args: -Xss1M -Djava.library.path=/Users/ycar/Documents/curseforge/minecraft/Install/natives/forge-47.4.0 -Djna.tmpdir=/Users/ycar/Documents/curseforge/minecraft/Install/natives/forge-47.4.0 -Dorg.lwjgl.system.SharedLibraryExtractPath=/Users/ycar/Documents/curseforge/minecraft/Install/natives/forge-47.4.0 -Dio.netty.native.workdir=/Users/ycar/Documents/curseforge/minecraft/Install/natives/forge-47.4.0 -Dminecraft.launcher.brand=CurseForge -Dminecraft.launcher.version=1.282.1.0 -Djava.net.preferIPv6Addresses=system -DignoreList=bootstraplauncher,securejarhandler,asm-commons,asm-util,asm-analysis,asm-tree,asm,JarJarFileSystems,client-extra,fmlcore,javafmllanguage,lowcodelanguage,mclanguage,forge-,forge-47.4.0.jar,forge-47.4.0 -DmergeModules=jna-5.10.0.jar,jna-platform-5.10.0.jar -DlibraryDirectory=/Users/ycar/Documents/curseforge/minecraft/Install/libraries --module-path=/Users/ycar/Documents/curseforge/minecraft/Install/libraries/cpw/mods/bootstraplauncher/1.1.2/bootstraplauncher-1.1.2.jar:/Users/ycar/Documents/curseforge/minecraft/Install/libraries/cpw/mods/securejarhandler/2.1.10/securejarhandler-2.1.10.jar:/Users/ycar/Documents/curseforge/minecraft/Install/libraries/org/ow2/asm/asm-commons/9.7.1/asm-commons-9.7.1.jar:/Users/ycar/Documents/curseforge/minecraft/Install/libraries/org/ow2/asm/asm-util/9.7.1/asm-util-9.7.1.jar:/Users/ycar/Documents/curseforge/minecraft/Install/libraries/org/ow2/asm/asm-analysis/9.7.1/asm-analysis-9.7.1.jar:/Users/ycar/Documents/curseforge/minecraft/Install/libraries/org/ow2/asm/asm-tree/9.7.1/asm-tree-9.7.1.jar:/Users/ycar/Documents/curseforge/minecraft/Install/libraries/org/ow2/asm/asm/9.7.1/asm-9.7.1.jar:/Users/ycar/Documents/curseforge/minecraft/Install/libraries/net/minecraftforge/JarJarFileSystems/0.3.19/JarJarFileSystems-0.3.19.jar --add-modules=ALL-MODULE-PATH --add-opens=java.base/java.util.jar=cpw.mods.securejarhandler --add-opens=java.base/java.lang.invoke=cpw.mods.securejarhandler --add-exports=java.base/sun.security.util=cpw.mods.securejarhandler --add-exports=jdk.naming.dns/com.sun.jndi.dns=java.naming -Xmx4096m -Xms256m -Dfml.ignorePatchDiscrepancies=true -Dfml.ignoreInvalidMinecraftCertificates=true -DlibraryDirectory=/Users/ycar/Documents/curseforge/minecraft/Install/libraries -Dlog4j.configurationFile=/Users/ycar/Documents/curseforge/minecraft/Install/assets/log_configs/client-1.12.xml 
java_command: cpw.mods.bootstraplauncher.BootstrapLauncher --username Ycar_ --version forge-47.4.0 --gameDir /Users/ycar/Documents/curseforge/minecraft/Instances/Create_ Hell's Kitchen/ --assetsDir /Users/ycar/Documents/curseforge/minecraft/Install/assets --assetIndex 5 --uuid c60e01aac83147e1abca11b82fda8d23 --accessToken eyJraWQiOiIwNDkxODEiLCJhbGciOiJSUzI1NiJ9.eyJ4dWlkIjoiMjUzNTQxNTYzMDU1NDQyOCIsImFnZyI6IkFkdWx0Iiwic3ViIjoiYTE4Zjg4NjUtNGI4NS00Y2MwLTkzYTYtOGRmNTBlMThmMzdlIiwiYXV0aCI6IlhCT1giLCJucyI6ImRlZmF1bHQiLCJyb2xlcyI6W10sImlzcyI6ImF1dGhlbnRpY2F0aW9uIiwiZmxhZ3MiOlsibXVsdGlwbGF5ZXIiLCJvcmRlcnNfMjAyMiIsIm1zYW1pZ3JhdGlvbl9zdGFnZTQiLCJ0d29mYWN0b3JhdXRoIl0sInByb2ZpbGVzIjp7Im1jIjoiYzYwZTAxYWEtYzgzMS00N2UxLWFiY2EtMTFiODJmZGE4ZDIzIn0sInBsYXRmb3JtIjoiUENfTEFVTkNIRVIiLCJwZmQiOlt7InR5cGUiOiJtYyIsImlkIjoiYzYwZTAxYWEtYzgzMS00N2UxLWFiY2EtMTFiODJmZGE4ZDIzIiwibmFtZSI6IlljYXJfIn1dLCJuYmYiOjE3NTIzMzc5ODEsImV4cCI6MTc1MjQyNDM4MSwiaWF0IjoxNzUyMzM3OTgxfQ.NvEoaGDNDxNsPG_QMVHnqoTtBOcoAA4CT31UNL6Pv0tSG9_Oyy-D6-2WGZn2HT2uP9W4vEhEwsbsfZu766DrfkfMLMy-FFxfn6UTZie_Pgshs-JGfSn3S8NIV18dKAyBsQ8zRqhkjJXImLYeruNqSW8cUEGpCOGWs3U7Nz8x4ixqwb1ks22Gfv7qZXcHYTbV188M_o26t9QuIxK5nnbD1tYF1mh507LRU5Mi4KQeZzZ4_FoyKKXVwac6dWJR-WVP9di_SAGG7u95FODVMYgPWOUjRHaxktuJftwD-4kjyw1fP7vyxMkWQyBNrZb7lFSUfH-i-4auvoZRNmybhJUUPw --clientId 4b20ef-2d8f03-3c5594-43d66c-100ff45 --xuid 2535415630554428 --userType msa --versionType release --width 1920 --height 1080     --launchTarget forgeclient --fml.forgeVersion 47.4.0 --fml.mcVersion 1.20.1 --fml.forgeGroup net.minecraftforge --fml.mcpVersion 20230612.114412
java_class_path (initial): /Users/ycar/Documents/curseforge/minecraft/Install/libraries/cpw/mods/securejarhandler/2.1.10/securejarhandler-2.1.10.jar:/Users/ycar/Documents/curseforge/minecraft/Install/libraries/org/ow2/asm/asm/9.7.1/asm-9.7.1.jar:/Users/ycar/Documents/curseforge/minecraft/Install/libraries/org/ow2/asm/asm-commons/9.7.1/asm-commons-9.7.1.jar:/Users/ycar/Documents/curseforge/minecraft/Install/libraries/org/ow2/asm/asm-tree/9.7.1/asm-tree-9.7.1.jar:/Users/ycar/Documents/curseforge/minecraft/Install/libraries/org/ow2/asm/asm-util/9.7.1/asm-util-9.7.1.jar:/Users/ycar/Documents/curseforge/minecraft/Install/libraries/org/ow2/asm/asm-analysis/9.7.1/asm-analysis-9.7.1.jar:/Users/ycar/Documents/curseforge/minecraft/Install/libraries/net/minecraftforge/accesstransformers/8.0.4/accesstransformers-8.0.4.jar:/Users/ycar/Documents/curseforge/minecraft/Install/libraries/org/antlr/antlr4-runtime/4.9.1/antlr4-runtime-4.9.1.jar:/Users/ycar/Documents/curseforge/minecraft/Install/libraries/net/minecraftforge/eventbus/6.0.5/eventbus-6.0.5.jar:/Users/ycar/Documents/curseforge/minecraft/Install/libraries/net/minecraftforge/forgespi/7.0.1/forgespi-7.0.1.jar:/Users/ycar/Documents/curseforge/minecraft/Install/libraries/net/minecraftforge/coremods/5.2.4/coremods-5.2.4.jar:/Users/ycar/Documents/curseforge/minecraft/Install/libraries/cpw/mods/modlauncher/10.0.9/modlauncher-10.0.9.jar:/Users/ycar/Documents/curseforge/minecraft/Install/libraries/net/minecraftforge/unsafe/0.2.0/unsafe-0.2.0.jar:/Users/ycar/Documents/curseforge/minecraft/Install/libraries/net/minecraftforge/mergetool/1.1.5/mergetool-1.1.5-api.jar:/Users/ycar/Documents/curseforge/minecraft/Install/libraries/com/electronwill/night-config/core/3.6.4/core-3.6.4.jar:/Users/ycar/Documents/curseforge/minecraft/Install/libraries/com/electronwill/night-config/toml/3.6.4/toml-3.6.4.jar:/Users/ycar/Documents/curseforge/minecraft/Install/libraries/org/apache/maven/maven-artifact/3.8.5/maven-artifact-3.8.5.jar:/Users/ycar/Docum
Launcher Type: SUN_STANDARD

[Global flags]
     intx CICompilerCount                          = 4                                         {product} {ergonomic}
     uint ConcGCThreads                            = 2                                         {product} {ergonomic}
     uint G1ConcRefinementThreads                  = 9                                         {product} {ergonomic}
   size_t G1HeapRegionSize                         = 2097152                                   {product} {ergonomic}
    uintx GCDrainStackTargetSize                   = 64                                        {product} {ergonomic}
   size_t InitialHeapSize                          = 268435456                                 {product} {command line}
   size_t MarkStackSize                            = 4194304                                   {product} {ergonomic}
   size_t MaxHeapSize                              = 4294967296                                {product} {command line}
   size_t MaxNewSize                               = 2575302656                                {product} {ergonomic}
   size_t MinHeapDeltaBytes                        = 2097152                                   {product} {ergonomic}
   size_t MinHeapSize                              = 268435456                                 {product} {command line}
    uintx NonNMethodCodeHeapSize                   = 5839564                                {pd product} {ergonomic}
    uintx NonProfiledCodeHeapSize                  = 122909338                              {pd product} {ergonomic}
    uintx ProfiledCodeHeapSize                     = 122909338                              {pd product} {ergonomic}
    uintx ReservedCodeCacheSize                    = 251658240                              {pd product} {ergonomic}
     bool SegmentedCodeCache                       = true                                      {product} {ergonomic}
   size_t SoftMaxHeapSize                          = 4294967296                             {manageable} {ergonomic}
     intx ThreadStackSize                          = 1024                                   {pd product} {command line}
     bool UseCompressedClassPointers               = true                           {product lp64_product} {ergonomic}
     bool UseCompressedOops                        = true                           {product lp64_product} {ergonomic}
     bool UseG1GC                                  = true                                      {product} {ergonomic}
     bool UseNUMA                                  = false                                     {product} {ergonomic}
     bool UseNUMAInterleaving                      = false                                     {product} {ergonomic}

Logging:
Log output configuration:
 #0: stdout all=warning,jni+resolve=error uptime,level,tags (reconfigured)
 #1: stderr all=off uptime,level,tags

Environment Variables:
PATH=/usr/bin:/bin:/usr/sbin:/sbin
SHELL=/bin/zsh
TMPDIR=/var/folders/n7/77_gm68s55d4qwfn1b4zkpgm0000gn/T/

Active Locale:
LC_ALL=C
LC_COLLATE=C
LC_CTYPE=C
LC_MESSAGES=C
LC_MONETARY=C
LC_NUMERIC=C
LC_TIME=C

Signal Handlers:
   SIGSEGV: crash_handler in libjvm.dylib, mask=11100110000111110111111111111111, flags=SA_RESTART|SA_SIGINFO, unblocked
    SIGBUS: crash_handler in libjvm.dylib, mask=11100110000111110111111111111111, flags=SA_RESTART|SA_SIGINFO, unblocked
    SIGFPE: crash_handler in libjvm.dylib, mask=11100110000111110111111111111111, flags=SA_RESTART|SA_SIGINFO, unblocked
   SIGPIPE: javaSignalHandler in libjvm.dylib, mask=11100110000111110111111111111111, flags=SA_RESTART|SA_SIGINFO, blocked
   SIGXFSZ: javaSignalHandler in libjvm.dylib, mask=11100110000111110111111111111111, flags=SA_RESTART|SA_SIGINFO, blocked
    SIGILL: crash_handler in libjvm.dylib, mask=11100110000111110111111111111111, flags=SA_RESTART|SA_SIGINFO, unblocked
   SIGUSR2: SR_handler in libjvm.dylib, mask=00000000000000000000000000000000, flags=SA_RESTART|SA_SIGINFO, blocked
    SIGHUP: UserHandler in libjvm.dylib, mask=11100110000111110111111111111111, flags=SA_RESTART|SA_SIGINFO, blocked
    SIGINT: UserHandler in libjvm.dylib, mask=11100110000111110111111111111111, flags=SA_RESTART|SA_SIGINFO, blocked
   SIGTERM: UserHandler in libjvm.dylib, mask=11100110000111110111111111111111, flags=SA_RESTART|SA_SIGINFO, blocked
   SIGQUIT: UserHandler in libjvm.dylib, mask=11100110000111110111111111111111, flags=SA_RESTART|SA_SIGINFO, blocked
   SIGTRAP: crash_handler in libjvm.dylib, mask=11100110000111110111111111111111, flags=SA_RESTART|SA_SIGINFO, unblocked


---------------  S Y S T E M  ---------------

OS:
uname: Darwin 24.5.0 Darwin Kernel Version 24.5.0: Tue Apr 22 19:54:49 PDT 2025; root:xnu-11417.121.6~2/RELEASE_ARM64_T6000 arm64
OS uptime: 2 days 5:53 hours
rlimit (soft/hard): STACK 8176k/65520k , CORE 0k/infinity , NPROC 2666/4000 , NOFILE 10240/infinity , AS infinity/infinity , CPU infinity/infinity , DATA infinity/infinity , FSIZE infinity/infinity , MEMLOCK infinity/infinity , RSS infinity/infinity
load average: 7.72 6.19 6.38

CPU: total 10 (initial active 10) 0x61:0x0:0x1b588bb3:0, fp, simd, crc, lse
machdep.cpu.brand_string:Apple M1 Pro
hw.cachelinesize:128
hw.l1icachesize:131072
hw.l1dcachesize:65536
hw.l2cachesize:4194304

Memory: 16k page, physical 16777216k(154640k free), swap 10485760k(1027776k free)

vm_info: OpenJDK 64-Bit Server VM (17.0.8+7) for bsd-aarch64 JRE (17.0.8+7), built on Jul 18 2023 20:57:52 by "admin" with clang Apple LLVM 12.0.0 (clang-1200.0.32.29)

END.
