[17:08:00] [main/INFO]: ModLauncher running: args [--username, Ycar_, --version, forge-47.4.0, --gameDir, /Users/ycar/Documents/curseforge/minecraft/Instances/Create_ Hell's Kitchen/, --assetsDir, /Users/ycar/Documents/curseforge/minecraft/Install/assets, --assetIndex, 5, --uuid, c60e01aac83147e1abca11b82fda8d23, --accessToken, ❄❄❄❄❄❄❄❄, --clientId, d9624a-6bc596-f55448-7680d1-ef85e4, --xuid, 2535415630554428, --userType, msa, --versionType, release, --width, 1920, --height, 1080, , , , , --launchTarget, forgeclient, --fml.forgeVersion, 47.4.0, --fml.mcVersion, 1.20.1, --fml.forgeGroup, net.minecraftforge, --fml.mcpVersion, 20230612.114412]
[17:08:00] [main/INFO]: ModLauncher 10.0.9+10.0.9+main.dcd20f30 starting: java version 17.0.8 by Eclipse Adoptium; OS Mac OS X arch aarch64 version 15.5
[17:08:02] [main/INFO]: Loading ImmediateWindowProvider fmlearlywindow
[17:08:02] [main/INFO]: Trying GL version 4.6
[17:08:02] [main/INFO]: Trying GL version 4.5
[17:08:02] [main/INFO]: Trying GL version 4.4
[17:08:02] [main/INFO]: Trying GL version 4.3
[17:08:02] [main/INFO]: Trying GL version 4.2
[17:08:02] [main/INFO]: Trying GL version 4.1
[17:08:02] [main/INFO]: Requested GL version 4.1 got version 4.1
[17:08:02] [pool-2-thread-1/INFO]: GL info: Apple M1 Pro GL version 4.1 Metal - 89.4, Apple
[17:08:03] [main/INFO]: Starting Essential Loader (stage2) version 1.6.5 (1425fa2d69fa2b31e49c42a2d84be645) [stable]
[17:08:03] [main/INFO]: SpongePowered MIXIN Subsystem Version=0.8.5 Source=union:/Users/ycar/Documents/curseforge/minecraft/Install/libraries/org/spongepowered/mixin/0.8.5/mixin-0.8.5.jar%2394!/ Service=ModLauncher Env=CLIENT
[17:08:03] [main/INFO]: Found mod file [forge]ctov-3.4.14.jar of type MOD with provider {mods folder locator at /Users/ycar/Documents/curseforge/minecraft/Instances/Create_ Hell's Kitchen/mods}
[17:08:03] [main/INFO]: Found mod file AdvancementPlaques-1.20.1-forge-1.6.9.jar of type MOD with provider {mods folder locator at /Users/ycar/Documents/curseforge/minecraft/Instances/Create_ Hell's Kitchen/mods}
[17:08:03] [main/INFO]: Found mod file AI-Improvements-1.20-0.5.2.jar of type MOD with provider {mods folder locator at /Users/ycar/Documents/curseforge/minecraft/Instances/Create_ Hell's Kitchen/mods}
[17:08:03] [main/INFO]: Found mod file alexsmobs-1.22.9.jar of type MOD with provider {mods folder locator at /Users/ycar/Documents/curseforge/minecraft/Instances/Create_ Hell's Kitchen/mods}
[17:08:03] [main/INFO]: Found mod file AmbientEnvironment-forge-1.20.1-11.0.0.1.jar of type MOD with provider {mods folder locator at /Users/ycar/Documents/curseforge/minecraft/Instances/Create_ Hell's Kitchen/mods}
[17:08:03] [main/INFO]: Found mod file AmbientSounds_FORGE_v6.1.11_mc1.20.1.jar of type MOD with provider {mods folder locator at /Users/ycar/Documents/curseforge/minecraft/Instances/Create_ Hell's Kitchen/mods}
[17:08:03] [main/INFO]: Found mod file amendments-1.20-1.2.19.jar of type MOD with provider {mods folder locator at /Users/ycar/Documents/curseforge/minecraft/Instances/Create_ Hell's Kitchen/mods}
[17:08:03] [main/INFO]: Found mod file another_furniture-forge-1.20.1-3.0.2.jar of type MOD with provider {mods folder locator at /Users/ycar/Documents/curseforge/minecraft/Instances/Create_ Hell's Kitchen/mods}
[17:08:03] [main/INFO]: Found mod file appleskin-forge-mc1.20.1-2.5.1.jar of type MOD with provider {mods folder locator at /Users/ycar/Documents/curseforge/minecraft/Instances/Create_ Hell's Kitchen/mods}
[17:08:03] [main/INFO]: Found mod file Aquaculture-1.20.1-2.5.5.jar of type MOD with provider {mods folder locator at /Users/ycar/Documents/curseforge/minecraft/Instances/Create_ Hell's Kitchen/mods}
[17:08:03] [main/INFO]: Found mod file aquaculturedelight-1.1.0-forge-1.20.1.jar of type MOD with provider {mods folder locator at /Users/ycar/Documents/curseforge/minecraft/Instances/Create_ Hell's Kitchen/mods}
[17:08:03] [main/INFO]: Found mod file architectury-9.2.14-forge.jar of type MOD with provider {mods folder locator at /Users/ycar/Documents/curseforge/minecraft/Instances/Create_ Hell's Kitchen/mods}
[17:08:03] [main/INFO]: Found mod file athena-forge-1.20.1-3.1.2.jar of type MOD with provider {mods folder locator at /Users/ycar/Documents/curseforge/minecraft/Instances/Create_ Hell's Kitchen/mods}
[17:08:03] [main/INFO]: Found mod file AttributeFix-Forge-1.20.1-21.0.4.jar of type MOD with provider {mods folder locator at /Users/ycar/Documents/curseforge/minecraft/Instances/Create_ Hell's Kitchen/mods}
[17:08:03] [main/INFO]: Found mod file balm-forge-1.20.1-7.3.31-all.jar of type MOD with provider {mods folder locator at /Users/ycar/Documents/curseforge/minecraft/Instances/Create_ Hell's Kitchen/mods}
[17:08:03] [main/INFO]: Found mod file bellsandwhistles-0.4.5-1.20.x-Create6.0+.jar of type MOD with provider {mods folder locator at /Users/ycar/Documents/curseforge/minecraft/Instances/Create_ Hell's Kitchen/mods}
[17:08:03] [main/INFO]: Found mod file BetterF3-7.0.2-Forge-1.20.1.jar of type MOD with provider {mods folder locator at /Users/ycar/Documents/curseforge/minecraft/Instances/Create_ Hell's Kitchen/mods}
[17:08:03] [main/INFO]: Found mod file botarium-forge-1.20.1-2.3.4.jar of type MOD with provider {mods folder locator at /Users/ycar/Documents/curseforge/minecraft/Instances/Create_ Hell's Kitchen/mods}
[17:08:03] [main/INFO]: Found mod file Bountiful-6.0.4+1.20.1-forge.jar of type MOD with provider {mods folder locator at /Users/ycar/Documents/curseforge/minecraft/Instances/Create_ Hell's Kitchen/mods}
[17:08:03] [main/INFO]: Found mod file BridgingMod-2.5.1+1.20.1.forge-release.jar of type MOD with provider {mods folder locator at /Users/ycar/Documents/curseforge/minecraft/Instances/Create_ Hell's Kitchen/mods}
[17:08:03] [main/INFO]: Found mod file carryon-forge-1.20.1-2.1.2.7.jar of type MOD with provider {mods folder locator at /Users/ycar/Documents/curseforge/minecraft/Instances/Create_ Hell's Kitchen/mods}
[17:08:03] [main/INFO]: Found mod file cc-tweaked-1.20.1-forge-1.116.0.jar of type MOD with provider {mods folder locator at /Users/ycar/Documents/curseforge/minecraft/Instances/Create_ Hell's Kitchen/mods}
[17:08:03] [main/INFO]: Found mod file chat_heads-0.13.18-forge-1.20.jar of type MOD with provider {mods folder locator at /Users/ycar/Documents/curseforge/minecraft/Instances/Create_ Hell's Kitchen/mods}
[17:08:03] [main/INFO]: Found mod file chipped-forge-1.20.1-3.0.7.jar of type MOD with provider {mods folder locator at /Users/ycar/Documents/curseforge/minecraft/Instances/Create_ Hell's Kitchen/mods}
[17:08:03] [main/INFO]: Found mod file chloride-FORGE-mc1.20.1-v1.7.2.jar of type MOD with provider {mods folder locator at /Users/ycar/Documents/curseforge/minecraft/Instances/Create_ Hell's Kitchen/mods}
[17:08:03] [main/INFO]: Found mod file Chunky-1.3.146.jar of type MOD with provider {mods folder locator at /Users/ycar/Documents/curseforge/minecraft/Instances/Create_ Hell's Kitchen/mods}
[17:08:03] [main/INFO]: Found mod file citadel-2.6.2-1.20.1.jar of type MOD with provider {mods folder locator at /Users/ycar/Documents/curseforge/minecraft/Instances/Create_ Hell's Kitchen/mods}
[17:08:03] [main/INFO]: Found mod file clienttweaks-forge-1.20.1-11.1.3.jar of type MOD with provider {mods folder locator at /Users/ycar/Documents/curseforge/minecraft/Instances/Create_ Hell's Kitchen/mods}
[17:08:03] [main/INFO]: Found mod file cloth-config-11.1.136-forge.jar of type MOD with provider {mods folder locator at /Users/ycar/Documents/curseforge/minecraft/Instances/Create_ Hell's Kitchen/mods}
[17:08:03] [main/INFO]: Found mod file collective-1.20.1-8.3.jar of type MOD with provider {mods folder locator at /Users/ycar/Documents/curseforge/minecraft/Instances/Create_ Hell's Kitchen/mods}
[17:08:03] [main/INFO]: Found mod file comforts-forge-6.4.0+1.20.1.jar of type MOD with provider {mods folder locator at /Users/ycar/Documents/curseforge/minecraft/Instances/Create_ Hell's Kitchen/mods}
[17:08:03] [main/INFO]: Found mod file constructionwand-1.20.1-2.11.jar of type MOD with provider {mods folder locator at /Users/ycar/Documents/curseforge/minecraft/Instances/Create_ Hell's Kitchen/mods}
[17:08:03] [main/INFO]: Found mod file Controlling-forge-1.20.1-12.0.2.jar of type MOD with provider {mods folder locator at /Users/ycar/Documents/curseforge/minecraft/Instances/Create_ Hell's Kitchen/mods}
[17:08:03] [main/INFO]: Found mod file copycats-3.0.2+mc.1.20.1-forge.jar of type MOD with provider {mods folder locator at /Users/ycar/Documents/curseforge/minecraft/Instances/Create_ Hell's Kitchen/mods}
[17:08:03] [main/INFO]: Found mod file corn_delight-1.1.8-1.20.1.jar of type MOD with provider {mods folder locator at /Users/ycar/Documents/curseforge/minecraft/Instances/Create_ Hell's Kitchen/mods}
[17:08:03] [main/INFO]: Found mod file coroutil-forge-1.20.1-1.3.7.jar of type MOD with provider {mods folder locator at /Users/ycar/Documents/curseforge/minecraft/Instances/Create_ Hell's Kitchen/mods}
[17:08:03] [main/INFO]: Found mod file cosmeticarmorreworked-1.20.1-v1a.jar of type MOD with provider {mods folder locator at /Users/ycar/Documents/curseforge/minecraft/Instances/Create_ Hell's Kitchen/mods}
[17:08:03] [main/INFO]: Found mod file craftingtweaks-forge-1.20.1-18.2.5.jar of type MOD with provider {mods folder locator at /Users/ycar/Documents/curseforge/minecraft/Instances/Create_ Hell's Kitchen/mods}
[17:08:03] [main/INFO]: Found mod file crawlondemand-1.20.x-1.0.0.jar of type MOD with provider {mods folder locator at /Users/ycar/Documents/curseforge/minecraft/Instances/Create_ Hell's Kitchen/mods}
[17:08:03] [main/INFO]: Found mod file Create Encased-1.20.1-1.7.2.jar of type MOD with provider {mods folder locator at /Users/ycar/Documents/curseforge/minecraft/Instances/Create_ Hell's Kitchen/mods}
[17:08:03] [main/INFO]: Found mod file create-1.20.1-6.0.6.jar of type MOD with provider {mods folder locator at /Users/ycar/Documents/curseforge/minecraft/Instances/Create_ Hell's Kitchen/mods}
[17:08:03] [main/INFO]: Found mod file create-compat-betterend-betternether-1.1.jar of type MOD with provider {mods folder locator at /Users/ycar/Documents/curseforge/minecraft/Instances/Create_ Hell's Kitchen/mods}
[17:08:03] [main/INFO]: Found mod file create-food-1.20.1-1.1.11-forge.jar of type MOD with provider {mods folder locator at /Users/ycar/Documents/curseforge/minecraft/Instances/Create_ Hell's Kitchen/mods}
[17:08:03] [main/INFO]: Found mod file create-new-age-forge-1.20.1-1.1.4.jar of type MOD with provider {mods folder locator at /Users/ycar/Documents/curseforge/minecraft/Instances/Create_ Hell's Kitchen/mods}
[17:08:03] [main/INFO]: Found mod file create_central_kitchen-1.20.1-for-create-6.0.4-1.4.1.jar of type MOD with provider {mods folder locator at /Users/ycar/Documents/curseforge/minecraft/Instances/Create_ Hell's Kitchen/mods}
[17:08:03] [main/INFO]: Found mod file create_connected-1.1.7-mc1.20.1-all.jar of type MOD with provider {mods folder locator at /Users/ycar/Documents/curseforge/minecraft/Instances/Create_ Hell's Kitchen/mods}
[17:08:03] [main/INFO]: Found mod file create_enchantment_industry-1.3.3-for-create-6.0.6.jar of type MOD with provider {mods folder locator at /Users/ycar/Documents/curseforge/minecraft/Instances/Create_ Hell's Kitchen/mods}
[17:08:03] [main/INFO]: Found mod file create_oxidized-0.1.2.jar of type MOD with provider {mods folder locator at /Users/ycar/Documents/curseforge/minecraft/Instances/Create_ Hell's Kitchen/mods}
[17:08:03] [main/INFO]: Found mod file create_recycle_1.0.2_forge_1.20.1.jar of type MOD with provider {mods folder locator at /Users/ycar/Documents/curseforge/minecraft/Instances/Create_ Hell's Kitchen/mods}
[17:08:03] [main/INFO]: Found mod file createaddition-1.20.1-1.3.1.jar of type MOD with provider {mods folder locator at /Users/ycar/Documents/curseforge/minecraft/Instances/Create_ Hell's Kitchen/mods}
[17:08:03] [main/INFO]: Found mod file createcclogistics-1.20.1-forge-0.3.7.jar of type MOD with provider {mods folder locator at /Users/ycar/Documents/curseforge/minecraft/Instances/Create_ Hell's Kitchen/mods}
[17:08:03] [main/INFO]: Found mod file createcobblestone-1.4.5+forge-1.20.1-106.jar of type MOD with provider {mods folder locator at /Users/ycar/Documents/curseforge/minecraft/Instances/Create_ Hell's Kitchen/mods}
[17:08:03] [main/INFO]: Found mod file createdeco-2.0.3-1.20.1-forge.jar of type MOD with provider {mods folder locator at /Users/ycar/Documents/curseforge/minecraft/Instances/Create_ Hell's Kitchen/mods}
[17:08:03] [main/INFO]: Found mod file CreateNumismatics-1.0.15+forge-mc1.20.1.jar of type MOD with provider {mods folder locator at /Users/ycar/Documents/curseforge/minecraft/Instances/Create_ Hell's Kitchen/mods}
[17:08:03] [main/INFO]: Found mod file createrailwaysnavigator-forge-1.20.1-beta-0.8.4-C6.jar of type MOD with provider {mods folder locator at /Users/ycar/Documents/curseforge/minecraft/Instances/Create_ Hell's Kitchen/mods}
[17:08:03] [main/INFO]: Found mod file CreativeCore_FORGE_v2.12.32_mc1.20.1.jar of type MOD with provider {mods folder locator at /Users/ycar/Documents/curseforge/minecraft/Instances/Create_ Hell's Kitchen/mods}
[17:08:03] [main/INFO]: Found mod file cristellib-1.1.6-forge.jar of type MOD with provider {mods folder locator at /Users/ycar/Documents/curseforge/minecraft/Instances/Create_ Hell's Kitchen/mods}
[17:08:03] [main/INFO]: Found mod file cullleaves-forge-3.2.0.jar of type MOD with provider {mods folder locator at /Users/ycar/Documents/curseforge/minecraft/Instances/Create_ Hell's Kitchen/mods}
[17:08:03] [main/INFO]: Found mod file curios-forge-5.14.1+1.20.1.jar of type MOD with provider {mods folder locator at /Users/ycar/Documents/curseforge/minecraft/Instances/Create_ Hell's Kitchen/mods}
[17:08:03] [main/INFO]: Found mod file cwb-forge-3.0.0+mc1.20.jar of type MOD with provider {mods folder locator at /Users/ycar/Documents/curseforge/minecraft/Instances/Create_ Hell's Kitchen/mods}
[17:08:03] [main/INFO]: Found mod file Delightful-1.20.1-3.7.3.jar of type MOD with provider {mods folder locator at /Users/ycar/Documents/curseforge/minecraft/Instances/Create_ Hell's Kitchen/mods}
[17:08:03] [main/INFO]: Found mod file delightfulburgers-1.20.1.jar of type MOD with provider {mods folder locator at /Users/ycar/Documents/curseforge/minecraft/Instances/Create_ Hell's Kitchen/mods}
[17:08:03] [main/INFO]: Found mod file delightfulcreators-1.2.jar of type MOD with provider {mods folder locator at /Users/ycar/Documents/curseforge/minecraft/Instances/Create_ Hell's Kitchen/mods}
[17:08:03] [main/INFO]: Found mod file delightfulsandwich-1.20.1.jar of type MOD with provider {mods folder locator at /Users/ycar/Documents/curseforge/minecraft/Instances/Create_ Hell's Kitchen/mods}
[17:08:03] [main/INFO]: Found mod file DiagonalFences-v8.1.5-1.20.1-Forge.jar of type MOD with provider {mods folder locator at /Users/ycar/Documents/curseforge/minecraft/Instances/Create_ Hell's Kitchen/mods}
[17:08:03] [main/INFO]: Found mod file distraction_free_recipes-forge-1.2.1-1.20.1.jar of type MOD with provider {mods folder locator at /Users/ycar/Documents/curseforge/minecraft/Instances/Create_ Hell's Kitchen/mods}
[17:08:03] [main/INFO]: Found mod file do_a_barrel_roll-forge-3.5.6+1.20.1.jar of type MOD with provider {mods folder locator at /Users/ycar/Documents/curseforge/minecraft/Instances/Create_ Hell's Kitchen/mods}
[17:08:03] [main/INFO]: Found mod file doubledoors-1.20.1-7.0.jar of type MOD with provider {mods folder locator at /Users/ycar/Documents/curseforge/minecraft/Instances/Create_ Hell's Kitchen/mods}
[17:08:03] [main/INFO]: Found mod file Drip Sounds-0.5.1+1.20.4-Forge.jar of type MOD with provider {mods folder locator at /Users/ycar/Documents/curseforge/minecraft/Instances/Create_ Hell's Kitchen/mods}
[17:08:03] [main/INFO]: Found mod file dynamic-fps-3.9.5+minecraft-1.20.0-forge.jar of type MOD with provider {mods folder locator at /Users/ycar/Documents/curseforge/minecraft/Instances/Create_ Hell's Kitchen/mods}
[17:08:03] [main/INFO]: Found mod file EasyAnvils-v8.0.2-1.20.1-Forge.jar of type MOD with provider {mods folder locator at /Users/ycar/Documents/curseforge/minecraft/Instances/Create_ Hell's Kitchen/mods}
[17:08:03] [main/INFO]: Found mod file embeddium-0.3.31+mc1.20.1.jar of type MOD with provider {mods folder locator at /Users/ycar/Documents/curseforge/minecraft/Instances/Create_ Hell's Kitchen/mods}
[17:08:03] [main/INFO]: Found mod file emi-1.1.22+1.20.1+forge.jar of type MOD with provider {mods folder locator at /Users/ycar/Documents/curseforge/minecraft/Instances/Create_ Hell's Kitchen/mods}
[17:08:03] [main/INFO]: Found mod file emi_enchanting-0.1.2+1.20.1+forge.jar of type MOD with provider {mods folder locator at /Users/ycar/Documents/curseforge/minecraft/Instances/Create_ Hell's Kitchen/mods}
[17:08:03] [main/INFO]: Found mod file emitrades-forge-1.2.1+mc1.20.1.jar of type MOD with provider {mods folder locator at /Users/ycar/Documents/curseforge/minecraft/Instances/Create_ Hell's Kitchen/mods}
[17:08:03] [main/INFO]: Found mod file ends_delight-2.5.1+forge.1.20.1.jar of type MOD with provider {mods folder locator at /Users/ycar/Documents/curseforge/minecraft/Instances/Create_ Hell's Kitchen/mods}
[17:08:03] [main/INFO]: Found mod file entity_model_features_forge_1.20.1-2.4.1.jar of type MOD with provider {mods folder locator at /Users/ycar/Documents/curseforge/minecraft/Instances/Create_ Hell's Kitchen/mods}
[17:08:03] [main/INFO]: Found mod file entity_texture_features_forge_1.20.1-6.2.9.jar of type MOD with provider {mods folder locator at /Users/ycar/Documents/curseforge/minecraft/Instances/Create_ Hell's Kitchen/mods}
[17:08:03] [main/INFO]: Found mod file entityculling-forge-1.8.1-mc1.20.1.jar of type MOD with provider {mods folder locator at /Users/ycar/Documents/curseforge/minecraft/Instances/Create_ Hell's Kitchen/mods}
[17:08:03] [main/INFO]: Found mod file escalated-1.1.0+create.6.0.6-mc.1.20.1-forge.jar of type MOD with provider {mods folder locator at /Users/ycar/Documents/curseforge/minecraft/Instances/Create_ Hell's Kitchen/mods}
[17:08:03] [main/INFO]: Found mod file expanded_ecosphere-3.2.4-forge.jar of type MOD with provider {mods folder locator at /Users/ycar/Documents/curseforge/minecraft/Instances/Create_ Hell's Kitchen/mods}
[17:08:03] [main/INFO]: Found mod file ExtraLib-1.7.2-1.20.1-Forge.jar of type MOD with provider {mods folder locator at /Users/ycar/Documents/curseforge/minecraft/Instances/Create_ Hell's Kitchen/mods}
[17:08:03] [main/INFO]: Found mod file ExtraQuests-1.5.3-1.20.1-Forge.jar of type MOD with provider {mods folder locator at /Users/ycar/Documents/curseforge/minecraft/Instances/Create_ Hell's Kitchen/mods}
[17:08:03] [main/INFO]: Found mod file ExtremeSoundMuffler-3.49.1-forge-1.20.1.jar of type MOD with provider {mods folder locator at /Users/ycar/Documents/curseforge/minecraft/Instances/Create_ Hell's Kitchen/mods}
[17:08:03] [main/INFO]: Found mod file fabric-api-0.92.2+1.11.12+1.20.1.jar of type MOD with provider {mods folder locator at /Users/ycar/Documents/curseforge/minecraft/Instances/Create_ Hell's Kitchen/mods}
[17:08:03] [main/INFO]: Found mod file FarmersDelight-1.20.1-1.2.8.jar of type MOD with provider {mods folder locator at /Users/ycar/Documents/curseforge/minecraft/Instances/Create_ Hell's Kitchen/mods}
[17:08:03] [main/INFO]: Found mod file Fastload-Reforged-mc1.20.1-3.4.0.jar of type MOD with provider {mods folder locator at /Users/ycar/Documents/curseforge/minecraft/Instances/Create_ Hell's Kitchen/mods}
[17:08:03] [main/INFO]: Found mod file ferritecore-6.0.1-forge.jar of type MOD with provider {mods folder locator at /Users/ycar/Documents/curseforge/minecraft/Instances/Create_ Hell's Kitchen/mods}
[17:08:03] [main/INFO]: Found mod file FramedBlocks-9.4.1.jar of type MOD with provider {mods folder locator at /Users/ycar/Documents/curseforge/minecraft/Instances/Create_ Hell's Kitchen/mods}
[17:08:03] [main/INFO]: Found mod file ftb-filter-system-forge-20.0.1.jar of type MOD with provider {mods folder locator at /Users/ycar/Documents/curseforge/minecraft/Instances/Create_ Hell's Kitchen/mods}
[17:08:03] [main/INFO]: Found mod file ftb-library-forge-2001.2.9.jar of type MOD with provider {mods folder locator at /Users/ycar/Documents/curseforge/minecraft/Instances/Create_ Hell's Kitchen/mods}
[17:08:03] [main/INFO]: Found mod file ftb-quests-forge-2001.4.13.jar of type MOD with provider {mods folder locator at /Users/ycar/Documents/curseforge/minecraft/Instances/Create_ Hell's Kitchen/mods}
[17:08:03] [main/INFO]: Found mod file ftb-teams-forge-2001.3.1.jar of type MOD with provider {mods folder locator at /Users/ycar/Documents/curseforge/minecraft/Instances/Create_ Hell's Kitchen/mods}
[17:08:03] [main/INFO]: Found mod file ftb-xmod-compat-forge-2.1.3.jar of type MOD with provider {mods folder locator at /Users/ycar/Documents/curseforge/minecraft/Instances/Create_ Hell's Kitchen/mods}
[17:08:03] [main/INFO]: Found mod file FTB_PlaceHolders-1.0.6a.jar of type MOD with provider {mods folder locator at /Users/ycar/Documents/curseforge/minecraft/Instances/Create_ Hell's Kitchen/mods}
[17:08:03] [main/INFO]: Found mod file geckolib-forge-1.20.1-4.7.2.jar of type MOD with provider {mods folder locator at /Users/ycar/Documents/curseforge/minecraft/Instances/Create_ Hell's Kitchen/mods}
[17:08:03] [main/INFO]: Found mod file guardvillagers-1.20.1-1.6.10.jar of type MOD with provider {mods folder locator at /Users/ycar/Documents/curseforge/minecraft/Instances/Create_ Hell's Kitchen/mods}
[17:08:03] [main/INFO]: Found mod file handcrafted-forge-1.20.1-3.0.6.jar of type MOD with provider {mods folder locator at /Users/ycar/Documents/curseforge/minecraft/Instances/Create_ Hell's Kitchen/mods}
[17:08:03] [main/INFO]: Found mod file Highlighter-1.20.1-forge-1.1.9.jar of type MOD with provider {mods folder locator at /Users/ycar/Documents/curseforge/minecraft/Instances/Create_ Hell's Kitchen/mods}
[17:08:03] [main/INFO]: Found mod file Iceberg-1.20.1-forge-1.1.25.jar of type MOD with provider {mods folder locator at /Users/ycar/Documents/curseforge/minecraft/Instances/Create_ Hell's Kitchen/mods}
[17:08:03] [main/INFO]: Found mod file ImmediatelyFast-Forge-1.5.1+1.20.4.jar of type MOD with provider {mods folder locator at /Users/ycar/Documents/curseforge/minecraft/Instances/Create_ Hell's Kitchen/mods}
[17:08:03] [main/INFO]: Found mod file immersive_aircraft-1.2.2+1.20.1-forge.jar of type MOD with provider {mods folder locator at /Users/ycar/Documents/curseforge/minecraft/Instances/Create_ Hell's Kitchen/mods}
[17:08:03] [main/INFO]: Found mod file immersive_paintings-0.6.7+1.20.1-forge.jar of type MOD with provider {mods folder locator at /Users/ycar/Documents/curseforge/minecraft/Instances/Create_ Hell's Kitchen/mods}
[17:08:03] [main/INFO]: Found mod file interiors-0.5.6+forge-mc1.20.1-local.jar of type MOD with provider {mods folder locator at /Users/ycar/Documents/curseforge/minecraft/Instances/Create_ Hell's Kitchen/mods}
[17:08:03] [main/INFO]: Found mod file InventoryProfilesNext-forge-1.20-1.10.14.jar of type MOD with provider {mods folder locator at /Users/ycar/Documents/curseforge/minecraft/Instances/Create_ Hell's Kitchen/mods}
[17:08:03] [main/INFO]: Found mod file item-filters-forge-2001.1.0-build.59.jar of type MOD with provider {mods folder locator at /Users/ycar/Documents/curseforge/minecraft/Instances/Create_ Hell's Kitchen/mods}
[17:08:03] [main/INFO]: Found mod file Jade-1.20.1-Forge-11.13.1.jar of type MOD with provider {mods folder locator at /Users/ycar/Documents/curseforge/minecraft/Instances/Create_ Hell's Kitchen/mods}
[17:08:03] [main/INFO]: Found mod file JadeAddons-1.20.1-Forge-5.5.0.jar of type MOD with provider {mods folder locator at /Users/ycar/Documents/curseforge/minecraft/Instances/Create_ Hell's Kitchen/mods}
[17:08:03] [main/INFO]: Found mod file jamlib-forge-1.3.5+1.20.1.jar of type MOD with provider {mods folder locator at /Users/ycar/Documents/curseforge/minecraft/Instances/Create_ Hell's Kitchen/mods}
[17:08:03] [main/INFO]: Found mod file jei-1.20.1-forge-15.20.0.112.jar of type MOD with provider {mods folder locator at /Users/ycar/Documents/curseforge/minecraft/Instances/Create_ Hell's Kitchen/mods}
[17:08:03] [main/INFO]: Found mod file Kambrik-6.1.1+1.20.1-forge.jar of type MOD with provider {mods folder locator at /Users/ycar/Documents/curseforge/minecraft/Instances/Create_ Hell's Kitchen/mods}
[17:08:03] [main/INFO]: Found mod file kotlinforforge-4.11.0-all.jar of type LIBRARY with provider {mods folder locator at /Users/ycar/Documents/curseforge/minecraft/Instances/Create_ Hell's Kitchen/mods}
[17:08:03] [main/INFO]: Found mod file kubejs-create-forge-2001.3.0-build.8.jar of type MOD with provider {mods folder locator at /Users/ycar/Documents/curseforge/minecraft/Instances/Create_ Hell's Kitchen/mods}
[17:08:03] [main/INFO]: Found mod file kubejs-forge-2001.6.5-build.16.jar of type MOD with provider {mods folder locator at /Users/ycar/Documents/curseforge/minecraft/Instances/Create_ Hell's Kitchen/mods}
[17:08:03] [main/INFO]: Found mod file kubejsoffline-5.0.5.jar of type MOD with provider {mods folder locator at /Users/ycar/Documents/curseforge/minecraft/Instances/Create_ Hell's Kitchen/mods}
[17:08:03] [main/INFO]: Found mod file LeavesBeGone-v8.0.0-1.20.1-Forge.jar of type MOD with provider {mods folder locator at /Users/ycar/Documents/curseforge/minecraft/Instances/Create_ Hell's Kitchen/mods}
[17:08:03] [main/INFO]: Found mod file lemoned-1.0.1-1.20.jar of type MOD with provider {mods folder locator at /Users/ycar/Documents/curseforge/minecraft/Instances/Create_ Hell's Kitchen/mods}
[17:08:03] [main/INFO]: Found mod file letsdo-API-forge-1.2.15-forge.jar of type MOD with provider {mods folder locator at /Users/ycar/Documents/curseforge/minecraft/Instances/Create_ Hell's Kitchen/mods}
[17:08:03] [main/INFO]: Found mod file letsdo-bakery-forge-1.1.15.jar of type MOD with provider {mods folder locator at /Users/ycar/Documents/curseforge/minecraft/Instances/Create_ Hell's Kitchen/mods}
[17:08:03] [main/INFO]: Found mod file letsdo-bloomingnature-forge-1.0.12.jar of type MOD with provider {mods folder locator at /Users/ycar/Documents/curseforge/minecraft/Instances/Create_ Hell's Kitchen/mods}
[17:08:03] [main/INFO]: Found mod file letsdo-brewery-forge-1.1.9.jar of type MOD with provider {mods folder locator at /Users/ycar/Documents/curseforge/minecraft/Instances/Create_ Hell's Kitchen/mods}
[17:08:03] [main/INFO]: Found mod file letsdo-candlelight-forge-1.2.13.jar of type MOD with provider {mods folder locator at /Users/ycar/Documents/curseforge/minecraft/Instances/Create_ Hell's Kitchen/mods}
[17:08:03] [main/INFO]: Found mod file letsdo-furniture-forge-1.0.4.jar of type MOD with provider {mods folder locator at /Users/ycar/Documents/curseforge/minecraft/Instances/Create_ Hell's Kitchen/mods}
[17:08:03] [main/INFO]: Found mod file letsdo-herbalbrews-forge-1.0.12.jar of type MOD with provider {mods folder locator at /Users/ycar/Documents/curseforge/minecraft/Instances/Create_ Hell's Kitchen/mods}
[17:08:03] [main/INFO]: Found mod file letsdo-meadow-forge-1.3.25.jar of type MOD with provider {mods folder locator at /Users/ycar/Documents/curseforge/minecraft/Instances/Create_ Hell's Kitchen/mods}
[17:08:03] [main/INFO]: Found mod file letsdo-nethervinery-forge-1.2.17.jar of type MOD with provider {mods folder locator at /Users/ycar/Documents/curseforge/minecraft/Instances/Create_ Hell's Kitchen/mods}
[17:08:03] [main/INFO]: Found mod file letsdo-vinery-forge-1.4.39.jar of type MOD with provider {mods folder locator at /Users/ycar/Documents/curseforge/minecraft/Instances/Create_ Hell's Kitchen/mods}
[17:08:03] [main/INFO]: Found mod file libIPN-forge-1.20-4.0.2.jar of type MOD with provider {mods folder locator at /Users/ycar/Documents/curseforge/minecraft/Instances/Create_ Hell's Kitchen/mods}
[17:08:03] [main/INFO]: Found mod file lithosphere-1.5.jar of type MOD with provider {mods folder locator at /Users/ycar/Documents/curseforge/minecraft/Instances/Create_ Hell's Kitchen/mods}
[17:08:03] [main/INFO]: Found mod file lithostitched-forge-1.20.1-1.4.8.jar of type MOD with provider {mods folder locator at /Users/ycar/Documents/curseforge/minecraft/Instances/Create_ Hell's Kitchen/mods}
[17:08:03] [main/INFO]: Found mod file lootr-forge-1.20-0.7.35.90.jar of type MOD with provider {mods folder locator at /Users/ycar/Documents/curseforge/minecraft/Instances/Create_ Hell's Kitchen/mods}
[17:08:03] [main/INFO]: Found mod file MagnumTorch-v8.0.2-1.20.1-Forge.jar of type MOD with provider {mods folder locator at /Users/ycar/Documents/curseforge/minecraft/Instances/Create_ Hell's Kitchen/mods}
[17:08:03] [main/INFO]: Found mod file mcw-bridges-3.1.0-mc1.20.1forge.jar of type MOD with provider {mods folder locator at /Users/ycar/Documents/curseforge/minecraft/Instances/Create_ Hell's Kitchen/mods}
[17:08:03] [main/INFO]: Found mod file mcw-doors-1.1.2-mc1.20.1forge.jar of type MOD with provider {mods folder locator at /Users/ycar/Documents/curseforge/minecraft/Instances/Create_ Hell's Kitchen/mods}
[17:08:03] [main/INFO]: Found mod file mcw-fences-1.2.0-1.20.1forge.jar of type MOD with provider {mods folder locator at /Users/ycar/Documents/curseforge/minecraft/Instances/Create_ Hell's Kitchen/mods}
[17:08:03] [main/INFO]: Found mod file mcw-furniture-3.3.0-mc1.20.1forge.jar of type MOD with provider {mods folder locator at /Users/ycar/Documents/curseforge/minecraft/Instances/Create_ Hell's Kitchen/mods}
[17:08:03] [main/INFO]: Found mod file mcw-lights-1.1.2-mc1.20.1forge.jar of type MOD with provider {mods folder locator at /Users/ycar/Documents/curseforge/minecraft/Instances/Create_ Hell's Kitchen/mods}
[17:08:03] [main/INFO]: Found mod file mcw-paths-1.1.0forge-mc1.20.1.jar of type MOD with provider {mods folder locator at /Users/ycar/Documents/curseforge/minecraft/Instances/Create_ Hell's Kitchen/mods}
[17:08:03] [main/INFO]: Found mod file mcw-roofs-2.3.2-mc1.20.1forge.jar of type MOD with provider {mods folder locator at /Users/ycar/Documents/curseforge/minecraft/Instances/Create_ Hell's Kitchen/mods}
[17:08:03] [main/INFO]: Found mod file mcw-trapdoors-1.1.4-mc1.20.1forge.jar of type MOD with provider {mods folder locator at /Users/ycar/Documents/curseforge/minecraft/Instances/Create_ Hell's Kitchen/mods}
[17:08:03] [main/INFO]: Found mod file mcw-windows-2.3.0-mc1.20.1forge.jar of type MOD with provider {mods folder locator at /Users/ycar/Documents/curseforge/minecraft/Instances/Create_ Hell's Kitchen/mods}
[17:08:03] [main/INFO]: Found mod file memoryleakfix-forge-1.17+-1.1.5.jar of type MOD with provider {mods folder locator at /Users/ycar/Documents/curseforge/minecraft/Instances/Create_ Hell's Kitchen/mods}
[17:08:03] [main/INFO]: Found mod file midnightlib-forge-1.4.2.jar of type MOD with provider {mods folder locator at /Users/ycar/Documents/curseforge/minecraft/Instances/Create_ Hell's Kitchen/mods}
[17:08:03] [main/INFO]: Found mod file miners_delight-1.20.1-1.2.3.jar of type MOD with provider {mods folder locator at /Users/ycar/Documents/curseforge/minecraft/Instances/Create_ Hell's Kitchen/mods}
[17:08:03] [main/INFO]: Found mod file modelfix-1.15.jar of type MOD with provider {mods folder locator at /Users/ycar/Documents/curseforge/minecraft/Instances/Create_ Hell's Kitchen/mods}
[17:08:03] [main/INFO]: Found mod file modernfix-forge-5.24.1+mc1.20.1.jar of type MOD with provider {mods folder locator at /Users/ycar/Documents/curseforge/minecraft/Instances/Create_ Hell's Kitchen/mods}
[17:08:03] [main/INFO]: Found mod file molten_metals-1.20.1-0.1.4-forge.jar of type MOD with provider {mods folder locator at /Users/ycar/Documents/curseforge/minecraft/Instances/Create_ Hell's Kitchen/mods}
[17:08:03] [main/INFO]: Found mod file moonlight-1.20-2.14.13-forge.jar of type MOD with provider {mods folder locator at /Users/ycar/Documents/curseforge/minecraft/Instances/Create_ Hell's Kitchen/mods}
[17:08:03] [main/INFO]: Found mod file morejs-forge-1.20.1-0.10.1.jar of type MOD with provider {mods folder locator at /Users/ycar/Documents/curseforge/minecraft/Instances/Create_ Hell's Kitchen/mods}
[17:08:03] [main/INFO]: Found mod file moremobvariants-forge+1.20.1-1.3.0.1.jar of type MOD with provider {mods folder locator at /Users/ycar/Documents/curseforge/minecraft/Instances/Create_ Hell's Kitchen/mods}
[17:08:03] [main/INFO]: Found mod file moreoverlays-1.22.7-mc1.20.2.jar of type MOD with provider {mods folder locator at /Users/ycar/Documents/curseforge/minecraft/Instances/Create_ Hell's Kitchen/mods}
[17:08:03] [main/INFO]: Found mod file morevillagers-forge-1.20.1-5.0.0.jar of type MOD with provider {mods folder locator at /Users/ycar/Documents/curseforge/minecraft/Instances/Create_ Hell's Kitchen/mods}
[17:08:03] [main/INFO]: Found mod file MouseTweaks-forge-mc1.20.1-2.25.1.jar of type MOD with provider {mods folder locator at /Users/ycar/Documents/curseforge/minecraft/Instances/Create_ Hell's Kitchen/mods}
[17:08:03] [main/INFO]: Found mod file MRU-1.0.4+1.20.1+forge.jar of type MOD with provider {mods folder locator at /Users/ycar/Documents/curseforge/minecraft/Instances/Create_ Hell's Kitchen/mods}
[17:08:03] [main/INFO]: Found mod file mysterious_mountain_lib-1.5.22-1.20.1.jar of type MOD with provider {mods folder locator at /Users/ycar/Documents/curseforge/minecraft/Instances/Create_ Hell's Kitchen/mods}
[17:08:03] [main/INFO]: Found mod file Necronomicon-Forge-1.6.0+1.20.1.jar of type MOD with provider {mods folder locator at /Users/ycar/Documents/curseforge/minecraft/Instances/Create_ Hell's Kitchen/mods}
[17:08:03] [main/INFO]: Found mod file netherportalfix-forge-1.20-13.0.1.jar of type MOD with provider {mods folder locator at /Users/ycar/Documents/curseforge/minecraft/Instances/Create_ Hell's Kitchen/mods}
[17:08:03] [main/INFO]: Found mod file nethersdelight-1.20.1-4.0.jar of type MOD with provider {mods folder locator at /Users/ycar/Documents/curseforge/minecraft/Instances/Create_ Hell's Kitchen/mods}
[17:08:03] [main/INFO]: Found mod file noisium-forge-2.3.0+mc1.20-1.20.1.jar of type MOD with provider {mods folder locator at /Users/ycar/Documents/curseforge/minecraft/Instances/Create_ Hell's Kitchen/mods}
[17:08:03] [main/INFO]: Found mod file notenoughanimations-forge-1.9.3-mc1.20.1.jar of type MOD with provider {mods folder locator at /Users/ycar/Documents/curseforge/minecraft/Instances/Create_ Hell's Kitchen/mods}
[17:08:03] [main/INFO]: Found mod file observable-4.4.2.jar of type MOD with provider {mods folder locator at /Users/ycar/Documents/curseforge/minecraft/Instances/Create_ Hell's Kitchen/mods}
[17:08:03] [main/INFO]: Found mod file oceansdelight-1.0.2-1.20.jar of type MOD with provider {mods folder locator at /Users/ycar/Documents/curseforge/minecraft/Instances/Create_ Hell's Kitchen/mods}
[17:08:03] [main/INFO]: Found mod file oculus-mc1.20.1-1.8.0.jar of type MOD with provider {mods folder locator at /Users/ycar/Documents/curseforge/minecraft/Instances/Create_ Hell's Kitchen/mods}
[17:08:03] [main/INFO]: Found mod file packetfixer-3.1.2-1.18-1.20.4-merged.jar of type MOD with provider {mods folder locator at /Users/ycar/Documents/curseforge/minecraft/Instances/Create_ Hell's Kitchen/mods}
[17:08:03] [main/INFO]: Found mod file pamhc2foodcore-1.20.4-1.0.5.jar of type MOD with provider {mods folder locator at /Users/ycar/Documents/curseforge/minecraft/Instances/Create_ Hell's Kitchen/mods}
[17:08:03] [main/INFO]: Found mod file pamhc2foodextended-1.20.4-1.0.1.jar of type MOD with provider {mods folder locator at /Users/ycar/Documents/curseforge/minecraft/Instances/Create_ Hell's Kitchen/mods}
[17:08:03] [main/INFO]: Found mod file pattern_schematics-1.2.3+forge-1.20.1.jar of type MOD with provider {mods folder locator at /Users/ycar/Documents/curseforge/minecraft/Instances/Create_ Hell's Kitchen/mods}
[17:08:03] [main/INFO]: Found mod file polymorph-forge-0.49.10+1.20.1.jar of type MOD with provider {mods folder locator at /Users/ycar/Documents/curseforge/minecraft/Instances/Create_ Hell's Kitchen/mods}
[17:08:03] [main/INFO]: Found mod file probejs-7.0.0-forge.jar of type MOD with provider {mods folder locator at /Users/ycar/Documents/curseforge/minecraft/Instances/Create_ Hell's Kitchen/mods}
[17:08:03] [main/INFO]: Found mod file PuzzlesLib-v8.1.32-1.20.1-Forge.jar of type MOD with provider {mods folder locator at /Users/ycar/Documents/curseforge/minecraft/Instances/Create_ Hell's Kitchen/mods}
[17:08:03] [main/INFO]: Found mod file resourcefulconfig-forge-1.20.1-2.1.3.jar of type MOD with provider {mods folder locator at /Users/ycar/Documents/curseforge/minecraft/Instances/Create_ Hell's Kitchen/mods}
[17:08:03] [main/INFO]: Found mod file resourcefullib-forge-1.20.1-2.1.29.jar of type MOD with provider {mods folder locator at /Users/ycar/Documents/curseforge/minecraft/Instances/Create_ Hell's Kitchen/mods}
[17:08:03] [main/INFO]: Found mod file rhino-forge-2001.2.3-build.10.jar of type MOD with provider {mods folder locator at /Users/ycar/Documents/curseforge/minecraft/Instances/Create_ Hell's Kitchen/mods}
[17:08:03] [main/INFO]: Found mod file rightclickharvest-forge-4.5.3+1.20.1.jar of type MOD with provider {mods folder locator at /Users/ycar/Documents/curseforge/minecraft/Instances/Create_ Hell's Kitchen/mods}
[17:08:03] [main/INFO]: Found mod file Searchables-forge-1.20.1-1.0.3.jar of type MOD with provider {mods folder locator at /Users/ycar/Documents/curseforge/minecraft/Instances/Create_ Hell's Kitchen/mods}
[17:08:03] [main/INFO]: Found mod file SimpleBackups-1.20.1-3.1.12.jar of type MOD with provider {mods folder locator at /Users/ycar/Documents/curseforge/minecraft/Instances/Create_ Hell's Kitchen/mods}
[17:08:03] [main/INFO]: Found mod file sliceanddice-forge-3.4.1.jar of type MOD with provider {mods folder locator at /Users/ycar/Documents/curseforge/minecraft/Instances/Create_ Hell's Kitchen/mods}
[17:08:03] [main/INFO]: Found mod file sodiumdynamiclights-forge-1.0.10-1.20.1.jar of type MOD with provider {mods folder locator at /Users/ycar/Documents/curseforge/minecraft/Instances/Create_ Hell's Kitchen/mods}
[17:08:03] [main/INFO]: Found mod file sodiumoptionsapi-forge-1.0.10-1.20.1.jar of type MOD with provider {mods folder locator at /Users/ycar/Documents/curseforge/minecraft/Instances/Create_ Hell's Kitchen/mods}
[17:08:03] [main/INFO]: Found mod file sound-physics-remastered-forge-1.20.1-1.4.13.jar of type MOD with provider {mods folder locator at /Users/ycar/Documents/curseforge/minecraft/Instances/Create_ Hell's Kitchen/mods}
[17:08:03] [main/INFO]: Found mod file Sounds-2.2.1+1.20.1+forge.jar of type MOD with provider {mods folder locator at /Users/ycar/Documents/curseforge/minecraft/Instances/Create_ Hell's Kitchen/mods}
[17:08:03] [main/INFO]: Found mod file spacecatcustomprofessions-forge-20.4.0.jar of type MOD with provider {mods folder locator at /Users/ycar/Documents/curseforge/minecraft/Instances/Create_ Hell's Kitchen/mods}
[17:08:03] [main/INFO]: Found mod file spark-1.10.53-forge.jar of type MOD with provider {mods folder locator at /Users/ycar/Documents/curseforge/minecraft/Instances/Create_ Hell's Kitchen/mods}
[17:08:03] [main/INFO]: Found mod file Steam_Rails-1.6.11-alpha+forge-mc1.20.1.jar of type MOD with provider {mods folder locator at /Users/ycar/Documents/curseforge/minecraft/Instances/Create_ Hell's Kitchen/mods}
[17:08:03] [main/INFO]: Found mod file storage-drawers-create-compat-1.0.1.jar of type MOD with provider {mods folder locator at /Users/ycar/Documents/curseforge/minecraft/Instances/Create_ Hell's Kitchen/mods}
[17:08:03] [main/INFO]: Found mod file StorageDrawers-1.20.1-12.9.14.jar of type MOD with provider {mods folder locator at /Users/ycar/Documents/curseforge/minecraft/Instances/Create_ Hell's Kitchen/mods}
[17:08:03] [main/INFO]: Found mod file supermartijn642configlib-1.1.8-forge-mc1.20.jar of type MOD with provider {mods folder locator at /Users/ycar/Documents/curseforge/minecraft/Instances/Create_ Hell's Kitchen/mods}
[17:08:03] [main/INFO]: Found mod file supplementaries-1.20-3.1.31.jar of type MOD with provider {mods folder locator at /Users/ycar/Documents/curseforge/minecraft/Instances/Create_ Hell's Kitchen/mods}
[17:08:03] [main/INFO]: Found mod file tectonic-forge-1.20.1-2.4.1.jar of type MOD with provider {mods folder locator at /Users/ycar/Documents/curseforge/minecraft/Instances/Create_ Hell's Kitchen/mods}
[17:08:03] [main/INFO]: Found mod file tfmg-1.0e.jar of type MOD with provider {mods folder locator at /Users/ycar/Documents/curseforge/minecraft/Instances/Create_ Hell's Kitchen/mods}
[17:08:03] [main/INFO]: Found mod file trading_floor-forge-1.20.1-2.0.4.jar of type MOD with provider {mods folder locator at /Users/ycar/Documents/curseforge/minecraft/Instances/Create_ Hell's Kitchen/mods}
[17:08:03] [main/INFO]: Found mod file txnilib-forge-1.0.24-1.20.1.jar of type MOD with provider {mods folder locator at /Users/ycar/Documents/curseforge/minecraft/Instances/Create_ Hell's Kitchen/mods}
[17:08:03] [main/INFO]: Found mod file villagernames-1.20.1-8.2.jar of type MOD with provider {mods folder locator at /Users/ycar/Documents/curseforge/minecraft/Instances/Create_ Hell's Kitchen/mods}
[17:08:03] [main/INFO]: Found mod file VillagersPlus_3.1_(FORGE)_for_1.20.1.jar of type MOD with provider {mods folder locator at /Users/ycar/Documents/curseforge/minecraft/Instances/Create_ Hell's Kitchen/mods}
[17:08:03] [main/INFO]: Found mod file vintage-1.20.1-1.2.6.jar of type MOD with provider {mods folder locator at /Users/ycar/Documents/curseforge/minecraft/Instances/Create_ Hell's Kitchen/mods}
[17:08:03] [main/INFO]: Found mod file watut-forge-1.20.1-1.2.3.jar of type MOD with provider {mods folder locator at /Users/ycar/Documents/curseforge/minecraft/Instances/Create_ Hell's Kitchen/mods}
[17:08:03] [main/INFO]: Found mod file Xaeros_Minimap_25.2.6_Forge_1.20.jar of type MOD with provider {mods folder locator at /Users/ycar/Documents/curseforge/minecraft/Instances/Create_ Hell's Kitchen/mods}
[17:08:03] [main/INFO]: Found mod file XaerosWorldMap_1.39.9_Forge_1.20.jar of type MOD with provider {mods folder locator at /Users/ycar/Documents/curseforge/minecraft/Instances/Create_ Hell's Kitchen/mods}
[17:08:03] [main/INFO]: Found mod file YeetusExperimentus-Forge-2.3.0-build.4+mc1.20.1.jar of type MOD with provider {mods folder locator at /Users/ycar/Documents/curseforge/minecraft/Instances/Create_ Hell's Kitchen/mods}
[17:08:03] [main/INFO]: Found mod file yet_another_config_lib_v3-3.6.6+1.20.1-forge.jar of type MOD with provider {mods folder locator at /Users/ycar/Documents/curseforge/minecraft/Instances/Create_ Hell's Kitchen/mods}
[17:08:03] [main/INFO]: Found mod file YungsApi-1.20-Forge-4.0.6.jar of type MOD with provider {mods folder locator at /Users/ycar/Documents/curseforge/minecraft/Instances/Create_ Hell's Kitchen/mods}
[17:08:03] [main/INFO]: Found mod file YungsBetterDesertTemples-1.20-Forge-3.0.3.jar of type MOD with provider {mods folder locator at /Users/ycar/Documents/curseforge/minecraft/Instances/Create_ Hell's Kitchen/mods}
[17:08:03] [main/INFO]: Found mod file YungsBetterDungeons-1.20-Forge-4.0.4.jar of type MOD with provider {mods folder locator at /Users/ycar/Documents/curseforge/minecraft/Instances/Create_ Hell's Kitchen/mods}
[17:08:03] [main/INFO]: Found mod file YungsBetterEndIsland-1.20-Forge-2.0.6.jar of type MOD with provider {mods folder locator at /Users/ycar/Documents/curseforge/minecraft/Instances/Create_ Hell's Kitchen/mods}
[17:08:03] [main/INFO]: Found mod file YungsBetterJungleTemples-1.20-Forge-2.0.5.jar of type MOD with provider {mods folder locator at /Users/ycar/Documents/curseforge/minecraft/Instances/Create_ Hell's Kitchen/mods}
[17:08:03] [main/INFO]: Found mod file YungsBetterMineshafts-1.20-Forge-4.0.4.jar of type MOD with provider {mods folder locator at /Users/ycar/Documents/curseforge/minecraft/Instances/Create_ Hell's Kitchen/mods}
[17:08:03] [main/INFO]: Found mod file YungsBetterNetherFortresses-1.20-Forge-2.0.6.jar of type MOD with provider {mods folder locator at /Users/ycar/Documents/curseforge/minecraft/Instances/Create_ Hell's Kitchen/mods}
[17:08:03] [main/INFO]: Found mod file YungsBetterOceanMonuments-1.20-Forge-3.0.4.jar of type MOD with provider {mods folder locator at /Users/ycar/Documents/curseforge/minecraft/Instances/Create_ Hell's Kitchen/mods}
[17:08:03] [main/INFO]: Found mod file YungsBetterStrongholds-1.20-Forge-4.0.3.jar of type MOD with provider {mods folder locator at /Users/ycar/Documents/curseforge/minecraft/Instances/Create_ Hell's Kitchen/mods}
[17:08:03] [main/INFO]: Found mod file YungsBetterWitchHuts-1.20-Forge-3.0.3.jar of type MOD with provider {mods folder locator at /Users/ycar/Documents/curseforge/minecraft/Instances/Create_ Hell's Kitchen/mods}
[17:08:03] [main/INFO]: Found mod file YungsBridges-1.20-Forge-4.0.3.jar of type MOD with provider {mods folder locator at /Users/ycar/Documents/curseforge/minecraft/Instances/Create_ Hell's Kitchen/mods}
[17:08:03] [main/INFO]: Found mod file YungsExtras-1.20-Forge-4.0.3.jar of type MOD with provider {mods folder locator at /Users/ycar/Documents/curseforge/minecraft/Instances/Create_ Hell's Kitchen/mods}
[17:08:03] [main/WARN]: Mod file /Users/ycar/Documents/curseforge/minecraft/Install/libraries/net/minecraftforge/fmlcore/1.20.1-47.4.0/fmlcore-1.20.1-47.4.0.jar is missing mods.toml file
[17:08:03] [main/WARN]: Mod file /Users/ycar/Documents/curseforge/minecraft/Install/libraries/net/minecraftforge/javafmllanguage/1.20.1-47.4.0/javafmllanguage-1.20.1-47.4.0.jar is missing mods.toml file
[17:08:03] [main/WARN]: Mod file /Users/ycar/Documents/curseforge/minecraft/Install/libraries/net/minecraftforge/lowcodelanguage/1.20.1-47.4.0/lowcodelanguage-1.20.1-47.4.0.jar is missing mods.toml file
[17:08:03] [main/WARN]: Mod file /Users/ycar/Documents/curseforge/minecraft/Install/libraries/net/minecraftforge/mclanguage/1.20.1-47.4.0/mclanguage-1.20.1-47.4.0.jar is missing mods.toml file
[17:08:03] [main/INFO]: Found mod file fmlcore-1.20.1-47.4.0.jar of type LIBRARY with provider net.minecraftforge.fml.loading.moddiscovery.MinecraftLocator@44f24a20
[17:08:03] [main/INFO]: Found mod file javafmllanguage-1.20.1-47.4.0.jar of type LANGPROVIDER with provider net.minecraftforge.fml.loading.moddiscovery.MinecraftLocator@44f24a20
[17:08:03] [main/INFO]: Found mod file lowcodelanguage-1.20.1-47.4.0.jar of type LANGPROVIDER with provider net.minecraftforge.fml.loading.moddiscovery.MinecraftLocator@44f24a20
[17:08:03] [main/INFO]: Found mod file mclanguage-1.20.1-47.4.0.jar of type LANGPROVIDER with provider net.minecraftforge.fml.loading.moddiscovery.MinecraftLocator@44f24a20
[17:08:03] [main/INFO]: Found mod file client-1.20.1-20230612.114412-srg.jar of type MOD with provider net.minecraftforge.fml.loading.moddiscovery.MinecraftLocator@44f24a20
[17:08:03] [main/INFO]: Found mod file forge-1.20.1-47.4.0-universal.jar of type MOD with provider net.minecraftforge.fml.loading.moddiscovery.MinecraftLocator@44f24a20
[17:08:04] [main/WARN]: Attempted to select two dependency jars from JarJar which have the same identification: Mod File:  and Mod File: . Using Mod File: 
[17:08:04] [main/WARN]: Attempted to select a dependency jar for JarJar which was passed in as source: fabric_api. Using Mod File: /Users/ycar/Documents/curseforge/minecraft/Instances/Create_ Hell's Kitchen/mods/fabric-api-0.92.2+1.11.12+1.20.1.jar
[17:08:04] [main/WARN]: Attempted to select a dependency jar for JarJar which was passed in as source: architectury. Using Mod File: /Users/ycar/Documents/curseforge/minecraft/Instances/Create_ Hell's Kitchen/mods/architectury-9.2.14-forge.jar
[17:08:04] [main/WARN]: Attempted to select a dependency jar for JarJar which was passed in as source: yet_another_config_lib_v3. Using Mod File: /Users/ycar/Documents/curseforge/minecraft/Instances/Create_ Hell's Kitchen/mods/yet_another_config_lib_v3-3.6.6+1.20.1-forge.jar
[17:08:04] [main/INFO]: Found 85 dependencies adding them to mods collection
[17:08:04] [main/INFO]: Found mod file fabric-transfer-api-v1-3.3.5+631c9cd677.jar of type MOD with provider net.minecraftforge.fml.loading.moddiscovery.JarInJarDependencyLocator@382dc417
[17:08:04] [main/INFO]: Found mod file fabric-dimensions-v1-2.1.54+8005d10d77.jar of type MOD with provider net.minecraftforge.fml.loading.moddiscovery.JarInJarDependencyLocator@382dc417
[17:08:04] [main/INFO]: Found mod file kuma-api-forge-20.1.10+1.20.1.jar of type MOD with provider net.minecraftforge.fml.loading.moddiscovery.JarInJarDependencyLocator@382dc417
[17:08:04] [main/INFO]: Found mod file fabric-renderer-api-v1-3.2.1+cf68abbe77.jar of type MOD with provider net.minecraftforge.fml.loading.moddiscovery.JarInJarDependencyLocator@382dc417
[17:08:04] [main/INFO]: Found mod file kfflang-4.11.0.jar of type LANGPROVIDER with provider net.minecraftforge.fml.loading.moddiscovery.JarInJarDependencyLocator@382dc417
[17:08:04] [main/INFO]: Found mod file Ponder-Forge-1.20.1-1.0.80.jar of type MOD with provider net.minecraftforge.fml.loading.moddiscovery.JarInJarDependencyLocator@382dc417
[17:08:04] [main/INFO]: Found mod file fabric-item-api-v1-2.1.28+4d0bbcfa77.jar of type MOD with provider net.minecraftforge.fml.loading.moddiscovery.JarInJarDependencyLocator@382dc417
[17:08:04] [main/INFO]: Found mod file fabric-model-loading-api-v1-1.0.3+6274ab9d77.jar of type MOD with provider net.minecraftforge.fml.loading.moddiscovery.JarInJarDependencyLocator@382dc417
[17:08:04] [main/INFO]: Found mod file imageio-webp-3.12.0.jar of type GAMELIBRARY with provider net.minecraftforge.fml.loading.moddiscovery.JarInJarDependencyLocator@382dc417
[17:08:04] [main/INFO]: Found mod file fabric-rendering-fluids-v1-3.0.28+4ac5e37a77.jar of type MOD with provider net.minecraftforge.fml.loading.moddiscovery.JarInJarDependencyLocator@382dc417
[17:08:04] [main/INFO]: Found mod file fabric-screen-handler-api-v1-1.3.30+561530ec77.jar of type MOD with provider net.minecraftforge.fml.loading.moddiscovery.JarInJarDependencyLocator@382dc417
[17:08:04] [main/INFO]: Found mod file fabric-models-v0-0.4.2+7c3892a477.jar of type MOD with provider net.minecraftforge.fml.loading.moddiscovery.JarInJarDependencyLocator@382dc417
[17:08:04] [main/INFO]: Found mod file fabric-resource-loader-v0-0.11.10+bcd08ed377.jar of type MOD with provider net.minecraftforge.fml.loading.moddiscovery.JarInJarDependencyLocator@382dc417
[17:08:04] [main/INFO]: Found mod file mclib-20.jar of type GAMELIBRARY with provider net.minecraftforge.fml.loading.moddiscovery.JarInJarDependencyLocator@382dc417
[17:08:04] [main/INFO]: Found mod file TRender-1.0.5-1.20.1-forge-SNAPSHOT.jar of type MOD with provider net.minecraftforge.fml.loading.moddiscovery.JarInJarDependencyLocator@382dc417
[17:08:04] [main/INFO]: Found mod file fabric-rendering-v1-3.0.8+66e9a48f77.jar of type MOD with provider net.minecraftforge.fml.loading.moddiscovery.JarInJarDependencyLocator@382dc417
[17:08:04] [main/INFO]: Found mod file fabric-renderer-indigo-1.5.2+b5b2da4177.jar of type MOD with provider net.minecraftforge.fml.loading.moddiscovery.JarInJarDependencyLocator@382dc417
[17:08:04] [main/INFO]: Found mod file fabric-loader-2.6.0+0.15.0+1.20.1-full.jar of type LANGPROVIDER with provider net.minecraftforge.fml.loading.moddiscovery.JarInJarDependencyLocator@382dc417
[17:08:04] [main/INFO]: Found mod file fabric-convention-tags-v1-1.5.5+fa3d1c0177.jar of type MOD with provider net.minecraftforge.fml.loading.moddiscovery.JarInJarDependencyLocator@382dc417
[17:08:04] [main/INFO]: Found mod file fabric-mining-level-api-v1-2.1.50+561530ec77.jar of type MOD with provider net.minecraftforge.fml.loading.moddiscovery.JarInJarDependencyLocator@382dc417
[17:08:04] [main/INFO]: Found mod file imageio-core-3.12.0.jar of type GAMELIBRARY with provider net.minecraftforge.fml.loading.moddiscovery.JarInJarDependencyLocator@382dc417
[17:08:04] [main/INFO]: Found mod file fabric-command-api-v1-1.2.34+f71b366f77.jar of type MOD with provider net.minecraftforge.fml.loading.moddiscovery.JarInJarDependencyLocator@382dc417
[17:08:04] [main/INFO]: Found mod file fabric-block-view-api-v2-1.0.1+0767707077.jar of type MOD with provider net.minecraftforge.fml.loading.moddiscovery.JarInJarDependencyLocator@382dc417
[17:08:04] [main/INFO]: Found mod file fabric-command-api-v2-2.2.13+561530ec77.jar of type MOD with provider net.minecraftforge.fml.loading.moddiscovery.JarInJarDependencyLocator@382dc417
[17:08:04] [main/INFO]: Found mod file MixinSquared-0.1.1.jar of type GAMELIBRARY with provider net.minecraftforge.fml.loading.moddiscovery.JarInJarDependencyLocator@382dc417
[17:08:04] [main/INFO]: Found mod file fabric-data-attachment-api-v1-1.0.0+30ef839e77.jar of type MOD with provider net.minecraftforge.fml.loading.moddiscovery.JarInJarDependencyLocator@382dc417
[17:08:04] [main/INFO]: Found mod file mixinextras-forge-0.2.0.jar of type GAMELIBRARY with provider net.minecraftforge.fml.loading.moddiscovery.JarInJarDependencyLocator@382dc417
[17:08:04] [main/INFO]: Found mod file common-lang-3.12.0.jar of type GAMELIBRARY with provider net.minecraftforge.fml.loading.moddiscovery.JarInJarDependencyLocator@382dc417
[17:08:04] [main/INFO]: Found mod file jzlib-1.1.3.jar of type GAMELIBRARY with provider net.minecraftforge.fml.loading.moddiscovery.JarInJarDependencyLocator@382dc417
[17:08:04] [main/INFO]: Found mod file javaparser-symbol-solver-core-3.25.8.jar of type GAMELIBRARY with provider net.minecraftforge.fml.loading.moddiscovery.JarInJarDependencyLocator@382dc417
[17:08:04] [main/INFO]: Found mod file jankson-1.2.3.jar of type GAMELIBRARY with provider net.minecraftforge.fml.loading.moddiscovery.JarInJarDependencyLocator@382dc417
[17:08:04] [main/INFO]: Found mod file javaparser-core-3.25.8.jar of type GAMELIBRARY with provider net.minecraftforge.fml.loading.moddiscovery.JarInJarDependencyLocator@382dc417
[17:08:04] [main/INFO]: Found mod file fabric-screen-api-v1-2.0.8+45a670a577.jar of type MOD with provider net.minecraftforge.fml.loading.moddiscovery.JarInJarDependencyLocator@382dc417
[17:08:04] [main/INFO]: Found mod file gson-0.2.1.jar of type GAMELIBRARY with provider net.minecraftforge.fml.loading.moddiscovery.JarInJarDependencyLocator@382dc417
[17:08:04] [main/INFO]: Found mod file fabric-particles-v1-1.1.2+78e1ecb877.jar of type MOD with provider net.minecraftforge.fml.loading.moddiscovery.JarInJarDependencyLocator@382dc417
[17:08:04] [main/INFO]: Found mod file puzzlesaccessapi-forge-20.1.1.jar of type MOD with provider net.minecraftforge.fml.loading.moddiscovery.JarInJarDependencyLocator@382dc417
[17:08:04] [main/INFO]: Found mod file vineflower-1.10.1.jar of type GAMELIBRARY with provider net.minecraftforge.fml.loading.moddiscovery.JarInJarDependencyLocator@382dc417
[17:08:04] [main/INFO]: Found mod file fabric-content-registries-v0-4.0.11+a670df1e77.jar of type MOD with provider net.minecraftforge.fml.loading.moddiscovery.JarInJarDependencyLocator@382dc417
[17:08:04] [main/INFO]: Found mod file Reflect-1.3.4.jar of type GAMELIBRARY with provider net.minecraftforge.fml.loading.moddiscovery.JarInJarDependencyLocator@382dc417
[17:08:04] [main/INFO]: Found mod file Java-WebSocket-1.5.6.jar of type GAMELIBRARY with provider net.minecraftforge.fml.loading.moddiscovery.JarInJarDependencyLocator@382dc417
[17:08:04] [main/INFO]: Found mod file fabric-transitive-access-wideners-v1-4.3.1+1880499877.jar of type MOD with provider net.minecraftforge.fml.loading.moddiscovery.JarInJarDependencyLocator@382dc417
[17:08:04] [main/INFO]: Found mod file diagonalblocks-forge-8.0.6.jar of type MOD with provider net.minecraftforge.fml.loading.moddiscovery.JarInJarDependencyLocator@382dc417
[17:08:04] [main/INFO]: Found mod file caffeine-3.2.0.jar of type GAMELIBRARY with provider net.minecraftforge.fml.loading.moddiscovery.JarInJarDependencyLocator@382dc417
[17:08:04] [main/INFO]: Found mod file dragonlib-forge-1.20.1-2.2.24.jar of type MOD with provider net.minecraftforge.fml.loading.moddiscovery.JarInJarDependencyLocator@382dc417
[17:08:04] [main/INFO]: Found mod file fabric-game-rule-api-v1-1.0.40+683d4da877.jar of type MOD with provider net.minecraftforge.fml.loading.moddiscovery.JarInJarDependencyLocator@382dc417
[17:08:04] [main/INFO]: Found mod file fabric-api-base-0.4.31+ef105b4977.jar of type MOD with provider net.minecraftforge.fml.loading.moddiscovery.JarInJarDependencyLocator@382dc417
[17:08:04] [main/INFO]: Found mod file fabric-api-lookup-api-v1-1.6.36+67f9824077.jar of type MOD with provider net.minecraftforge.fml.loading.moddiscovery.JarInJarDependencyLocator@382dc417
[17:08:04] [main/INFO]: Found mod file fabric-blockrenderlayer-v1-1.1.41+1d0da21e77.jar of type MOD with provider net.minecraftforge.fml.loading.moddiscovery.JarInJarDependencyLocator@382dc417
[17:08:04] [main/INFO]: Found mod file battery-1.3.0.jar of type GAMELIBRARY with provider net.minecraftforge.fml.loading.moddiscovery.JarInJarDependencyLocator@382dc417
[17:08:04] [main/INFO]: Found mod file mixinsquared-forge-0.1.1.jar of type GAMELIBRARY with provider net.minecraftforge.fml.loading.moddiscovery.JarInJarDependencyLocator@382dc417
[17:08:04] [main/INFO]: Found mod file common-io-3.12.0.jar of type GAMELIBRARY with provider net.minecraftforge.fml.loading.moddiscovery.JarInJarDependencyLocator@382dc417
[17:08:04] [main/INFO]: Found mod file Registrate-MC1.20-1.3.3.jar of type GAMELIBRARY with provider net.minecraftforge.fml.loading.moddiscovery.JarInJarDependencyLocator@382dc417
[17:08:04] [main/INFO]: Found mod file json-0.2.1.jar of type GAMELIBRARY with provider net.minecraftforge.fml.loading.moddiscovery.JarInJarDependencyLocator@382dc417
[17:08:04] [main/INFO]: Found mod file fabric-block-api-v1-1.0.11+0e6cb7f777.jar of type MOD with provider net.minecraftforge.fml.loading.moddiscovery.JarInJarDependencyLocator@382dc417
[17:08:04] [main/INFO]: Found mod file spectrelib-forge-0.13.17+1.20.1.jar of type MOD with provider net.minecraftforge.fml.loading.moddiscovery.JarInJarDependencyLocator@382dc417
[17:08:04] [main/INFO]: Found mod file httpmime-4.5.10.jar of type GAMELIBRARY with provider net.minecraftforge.fml.loading.moddiscovery.JarInJarDependencyLocator@382dc417
[17:08:04] [main/INFO]: Found mod file fabric-resource-conditions-api-v1-2.3.8+9e342fc177.jar of type MOD with provider net.minecraftforge.fml.loading.moddiscovery.JarInJarDependencyLocator@382dc417
[17:08:04] [main/INFO]: Found mod file kffmod-4.11.0.jar of type MOD with provider net.minecraftforge.fml.loading.moddiscovery.JarInJarDependencyLocator@382dc417
[17:08:04] [main/INFO]: Found mod file kfflib-4.11.0.jar of type GAMELIBRARY with provider net.minecraftforge.fml.loading.moddiscovery.JarInJarDependencyLocator@382dc417
[17:08:04] [main/INFO]: Found mod file flywheel-forge-1.20.1-1.0.4.jar of type MOD with provider net.minecraftforge.fml.loading.moddiscovery.JarInJarDependencyLocator@382dc417
[17:08:04] [main/INFO]: Found mod file bytecodecs-1.0.2.jar of type GAMELIBRARY with provider net.minecraftforge.fml.loading.moddiscovery.JarInJarDependencyLocator@382dc417
[17:08:04] [main/INFO]: Found mod file fabric-item-group-api-v1-4.0.12+c9161c2d77.jar of type MOD with provider net.minecraftforge.fml.loading.moddiscovery.JarInJarDependencyLocator@382dc417
[17:08:04] [main/INFO]: Found mod file common-image-3.12.0.jar of type GAMELIBRARY with provider net.minecraftforge.fml.loading.moddiscovery.JarInJarDependencyLocator@382dc417
[17:08:04] [main/INFO]: Found mod file jcpp-1.4.14.jar of type GAMELIBRARY with provider net.minecraftforge.fml.loading.moddiscovery.JarInJarDependencyLocator@382dc417
[17:08:04] [main/INFO]: Found mod file fabric-biome-api-v1-13.0.13+dc36698e77.jar of type MOD with provider net.minecraftforge.fml.loading.moddiscovery.JarInJarDependencyLocator@382dc417
[17:08:04] [main/INFO]: Found mod file fabric-entity-events-v1-1.6.0+4ca7515277.jar of type MOD with provider net.minecraftforge.fml.loading.moddiscovery.JarInJarDependencyLocator@382dc417
[17:08:04] [main/INFO]: Found mod file cobalt-0.9.6.jar of type GAMELIBRARY with provider net.minecraftforge.fml.loading.moddiscovery.JarInJarDependencyLocator@382dc417
[17:08:04] [main/INFO]: Found mod file MathParser.org-mXparser-5.2.1.jar of type GAMELIBRARY with provider net.minecraftforge.fml.loading.moddiscovery.JarInJarDependencyLocator@382dc417
[17:08:04] [main/INFO]: Found mod file fabric-registry-sync-v0-2.3.3+1c0ea72177.jar of type MOD with provider net.minecraftforge.fml.loading.moddiscovery.JarInJarDependencyLocator@382dc417
[17:08:04] [main/INFO]: Found mod file imageio-metadata-3.12.0.jar of type GAMELIBRARY with provider net.minecraftforge.fml.loading.moddiscovery.JarInJarDependencyLocator@382dc417
[17:08:04] [main/INFO]: Found mod file yabn-1.0.3.jar of type GAMELIBRARY with provider net.minecraftforge.fml.loading.moddiscovery.JarInJarDependencyLocator@382dc417
[17:08:04] [main/INFO]: Found mod file fabric-recipe-api-v1-1.0.21+514a076577.jar of type MOD with provider net.minecraftforge.fml.loading.moddiscovery.JarInJarDependencyLocator@382dc417
[17:08:04] [main/INFO]: Found mod file fabric-loot-api-v2-1.2.1+eb28f93e77.jar of type MOD with provider net.minecraftforge.fml.loading.moddiscovery.JarInJarDependencyLocator@382dc417
[17:08:04] [main/INFO]: Found mod file fabric-object-builder-api-v1-11.1.3+4bd998fa77.jar of type MOD with provider net.minecraftforge.fml.loading.moddiscovery.JarInJarDependencyLocator@382dc417
[17:08:04] [main/INFO]: Found mod file MixinExtras-0.5.0-beta.2.jar of type GAMELIBRARY with provider net.minecraftforge.fml.loading.moddiscovery.JarInJarDependencyLocator@382dc417
[17:08:04] [main/INFO]: Found mod file TRansition-1.0.3-1.20.1-forge-SNAPSHOT.jar of type MOD with provider net.minecraftforge.fml.loading.moddiscovery.JarInJarDependencyLocator@382dc417
[17:08:04] [main/INFO]: Found mod file fabric-rendering-data-attachment-v1-0.3.37+a6081afc77.jar of type MOD with provider net.minecraftforge.fml.loading.moddiscovery.JarInJarDependencyLocator@382dc417
[17:08:04] [main/INFO]: Found mod file fabric-networking-api-v1-1.3.11+503a202477.jar of type MOD with provider net.minecraftforge.fml.loading.moddiscovery.JarInJarDependencyLocator@382dc417
[17:08:04] [main/INFO]: Found mod file fabric-sound-api-v1-1.0.13+4f23bd8477.jar of type MOD with provider net.minecraftforge.fml.loading.moddiscovery.JarInJarDependencyLocator@382dc417
[17:08:04] [main/INFO]: Found mod file fabric-message-api-v1-5.1.9+52cc178c77.jar of type MOD with provider net.minecraftforge.fml.loading.moddiscovery.JarInJarDependencyLocator@382dc417
[17:08:04] [main/INFO]: Found mod file fabric-lifecycle-events-v1-2.2.22+afab492177.jar of type MOD with provider net.minecraftforge.fml.loading.moddiscovery.JarInJarDependencyLocator@382dc417
[17:08:04] [main/INFO]: Found mod file fabric-data-generation-api-v1-12.3.4+369cb3a477.jar of type MOD with provider net.minecraftforge.fml.loading.moddiscovery.JarInJarDependencyLocator@382dc417
[17:08:04] [main/INFO]: Found mod file fabric-events-interaction-v0-0.6.2+0d0bd5a777.jar of type MOD with provider net.minecraftforge.fml.loading.moddiscovery.JarInJarDependencyLocator@382dc417
[17:08:04] [main/INFO]: Found mod file fabric-key-binding-api-v1-1.0.37+561530ec77.jar of type MOD with provider net.minecraftforge.fml.loading.moddiscovery.JarInJarDependencyLocator@382dc417
[17:08:04] [main/INFO]: Found mod file fabric-client-tags-api-v1-1.1.2+5d6761b877.jar of type MOD with provider net.minecraftforge.fml.loading.moddiscovery.JarInJarDependencyLocator@382dc417
[17:08:04] [main/INFO]: Found Kotlin-containing mod Jar[union:/Users/ycar/Documents/curseforge/minecraft/Instances/Create_%20Hell's%20Kitchen/essential/libraries/forge_1.20.1/kotlin-for-forge-4.3.0-slim.jar%23374!/], checking whether we need to upgrade it..
[17:08:04] [main/INFO]: Found outdated Kotlin core libs 0.0.0 (we ship 1.9.23)
[17:08:04] [main/INFO]: Found outdated Kotlin Coroutines libs 0.0.0 (we ship 1.8.0)
[17:08:04] [main/INFO]: Found outdated Kotlin Serialization libs 0.0.0 (we ship 1.6.3)
[17:08:04] [main/INFO]: Generating jar with updated Kotlin at /var/folders/n7/77_gm68s55d4qwfn1b4zkpgm0000gn/T/kff-updated-kotlin-9975392591958467644-4.3.0-slim.jar
[17:08:05] [main/INFO]: Found Kotlin-containing mod Jar[union:/Users/ycar/Documents/curseforge/minecraft/Instances/Create_%20Hell's%20Kitchen/mods/kotlinforforge-4.11.0-all.jar%23486!/], checking whether we need to upgrade it..
[17:08:05] [main/INFO]: Found up-to-date Kotlin core libs 2.0.0 (we ship 1.9.23)
[17:08:05] [main/INFO]: Found up-to-date Kotlin Coroutines libs 1.8.1 (we ship 1.8.0)
[17:08:05] [main/INFO]: Found up-to-date Kotlin Serialization libs 1.6.3 (we ship 1.6.3)
[17:08:05] [main/INFO]: All good, no update needed: Jar[union:/Users/ycar/Documents/curseforge/minecraft/Instances/Create_%20Hell's%20Kitchen/mods/kotlinforforge-4.11.0-all.jar%23486!/]
[17:08:07] [main/INFO]: Compatibility level set to JAVA_17
[17:08:07] [main/ERROR]: Mixin config mixins.delightfulburgers.json does not specify "minVersion" property
[17:08:07] [main/ERROR]: Mixin config fabric-item-group-api-v1.mixins.json does not specify "minVersion" property
[17:08:07] [main/ERROR]: Mixin config fabric-item-group-api-v1.client.mixins.json does not specify "minVersion" property
[17:08:08] [main/ERROR]: Mixin config fabric-item-api-v1.client.mixins.json does not specify "minVersion" property
[17:08:08] [main/ERROR]: Mixin config fabric-data-attachment-api-v1.mixins.json does not specify "minVersion" property
[17:08:08] [main/ERROR]: Mixin config fabric-data-attachment-api-v1.client.mixins.json does not specify "minVersion" property
[17:08:08] [main/ERROR]: Mixin config entity_model_features.mixins.json does not specify "minVersion" property
[17:08:08] [main/ERROR]: Mixin config mixins.delightfulsandwich.json does not specify "minVersion" property
[17:08:08] [main/ERROR]: Mixin config kubejsoffline.mixins.json does not specify "minVersion" property
[17:08:08] [main/ERROR]: Mixin config kubejsoffline-common.mixins.json does not specify "minVersion" property
[17:08:08] [main/ERROR]: Mixin config furniture-common.mixins.json does not specify "minVersion" property
[17:08:08] [main/ERROR]: Mixin config spacecatcustomprofessions.mixins.json does not specify "minVersion" property
[17:08:08] [main/ERROR]: Mixin config spacecatcustomprofessionsforge.mixins.json does not specify "minVersion" property
[17:08:08] [main/ERROR]: Mixin config yacl.mixins.json does not specify "minVersion" property
[17:08:08] [main/INFO]: Successfully loaded Mixin Connector [com.sonicether.soundphysics.MixinConnector]
[17:08:08] [main/INFO]: Successfully loaded Mixin Connector [com.leobeliik.extremesoundmuffler.MixinConnector]
[17:08:08] [main/INFO]: Propagating FML mod list to Fabric Loader
[17:08:08] [main/INFO]: Launching target 'forgeclient' with arguments [--version, forge-47.4.0, --gameDir, /Users/ycar/Documents/curseforge/minecraft/Instances/Create_ Hell's Kitchen, --assetsDir, /Users/ycar/Documents/curseforge/minecraft/Install/assets, --uuid, c60e01aac83147e1abca11b82fda8d23, --username, Ycar_, --assetIndex, 5, --accessToken, ❄❄❄❄❄❄❄❄, --clientId, d9624a-6bc596-f55448-7680d1-ef85e4, --xuid, 2535415630554428, --userType, msa, --versionType, release, --width, 1920, --height, 1080, , , , ]
[17:08:08] [main/INFO]: Loaded configuration file for ModernFix 5.24.1+mc1.20.1: 96 options available, 0 override(s) found
[17:08:08] [main/INFO]: Applying Nashorn fix
[17:08:08] [main/INFO]: Applied Forge config corruption patch
[17:08:08] [main/INFO]: Loaded configuration file for Embeddium: 315 options available, 3 override(s) found
[17:08:08] [main/INFO]: Searching for graphics cards...
[17:08:09] [main/INFO]: Found graphics card: GraphicsAdapterInfo[vendor=UNKNOWN, name=Apple M1 Pro, version=unknown]
[17:08:09] [main/WARN]: Reference map 'handcrafted-forge-1.20.1-forge-refmap.json' for handcrafted.mixins.json could not be read. If this is a development environment you can ignore this message
[17:08:09] [main/WARN]: Reference map 'morevillagers-forge-forge-refmap.json' for morevillagers.mixins.json could not be read. If this is a development environment you can ignore this message
[17:08:09] [main/WARN]: Reference map 'expanded_ecosphere-forge-refmap.json' for wwoo.mixins.json could not be read. If this is a development environment you can ignore this message
[17:08:09] [main/WARN]: Reference map 'yungsextras.refmap.json' for yungsextras.mixins.json could not be read. If this is a development environment you can ignore this message
[17:08:09] [main/WARN]: Reference map 'yungsextras.refmap.json' for yungsextras_forge.mixins.json could not be read. If this is a development environment you can ignore this message
[17:08:09] [main/INFO]: Starting Essential v1.3.8.4 (#111358f03f) [stable]
[17:08:09] [main/WARN]: Reference map 'createcobblestone-common-refmap.json' for createcobblestone-common.mixins.json could not be read. If this is a development environment you can ignore this message
[17:08:09] [main/WARN]: Reference map 'puzzlesaccessapi.common.refmap.json' for puzzlesaccessapi.common.mixins.json could not be read. If this is a development environment you can ignore this message
[17:08:09] [main/WARN]: Reference map 'mixins.delightfulburgers.refmap.json' for mixins.delightfulburgers.json could not be read. If this is a development environment you can ignore this message
[17:08:09] [main/INFO]: Loading 269 mods:
	- advancementplaques 1.6.9
	- aiimprovements 0.5.2
	- alexsmobs 1.22.9
	- ambientenvironment 11.0.0.1
	- ambientsounds 6.1.11
	- amendments 1.20-1.2.19
	- another_furniture 1.20.1-3.0.2
	- appleskin 2.5.1+mc1.20.1
	- aquaculture 2.5.5
	- aquaculturedelight 1.1.0
	- architectury 9.2.14
	- athena 3.1.2
	- attributefix 21.0.4
	- bakery 1.1.15
	- balm 7.3.31
		\-- kuma_api 20.1.10
	- bellsandwhistles 0.4.3-1.20.x
	- betterdeserttemples 1.20-Forge-3.0.3
	- betterdungeons 1.20-Forge-4.0.4
	- betterendisland 1.20-Forge-2.0.6
	- betterf3 7.0.2
	- betterfortresses 1.20-Forge-2.0.6
	- betterjungletemples 1.20-Forge-2.0.5
	- bettermineshafts 1.20-Forge-4.0.4
	- betteroceanmonuments 1.20-Forge-3.0.4
	- betterstrongholds 1.20-Forge-4.0.3
	- betterwitchhuts 1.20-Forge-3.0.3
	- bloomingnature 1.0.12
	- botarium 2.3.4
	- bountiful 6.0.4+1.20.1
	- brewery 1.1.9
	- bridgingmod 2.5.1+1.20.1
	- candlelight 1.2.13
	- carryon 2.1.2.7
	- chat_heads 0.13.18
	- chipped 3.0.7
	- chloride 1.7.2
	- chunky 1.3.146
	- citadel 2.6.2
	- clienttweaks 11.1.3
	- cloth_config 11.1.136
	- collective 8.3
	- comforts 6.4.0+1.20.1
	- computercraft 1.116.0
	- constructionwand 1.20.1-2.11
	- controlling 12.0.2
	- copycats 3.0.2+mc.1.20.1-forge
	- corn_delight 1.1.8-1.20.1
	- coroutil 1.20.1-1.3.7
	- cosmeticarmorreworked 1.20.1-v1a
	- craftingtweaks 18.2.5
	- crawlondemand 1.20.x-1.0.0
	- create 6.0.6
		|-- flywheel 1.0.4
		\-- ponder 1.0.80
	- create_central_kitchen 1.4.1
		\-- mixinextras 0.2.0
	- create_connected 1.1.7-mc1.20.1
	- create_crush_everything 1.0.2
	- create_enchantment_industry 1.3.3-for-create-6.0.6
	- create_new_age 1.1.4
	- create_oxidized 0.1.2
	- create_pattern_schematics 1.2.3+forge-1.20.1
	- createaddition 1.20.1-1.3.1
	- createcasing 1.7.2
	- createcclogistics 0.3.7
	- createcobblestone 1.4.5+forge-1.20.1-106
	- createdeco 2.0.3-1.20.1-forge
	- createfood 1.1.11-forge
	- createrailwaysnavigator 1.20.1-beta-0.8.4-C6
		\-- dragonlib 1.20.1-2.2.24
	- creativecore 2.12.32
	- cristellib 1.1.6
	- ctov 3.4.14
	- cubes_without_borders 3.0.0+mc1.20
	- cullleaves 3.2.0
	- curios 5.14.1+1.20.1
	- delightful 3.7.3
	- delightfulburgers 1.20.1
	- delightfulcreators 1.2
	- delightfulsandwich 1.20.1
	- diagonalfences 8.1.5
		\-- diagonalblocks 8.0.6
	- distraction_free_recipes 1.2.1
	- do_a_barrel_roll 3.5.6+1.20.1
	- doapi 1.2.15
		\-- terraform 7.0.1
	- doubledoors 7.0
	- dynamic_fps 3.9.5
	- easyanvils 8.0.2
	- embeddium 0.3.31+mc1.20.1
		\-- rubidium 0.7.1
	- emi 1.1.22+1.20.1+forge
	- emi_enchanting 0.1.2+1.20.1+forge
	- emitrades 1.2.1+mc1.20.1
	- ends_delight 2.5.1+forge.1.20.1
	- entity_model_features 2.4.1
	- entity_texture_features 6.2.9
	- entityculling 1.8.1
		|-- transition 1.0.3
		\-- trender 1.0.5
	- escalated 1.1.0
	- essential 1.3.8.4
	- expanded_ecosphere 3.2.4
	- extralib 1.7.2
	- extraquests 1.5.3
	- extremesoundmuffler 3.48
	- fabric_api 0.92.2+1.11.12+1.20.1
		|-- fabric_api_lookup_api_v1 1.6.36+67f9824077
		|-- fabric_biome_api_v1 13.0.13+dc36698e77
		|-- fabric_block_api_v1 1.0.11+0e6cb7f777
		|-- fabric_block_view_api_v2 1.0.1+0767707077
		|-- fabric_blockrenderlayer_v1 1.1.41+1d0da21e77
		|-- fabric_client_tags_api_v1 1.1.2+5d6761b877
		|-- fabric_command_api_v1 1.2.34+f71b366f77
		|-- fabric_command_api_v2 2.2.13+561530ec77
		|-- fabric_content_registries_v0 4.0.11+a670df1e77
		|-- fabric_convention_tags_v1 1.5.5+fa3d1c0177
		|-- fabric_data_attachment_api_v1 1.0.0+30ef839e77
		|-- fabric_data_generation_api_v1 12.3.4+369cb3a477
		|-- fabric_dimensions_v1 2.1.54+8005d10d77
		|-- fabric_entity_events_v1 1.6.0+4ca7515277
		|-- fabric_events_interaction_v0 0.6.2+0d0bd5a777
		|-- fabric_game_rule_api_v1 1.0.40+683d4da877
		|-- fabric_item_api_v1 2.1.28+4d0bbcfa77
		|-- fabric_item_group_api_v1 4.0.12+c9161c2d77
		|-- fabric_key_binding_api_v1 1.0.37+561530ec77
		|-- fabric_lifecycle_events_v1 2.2.22+afab492177
		|-- fabric_loot_api_v2 1.2.1+eb28f93e77
		|-- fabric_message_api_v1 5.1.9+52cc178c77
		|-- fabric_mining_level_api_v1 2.1.50+561530ec77
		|-- fabric_model_loading_api_v1 1.0.3+6274ab9d77
		|-- fabric_models_v0 0.4.2+7c3892a477
		|-- fabric_networking_api_v1 1.3.11+503a202477
		|-- fabric_object_builder_api_v1 11.1.3+4bd998fa77
		|-- fabric_particles_v1 1.1.2+78e1ecb877
		|-- fabric_recipe_api_v1 1.0.21+514a076577
		|-- fabric_registry_sync_v0 2.3.3+1c0ea72177
		|-- fabric_renderer_api_v1 3.2.1+cf68abbe77
		|-- fabric_renderer_indigo 1.5.2+b5b2da4177
		|-- fabric_rendering_data_attachment_v1 0.3.37+a6081afc77
		|-- fabric_rendering_fluids_v1 3.0.28+4ac5e37a77
		|-- fabric_rendering_v1 3.0.8+66e9a48f77
		|-- fabric_resource_conditions_api_v1 2.3.8+9e342fc177
		|-- fabric_resource_loader_v0 0.11.10+bcd08ed377
		|-- fabric_screen_api_v1 2.0.8+45a670a577
		|-- fabric_screen_handler_api_v1 1.3.30+561530ec77
		|-- fabric_sound_api_v1 1.0.13+4f23bd8477
		|-- fabric_transfer_api_v1 3.3.5+631c9cd677
		\-- fabric_transitive_access_wideners_v1 4.3.1+1880499877
	- farmersdelight 1.20.1-1.2.8
	- fastload 3.4.0
	- ferritecore 6.0.1
	- forge 47.4.0
	- framedblocks 9.4.1
	- ftb_ph 1.0.6a
	- ftbfiltersystem 20.0.1
	- ftblibrary 2001.2.9
	- ftbquests 2001.4.13
	- ftbteams 2001.3.1
	- ftbxmodcompat 2.1.3
	- furniture 1.0.4
	- geckolib 4.7.2
	- guardvillagers 1.20.1-1.6.10
	- handcrafted 3.0.6
	- herbalbrews 1.0.12
	- highlighter 1.1.9
	- iceberg 1.1.25
	- immediatelyfast 1.5.1+1.20.4
	- immersive_aircraft 1.2.2+1.20.1
	- immersive_paintings 0.6.7+1.20.1
	- interiors 0.5.6
	- inventoryprofilesnext 1.10.14
	- itemfilters 2001.1.0-build.59
	- jade 11.13.1+forge
	- jadeaddons 5.5.0+forge
	- jamlib 1.3.5+1.20.1
	- jei 15.20.0.112
	- kambrik 6.1.1+1.20.1
	- kotlinforforge 4.11.0
	- kubejs 2001.6.5-build.16
	- kubejs_create 2001.3.0-build.8
	- kubejsoffline 5.0.5
	- leavesbegone 8.0.0
	- lemoned 1.0.1-1.20
	- libipn 4.0.2
	- lithostitched 1.4.8
	- lootr 0.7.35.90
	- magnumtorch 8.0.2
	- mcwbridges 3.1.0
	- mcwdoors 1.1.2
	- mcwfences 1.2.0
	- mcwfurnitures 3.3.0
	- mcwlights 1.1.2
	- mcwpaths 1.1.0
	- mcwroofs 2.3.2
	- mcwtrpdoors 1.1.4
	- mcwwindows 2.3.0
	- meadow 1.3.25
	- memoryleakfix 1.1.5
	- midnightlib 1.4.2
	- minecraft 1.20.1
	- miners_delight 1.20.1-1.2.3
	- modelfix 1.15
	- modernfix 5.24.1+mc1.20.1
	- molten_metals 1.20.1-0.1.4
	- moonlight 1.20-2.14.13
	- morejs 0.10.1
	- moremobvariants 1.3.0.1
	- moreoverlays 1.22.7-mc1.20.2
	- morevillagers 5.0.0
	- mousetweaks 2.25.1
	- mr_create_compatbetterendbetternether 1.1
	- mr_lithosphere 1.5
	- mr_storage_drawerscreatecompat 1.0.1
	- mru 1.0.4+1.20.1+forge
	- mysterious_mountain_lib 1.5.22-1.20.1
	- necronomicon 1.6.0
	- netherportalfix 13.0.1
	- nethersdelight 1.20.1-4.0
	- nethervinery 1.2.17
	- noisium 2.3.0+mc1.20-1.20.1
	- notenoughanimations 1.9.3
	- numismatics 1.0.15+forge-mc1.20.1
	- observable 4.4.2
	- oceansdelight 1.0.2-1.20
	- oculus 1.8.0
	- packetfixer 3.1.2
	- pamhc2foodcore 1.0.5
	- pamhc2foodextended 0.0NONE
	- polymorph 0.49.10+1.20.1
		\-- spectrelib 0.13.17+1.20.1
	- probejs 7.0.0
	- puzzleslib 8.1.32
		\-- puzzlesaccessapi 20.1.1
	- railways 1.6.11-alpha+forge-mc1.20.1
	- resourcefulconfig 2.1.3
	- resourcefullib 2.1.29
	- rhino 2001.2.3-build.10
	- rightclickharvest 4.5.3+1.20.1
	- searchables 1.0.3
	- simplebackups 1.20.1-3.1.12
	- sliceanddice 3.4.1
	- sodiumdynamiclights 1.0.9
	- sodiumoptionsapi 1.0.10
		\-- fabric_api_base 0.4.31+ef105b4977
	- sound_physics_remastered 1.20.1-1.4.13
	- sounds 2.2.1+1.20.1+forge
	- spacecatcustomprofessions 20.4.0
	- spark 1.10.53
	- storagedrawers 12.9.14
	- supermartijn642configlib 1.1.8
	- supplementaries 1.20-3.1.31
		\-- mixinsquared 0.1.1
	- tectonic 2.4.1
	- tfmg 1.0e
	- trading_floor 2.0.4
	- txnilib 1.0.24
	- villagernames 8.2
	- villagersplus 3.1
	- vinery 1.4.39
	- vintage 1.20.1-1.2.6
	- waterdripsound 0.5.1
	- watut 1.20.1-1.2.3
	- xaerominimap 25.2.6
	- xaeroworldmap 1.39.9
	- yeetusexperimentus 2.3.0-build.4+mc1.20.1
	- yet_another_config_lib_v3 3.6.6+1.20.1-forge
	- yungsapi 1.20-Forge-4.0.6
	- yungsbridges 1.20-Forge-4.0.3
	- yungsextras 1.20-Forge-4.0.3
[17:08:09] [main/WARN]: Reference map 'cristellib-forge-refmap.json' for cristellib.mixins.json could not be read. If this is a development environment you can ignore this message
[17:08:09] [main/WARN]: Reference map 'escalated-1.20.1-refmap.json' for escalated-common.mixins.json could not be read. If this is a development environment you can ignore this message
[17:08:09] [main/WARN]: Reference map 'Create-The_Factory_Must_Grow.refmap.json' for tfmg.mixins.json could not be read. If this is a development environment you can ignore this message
[17:08:09] [main/WARN]: Reference map 'mixins.betterstacking.refmap.json' for mixins.delightfulsandwich.json could not be read. If this is a development environment you can ignore this message
[17:08:09] [main/WARN]: Reference map 'kubejsoffline-forge-refmap.json' for kubejsoffline.mixins.json could not be read. If this is a development environment you can ignore this message
[17:08:09] [main/WARN]: Reference map 'nethervinery-common-refmap.json' for nethervinery-common.mixins.json could not be read. If this is a development environment you can ignore this message
[17:08:09] [main/WARN]: Reference map 'ftb-filter-system-common-refmap.json' for ftbfiltersystem-common.mixins.json could not be read. If this is a development environment you can ignore this message
[17:08:09] [main/WARN]: Reference map 'ftb-filter-system-forge-refmap.json' for ftbfiltersystem.mixins.json could not be read. If this is a development environment you can ignore this message
[17:08:09] [main/WARN]: Reference map 'molten_metals-common-refmap.json' for molten_metals-common.mixins.json could not be read. If this is a development environment you can ignore this message
[17:08:09] [main/WARN]: Reference map 'immersive_paintings-common-refmap.json' for immersive_paintings.mixin.json could not be read. If this is a development environment you can ignore this message
[17:08:09] [main/WARN]: Reference map 'coroutil.refmap.json' for coroutil.mixins.json could not be read. If this is a development environment you can ignore this message
[17:08:09] [main/WARN]: Reference map 'pattern_schematics-common-refmap.json' for pattern_schematics.common.mixins.json could not be read. If this is a development environment you can ignore this message
[17:08:09] [main/INFO]: Packet Fixer forge 1.19.4-1.20.1 has been applied successfully.
[17:08:10] [main/WARN]: Error loading class: com/ultramega/showcaseitem/ShowcaseItemFeature (java.lang.ClassNotFoundException: com.ultramega.showcaseitem.ShowcaseItemFeature)
[17:08:10] [main/WARN]: Error loading class: mekanism/client/render/entity/RenderFlame (java.lang.ClassNotFoundException: mekanism.client.render.entity.RenderFlame)
[17:08:10] [main/WARN]: Error loading class: mekanism/client/render/armor/MekaSuitArmor (java.lang.ClassNotFoundException: mekanism.client.render.armor.MekaSuitArmor)
[17:08:10] [main/WARN]: Error loading class: net/caffeinemc/mods/sodium/client/model/light/data/ArrayLightDataCache (java.lang.ClassNotFoundException: net.caffeinemc.mods.sodium.client.model.light.data.ArrayLightDataCache)
[17:08:10] [main/WARN]: Error loading class: net/caffeinemc/mods/sodium/client/model/light/flat/FlatLightPipeline (java.lang.ClassNotFoundException: net.caffeinemc.mods.sodium.client.model.light.flat.FlatLightPipeline)
[17:08:10] [main/WARN]: Error loading class: net/caffeinemc/mods/sodium/client/model/light/data/LightDataAccess (java.lang.ClassNotFoundException: net.caffeinemc.mods.sodium.client.model.light.data.LightDataAccess)
[17:08:10] [main/WARN]: Error loading class: me/jellysquid/mods/lithium/common/ai/pathing/PathNodeDefaults (java.lang.ClassNotFoundException: me.jellysquid.mods.lithium.common.ai.pathing.PathNodeDefaults)
[17:08:10] [main/WARN]: Error loading class: dev/tr7zw/skinlayers/render/CustomizableModelPart (java.lang.ClassNotFoundException: dev.tr7zw.skinlayers.render.CustomizableModelPart)
[17:08:10] [main/WARN]: Inventory Profiles Next: Doing our own dependency resolving! Because Forge is being Forge....: https://github.com/MinecraftForge/MinecraftForge/issues/9088
[17:08:10] [main/WARN]: Error loading class: de/maxhenkel/easyvillagers/blocks/tileentity/TraderTileentityBase (java.lang.ClassNotFoundException: de.maxhenkel.easyvillagers.blocks.tileentity.TraderTileentityBase)
[17:08:10] [main/WARN]: @Mixin target de.maxhenkel.easyvillagers.blocks.tileentity.TraderTileentityBase was not found mixins.ipnext.json:MixinTraderTileEntityBase
[17:08:10] [main/WARN]: Error loading class: me/shedaniel/rei/impl/client/gui/ScreenOverlayImpl (java.lang.ClassNotFoundException: me.shedaniel.rei.impl.client.gui.ScreenOverlayImpl)
[17:08:10] [main/WARN]: Error loading class: mezz/modnametooltip/TooltipEventHandler (java.lang.ClassNotFoundException: mezz.modnametooltip.TooltipEventHandler)
[17:08:10] [main/WARN]: Error loading class: me/shedaniel/rei/impl/client/ClientHelperImpl (java.lang.ClassNotFoundException: me.shedaniel.rei.impl.client.ClientHelperImpl)
[17:08:10] [main/WARN]: Error loading class: net/strobel/inventive_inventory/features/sorting/SortingHandler (java.lang.ClassNotFoundException: net.strobel.inventive_inventory.features.sorting.SortingHandler)
[17:08:10] [main/WARN]: Error loading class: de/rubixdev/inventorio/player/InventorioScreenHandler (java.lang.ClassNotFoundException: de.rubixdev.inventorio.player.InventorioScreenHandler)
[17:08:10] [main/WARN]: Error loading class: net/blay09/mods/trashslot/client/deletion/DefaultDeletionProvider (java.lang.ClassNotFoundException: net.blay09.mods.trashslot.client.deletion.DefaultDeletionProvider)
[17:08:10] [main/WARN]: Error loading class: journeymap/client/ui/fullscreen/Fullscreen (java.lang.ClassNotFoundException: journeymap.client.ui.fullscreen.Fullscreen)
[17:08:10] [main/WARN]: @Mixin target journeymap.client.ui.fullscreen.Fullscreen was not found create.mixins.json:compat.JourneyFullscreenMapMixin
[17:08:10] [main/WARN]: Error loading class: studio/fantasyit/ars_botania/event/CapEvent (java.lang.ClassNotFoundException: studio.fantasyit.ars_botania.event.CapEvent)
[17:08:10] [main/WARN]: @Mixin target studio.fantasyit.ars_botania.event.CapEvent was not found create_central_kitchen.mixins.json:common.arsbotania.CapEventMixin
[17:08:10] [main/WARN]: Error loading class: umpaz/farmersrespite/common/block/CoffeeBushBlock (java.lang.ClassNotFoundException: umpaz.farmersrespite.common.block.CoffeeBushBlock)
[17:08:10] [main/WARN]: @Mixin target umpaz.farmersrespite.common.block.CoffeeBushBlock was not found create_central_kitchen.mixins.json:common.farmersrespite.CoffeeBushBlockMixin
[17:08:10] [main/WARN]: Error loading class: umpaz/farmersrespite/common/block/CoffeeBushTopBlock (java.lang.ClassNotFoundException: umpaz.farmersrespite.common.block.CoffeeBushTopBlock)
[17:08:10] [main/WARN]: @Mixin target umpaz.farmersrespite.common.block.CoffeeBushTopBlock was not found create_central_kitchen.mixins.json:common.farmersrespite.CoffeeBushTopBlockMixin
[17:08:10] [main/WARN]: Error loading class: umpaz/farmersrespite/common/block/CoffeeDoubleStemBlock (java.lang.ClassNotFoundException: umpaz.farmersrespite.common.block.CoffeeDoubleStemBlock)
[17:08:10] [main/WARN]: @Mixin target umpaz.farmersrespite.common.block.CoffeeDoubleStemBlock was not found create_central_kitchen.mixins.json:common.farmersrespite.CoffeeDoubleStemBlockMixin
[17:08:10] [main/WARN]: Error loading class: umpaz/farmersrespite/common/block/CoffeeMiddleStemBlock (java.lang.ClassNotFoundException: umpaz.farmersrespite.common.block.CoffeeMiddleStemBlock)
[17:08:10] [main/WARN]: @Mixin target umpaz.farmersrespite.common.block.CoffeeMiddleStemBlock was not found create_central_kitchen.mixins.json:common.farmersrespite.CoffeeMiddleStemBlockMixin
[17:08:10] [main/WARN]: Error loading class: umpaz/farmersrespite/common/block/CoffeeStemBlock (java.lang.ClassNotFoundException: umpaz.farmersrespite.common.block.CoffeeStemBlock)
[17:08:10] [main/WARN]: @Mixin target umpaz.farmersrespite.common.block.CoffeeStemBlock was not found create_central_kitchen.mixins.json:common.farmersrespite.CoffeeStemBlockMixin
[17:08:10] [main/WARN]: Error loading class: umpaz/farmersrespite/common/block/entity/KettleBlockEntity (java.lang.ClassNotFoundException: umpaz.farmersrespite.common.block.entity.KettleBlockEntity)
[17:08:10] [main/WARN]: @Mixin target umpaz.farmersrespite.common.block.entity.KettleBlockEntity was not found create_central_kitchen.mixins.json:common.farmersrespite.KettleBlockEntityMixin
[17:08:10] [main/WARN]: Error loading class: umpaz/farmersrespite/common/block/SmallTeaBushBlock (java.lang.ClassNotFoundException: umpaz.farmersrespite.common.block.SmallTeaBushBlock)
[17:08:10] [main/WARN]: @Mixin target umpaz.farmersrespite.common.block.SmallTeaBushBlock was not found create_central_kitchen.mixins.json:common.farmersrespite.SmallTeaBushBlockMixin
[17:08:10] [main/WARN]: Error loading class: umpaz/farmersrespite/common/block/TeaBushBlock (java.lang.ClassNotFoundException: umpaz.farmersrespite.common.block.TeaBushBlock)
[17:08:10] [main/WARN]: @Mixin target umpaz.farmersrespite.common.block.TeaBushBlock was not found create_central_kitchen.mixins.json:common.farmersrespite.TeaBushBlockMixin
[17:08:10] [main/WARN]: Error loading class: com/teamabnormals/neapolitan/common/item/DrinkItem (java.lang.ClassNotFoundException: com.teamabnormals.neapolitan.common.item.DrinkItem)
[17:08:10] [main/WARN]: @Mixin target com.teamabnormals.neapolitan.common.item.DrinkItem was not found create_central_kitchen.mixins.json:common.neapolitan.DrinkItemMixin
[17:08:10] [main/WARN]: Error loading class: net/orcinus/overweightfarming/blocks/CropFullBlock (java.lang.ClassNotFoundException: net.orcinus.overweightfarming.blocks.CropFullBlock)
[17:08:10] [main/WARN]: @Mixin target net.orcinus.overweightfarming.blocks.CropFullBlock was not found create_central_kitchen.mixins.json:common.overweightfarming.CropFullBlockMixin
[17:08:10] [main/INFO]: [MemoryLeakFix] Will be applying 3 memory leak fixes!
[17:08:10] [main/INFO]: [MemoryLeakFix] Currently enabled memory leak fixes: [targetEntityLeak, biomeTemperatureLeak, hugeScreenshotLeak]
[17:08:11] [main/WARN]: Force-disabling mixin 'features.render.world.sky.WorldRendererMixin' as rule 'mixin.features.render.world.sky' (added by mods [oculus]) disables it and children
[17:08:11] [main/WARN]: Force-disabling mixin 'features.render.world.sky.ClientWorldMixin' as rule 'mixin.features.render.world.sky' (added by mods [oculus]) disables it and children
[17:08:11] [main/WARN]: Force-disabling mixin 'features.render.world.sky.BackgroundRendererMixin' as rule 'mixin.features.render.world.sky' (added by mods [oculus]) disables it and children
[17:08:11] [main/WARN]: Force-disabling mixin 'features.render.gui.font.GlyphRendererMixin' as rule 'mixin.features.render.gui.font' (added by mods [oculus]) disables it and children
[17:08:11] [main/WARN]: Force-disabling mixin 'features.render.gui.font.FontSetMixin' as rule 'mixin.features.render.gui.font' (added by mods [oculus]) disables it and children
[17:08:11] [main/WARN]: Force-disabling mixin 'features.render.entity.shadows.EntityRenderDispatcherMixin' as rule 'mixin.features.render.entity' (added by mods [oculus]) disables it and children
[17:08:11] [main/WARN]: Force-disabling mixin 'features.render.entity.remove_streams.ModelPartMixin' as rule 'mixin.features.render.entity' (added by mods [oculus]) disables it and children
[17:08:11] [main/WARN]: Force-disabling mixin 'features.render.entity.remove_streams.HierarchicalModelMixin' as rule 'mixin.features.render.entity' (added by mods [oculus]) disables it and children
[17:08:11] [main/WARN]: Force-disabling mixin 'features.render.entity.fast_render.ModelPartMixin' as rule 'mixin.features.render.entity' (added by mods [oculus]) disables it and children
[17:08:11] [main/WARN]: Force-disabling mixin 'features.render.entity.fast_render.CuboidMixin' as rule 'mixin.features.render.entity' (added by mods [oculus]) disables it and children
[17:08:11] [main/WARN]: Force-disabling mixin 'features.render.entity.cull.EntityRendererMixin' as rule 'mixin.features.render.entity' (added by mods [oculus]) disables it and children
[17:08:11] [main/WARN]: Error loading class: net/caffeinemc/mods/sodium/client/model/light/data/ArrayLightDataCache (java.lang.ClassNotFoundException: net.caffeinemc.mods.sodium.client.model.light.data.ArrayLightDataCache)
[17:08:11] [main/WARN]: Error loading class: net/caffeinemc/mods/sodium/client/model/light/data/ArrayLightDataCache (java.lang.ClassNotFoundException: net.caffeinemc.mods.sodium.client.model.light.data.ArrayLightDataCache)
[17:08:11] [main/WARN]: Error loading class: net/caffeinemc/mods/sodium/client/model/light/flat/FlatLightPipeline (java.lang.ClassNotFoundException: net.caffeinemc.mods.sodium.client.model.light.flat.FlatLightPipeline)
[17:08:11] [main/WARN]: Error loading class: net/caffeinemc/mods/sodium/client/model/light/flat/FlatLightPipeline (java.lang.ClassNotFoundException: net.caffeinemc.mods.sodium.client.model.light.flat.FlatLightPipeline)
[17:08:11] [main/WARN]: Error loading class: net/caffeinemc/mods/sodium/client/model/light/data/LightDataAccess (java.lang.ClassNotFoundException: net.caffeinemc.mods.sodium.client.model.light.data.LightDataAccess)
[17:08:11] [main/WARN]: Error loading class: net/caffeinemc/mods/sodium/client/model/light/data/LightDataAccess (java.lang.ClassNotFoundException: net.caffeinemc.mods.sodium.client.model.light.data.LightDataAccess)
[17:08:11] [main/WARN]: Error loading class: org/jetbrains/annotations/ApiStatus$Internal (java.lang.ClassNotFoundException: org.jetbrains.annotations.ApiStatus$Internal)
[17:08:11] [main/INFO]: Initializing MixinExtras via com.llamalad7.mixinextras.service.MixinExtrasServiceImpl(version=0.5.0-beta.2).
[17:08:11] [main/WARN]: Static binding violation: PRIVATE @Overwrite method m_216202_ in modernfix-forge.mixins.json:perf.tag_id_caching.TagOrElementLocationMixin cannot reduce visibiliy of PUBLIC target method, visibility will be upgraded.
[17:08:11] [main/INFO]: [net.minecraft.client.main.Main:main:99]: Completely ignored arguments: [, , , ]
[17:08:12] [pool-4-thread-1/INFO]: ModernFix reached bootstrap stage (13.36 s after launch)
[17:08:12] [pool-4-thread-1/WARN]: @Final field delegatesByName:Ljava/util/Map; in modernfix-forge.mixins.json:perf.forge_registry_alloc.ForgeRegistryMixin should be final
[17:08:12] [pool-4-thread-1/WARN]: @Final field delegatesByValue:Ljava/util/Map; in modernfix-forge.mixins.json:perf.forge_registry_alloc.ForgeRegistryMixin should be final
[17:08:13] [pool-4-thread-1/WARN]: Method overwrite conflict for m_6104_ in embeddium.mixins.json:features.options.render_layers.LeavesBlockMixin, previously written by me.srrapero720.chloride.mixins.impl.leaves_culling.LeavesBlockMixin. Skipping method.
[17:08:13] [pool-4-thread-1/INFO]: Vanilla bootstrap took 943 milliseconds
[17:08:14] [pool-4-thread-1/WARN]: @Final field f_26027_:Lnet/minecraft/world/entity/ai/targeting/TargetingConditions; in guardvillagers.mixins.json:DefendVillageGoalGolemMixin should be final
[17:08:15] [pool-4-thread-1/WARN]: Static binding violation: PRIVATE @Overwrite method m_47505_ in modernfix-common.mixins.json:perf.remove_biome_temperature_cache.BiomeMixin cannot reduce visibiliy of PUBLIC target method, visibility will be upgraded.
[17:08:16] [Render thread/WARN]: Assets URL 'union:/Users/ycar/Documents/curseforge/minecraft/Install/libraries/net/minecraft/client/1.20.1-20230612.114412/client-1.20.1-20230612.114412-srg.jar%23587!/assets/.mcassetsroot' uses unexpected schema
[17:08:16] [Render thread/WARN]: Assets URL 'union:/Users/ycar/Documents/curseforge/minecraft/Install/libraries/net/minecraft/client/1.20.1-20230612.114412/client-1.20.1-20230612.114412-srg.jar%23587!/data/.mcassetsroot' uses unexpected schema
[17:08:16] [Render thread/INFO]: Environment: authHost='https://authserver.mojang.com', accountsHost='https://api.mojang.com', sessionHost='https://sessionserver.mojang.com', servicesHost='https://api.minecraftservices.com', name='PROD'
[17:08:16] [Render thread/INFO]: Setting user: Ycar_
[17:08:16] [Render thread/INFO]: Bypassed Mojang DFU
[17:08:16] [Render thread/INFO]: OptiFine not detected.
[17:08:16] [Render thread/INFO]: Instantiating Mojang DFU
[17:08:16] [Render thread/INFO]: Added resource packs: []
[17:08:16] [Datafixer Bootstrap/INFO]: 188 Datafixer optimizations took 86 milliseconds
[17:08:17] [Render thread/INFO]: Starting DI!
[17:08:17] [Render thread/INFO]: Authenticating to Mojang as Ycar_ (c60e01aa-c831-47e1-abca-11b82fda8d23)
[17:08:17] [Render thread/INFO]: Backend library: LWJGL version 3.3.1 build 7
[17:08:17] [Render thread/INFO]: Loaded client.properties
[17:08:17] [Render thread/ERROR]: Mod mixin into Embeddium internals detected. This instance is now tainted. The Embeddium team does not provide any guarantee of support for issues encountered while such mods are installed.
[17:08:17] [Render thread/WARN]: Mod(s) [oculus] are modifying Embeddium class me.jellysquid.mods.sodium.client.gui.SodiumGameOptions, which may cause instability.
[17:08:17] [Render thread/INFO]: OpenGL Vendor: Apple
[17:08:17] [Render thread/INFO]: OpenGL Renderer: Apple M1 Pro
[17:08:17] [Render thread/INFO]: OpenGL Version: 4.1 Metal - 89.4
[17:08:17] [Render thread/INFO]: Initializing ImmediatelyFast 1.5.1+1.20.4 on Apple M1 Pro (Apple) with OpenGL 4.1 Metal - 89.4
[17:08:17] [Render thread/WARN]: Apple GPU detected. Disabling fast buffer upload.
[17:08:17] [Render thread/INFO]: Found Iris/Oculus 1.8.0. Enabling compatibility.
[17:08:17] [ForkJoinPool.commonPool-worker-1/ERROR]: Could not find parent kotlin/jvm/internal/Lambda for class gg/essential/elementa/components/UIImage$2$1 in classloader jdk.internal.loader.ClassLoaders$AppClassLoader@30c7da1e on thread Thread[ForkJoinPool.commonPool-worker-1,5,main]
[17:08:17] [ForkJoinPool.commonPool-worker-1/ERROR]: An error occurred building event handler
java.lang.ClassNotFoundException: kotlin.jvm.internal.Lambda
	at jdk.internal.loader.BuiltinClassLoader.loadClass(Unknown Source) ~[?:?]
	at jdk.internal.loader.ClassLoaders$AppClassLoader.loadClass(Unknown Source) ~[?:?]
	at java.lang.ClassLoader.loadClass(Unknown Source) ~[?:?]
	at net.minecraftforge.eventbus.EventSubclassTransformer.buildEvents(EventSubclassTransformer.java:97) ~[eventbus-6.0.5.jar:?]
	at net.minecraftforge.eventbus.EventSubclassTransformer.transform(EventSubclassTransformer.java:48) ~[eventbus-6.0.5.jar:?]
	at net.minecraftforge.eventbus.EventBusEngine.processClass(EventBusEngine.java:26) ~[eventbus-6.0.5.jar:?]
	at net.minecraftforge.eventbus.service.ModLauncherService.processClassWithFlags(ModLauncherService.java:32) ~[eventbus-6.0.5.jar:6.0.5+6.0.5+master.eb8e549b]
	at cpw.mods.modlauncher.LaunchPluginHandler.offerClassNodeToPlugins(LaunchPluginHandler.java:88) ~[modlauncher-10.0.9.jar:?]
	at cpw.mods.modlauncher.ClassTransformer.transform(ClassTransformer.java:120) ~[modlauncher-10.0.9.jar:?]
	at cpw.mods.modlauncher.TransformingClassLoader.maybeTransformClassBytes(TransformingClassLoader.java:50) ~[modlauncher-10.0.9.jar:?]
	at cpw.mods.cl.ModuleClassLoader.readerToClass(ModuleClassLoader.java:113) ~[securejarhandler-2.1.10.jar:?]
	at cpw.mods.cl.ModuleClassLoader.lambda$findClass$15(ModuleClassLoader.java:219) ~[securejarhandler-2.1.10.jar:?]
	at cpw.mods.cl.ModuleClassLoader.loadFromModule(ModuleClassLoader.java:229) ~[securejarhandler-2.1.10.jar:?]
	at cpw.mods.cl.ModuleClassLoader.findClass(ModuleClassLoader.java:219) ~[securejarhandler-2.1.10.jar:?]
	at cpw.mods.cl.ModuleClassLoader.loadClass(ModuleClassLoader.java:135) ~[securejarhandler-2.1.10.jar:?]
	at java.lang.ClassLoader.loadClass(Unknown Source) ~[?:?]
	at gg.essential.elementa.components.UIImage$2.invoke(UIImage.kt:62) ~[?:?]
	at gg.essential.elementa.components.UIImage$2.invoke(UIImage.kt:47) ~[?:?]
	at gg.essential.elementa.components.UIImage._init_$lambda$1(UIImage.kt:47) ~[?:?]
	at java.util.concurrent.CompletableFuture$UniAccept.tryFire(Unknown Source) ~[?:?]
	at java.util.concurrent.CompletableFuture$Completion.exec(Unknown Source) ~[?:?]
	at java.util.concurrent.ForkJoinTask.doExec(Unknown Source) ~[?:?]
	at java.util.concurrent.ForkJoinPool$WorkQueue.topLevelExec(Unknown Source) ~[?:?]
	at java.util.concurrent.ForkJoinPool.scan(Unknown Source) ~[?:?]
	at java.util.concurrent.ForkJoinPool.runWorker(Unknown Source) ~[?:?]
	at java.util.concurrent.ForkJoinWorkerThread.run(Unknown Source) ~[?:?]
[17:08:17] [DefaultDispatcher-worker-3/INFO]: Connecting to Essential Connection Manager...
[17:08:17] [DefaultDispatcher-worker-3/INFO]: Using Default JreDnsResolver
[17:08:17] [DefaultDispatcher-worker-3/INFO]: Using Default JreSocketFactory
[17:08:17] [Render thread/INFO]: Debug functionality is disabled.
[17:08:17] [Render thread/INFO]: DSA support not detected.
[17:08:17] [Render thread/ERROR]: Pack "Super-Duper-Vanilla-master.zip" is not valid! Can't load it.
[17:08:17] [Render thread/WARN]: Falling back to normal rendering without shaders because the shaderpack could not be loaded
[17:08:17] [Render thread/INFO]: Shaders are disabled
[17:08:17] [WebSocketConnectReadThread-62/INFO]: Connected to Essential Connection Manager.
[17:08:18] [modloading-worker-0/WARN]: Configuration file /Users/ycar/Documents/curseforge/minecraft/Instances/Create_ Hell's Kitchen/config/guardvillagers-common.toml is not correct. Correcting
[17:08:18] [modloading-worker-0/INFO]: Hello 1.20.1 Create!
[17:08:18] [modloading-worker-0/INFO]: Registered JSON trade offer adapter.
[17:08:18] [modloading-worker-0/INFO]: Constructing common components for leavesbegone:main
[17:08:18] [modloading-worker-0/INFO]: Constructing common components for easyanvils:main
[17:08:18] [modloading-worker-0/WARN]: Mod(s) [sodiumoptionsapi, oculus] are modifying Embeddium class me.jellysquid.mods.sodium.client.gui.SodiumOptionsGUI, which may cause instability.
[17:08:18] [modloading-worker-0/INFO]: Constructing client components for easyanvils:main
[17:08:18] [modloading-worker-0/INFO]: Loading Noisium.
[17:08:18] [modloading-worker-0/INFO]: Loading Expanded Ecosphere
[17:08:18] [modloading-worker-0/INFO]: [io.ejekta.kambrik.KambrikModForge:<clinit>:22]: Service loaders found: [io.ejekta.kambrik.bridge.KambrikSharedApiForge@3fbd2c3e]
[17:08:18] [modloading-worker-0/INFO]: Create: Trading Floor initializing! Platform: Forge
[17:08:18] [modloading-worker-0/INFO]: Registering all Create: Trading Floor entries
[17:08:18] [modloading-worker-0/INFO]: Registering Particle Emitters for: Create: Trading Floor
[17:08:18] [modloading-worker-0/INFO]: Finished Initialisation For Mod: trading_floor
[17:08:18] [modloading-worker-0/INFO]: Dynamic FPS 3.9.5 active on Forge!
[17:08:18] [modloading-worker-0/INFO]: Create cobblestone initializing on platform: Forge
[17:08:18] [modloading-worker-0/INFO]: Registering packets for Create cobblestone
[17:08:18] [modloading-worker-0/INFO]: Registering S2C receiver with id architectury:sync_ids
[17:08:18] [modloading-worker-0/INFO]: Registering C2S receiver with id architectury:sync_ids
[17:08:18] [modloading-worker-0/INFO]: Registering S2C receiver with id createcobblestone:generator_types_packet
[17:08:18] [modloading-worker-0/INFO]: Registering blocks for Create cobblestone
[17:08:18] [modloading-worker-0/INFO]: Registering blockEntities for Create cobblestone
[17:08:18] [modloading-worker-0/INFO]: [Indigo] Registering Indigo renderer!
[17:08:18] [modloading-worker-0/INFO]: Forge mod loading, version 47.4.0, for MC 1.20.1 with MCP 20230612.114412
[17:08:18] [modloading-worker-0/INFO]: MinecraftForge v47.4.0 Initialized
[17:08:18] [modloading-worker-0/INFO]: [yalter.mousetweaks.Logger:Log:6]: [Mouse Tweaks] Main.initialize()
[17:08:18] [modloading-worker-0/INFO]: [yalter.mousetweaks.Logger:Log:6]: [Mouse Tweaks] Initialized.
[17:08:18] [modloading-worker-0/INFO]: Necronomicon Initialized
[17:08:18] [modloading-worker-0/INFO]: File exists, reading config for elocindev.necronomicon.NecronomiconConfig.
[17:08:18] [modloading-worker-0/INFO]: Config for elocindev.necronomicon.NecronomiconConfig read successfully.
[17:08:18] [modloading-worker-0/INFO]: there is a brick about to fall through your roof at terminal velocity
[17:08:18] [modloading-worker-0/INFO]: Kotlin For Forge Enabled!
[17:08:18] [modloading-worker-0/WARN]: Static binding violation: PRIVATE @Overwrite method m_109501_ in embeddium.mixins.json:core.render.world.WorldRendererMixin cannot reduce visibiliy of PUBLIC target method, visibility will be upgraded.
[17:08:18] [modloading-worker-0/INFO]: Constructing common components for puzzleslib:main
[17:08:18] [modloading-worker-0/INFO]: Registering C2S receiver with id createrailwaysnavigator:crn_network/24de284ed1a534cfb2664200bfb3b1e3
[17:08:18] [modloading-worker-0/INFO]: Registering S2C receiver with id createrailwaysnavigator:crn_network/24de284ed1a534cfb2664200bfb3b1e3
[17:08:18] [modloading-worker-0/INFO]: Registering C2S receiver with id createrailwaysnavigator:crn_network/b977ce0284d33fc79f13f0af88be87d7
[17:08:18] [modloading-worker-0/INFO]: Registering S2C receiver with id createrailwaysnavigator:crn_network/b977ce0284d33fc79f13f0af88be87d7
[17:08:18] [modloading-worker-0/INFO]: [Collective] JSON file 'entity_names.json' generation requested by mod 'villagernames'.
[17:08:18] [modloading-worker-0/INFO]: Constructing client components for puzzleslib:main
[17:08:18] [modloading-worker-0/INFO]: Steam 'n' Rails v1.6.11-alpha initializing! Commit hash: 73874caa7954b79afe70778ad8f542030cf1f720 on Create version: 6.0.6 on platform: Forge
[17:08:18] [modloading-worker-0/INFO]: Create: Numismatics 1.0.15+forge-mc1.20.1 initializing! Create version: 6.0.6 on platform: FORGE
[17:08:18] [modloading-worker-0/INFO]: Create: Interiors v0.5.6 initializing! Create version: 6.0.6 on platform: Forge
[17:08:18] [modloading-worker-0/INFO]: Registering items for Create: Numismatics
[17:08:18] [modloading-worker-0/INFO]: Constructing common components for diagonalblocks:main
[17:08:18] [modloading-worker-0/INFO]: Constructing client components for diagonalblocks:main
[17:08:19] [modloading-worker-0/INFO]: Registering blocks for Create: Numismatics
[17:08:19] [modloading-worker-0/INFO]: Sending ConfigManager...
[17:08:19] [modloading-worker-0/INFO]: Sending ConfigManager took 19.03 ms
[17:08:19] [modloading-worker-0/INFO]: Loading Entity Model Features, PI = 3.1415927 and you can't convince me otherwise.
[17:08:19] [modloading-worker-0/INFO]: Loading Entity Texture Features, also known as ETF!
[17:08:19] [modloading-worker-0/INFO]: [Expanded Ecosphere Updater] Found no updates
[17:08:19] [modloading-worker-0/INFO]: Loading Collective version 8.3.
[17:08:19] [modloading-worker-0/INFO]: [ETF]: 6 new ETF Random Properties registered by entity_model_features.
[17:08:19] [modloading-worker-0/INFO]: Create 6.0.6 initializing! Commit hash: 338bfa0aec952fa51656e8f61bd621ca9b3b2e00
[17:08:19] [modloading-worker-0/INFO]: Registering items for Create Deco
[17:08:19] [modloading-worker-0/INFO]: [dev.tr7zw.trender.gui.impl.client.LibGuiClient:onInitializeClient:38]: [LibGui] Initializing Client...
[17:08:19] [modloading-worker-0/INFO]: [Inventory Profiles Next] Inventory Profiles Next - init in Kotlin
[17:08:19] [modloading-worker-0/INFO]: Registering blocks for Create Deco
[17:08:19] [modloading-worker-0/INFO]: Chloride is here, lets make your experience taste-able
[17:08:19] [modloading-worker-0/WARN]: @Inject(@At("INVOKE")) Shift.BY=2 on create_connected.mixins.json:sequencedgearshift.SequencedGearshiftScreenMixin::handler$doa000$updateParamsOfRow exceeds the maximum allowed value: 0. Increase the value of maxShiftBy to suppress this warning.
[17:08:19] [modloading-worker-0/INFO]: forge loader environment detected
[17:08:19] [modloading-worker-0/INFO]: Registering C2S receiver with id dragonlib:dragonlib_network/69a65f20acde32448da097b16eacfce9
[17:08:19] [modloading-worker-0/INFO]: Registering S2C receiver with id dragonlib:dragonlib_network/69a65f20acde32448da097b16eacfce9
[17:08:19] [modloading-worker-0/INFO]: Registering C2S receiver with id dragonlib:dragonlib_network/69d73e101ecb38b59cc59ce369f9f0e6
[17:08:19] [modloading-worker-0/INFO]: Registering S2C receiver with id dragonlib:dragonlib_network/69d73e101ecb38b59cc59ce369f9f0e6
[17:08:19] [modloading-worker-0/INFO]: Registering C2S receiver with id dragonlib:dragonlib_network/fcf1d4bbbc3b340daddecfd8389e586f
[17:08:19] [modloading-worker-0/INFO]: Registering S2C receiver with id dragonlib:dragonlib_network/fcf1d4bbbc3b340daddecfd8389e586f
[17:08:19] [modloading-worker-0/INFO]: Registering C2S receiver with id dragonlib:dragonlib_network/7ea7435aa82d37fbbe7321ccd48bb6b2
[17:08:19] [modloading-worker-0/INFO]: Registering S2C receiver with id dragonlib:dragonlib_network/7ea7435aa82d37fbbe7321ccd48bb6b2
[17:08:19] [Fire Dragon/INFO]:                              +++ 🐉 +++                             
[17:08:19] [Fire Dragon/INFO]: ---------------------------------------------------------------------
[17:08:19] [Fire Dragon/INFO]:             Loaded DragonLib v1.20.1-2.2.24 by MrJulsen!            
[17:08:19] [Fire Dragon/INFO]:                        Minecraft Forge 1.20.1                       
[17:08:19] [Fire Dragon/INFO]: 
[17:08:19] [Fire Dragon/INFO]:                Discord: https://discord.gg/AeSbNgvc7f               
[17:08:19] [Fire Dragon/INFO]:                            GitHub: unknown                           
[17:08:19] [Fire Dragon/INFO]:   Bug Reports: https://github.com/MisterJulsen/MC-DragonLib2/issues  
[17:08:19] [Fire Dragon/INFO]: ---------------------------------------------------------------------
[17:08:19] [Fire Dragon/INFO]:                              +++ 🐉 +++                             
[17:08:19] [modloading-worker-0/INFO]: Loaded common.properties
[17:08:19] [modloading-worker-0/INFO]: Loaded dev.properties
[17:08:19] [modloading-worker-0/INFO]: Looking for KubeJS plugins...
[17:08:19] [modloading-worker-0/INFO]: Found plugin source kubejs
[17:08:19] [modloading-worker-0/WARN]: Plugin dev.latvian.mods.kubejs.integration.forge.gamestages.GameStagesIntegration does not have required mod gamestages loaded, skipping
[17:08:19] [modloading-worker-0/INFO]: Found plugin source ftbxmodcompat
[17:08:19] [modloading-worker-0/WARN]: Plugin dev.ftb.mods.ftbxmodcompat.ftbchunks.kubejs.FTBChunksKubeJSPlugin does not have required mod ftbchunks loaded, skipping
[17:08:19] [modloading-worker-0/INFO]: Found plugin source kubejsoffline
[17:08:19] [modloading-worker-0/INFO]: Found plugin source kubejs_create
[17:08:19] [modloading-worker-0/INFO]: Added new union URL Type to VFS
[17:08:19] [modloading-worker-0/INFO]: Added new directory Url Types to VFS
[17:08:19] [modloading-worker-0/INFO]: Now attempting to load JavaAssist ClassFile class
[17:08:19] [modloading-worker-0/INFO]: Successfully loaded JavaAssist ClassFile class!
[17:08:19] [modloading-worker-0/INFO]: Found plugin source morejs
[17:08:19] [modloading-worker-0/INFO]: Found plugin source vintage
[17:08:20] [modloading-worker-0/INFO]: Found plugin source probejs
[17:08:20] [modloading-worker-0/INFO]: Done in 191.2 ms
[17:08:20] [modloading-worker-0/INFO]: Registering S2C receiver with id ftblibrary:edit_nbt
[17:08:20] [modloading-worker-0/INFO]: Registering C2S receiver with id ftblibrary:edit_nbt_response
[17:08:20] [modloading-worker-0/INFO]: Registering S2C receiver with id ftblibrary:sync_known_server_registries
[17:08:20] [modloading-worker-0/INFO]: Registering S2C receiver with id ftblibrary:edit_config
[17:08:20] [modloading-worker-0/INFO]: Initializing JamLib on Forge
[17:08:20] [modloading-worker-0/INFO]: Loading custom professions
[17:08:20] [modloading-worker-0/INFO]: Added custom profession: baker
[17:08:20] [modloading-worker-0/INFO]: Updated config file at /Users/ycar/Documents/curseforge/minecraft/Instances/Create_ Hell's Kitchen/config/rightclickharvest.json5
[17:08:20] [modloading-worker-0/INFO]: Initializing Right Click Harvest on FORGE
[17:08:20] [modloading-worker-0/INFO]: [FTB Quests] Enabled KubeJS integration
[17:08:20] [modloading-worker-0/INFO]: Registering S2C receiver with id rightclickharvest:hello
[17:08:20] [modloading-worker-0/INFO]: Registering C2S receiver with id ftbfiltersystem:sync_filter
[17:08:20] [modloading-worker-0/INFO]: Registering S2C receiver with id ftbteams:sync_teams
[17:08:20] [modloading-worker-0/INFO]: Registering S2C receiver with id ftbteams:sync_message_history
[17:08:20] [modloading-worker-0/INFO]: Registering C2S receiver with id ftbteams:open_gui
[17:08:20] [modloading-worker-0/INFO]: Registering S2C receiver with id ftbteams:open_my_team_gui
[17:08:20] [modloading-worker-0/INFO]: Registering C2S receiver with id ftbteams:update_settings
[17:08:20] [modloading-worker-0/INFO]: Registering S2C receiver with id ftbteams:update_settings_response
[17:08:20] [modloading-worker-0/INFO]: Registering C2S receiver with id ftbteams:send_message
[17:08:20] [modloading-worker-0/INFO]: Registering S2C receiver with id ftbteams:send_message_response
[17:08:20] [modloading-worker-0/INFO]: Registering S2C receiver with id ftbteams:update_presence
[17:08:20] [modloading-worker-0/INFO]: Registering C2S receiver with id ftbteams:create_party
[17:08:20] [modloading-worker-0/INFO]: Registering C2S receiver with id ftbteams:player_gui_operation
[17:08:20] [modloading-worker-0/INFO]: Registering class observable.net.BetterChannel$PartialPacketBegin
[17:08:20] [modloading-worker-0/INFO]: Registering C2S receiver with id candlelight:typewriter_sync
[17:08:20] [modloading-worker-0/INFO]: Registering C2S receiver with id candlelight:sign_note
[17:08:20] [modloading-worker-0/INFO]: Registering C2S receiver with id minecraft:channel/observable/61a49a35c5283c0aaa7b0dfea5b7a53a
[17:08:20] [modloading-worker-0/INFO]: Registering S2C receiver with id minecraft:channel/observable/61a49a35c5283c0aaa7b0dfea5b7a53a
[17:08:20] [modloading-worker-0/INFO]: Registered class observable.net.BetterChannel$PartialPacketBegin
[17:08:20] [modloading-worker-0/INFO]: Registering class observable.net.BetterChannel$PartialPacketData
[17:08:20] [modloading-worker-0/INFO]: Registering C2S receiver with id itemfilters:main/14e7fa1454283aec8ae811ef844ada28
[17:08:20] [modloading-worker-0/INFO]: Registering S2C receiver with id itemfilters:main/14e7fa1454283aec8ae811ef844ada28
[17:08:20] [modloading-worker-0/INFO]: Registering C2S receiver with id itemfilters:main/8f6a899247753217b9d86ab427a2b279
[17:08:20] [modloading-worker-0/INFO]: Registering S2C receiver with id itemfilters:main/8f6a899247753217b9d86ab427a2b279
[17:08:20] [modloading-worker-0/INFO]: Registering C2S receiver with id minecraft:channel/observable/3dd73fd88be832559bc3a3c4a2e63b4a
[17:08:20] [modloading-worker-0/INFO]: Registering S2C receiver with id minecraft:channel/observable/3dd73fd88be832559bc3a3c4a2e63b4a
[17:08:20] [modloading-worker-0/INFO]: Registered class observable.net.BetterChannel$PartialPacketData
[17:08:20] [modloading-worker-0/INFO]: Registering class observable.net.C2SPacket$InitTPSProfile
[17:08:20] [modloading-worker-0/INFO]: Registering C2S receiver with id minecraft:channel/observable/b453c08f23b83b82b690c31bf8b2a45a
[17:08:20] [modloading-worker-0/INFO]: Registering S2C receiver with id minecraft:channel/observable/b453c08f23b83b82b690c31bf8b2a45a
[17:08:20] [modloading-worker-0/INFO]: Registered class observable.net.C2SPacket$InitTPSProfile
[17:08:20] [modloading-worker-0/INFO]: Registering class observable.net.C2SPacket$RequestAvailability
[17:08:20] [modloading-worker-0/INFO]: Registering C2S receiver with id brewery:alcohol_sync_request
[17:08:20] [modloading-worker-0/INFO]: Registering C2S receiver with id brewery:drink_alcohol
[17:08:20] [modloading-worker-0/INFO]: Registering C2S receiver with id minecraft:channel/observable/0c662822629034678f5a8f0e70375315
[17:08:20] [modloading-worker-0/INFO]: Registering S2C receiver with id minecraft:channel/observable/0c662822629034678f5a8f0e70375315
[17:08:20] [modloading-worker-0/INFO]: Registered class observable.net.C2SPacket$RequestAvailability
[17:08:20] [modloading-worker-0/INFO]: Registering class observable.net.S2CPacket$ProfilingStarted
[17:08:20] [modloading-worker-0/INFO]: Loading Rhino Minecraft remapper...
[17:08:20] [modloading-worker-0/INFO]: Registering C2S receiver with id minecraft:channel/observable/2e815604a29b3a5cbfe0208e619d86c4
[17:08:20] [modloading-worker-0/INFO]: Registering S2C receiver with id minecraft:channel/observable/2e815604a29b3a5cbfe0208e619d86c4
[17:08:20] [modloading-worker-0/INFO]: Registered class observable.net.S2CPacket$ProfilingStarted
[17:08:20] [modloading-worker-0/INFO]: Rhino properties loaded.
[17:08:20] [modloading-worker-0/INFO]: Registering class observable.net.S2CPacket$ProfilingCompleted
[17:08:20] [modloading-worker-0/INFO]: Registering C2S receiver with id minecraft:channel/observable/9ae83199b65a3768862799cc5e461a02
[17:08:20] [modloading-worker-0/INFO]: Registering S2C receiver with id minecraft:channel/observable/9ae83199b65a3768862799cc5e461a02
[17:08:20] [modloading-worker-0/INFO]: Registered class observable.net.S2CPacket$ProfilingCompleted
[17:08:20] [modloading-worker-0/INFO]: Registering class observable.net.S2CPacket$ProfilerInactive
[17:08:20] [modloading-worker-0/INFO]: Loading mappings for 1.20.1
[17:08:20] [modloading-worker-0/INFO]: Registering C2S receiver with id minecraft:channel/observable/ae8dfae1238e312397aa53e9d14c45ca
[17:08:20] [modloading-worker-0/INFO]: Registering S2C receiver with id minecraft:channel/observable/ae8dfae1238e312397aa53e9d14c45ca
[17:08:20] [modloading-worker-0/INFO]: Registered class observable.net.S2CPacket$ProfilerInactive
[17:08:20] [modloading-worker-0/INFO]: Registering class observable.net.S2CPacket$ProfilingResult
[17:08:20] [modloading-worker-0/INFO]: Registering C2S receiver with id minecraft:channel/observable/3a94cae7336038df9152bcb7b4b94825
[17:08:20] [modloading-worker-0/INFO]: Registering S2C receiver with id minecraft:channel/observable/3a94cae7336038df9152bcb7b4b94825
[17:08:20] [modloading-worker-0/INFO]: Registered class observable.net.S2CPacket$ProfilingResult
[17:08:20] [modloading-worker-0/INFO]: Registering S2C receiver with id ftbquests:sync_quests
[17:08:20] [modloading-worker-0/INFO]: Registering S2C receiver with id ftbquests:sync_team_data
[17:08:20] [modloading-worker-0/INFO]: Registering class observable.net.S2CPacket$Availability
[17:08:20] [modloading-worker-0/INFO]: Registering S2C receiver with id ftbquests:update_task_progress
[17:08:20] [modloading-worker-0/INFO]: Registering C2S receiver with id ftbquests:submit_task
[17:08:20] [modloading-worker-0/INFO]: Registering C2S receiver with id ftbquests:claim_reward
[17:08:20] [modloading-worker-0/INFO]: Registering S2C receiver with id ftbquests:claim_reward_response
[17:08:20] [modloading-worker-0/INFO]: Registering S2C receiver with id ftbquests:sync_editing_mode
[17:08:20] [modloading-worker-0/INFO]: Registering C2S receiver with id ftbquests:get_emergency_items
[17:08:20] [modloading-worker-0/INFO]: Registering S2C receiver with id ftbquests:create_other_team_data
[17:08:20] [modloading-worker-0/INFO]: Registering C2S receiver with id ftbquests:claim_all_rewards
[17:08:20] [modloading-worker-0/INFO]: [libIPN] libIPN - init in Kotlin
[17:08:20] [modloading-worker-0/INFO]: Registering C2S receiver with id ftbquests:claim_choice_reward
[17:08:20] [modloading-worker-0/INFO]: Registering S2C receiver with id ftbquests:display_completion_toast
[17:08:20] [modloading-worker-0/INFO]: Registering S2C receiver with id ftbquests:display_reward_toast
[17:08:20] [modloading-worker-0/INFO]: Registering S2C receiver with id ftbquests:display_item_reward_toast
[17:08:20] [modloading-worker-0/INFO]: Registering C2S receiver with id ftbquests:toggle_pinned
[17:08:20] [modloading-worker-0/INFO]: Registering S2C receiver with id ftbquests:toggle_pinned_response
[17:08:20] [modloading-worker-0/INFO]: Registering C2S receiver with id ftbquests:toggle_chapter_pinned
[17:08:20] [modloading-worker-0/INFO]: Registering S2C receiver with id ftbquests:toggle_chapter_pinned_response
[17:08:20] [modloading-worker-0/INFO]: Registering C2S receiver with id ftbquests:toggle_editing_mode
[17:08:20] [modloading-worker-0/INFO]: Registering C2S receiver with id ftbquests:force_save
[17:08:20] [modloading-worker-0/INFO]: Registering S2C receiver with id ftbquests:update_team_data
[17:08:20] [modloading-worker-0/INFO]: Registering C2S receiver with id ftbquests:set_custom_image
[17:08:20] [modloading-worker-0/INFO]: Registering S2C receiver with id ftbquests:object_started
[17:08:20] [modloading-worker-0/INFO]: Registering S2C receiver with id ftbquests:object_completed
[17:08:20] [modloading-worker-0/INFO]: Registering S2C receiver with id ftbquests:object_started_reset
[17:08:20] [modloading-worker-0/INFO]: Registering S2C receiver with id ftbquests:object_completed_reset
[17:08:20] [modloading-worker-0/INFO]: Registering C2S receiver with id minecraft:channel/observable/c86a824e756d312396d1ba30e943e6aa
[17:08:20] [modloading-worker-0/INFO]: Registering S2C receiver with id ftbquests:sync_lock
[17:08:20] [modloading-worker-0/INFO]: Registering S2C receiver with id minecraft:channel/observable/c86a824e756d312396d1ba30e943e6aa
[17:08:20] [modloading-worker-0/INFO]: Registering S2C receiver with id ftbquests:reset_reward
[17:08:20] [modloading-worker-0/INFO]: Registered class observable.net.S2CPacket$Availability
[17:08:20] [modloading-worker-0/INFO]: Registering S2C receiver with id ftbquests:team_data_changed
[17:08:20] [modloading-worker-0/INFO]: Registering S2C receiver with id ftbquests:task_screen_config_req
[17:08:20] [modloading-worker-0/INFO]: Registering C2S receiver with id ftbquests:task_screen_config_resp
[17:08:20] [modloading-worker-0/INFO]: Registering C2S receiver with id ftbquests:change_progress
[17:08:20] [modloading-worker-0/INFO]: Registering C2S receiver with id ftbquests:create_object
[17:08:20] [modloading-worker-0/INFO]: Registering S2C receiver with id ftbquests:create_object_response
[17:08:20] [modloading-worker-0/INFO]: Registering C2S receiver with id ftbquests:create_task_at
[17:08:20] [modloading-worker-0/INFO]: Registering C2S receiver with id ftbquests:delete_object
[17:08:20] [modloading-worker-0/INFO]: Registering S2C receiver with id ftbquests:delete_object_response
[17:08:20] [modloading-worker-0/INFO]: Registering C2S receiver with id ftbquests:edit_object
[17:08:20] [modloading-worker-0/INFO]: Registering S2C receiver with id ftbquests:edit_object_response
[17:08:20] [modloading-worker-0/INFO]: Registering C2S receiver with id ftbquests:move_chapter
[17:08:20] [modloading-worker-0/INFO]: Registering S2C receiver with id ftbquests:move_chapter_response
[17:08:20] [modloading-worker-0/INFO]: Registering C2S receiver with id ftbquests:move_quest
[17:08:20] [modloading-worker-0/INFO]: Registering S2C receiver with id ftbquests:move_quest_response
[17:08:20] [modloading-worker-0/INFO]: Registering C2S receiver with id ftbquests:change_chapter_group
[17:08:20] [modloading-worker-0/INFO]: Registering S2C receiver with id ftbquests:change_chapter_group_response
[17:08:20] [modloading-worker-0/INFO]: Registering C2S receiver with id ftbquests:move_chapter_group
[17:08:20] [modloading-worker-0/INFO]: Registering S2C receiver with id ftbquests:move_chapter_group_response
[17:08:20] [modloading-worker-0/INFO]: Registering S2C receiver with id ftbquests:sync_reward_blocking
[17:08:20] [modloading-worker-0/INFO]: Registering C2S receiver with id ftbquests:copy_quest
[17:08:20] [modloading-worker-0/INFO]: Registering C2S receiver with id ftbquests:copy_chapter_image
[17:08:20] [modloading-worker-0/INFO]: Registering C2S receiver with id ftbquests:sync_structures_request
[17:08:20] [modloading-worker-0/INFO]: Registering S2C receiver with id ftbquests:sync_structures_response
[17:08:20] [modloading-worker-0/INFO]: Registering C2S receiver with id ftbquests:request_team_data
[17:08:20] [modloading-worker-0/INFO]: Registering S2C receiver with id ftbquests:sync_editor_permission
[17:08:20] [modloading-worker-0/INFO]: Registering S2C receiver with id ftbquests:open_quest_book
[17:08:20] [modloading-worker-0/INFO]: Registering S2C receiver with id ftbquests:clear_display_cache
[17:08:20] [modloading-worker-0/INFO]: Constructing common components for magnumtorch:main
[17:08:20] [modloading-worker-0/INFO]: Done in 0,088 s
[17:08:20] [modloading-worker-0/INFO]: Constructing common components for diagonalfences:main
[17:08:20] [modloading-worker-0/INFO]: Deserializing EventSoundsConfig from '/Users/ycar/Documents/curseforge/minecraft/Instances/Create_ Hell's Kitchen/config/sounds/event.json'
[17:08:20] [modloading-worker-0/INFO]: Deserializing ModConfig from '/Users/ycar/Documents/curseforge/minecraft/Instances/Create_ Hell's Kitchen/config/sounds/mod_utils.json'
[17:08:20] [modloading-worker-0/INFO]: Deserializing ChatSoundsConfig from '/Users/ycar/Documents/curseforge/minecraft/Instances/Create_ Hell's Kitchen/config/sounds/chat.json'
[17:08:20] [modloading-worker-0/INFO]: Deserializing UISoundsConfig from '/Users/ycar/Documents/curseforge/minecraft/Instances/Create_ Hell's Kitchen/config/sounds/ui.json'
[17:08:20] [modloading-worker-0/INFO]: Deserializing WorldSoundsConfig from '/Users/ycar/Documents/curseforge/minecraft/Instances/Create_ Hell's Kitchen/config/sounds/world.json'
[17:08:20] [modloading-worker-0/INFO]: Serializing class dev.imb11.sounds.config.ChatSoundsConfig to '/Users/ycar/Documents/curseforge/minecraft/Instances/Create_ Hell's Kitchen/config/sounds/chat.json'
[17:08:20] [modloading-worker-0/INFO]: Registered bogey styles from railways
[17:08:20] [modloading-worker-0/INFO]: Deserializing YACLConfig from '/Users/ycar/Documents/curseforge/minecraft/Instances/Create_ Hell's Kitchen/config/yacl.json5'
[17:08:20] [modloading-worker-0/INFO]: [BetterF3] Starting...
[17:08:20] [modloading-worker-0/INFO]: [BetterF3] Loading...
[17:08:20] [modloading-worker-0/INFO]: [BetterF3] All done!
[17:08:20] [modloading-worker-0/INFO]: Registering data fixers
[17:08:20] [Railways Datafixer Bootstrap/INFO]: 2 Datafixer optimizations took 1 milliseconds
[17:08:20] [modloading-worker-0/INFO]: Registering tracks for Hex Casting
[17:08:20] [modloading-worker-0/INFO]: Registering tracks for Oh The Biomes You'll Go
[17:08:20] [modloading-worker-0/INFO]: Registering tracks for Blue Skies
[17:08:20] [modloading-worker-0/INFO]: Registering tracks for Twilight Forest
[17:08:20] [modloading-worker-0/INFO]: Registering tracks for Biomes O' Plenty
[17:08:20] [modloading-worker-0/INFO]: Registering tracks for Nature's Spirit
[17:08:20] [modloading-worker-0/INFO]: Registering tracks for Dreams and Desires
[17:08:20] [modloading-worker-0/INFO]: Registering tracks for Quark
[17:08:20] [modloading-worker-0/INFO]: Registering tracks for TerraFirmaCraft
[17:08:21] [modloading-worker-0/INFO]: Loaded script startup_scripts:HK_villagers.js in 0.055 s
[17:08:21] [modloading-worker-0/INFO]: Loaded script startup_scripts:rotaria_items.js in 0.024 s
[17:08:21] [modloading-worker-0/INFO]: example.js#5: Hello, World! (Loaded startup scripts)
[17:08:21] [modloading-worker-0/INFO]: Loaded script startup_scripts:example.js in 0.002 s
[17:08:21] [modloading-worker-0/INFO]: Loaded 3/3 KubeJS startup scripts in 0.585 s with 0 errors and 0 warnings
[17:08:21] [modloading-worker-0/INFO]: example.js#5: Hello, World! (Loaded client scripts)
[17:08:21] [modloading-worker-0/INFO]: Loaded script client_scripts:example.js in 0.003 s
[17:08:21] [modloading-worker-0/INFO]: Loaded 1/1 KubeJS client scripts in 0.037 s with 0 errors and 0 warnings
[17:08:21] [modloading-worker-0/INFO]: Registering C2S receiver with id kubejs:send_data_from_client
[17:08:21] [modloading-worker-0/INFO]: Registering S2C receiver with id kubejs:send_data_from_server
[17:08:21] [modloading-worker-0/INFO]: Registering S2C receiver with id kubejs:paint
[17:08:21] [modloading-worker-0/INFO]: Registering S2C receiver with id kubejs:add_stage
[17:08:21] [modloading-worker-0/INFO]: Registering S2C receiver with id kubejs:remove_stage
[17:08:21] [modloading-worker-0/INFO]: Registering S2C receiver with id kubejs:sync_stages
[17:08:21] [modloading-worker-0/INFO]: Registering C2S receiver with id kubejs:first_click
[17:08:21] [modloading-worker-0/INFO]: Registering S2C receiver with id kubejs:toast
[17:08:21] [modloading-worker-0/INFO]: Registering S2C receiver with id kubejs:reload_startup_scripts
[17:08:21] [modloading-worker-0/INFO]: Registering S2C receiver with id kubejs:display_server_errors
[17:08:21] [modloading-worker-0/INFO]: Registering S2C receiver with id kubejs:display_client_errors
[17:08:23] [Render thread/INFO]: Constructing shapes for ForgeDiagonalFenceBlock[NodeWidth=2.0,ExtensionWidth=2.0,NodeTop=24.0,ExtensionBottom=0.0,ExtensionTop=24.0] took 86ms
[17:08:23] [Render thread/INFO]: Constructing shapes for ForgeDiagonalFenceBlock[NodeWidth=2.0,ExtensionWidth=2.0,NodeTop=16.0,ExtensionBottom=0.0,ExtensionTop=16.0] took 22ms
[17:08:23] [Render thread/INFO]: Constructing shapes for ForgeDiagonalFenceBlock[NodeWidth=2.0,ExtensionWidth=1.0,NodeTop=16.0,ExtensionBottom=6.0,ExtensionTop=15.0] took 46ms
[17:08:26] [Render thread/WARN]: Registry entry listened Registry Entry [minecraft:entity_type / vinery:mule] was not realized!
[17:08:26] [Render thread/WARN]: Registry entry listened Registry Entry [minecraft:entity_type / vinery:wandering_winemaker] was not realized!
[17:08:26] [Render thread/WARN]: Registry entry listened Registry Entry [minecraft:entity_type / meadow:wooly_sheep] was not realized!
[17:08:26] [Render thread/WARN]: Registry entry listened Registry Entry [minecraft:entity_type / meadow:water_buffalo] was not realized!
[17:08:26] [Render thread/WARN]: Registry entry listened Registry Entry [minecraft:entity_type / bloomingnature:termite] was not realized!
[17:08:26] [Render thread/WARN]: Registry entry listened Registry Entry [minecraft:entity_type / bakery:wandering_baker] was not realized!
[17:08:26] [Render thread/WARN]: Registry entry listened Registry Entry [minecraft:entity_type / bloomingnature:wandering_gardener] was not realized!
[17:08:26] [Render thread/WARN]: Registry entry listened Registry Entry [minecraft:entity_type / brewery:beer_elemental] was not realized!
[17:08:26] [Render thread/WARN]: Registry entry listened Registry Entry [minecraft:entity_type / meadow:wooly_cow] was not realized!
[17:08:26] [Render thread/INFO]: Initialized block sets in 35ms
[17:08:26] [Render thread/WARN]: defineId called for: class net.minecraft.world.entity.item.PrimedTnt from class com.drmangotea.tfmg.content.items.weapons.explosives.napalm.NapalmBombEntity
[17:08:26] [Render thread/WARN]: Registry entry listened Registry Entry [minecraft:entity_type / vinery:mule] was not realized!
[17:08:26] [Render thread/WARN]: Registry entry listened Registry Entry [minecraft:entity_type / vinery:wandering_winemaker] was not realized!
[17:08:26] [Render thread/WARN]: Registry entry listened Registry Entry [minecraft:entity_type / meadow:wooly_sheep] was not realized!
[17:08:26] [Render thread/WARN]: Registry entry listened Registry Entry [minecraft:entity_type / meadow:water_buffalo] was not realized!
[17:08:26] [Render thread/WARN]: Registry entry listened Registry Entry [minecraft:entity_type / bloomingnature:termite] was not realized!
[17:08:26] [Render thread/WARN]: Registry entry listened Registry Entry [minecraft:entity_type / bakery:wandering_baker] was not realized!
[17:08:26] [Render thread/WARN]: Registry entry listened Registry Entry [minecraft:entity_type / bloomingnature:wandering_gardener] was not realized!
[17:08:26] [Render thread/WARN]: Registry entry listened Registry Entry [minecraft:entity_type / brewery:beer_elemental] was not realized!
[17:08:26] [Render thread/WARN]: Registry entry listened Registry Entry [minecraft:entity_type / meadow:wooly_cow] was not realized!
[17:08:26] [Render thread/WARN]: Registry entry listened Registry Entry [minecraft:entity_type / vinery:mule] was not realized!
[17:08:26] [Render thread/WARN]: Registry entry listened Registry Entry [minecraft:entity_type / vinery:wandering_winemaker] was not realized!
[17:08:26] [Render thread/WARN]: Registry entry listened Registry Entry [minecraft:entity_type / meadow:wooly_sheep] was not realized!
[17:08:26] [Render thread/WARN]: Registry entry listened Registry Entry [minecraft:entity_type / meadow:water_buffalo] was not realized!
[17:08:26] [Render thread/WARN]: Registry entry listened Registry Entry [minecraft:entity_type / bloomingnature:termite] was not realized!
[17:08:26] [Render thread/WARN]: Registry entry listened Registry Entry [minecraft:entity_type / bakery:wandering_baker] was not realized!
[17:08:26] [Render thread/WARN]: Registry entry listened Registry Entry [minecraft:entity_type / bloomingnature:wandering_gardener] was not realized!
[17:08:26] [Render thread/WARN]: Registry entry listened Registry Entry [minecraft:entity_type / brewery:beer_elemental] was not realized!
[17:08:26] [Render thread/WARN]: Registry entry listened Registry Entry [minecraft:entity_type / meadow:wooly_cow] was not realized!
[17:08:26] [Render thread/WARN]: Registry entry listened Registry Entry [minecraft:entity_type / vinery:mule] was not realized!
[17:08:26] [Render thread/WARN]: Registry entry listened Registry Entry [minecraft:entity_type / vinery:wandering_winemaker] was not realized!
[17:08:26] [Render thread/WARN]: Registry entry listened Registry Entry [minecraft:entity_type / meadow:wooly_sheep] was not realized!
[17:08:26] [Render thread/WARN]: Registry entry listened Registry Entry [minecraft:entity_type / meadow:water_buffalo] was not realized!
[17:08:26] [Render thread/WARN]: Registry entry listened Registry Entry [minecraft:entity_type / bloomingnature:termite] was not realized!
[17:08:26] [Render thread/WARN]: Registry entry listened Registry Entry [minecraft:entity_type / bakery:wandering_baker] was not realized!
[17:08:26] [Render thread/WARN]: Registry entry listened Registry Entry [minecraft:entity_type / bloomingnature:wandering_gardener] was not realized!
[17:08:26] [Render thread/WARN]: Registry entry listened Registry Entry [minecraft:entity_type / brewery:beer_elemental] was not realized!
[17:08:26] [Render thread/WARN]: Registry entry listened Registry Entry [minecraft:entity_type / meadow:wooly_cow] was not realized!
[17:08:26] [Render thread/WARN]: Registry entry listened Registry Entry [minecraft:entity_type / vinery:mule] was not realized!
[17:08:26] [Render thread/WARN]: Registry entry listened Registry Entry [minecraft:entity_type / vinery:wandering_winemaker] was not realized!
[17:08:26] [Render thread/WARN]: Registry entry listened Registry Entry [minecraft:entity_type / meadow:wooly_sheep] was not realized!
[17:08:26] [Render thread/WARN]: Registry entry listened Registry Entry [minecraft:entity_type / meadow:water_buffalo] was not realized!
[17:08:26] [Render thread/WARN]: Registry entry listened Registry Entry [minecraft:entity_type / bloomingnature:termite] was not realized!
[17:08:26] [Render thread/WARN]: Registry entry listened Registry Entry [minecraft:entity_type / bakery:wandering_baker] was not realized!
[17:08:26] [Render thread/WARN]: Registry entry listened Registry Entry [minecraft:entity_type / bloomingnature:wandering_gardener] was not realized!
[17:08:26] [Render thread/WARN]: Registry entry listened Registry Entry [minecraft:entity_type / brewery:beer_elemental] was not realized!
[17:08:26] [Render thread/WARN]: Registry entry listened Registry Entry [minecraft:entity_type / meadow:wooly_cow] was not realized!
[17:08:26] [Render thread/WARN]: Registry entry listened Registry Entry [minecraft:entity_type / meadow:wooly_sheep] was not realized!
[17:08:26] [Render thread/WARN]: Registry entry listened Registry Entry [minecraft:entity_type / meadow:water_buffalo] was not realized!
[17:08:26] [Render thread/WARN]: Registry entry listened Registry Entry [minecraft:entity_type / bloomingnature:termite] was not realized!
[17:08:26] [Render thread/WARN]: Registry entry listened Registry Entry [minecraft:entity_type / bakery:wandering_baker] was not realized!
[17:08:26] [Render thread/WARN]: Registry entry listened Registry Entry [minecraft:entity_type / bloomingnature:wandering_gardener] was not realized!
[17:08:26] [Render thread/WARN]: Registry entry listened Registry Entry [minecraft:entity_type / brewery:beer_elemental] was not realized!
[17:08:26] [Render thread/WARN]: Registry entry listened Registry Entry [minecraft:entity_type / meadow:wooly_cow] was not realized!
[17:08:26] [Render thread/WARN]: Registry entry listened Registry Entry [minecraft:entity_type / meadow:wooly_sheep] was not realized!
[17:08:26] [Render thread/WARN]: Registry entry listened Registry Entry [minecraft:entity_type / meadow:water_buffalo] was not realized!
[17:08:26] [Render thread/WARN]: Registry entry listened Registry Entry [minecraft:entity_type / bloomingnature:termite] was not realized!
[17:08:26] [Render thread/WARN]: Registry entry listened Registry Entry [minecraft:entity_type / bakery:wandering_baker] was not realized!
[17:08:26] [Render thread/WARN]: Registry entry listened Registry Entry [minecraft:entity_type / bloomingnature:wandering_gardener] was not realized!
[17:08:26] [Render thread/WARN]: Registry entry listened Registry Entry [minecraft:entity_type / brewery:beer_elemental] was not realized!
[17:08:26] [Render thread/WARN]: Registry entry listened Registry Entry [minecraft:entity_type / meadow:wooly_cow] was not realized!
[17:08:26] [Render thread/WARN]: Registry entry listened Registry Entry [minecraft:entity_type / meadow:wooly_sheep] was not realized!
[17:08:26] [Render thread/WARN]: Registry entry listened Registry Entry [minecraft:entity_type / meadow:water_buffalo] was not realized!
[17:08:26] [Render thread/WARN]: Registry entry listened Registry Entry [minecraft:entity_type / bloomingnature:termite] was not realized!
[17:08:26] [Render thread/WARN]: Registry entry listened Registry Entry [minecraft:entity_type / bakery:wandering_baker] was not realized!
[17:08:26] [Render thread/WARN]: Registry entry listened Registry Entry [minecraft:entity_type / bloomingnature:wandering_gardener] was not realized!
[17:08:26] [Render thread/WARN]: Registry entry listened Registry Entry [minecraft:entity_type / brewery:beer_elemental] was not realized!
[17:08:26] [Render thread/WARN]: Registry entry listened Registry Entry [minecraft:entity_type / meadow:wooly_cow] was not realized!
[17:08:26] [Render thread/WARN]: Registry entry listened Registry Entry [minecraft:entity_type / meadow:wooly_sheep] was not realized!
[17:08:26] [Render thread/WARN]: Registry entry listened Registry Entry [minecraft:entity_type / meadow:water_buffalo] was not realized!
[17:08:26] [Render thread/WARN]: Registry entry listened Registry Entry [minecraft:entity_type / bloomingnature:termite] was not realized!
[17:08:26] [Render thread/WARN]: Registry entry listened Registry Entry [minecraft:entity_type / bakery:wandering_baker] was not realized!
[17:08:26] [Render thread/WARN]: Registry entry listened Registry Entry [minecraft:entity_type / bloomingnature:wandering_gardener] was not realized!
[17:08:26] [Render thread/WARN]: Registry entry listened Registry Entry [minecraft:entity_type / brewery:beer_elemental] was not realized!
[17:08:26] [Render thread/WARN]: Registry entry listened Registry Entry [minecraft:entity_type / meadow:wooly_cow] was not realized!
[17:08:26] [Render thread/WARN]: Registry entry listened Registry Entry [minecraft:entity_type / meadow:wooly_sheep] was not realized!
[17:08:26] [Render thread/WARN]: Registry entry listened Registry Entry [minecraft:entity_type / meadow:water_buffalo] was not realized!
[17:08:26] [Render thread/WARN]: Registry entry listened Registry Entry [minecraft:entity_type / bloomingnature:termite] was not realized!
[17:08:26] [Render thread/WARN]: Registry entry listened Registry Entry [minecraft:entity_type / bakery:wandering_baker] was not realized!
[17:08:26] [Render thread/WARN]: Registry entry listened Registry Entry [minecraft:entity_type / bloomingnature:wandering_gardener] was not realized!
[17:08:26] [Render thread/WARN]: Registry entry listened Registry Entry [minecraft:entity_type / brewery:beer_elemental] was not realized!
[17:08:26] [Render thread/WARN]: Registry entry listened Registry Entry [minecraft:entity_type / meadow:wooly_cow] was not realized!
[17:08:26] [Render thread/WARN]: Registry entry listened Registry Entry [minecraft:entity_type / meadow:wooly_sheep] was not realized!
[17:08:26] [Render thread/WARN]: Registry entry listened Registry Entry [minecraft:entity_type / meadow:water_buffalo] was not realized!
[17:08:26] [Render thread/WARN]: Registry entry listened Registry Entry [minecraft:entity_type / bloomingnature:termite] was not realized!
[17:08:26] [Render thread/WARN]: Registry entry listened Registry Entry [minecraft:entity_type / bakery:wandering_baker] was not realized!
[17:08:26] [Render thread/WARN]: Registry entry listened Registry Entry [minecraft:entity_type / bloomingnature:wandering_gardener] was not realized!
[17:08:26] [Render thread/WARN]: Registry entry listened Registry Entry [minecraft:entity_type / brewery:beer_elemental] was not realized!
[17:08:26] [Render thread/WARN]: Registry entry listened Registry Entry [minecraft:entity_type / meadow:wooly_cow] was not realized!
[17:08:26] [Render thread/WARN]: Registry entry listened Registry Entry [minecraft:entity_type / meadow:wooly_sheep] was not realized!
[17:08:26] [Render thread/WARN]: Registry entry listened Registry Entry [minecraft:entity_type / meadow:water_buffalo] was not realized!
[17:08:26] [Render thread/WARN]: Registry entry listened Registry Entry [minecraft:entity_type / bloomingnature:termite] was not realized!
[17:08:26] [Render thread/WARN]: Registry entry listened Registry Entry [minecraft:entity_type / bakery:wandering_baker] was not realized!
[17:08:26] [Render thread/WARN]: Registry entry listened Registry Entry [minecraft:entity_type / bloomingnature:wandering_gardener] was not realized!
[17:08:26] [Render thread/WARN]: Registry entry listened Registry Entry [minecraft:entity_type / brewery:beer_elemental] was not realized!
[17:08:26] [Render thread/WARN]: Registry entry listened Registry Entry [minecraft:entity_type / meadow:wooly_cow] was not realized!
[17:08:26] [Render thread/WARN]: Registry entry listened Registry Entry [minecraft:entity_type / meadow:wooly_sheep] was not realized!
[17:08:26] [Render thread/WARN]: Registry entry listened Registry Entry [minecraft:entity_type / meadow:water_buffalo] was not realized!
[17:08:26] [Render thread/WARN]: Registry entry listened Registry Entry [minecraft:entity_type / bloomingnature:termite] was not realized!
[17:08:26] [Render thread/WARN]: Registry entry listened Registry Entry [minecraft:entity_type / bloomingnature:wandering_gardener] was not realized!
[17:08:26] [Render thread/WARN]: Registry entry listened Registry Entry [minecraft:entity_type / brewery:beer_elemental] was not realized!
[17:08:26] [Render thread/WARN]: Registry entry listened Registry Entry [minecraft:entity_type / meadow:wooly_cow] was not realized!
[17:08:26] [Render thread/WARN]: Registry entry listened Registry Entry [minecraft:entity_type / meadow:wooly_sheep] was not realized!
[17:08:26] [Render thread/WARN]: Registry entry listened Registry Entry [minecraft:entity_type / meadow:water_buffalo] was not realized!
[17:08:26] [Render thread/WARN]: Registry entry listened Registry Entry [minecraft:entity_type / brewery:beer_elemental] was not realized!
[17:08:26] [Render thread/WARN]: Registry entry listened Registry Entry [minecraft:entity_type / meadow:wooly_cow] was not realized!
[17:08:26] [Render thread/WARN]: Registry entry listened Registry Entry [minecraft:entity_type / meadow:wooly_sheep] was not realized!
[17:08:26] [Render thread/WARN]: Registry entry listened Registry Entry [minecraft:entity_type / meadow:water_buffalo] was not realized!
[17:08:26] [Render thread/WARN]: Registry entry listened Registry Entry [minecraft:entity_type / meadow:wooly_cow] was not realized!
[17:08:27] [Render thread/INFO]: Registering CHLORIDE built-in packs
[17:08:27] [Render thread/INFO]: Found non-pack entry '/Users/ycar/Documents/curseforge/minecraft/Instances/Create_ Hell's Kitchen/resourcepacks/.DS_Store', ignoring
[17:08:28] [ForkJoinPool.commonPool-worker-5/ERROR]: Could not find parent gg/essential/lib/okhttp3/internal/Internal for class gg/essential/lib/okhttp3/OkHttpClient$1 in classloader jdk.internal.loader.ClassLoaders$AppClassLoader@30c7da1e on thread Thread[ForkJoinPool.commonPool-worker-5,5,main]
[17:08:28] [ForkJoinPool.commonPool-worker-5/ERROR]: An error occurred building event handler
java.lang.ClassNotFoundException: gg.essential.lib.okhttp3.internal.Internal
	at jdk.internal.loader.BuiltinClassLoader.loadClass(Unknown Source) ~[?:?]
	at jdk.internal.loader.ClassLoaders$AppClassLoader.loadClass(Unknown Source) ~[?:?]
	at java.lang.ClassLoader.loadClass(Unknown Source) ~[?:?]
	at net.minecraftforge.eventbus.EventSubclassTransformer.buildEvents(EventSubclassTransformer.java:97) ~[eventbus-6.0.5.jar:?]
	at net.minecraftforge.eventbus.EventSubclassTransformer.transform(EventSubclassTransformer.java:48) ~[eventbus-6.0.5.jar:?]
	at net.minecraftforge.eventbus.EventBusEngine.processClass(EventBusEngine.java:26) ~[eventbus-6.0.5.jar:?]
	at net.minecraftforge.eventbus.service.ModLauncherService.processClassWithFlags(ModLauncherService.java:32) ~[eventbus-6.0.5.jar:6.0.5+6.0.5+master.eb8e549b]
	at cpw.mods.modlauncher.LaunchPluginHandler.offerClassNodeToPlugins(LaunchPluginHandler.java:88) ~[modlauncher-10.0.9.jar:?]
	at cpw.mods.modlauncher.ClassTransformer.transform(ClassTransformer.java:120) ~[modlauncher-10.0.9.jar:?]
	at cpw.mods.modlauncher.TransformingClassLoader.maybeTransformClassBytes(TransformingClassLoader.java:50) ~[modlauncher-10.0.9.jar:?]
	at cpw.mods.cl.ModuleClassLoader.readerToClass(ModuleClassLoader.java:113) ~[securejarhandler-2.1.10.jar:?]
	at cpw.mods.cl.ModuleClassLoader.lambda$findClass$15(ModuleClassLoader.java:219) ~[securejarhandler-2.1.10.jar:?]
	at cpw.mods.cl.ModuleClassLoader.loadFromModule(ModuleClassLoader.java:229) ~[securejarhandler-2.1.10.jar:?]
	at cpw.mods.cl.ModuleClassLoader.findClass(ModuleClassLoader.java:219) ~[securejarhandler-2.1.10.jar:?]
	at cpw.mods.cl.ModuleClassLoader.loadClass(ModuleClassLoader.java:135) ~[securejarhandler-2.1.10.jar:?]
	at java.lang.ClassLoader.loadClass(Unknown Source) ~[?:?]
	at gg.essential.lib.okhttp3.OkHttpClient$Builder.<init>(OkHttpClient.java:475) ~[?:?]
	at gg.essential.util.HttpUtils.httpClient$lambda$1(HttpUtils.kt:40) ~[?:?]
	at java.util.concurrent.CompletableFuture$AsyncSupply.run(Unknown Source) ~[?:?]
	at java.util.concurrent.CompletableFuture$AsyncSupply.exec(Unknown Source) ~[?:?]
	at java.util.concurrent.ForkJoinTask.doExec(Unknown Source) ~[?:?]
	at java.util.concurrent.ForkJoinPool$WorkQueue.topLevelExec(Unknown Source) ~[?:?]
	at java.util.concurrent.ForkJoinPool.scan(Unknown Source) ~[?:?]
	at java.util.concurrent.ForkJoinPool.runWorker(Unknown Source) ~[?:?]
	at java.util.concurrent.ForkJoinWorkerThread.run(Unknown Source) ~[?:?]
[17:08:28] [ForkJoinPool.commonPool-worker-7/ERROR]: Could not find parent kotlin/jvm/internal/Lambda for class gg/essential/mod/cosmetics/settings/CosmeticProperty$Companion$json$2 in classloader jdk.internal.loader.ClassLoaders$AppClassLoader@30c7da1e on thread Thread[ForkJoinPool.commonPool-worker-7,5,main]
[17:08:28] [ForkJoinPool.commonPool-worker-7/ERROR]: An error occurred building event handler
java.lang.ClassNotFoundException: kotlin.jvm.internal.Lambda
	at jdk.internal.loader.BuiltinClassLoader.loadClass(Unknown Source) ~[?:?]
	at jdk.internal.loader.ClassLoaders$AppClassLoader.loadClass(Unknown Source) ~[?:?]
	at java.lang.ClassLoader.loadClass(Unknown Source) ~[?:?]
	at net.minecraftforge.eventbus.EventSubclassTransformer.buildEvents(EventSubclassTransformer.java:97) ~[eventbus-6.0.5.jar:?]
	at net.minecraftforge.eventbus.EventSubclassTransformer.transform(EventSubclassTransformer.java:48) ~[eventbus-6.0.5.jar:?]
	at net.minecraftforge.eventbus.EventBusEngine.processClass(EventBusEngine.java:26) ~[eventbus-6.0.5.jar:?]
	at net.minecraftforge.eventbus.service.ModLauncherService.processClassWithFlags(ModLauncherService.java:32) ~[eventbus-6.0.5.jar:6.0.5+6.0.5+master.eb8e549b]
	at cpw.mods.modlauncher.LaunchPluginHandler.offerClassNodeToPlugins(LaunchPluginHandler.java:88) ~[modlauncher-10.0.9.jar:?]
	at cpw.mods.modlauncher.ClassTransformer.transform(ClassTransformer.java:120) ~[modlauncher-10.0.9.jar:?]
	at cpw.mods.modlauncher.TransformingClassLoader.maybeTransformClassBytes(TransformingClassLoader.java:50) ~[modlauncher-10.0.9.jar:?]
	at cpw.mods.cl.ModuleClassLoader.readerToClass(ModuleClassLoader.java:113) ~[securejarhandler-2.1.10.jar:?]
	at cpw.mods.cl.ModuleClassLoader.lambda$findClass$15(ModuleClassLoader.java:219) ~[securejarhandler-2.1.10.jar:?]
	at cpw.mods.cl.ModuleClassLoader.loadFromModule(ModuleClassLoader.java:229) ~[securejarhandler-2.1.10.jar:?]
	at cpw.mods.cl.ModuleClassLoader.findClass(ModuleClassLoader.java:219) ~[securejarhandler-2.1.10.jar:?]
	at cpw.mods.cl.ModuleClassLoader.loadClass(ModuleClassLoader.java:135) ~[securejarhandler-2.1.10.jar:?]
	at java.lang.ClassLoader.loadClass(Unknown Source) ~[?:?]
	at gg.essential.mod.cosmetics.settings.CosmeticProperty.<clinit>(CosmeticProperty.kt:439) ~[?:?]
	at gg.essential.network.connectionmanager.cosmetics.InfraCosmeticsData$addCosmetic$settingsFuture$1.invoke(InfraCosmeticsData.kt:126) ~[?:?]
	at gg.essential.network.connectionmanager.cosmetics.InfraCosmeticsData$addCosmetic$settingsFuture$1.invoke(InfraCosmeticsData.kt:126) ~[?:?]
	at gg.essential.network.connectionmanager.cosmetics.InfraCosmeticsData.addCosmetic$lambda$3(InfraCosmeticsData.kt:126) ~[?:?]
	at java.util.concurrent.CompletableFuture$UniApply.tryFire(Unknown Source) ~[?:?]
	at java.util.concurrent.CompletableFuture$Completion.exec(Unknown Source) ~[?:?]
	at java.util.concurrent.ForkJoinTask.doExec(Unknown Source) ~[?:?]
	at java.util.concurrent.ForkJoinPool$WorkQueue.topLevelExec(Unknown Source) ~[?:?]
	at java.util.concurrent.ForkJoinPool.scan(Unknown Source) ~[?:?]
	at java.util.concurrent.ForkJoinPool.runWorker(Unknown Source) ~[?:?]
	at java.util.concurrent.ForkJoinWorkerThread.run(Unknown Source) ~[?:?]
[17:08:28] [ForkJoinPool.commonPool-worker-7/ERROR]: Could not find parent kotlin/jvm/internal/Lambda for class gg/essential/mod/cosmetics/settings/CosmeticProperty$Companion$json$2$1 in classloader jdk.internal.loader.ClassLoaders$AppClassLoader@30c7da1e on thread Thread[ForkJoinPool.commonPool-worker-7,5,main]
[17:08:28] [ForkJoinPool.commonPool-worker-7/ERROR]: An error occurred building event handler
java.lang.ClassNotFoundException: kotlin.jvm.internal.Lambda
	at jdk.internal.loader.BuiltinClassLoader.loadClass(Unknown Source) ~[?:?]
	at jdk.internal.loader.ClassLoaders$AppClassLoader.loadClass(Unknown Source) ~[?:?]
	at java.lang.ClassLoader.loadClass(Unknown Source) ~[?:?]
	at net.minecraftforge.eventbus.EventSubclassTransformer.buildEvents(EventSubclassTransformer.java:97) ~[eventbus-6.0.5.jar:?]
	at net.minecraftforge.eventbus.EventSubclassTransformer.transform(EventSubclassTransformer.java:48) ~[eventbus-6.0.5.jar:?]
	at net.minecraftforge.eventbus.EventBusEngine.processClass(EventBusEngine.java:26) ~[eventbus-6.0.5.jar:?]
	at net.minecraftforge.eventbus.service.ModLauncherService.processClassWithFlags(ModLauncherService.java:32) ~[eventbus-6.0.5.jar:6.0.5+6.0.5+master.eb8e549b]
	at cpw.mods.modlauncher.LaunchPluginHandler.offerClassNodeToPlugins(LaunchPluginHandler.java:88) ~[modlauncher-10.0.9.jar:?]
	at cpw.mods.modlauncher.ClassTransformer.transform(ClassTransformer.java:120) ~[modlauncher-10.0.9.jar:?]
	at cpw.mods.modlauncher.TransformingClassLoader.maybeTransformClassBytes(TransformingClassLoader.java:50) ~[modlauncher-10.0.9.jar:?]
	at cpw.mods.cl.ModuleClassLoader.readerToClass(ModuleClassLoader.java:113) ~[securejarhandler-2.1.10.jar:?]
	at cpw.mods.cl.ModuleClassLoader.lambda$findClass$15(ModuleClassLoader.java:219) ~[securejarhandler-2.1.10.jar:?]
	at cpw.mods.cl.ModuleClassLoader.loadFromModule(ModuleClassLoader.java:229) ~[securejarhandler-2.1.10.jar:?]
	at cpw.mods.cl.ModuleClassLoader.findClass(ModuleClassLoader.java:219) ~[securejarhandler-2.1.10.jar:?]
	at cpw.mods.cl.ModuleClassLoader.loadClass(ModuleClassLoader.java:135) ~[securejarhandler-2.1.10.jar:?]
	at java.lang.ClassLoader.loadClass(Unknown Source) ~[?:?]
	at gg.essential.mod.cosmetics.settings.CosmeticProperty$Companion$json$2.invoke(CosmeticProperty.kt:440) ~[?:?]
	at gg.essential.mod.cosmetics.settings.CosmeticProperty$Companion$json$2.invoke(CosmeticProperty.kt:439) ~[?:?]
	at kotlin.SynchronizedLazyImpl.getValue(LazyJVM.kt:74) ~[?:?]
	at gg.essential.mod.cosmetics.settings.CosmeticProperty$Companion.getJson(CosmeticProperty.kt:439) ~[?:?]
	at gg.essential.mod.cosmetics.settings.CosmeticProperty$Companion.fromJsonArray(CosmeticProperty.kt:450) ~[?:?]
	at gg.essential.network.connectionmanager.cosmetics.InfraCosmeticsData$addCosmetic$settingsFuture$1.invoke(InfraCosmeticsData.kt:126) ~[?:?]
	at gg.essential.network.connectionmanager.cosmetics.InfraCosmeticsData$addCosmetic$settingsFuture$1.invoke(InfraCosmeticsData.kt:126) ~[?:?]
	at gg.essential.network.connectionmanager.cosmetics.InfraCosmeticsData.addCosmetic$lambda$3(InfraCosmeticsData.kt:126) ~[?:?]
	at java.util.concurrent.CompletableFuture$UniApply.tryFire(Unknown Source) ~[?:?]
	at java.util.concurrent.CompletableFuture$Completion.exec(Unknown Source) ~[?:?]
	at java.util.concurrent.ForkJoinTask.doExec(Unknown Source) ~[?:?]
	at java.util.concurrent.ForkJoinPool$WorkQueue.topLevelExec(Unknown Source) ~[?:?]
	at java.util.concurrent.ForkJoinPool.scan(Unknown Source) ~[?:?]
	at java.util.concurrent.ForkJoinPool.runWorker(Unknown Source) ~[?:?]
	at java.util.concurrent.ForkJoinWorkerThread.run(Unknown Source) ~[?:?]
[17:08:28] [ForkJoinPool.commonPool-worker-7/ERROR]: Could not find parent gg/essential/mod/cosmetics/settings/FallbackPolymorphicSerializer for class gg/essential/mod/cosmetics/settings/CosmeticProperty$TheSerializer in classloader jdk.internal.loader.ClassLoaders$AppClassLoader@30c7da1e on thread Thread[ForkJoinPool.commonPool-worker-7,5,main]
[17:08:28] [ForkJoinPool.commonPool-worker-7/ERROR]: An error occurred building event handler
java.lang.ClassNotFoundException: gg.essential.mod.cosmetics.settings.FallbackPolymorphicSerializer
	at jdk.internal.loader.BuiltinClassLoader.loadClass(Unknown Source) ~[?:?]
	at jdk.internal.loader.ClassLoaders$AppClassLoader.loadClass(Unknown Source) ~[?:?]
	at java.lang.ClassLoader.loadClass(Unknown Source) ~[?:?]
	at net.minecraftforge.eventbus.EventSubclassTransformer.buildEvents(EventSubclassTransformer.java:97) ~[eventbus-6.0.5.jar:?]
	at net.minecraftforge.eventbus.EventSubclassTransformer.transform(EventSubclassTransformer.java:48) ~[eventbus-6.0.5.jar:?]
	at net.minecraftforge.eventbus.EventBusEngine.processClass(EventBusEngine.java:26) ~[eventbus-6.0.5.jar:?]
	at net.minecraftforge.eventbus.service.ModLauncherService.processClassWithFlags(ModLauncherService.java:32) ~[eventbus-6.0.5.jar:6.0.5+6.0.5+master.eb8e549b]
	at cpw.mods.modlauncher.LaunchPluginHandler.offerClassNodeToPlugins(LaunchPluginHandler.java:88) ~[modlauncher-10.0.9.jar:?]
	at cpw.mods.modlauncher.ClassTransformer.transform(ClassTransformer.java:120) ~[modlauncher-10.0.9.jar:?]
	at cpw.mods.modlauncher.TransformingClassLoader.maybeTransformClassBytes(TransformingClassLoader.java:50) ~[modlauncher-10.0.9.jar:?]
	at cpw.mods.cl.ModuleClassLoader.readerToClass(ModuleClassLoader.java:113) ~[securejarhandler-2.1.10.jar:?]
	at cpw.mods.cl.ModuleClassLoader.lambda$findClass$15(ModuleClassLoader.java:219) ~[securejarhandler-2.1.10.jar:?]
	at cpw.mods.cl.ModuleClassLoader.loadFromModule(ModuleClassLoader.java:229) ~[securejarhandler-2.1.10.jar:?]
	at cpw.mods.cl.ModuleClassLoader.findClass(ModuleClassLoader.java:219) ~[securejarhandler-2.1.10.jar:?]
	at cpw.mods.cl.ModuleClassLoader.loadClass(ModuleClassLoader.java:135) ~[securejarhandler-2.1.10.jar:?]
	at java.lang.ClassLoader.loadClass(Unknown Source) ~[?:?]
	at gg.essential.mod.cosmetics.settings.CosmeticProperty$Companion$json$2$1.invoke(CosmeticProperty.kt:442) ~[?:?]
	at gg.essential.mod.cosmetics.settings.CosmeticProperty$Companion$json$2$1.invoke(CosmeticProperty.kt:440) ~[?:?]
	at kotlinx.serialization.json.JsonKt.Json(Json.kt:199) ~[?:?]
	at kotlinx.serialization.json.JsonKt.Json$default(Json.kt:197) ~[?:?]
	at gg.essential.mod.cosmetics.settings.CosmeticProperty$Companion$json$2.invoke(CosmeticProperty.kt:440) ~[?:?]
	at gg.essential.mod.cosmetics.settings.CosmeticProperty$Companion$json$2.invoke(CosmeticProperty.kt:439) ~[?:?]
	at kotlin.SynchronizedLazyImpl.getValue(LazyJVM.kt:74) ~[?:?]
	at gg.essential.mod.cosmetics.settings.CosmeticProperty$Companion.getJson(CosmeticProperty.kt:439) ~[?:?]
	at gg.essential.mod.cosmetics.settings.CosmeticProperty$Companion.fromJsonArray(CosmeticProperty.kt:450) ~[?:?]
	at gg.essential.network.connectionmanager.cosmetics.InfraCosmeticsData$addCosmetic$settingsFuture$1.invoke(InfraCosmeticsData.kt:126) ~[?:?]
	at gg.essential.network.connectionmanager.cosmetics.InfraCosmeticsData$addCosmetic$settingsFuture$1.invoke(InfraCosmeticsData.kt:126) ~[?:?]
	at gg.essential.network.connectionmanager.cosmetics.InfraCosmeticsData.addCosmetic$lambda$3(InfraCosmeticsData.kt:126) ~[?:?]
	at java.util.concurrent.CompletableFuture$UniApply.tryFire(Unknown Source) ~[?:?]
	at java.util.concurrent.CompletableFuture$Completion.exec(Unknown Source) ~[?:?]
	at java.util.concurrent.ForkJoinTask.doExec(Unknown Source) ~[?:?]
	at java.util.concurrent.ForkJoinPool$WorkQueue.topLevelExec(Unknown Source) ~[?:?]
	at java.util.concurrent.ForkJoinPool.scan(Unknown Source) ~[?:?]
	at java.util.concurrent.ForkJoinPool.runWorker(Unknown Source) ~[?:?]
	at java.util.concurrent.ForkJoinWorkerThread.run(Unknown Source) ~[?:?]
[17:08:28] [ForkJoinPool.commonPool-worker-7/ERROR]: Could not find parent kotlinx/serialization/json/JsonTransformingSerializer for class gg/essential/mod/cosmetics/settings/FallbackPolymorphicSerializer in classloader jdk.internal.loader.ClassLoaders$AppClassLoader@30c7da1e on thread Thread[ForkJoinPool.commonPool-worker-7,5,main]
[17:08:28] [ForkJoinPool.commonPool-worker-7/ERROR]: An error occurred building event handler
java.lang.ClassNotFoundException: kotlinx.serialization.json.JsonTransformingSerializer
	at jdk.internal.loader.BuiltinClassLoader.loadClass(Unknown Source) ~[?:?]
	at jdk.internal.loader.ClassLoaders$AppClassLoader.loadClass(Unknown Source) ~[?:?]
	at java.lang.ClassLoader.loadClass(Unknown Source) ~[?:?]
	at net.minecraftforge.eventbus.EventSubclassTransformer.buildEvents(EventSubclassTransformer.java:97) ~[eventbus-6.0.5.jar:?]
	at net.minecraftforge.eventbus.EventSubclassTransformer.transform(EventSubclassTransformer.java:48) ~[eventbus-6.0.5.jar:?]
	at net.minecraftforge.eventbus.EventBusEngine.processClass(EventBusEngine.java:26) ~[eventbus-6.0.5.jar:?]
	at net.minecraftforge.eventbus.service.ModLauncherService.processClassWithFlags(ModLauncherService.java:32) ~[eventbus-6.0.5.jar:6.0.5+6.0.5+master.eb8e549b]
	at cpw.mods.modlauncher.LaunchPluginHandler.offerClassNodeToPlugins(LaunchPluginHandler.java:88) ~[modlauncher-10.0.9.jar:?]
	at cpw.mods.modlauncher.ClassTransformer.transform(ClassTransformer.java:120) ~[modlauncher-10.0.9.jar:?]
	at cpw.mods.modlauncher.TransformingClassLoader.maybeTransformClassBytes(TransformingClassLoader.java:50) ~[modlauncher-10.0.9.jar:?]
	at cpw.mods.cl.ModuleClassLoader.readerToClass(ModuleClassLoader.java:113) ~[securejarhandler-2.1.10.jar:?]
	at cpw.mods.cl.ModuleClassLoader.lambda$findClass$15(ModuleClassLoader.java:219) ~[securejarhandler-2.1.10.jar:?]
	at cpw.mods.cl.ModuleClassLoader.loadFromModule(ModuleClassLoader.java:229) ~[securejarhandler-2.1.10.jar:?]
	at cpw.mods.cl.ModuleClassLoader.findClass(ModuleClassLoader.java:219) ~[securejarhandler-2.1.10.jar:?]
	at cpw.mods.cl.ModuleClassLoader.loadClass(ModuleClassLoader.java:135) ~[securejarhandler-2.1.10.jar:?]
	at java.lang.ClassLoader.loadClass(Unknown Source) ~[?:?]
	at java.lang.ClassLoader.defineClass1(Native Method) ~[?:?]
	at java.lang.ClassLoader.defineClass(Unknown Source) ~[?:?]
	at cpw.mods.cl.ModuleClassLoader.readerToClass(ModuleClassLoader.java:119) ~[securejarhandler-2.1.10.jar:?]
	at cpw.mods.cl.ModuleClassLoader.lambda$findClass$15(ModuleClassLoader.java:219) ~[securejarhandler-2.1.10.jar:?]
	at cpw.mods.cl.ModuleClassLoader.loadFromModule(ModuleClassLoader.java:229) ~[securejarhandler-2.1.10.jar:?]
	at cpw.mods.cl.ModuleClassLoader.findClass(ModuleClassLoader.java:219) ~[securejarhandler-2.1.10.jar:?]
	at cpw.mods.cl.ModuleClassLoader.loadClass(ModuleClassLoader.java:135) ~[securejarhandler-2.1.10.jar:?]
	at java.lang.ClassLoader.loadClass(Unknown Source) ~[?:?]
	at gg.essential.mod.cosmetics.settings.CosmeticProperty$Companion$json$2$1.invoke(CosmeticProperty.kt:442) ~[?:?]
	at gg.essential.mod.cosmetics.settings.CosmeticProperty$Companion$json$2$1.invoke(CosmeticProperty.kt:440) ~[?:?]
	at kotlinx.serialization.json.JsonKt.Json(Json.kt:199) ~[?:?]
	at kotlinx.serialization.json.JsonKt.Json$default(Json.kt:197) ~[?:?]
	at gg.essential.mod.cosmetics.settings.CosmeticProperty$Companion$json$2.invoke(CosmeticProperty.kt:440) ~[?:?]
	at gg.essential.mod.cosmetics.settings.CosmeticProperty$Companion$json$2.invoke(CosmeticProperty.kt:439) ~[?:?]
	at kotlin.SynchronizedLazyImpl.getValue(LazyJVM.kt:74) ~[?:?]
	at gg.essential.mod.cosmetics.settings.CosmeticProperty$Companion.getJson(CosmeticProperty.kt:439) ~[?:?]
	at gg.essential.mod.cosmetics.settings.CosmeticProperty$Companion.fromJsonArray(CosmeticProperty.kt:450) ~[?:?]
	at gg.essential.network.connectionmanager.cosmetics.InfraCosmeticsData$addCosmetic$settingsFuture$1.invoke(InfraCosmeticsData.kt:126) ~[?:?]
	at gg.essential.network.connectionmanager.cosmetics.InfraCosmeticsData$addCosmetic$settingsFuture$1.invoke(InfraCosmeticsData.kt:126) ~[?:?]
	at gg.essential.network.connectionmanager.cosmetics.InfraCosmeticsData.addCosmetic$lambda$3(InfraCosmeticsData.kt:126) ~[?:?]
	at java.util.concurrent.CompletableFuture$UniApply.tryFire(Unknown Source) ~[?:?]
	at java.util.concurrent.CompletableFuture$Completion.exec(Unknown Source) ~[?:?]
	at java.util.concurrent.ForkJoinTask.doExec(Unknown Source) ~[?:?]
	at java.util.concurrent.ForkJoinPool$WorkQueue.topLevelExec(Unknown Source) ~[?:?]
	at java.util.concurrent.ForkJoinPool.scan(Unknown Source) ~[?:?]
	at java.util.concurrent.ForkJoinPool.runWorker(Unknown Source) ~[?:?]
	at java.util.concurrent.ForkJoinWorkerThread.run(Unknown Source) ~[?:?]
[17:08:28] [ForkJoinPool.commonPool-worker-7/ERROR]: Could not find parent gg/essential/mod/cosmetics/settings/CosmeticProperty for class gg/essential/mod/cosmetics/settings/CosmeticProperty$Unknown in classloader jdk.internal.loader.ClassLoaders$AppClassLoader@30c7da1e on thread Thread[ForkJoinPool.commonPool-worker-7,5,main]
[17:08:28] [ForkJoinPool.commonPool-worker-5/ERROR]: Could not find parent gg/essential/lib/okhttp3/EventListener for class gg/essential/lib/okhttp3/EventListener$1 in classloader jdk.internal.loader.ClassLoaders$AppClassLoader@30c7da1e on thread Thread[ForkJoinPool.commonPool-worker-5,5,main]
[17:08:28] [ForkJoinPool.commonPool-worker-7/ERROR]: An error occurred building event handler
java.lang.ClassNotFoundException: gg.essential.mod.cosmetics.settings.CosmeticProperty
	at jdk.internal.loader.BuiltinClassLoader.loadClass(Unknown Source) ~[?:?]
	at jdk.internal.loader.ClassLoaders$AppClassLoader.loadClass(Unknown Source) ~[?:?]
	at java.lang.ClassLoader.loadClass(Unknown Source) ~[?:?]
	at net.minecraftforge.eventbus.EventSubclassTransformer.buildEvents(EventSubclassTransformer.java:97) ~[eventbus-6.0.5.jar:?]
	at net.minecraftforge.eventbus.EventSubclassTransformer.transform(EventSubclassTransformer.java:48) ~[eventbus-6.0.5.jar:?]
	at net.minecraftforge.eventbus.EventBusEngine.processClass(EventBusEngine.java:26) ~[eventbus-6.0.5.jar:?]
	at net.minecraftforge.eventbus.service.ModLauncherService.processClassWithFlags(ModLauncherService.java:32) ~[eventbus-6.0.5.jar:6.0.5+6.0.5+master.eb8e549b]
	at cpw.mods.modlauncher.LaunchPluginHandler.offerClassNodeToPlugins(LaunchPluginHandler.java:88) ~[modlauncher-10.0.9.jar:?]
	at cpw.mods.modlauncher.ClassTransformer.transform(ClassTransformer.java:120) ~[modlauncher-10.0.9.jar:?]
	at cpw.mods.modlauncher.TransformingClassLoader.maybeTransformClassBytes(TransformingClassLoader.java:50) ~[modlauncher-10.0.9.jar:?]
	at cpw.mods.cl.ModuleClassLoader.readerToClass(ModuleClassLoader.java:113) ~[securejarhandler-2.1.10.jar:?]
	at cpw.mods.cl.ModuleClassLoader.lambda$findClass$15(ModuleClassLoader.java:219) ~[securejarhandler-2.1.10.jar:?]
	at cpw.mods.cl.ModuleClassLoader.loadFromModule(ModuleClassLoader.java:229) ~[securejarhandler-2.1.10.jar:?]
	at cpw.mods.cl.ModuleClassLoader.findClass(ModuleClassLoader.java:219) ~[securejarhandler-2.1.10.jar:?]
	at cpw.mods.cl.ModuleClassLoader.loadClass(ModuleClassLoader.java:135) ~[securejarhandler-2.1.10.jar:?]
	at java.lang.ClassLoader.loadClass(Unknown Source) ~[?:?]
	at gg.essential.mod.cosmetics.settings.CosmeticProperty$TheSerializer.<clinit>(CosmeticProperty.kt:416) ~[?:?]
	at gg.essential.mod.cosmetics.settings.CosmeticProperty$Companion$json$2$1.invoke(CosmeticProperty.kt:442) ~[?:?]
	at gg.essential.mod.cosmetics.settings.CosmeticProperty$Companion$json$2$1.invoke(CosmeticProperty.kt:440) ~[?:?]
	at kotlinx.serialization.json.JsonKt.Json(Json.kt:199) ~[?:?]
	at kotlinx.serialization.json.JsonKt.Json$default(Json.kt:197) ~[?:?]
	at gg.essential.mod.cosmetics.settings.CosmeticProperty$Companion$json$2.invoke(CosmeticProperty.kt:440) ~[?:?]
	at gg.essential.mod.cosmetics.settings.CosmeticProperty$Companion$json$2.invoke(CosmeticProperty.kt:439) ~[?:?]
	at kotlin.SynchronizedLazyImpl.getValue(LazyJVM.kt:74) ~[?:?]
	at gg.essential.mod.cosmetics.settings.CosmeticProperty$Companion.getJson(CosmeticProperty.kt:439) ~[?:?]
	at gg.essential.mod.cosmetics.settings.CosmeticProperty$Companion.fromJsonArray(CosmeticProperty.kt:450) ~[?:?]
	at gg.essential.network.connectionmanager.cosmetics.InfraCosmeticsData$addCosmetic$settingsFuture$1.invoke(InfraCosmeticsData.kt:126) ~[?:?]
	at gg.essential.network.connectionmanager.cosmetics.InfraCosmeticsData$addCosmetic$settingsFuture$1.invoke(InfraCosmeticsData.kt:126) ~[?:?]
	at gg.essential.network.connectionmanager.cosmetics.InfraCosmeticsData.addCosmetic$lambda$3(InfraCosmeticsData.kt:126) ~[?:?]
	at java.util.concurrent.CompletableFuture$UniApply.tryFire(Unknown Source) ~[?:?]
	at java.util.concurrent.CompletableFuture$Completion.exec(Unknown Source) ~[?:?]
	at java.util.concurrent.ForkJoinTask.doExec(Unknown Source) ~[?:?]
	at java.util.concurrent.ForkJoinPool$WorkQueue.topLevelExec(Unknown Source) ~[?:?]
	at java.util.concurrent.ForkJoinPool.scan(Unknown Source) ~[?:?]
	at java.util.concurrent.ForkJoinPool.runWorker(Unknown Source) ~[?:?]
	at java.util.concurrent.ForkJoinWorkerThread.run(Unknown Source) ~[?:?]
[17:08:28] [ForkJoinPool.commonPool-worker-5/ERROR]: An error occurred building event handler
java.lang.ClassNotFoundException: gg.essential.lib.okhttp3.EventListener
	at jdk.internal.loader.BuiltinClassLoader.loadClass(Unknown Source) ~[?:?]
	at jdk.internal.loader.ClassLoaders$AppClassLoader.loadClass(Unknown Source) ~[?:?]
	at java.lang.ClassLoader.loadClass(Unknown Source) ~[?:?]
	at net.minecraftforge.eventbus.EventSubclassTransformer.buildEvents(EventSubclassTransformer.java:97) ~[eventbus-6.0.5.jar:?]
	at net.minecraftforge.eventbus.EventSubclassTransformer.transform(EventSubclassTransformer.java:48) ~[eventbus-6.0.5.jar:?]
	at net.minecraftforge.eventbus.EventBusEngine.processClass(EventBusEngine.java:26) ~[eventbus-6.0.5.jar:?]
	at net.minecraftforge.eventbus.service.ModLauncherService.processClassWithFlags(ModLauncherService.java:32) ~[eventbus-6.0.5.jar:6.0.5+6.0.5+master.eb8e549b]
	at cpw.mods.modlauncher.LaunchPluginHandler.offerClassNodeToPlugins(LaunchPluginHandler.java:88) ~[modlauncher-10.0.9.jar:?]
	at cpw.mods.modlauncher.ClassTransformer.transform(ClassTransformer.java:120) ~[modlauncher-10.0.9.jar:?]
	at cpw.mods.modlauncher.TransformingClassLoader.maybeTransformClassBytes(TransformingClassLoader.java:50) ~[modlauncher-10.0.9.jar:?]
	at cpw.mods.cl.ModuleClassLoader.readerToClass(ModuleClassLoader.java:113) ~[securejarhandler-2.1.10.jar:?]
	at cpw.mods.cl.ModuleClassLoader.lambda$findClass$15(ModuleClassLoader.java:219) ~[securejarhandler-2.1.10.jar:?]
	at cpw.mods.cl.ModuleClassLoader.loadFromModule(ModuleClassLoader.java:229) ~[securejarhandler-2.1.10.jar:?]
	at cpw.mods.cl.ModuleClassLoader.findClass(ModuleClassLoader.java:219) ~[securejarhandler-2.1.10.jar:?]
	at cpw.mods.cl.ModuleClassLoader.loadClass(ModuleClassLoader.java:135) ~[securejarhandler-2.1.10.jar:?]
	at java.lang.ClassLoader.loadClass(Unknown Source) ~[?:?]
	at gg.essential.lib.okhttp3.OkHttpClient$Builder.<init>(OkHttpClient.java:477) ~[?:?]
	at gg.essential.util.HttpUtils.httpClient$lambda$1(HttpUtils.kt:40) ~[?:?]
	at java.util.concurrent.CompletableFuture$AsyncSupply.run(Unknown Source) ~[?:?]
	at java.util.concurrent.CompletableFuture$AsyncSupply.exec(Unknown Source) ~[?:?]
	at java.util.concurrent.ForkJoinTask.doExec(Unknown Source) ~[?:?]
	at java.util.concurrent.ForkJoinPool$WorkQueue.topLevelExec(Unknown Source) ~[?:?]
	at java.util.concurrent.ForkJoinPool.scan(Unknown Source) ~[?:?]
	at java.util.concurrent.ForkJoinPool.runWorker(Unknown Source) ~[?:?]
	at java.util.concurrent.ForkJoinWorkerThread.run(Unknown Source) ~[?:?]
[17:08:28] [ForkJoinPool.commonPool-worker-7/ERROR]: Could not find parent gg/essential/mod/cosmetics/settings/CosmeticProperty for class gg/essential/mod/cosmetics/settings/CosmeticProperty$ArmorHandling in classloader jdk.internal.loader.ClassLoaders$AppClassLoader@30c7da1e on thread Thread[ForkJoinPool.commonPool-worker-7,5,main]
[17:08:28] [ForkJoinPool.commonPool-worker-7/ERROR]: An error occurred building event handler
java.lang.ClassNotFoundException: gg.essential.mod.cosmetics.settings.CosmeticProperty
	at jdk.internal.loader.BuiltinClassLoader.loadClass(Unknown Source) ~[?:?]
	at jdk.internal.loader.ClassLoaders$AppClassLoader.loadClass(Unknown Source) ~[?:?]
	at java.lang.ClassLoader.loadClass(Unknown Source) ~[?:?]
	at net.minecraftforge.eventbus.EventSubclassTransformer.buildEvents(EventSubclassTransformer.java:97) ~[eventbus-6.0.5.jar:?]
	at net.minecraftforge.eventbus.EventSubclassTransformer.transform(EventSubclassTransformer.java:48) ~[eventbus-6.0.5.jar:?]
	at net.minecraftforge.eventbus.EventBusEngine.processClass(EventBusEngine.java:26) ~[eventbus-6.0.5.jar:?]
	at net.minecraftforge.eventbus.service.ModLauncherService.processClassWithFlags(ModLauncherService.java:32) ~[eventbus-6.0.5.jar:6.0.5+6.0.5+master.eb8e549b]
	at cpw.mods.modlauncher.LaunchPluginHandler.offerClassNodeToPlugins(LaunchPluginHandler.java:88) ~[modlauncher-10.0.9.jar:?]
	at cpw.mods.modlauncher.ClassTransformer.transform(ClassTransformer.java:120) ~[modlauncher-10.0.9.jar:?]
	at cpw.mods.modlauncher.TransformingClassLoader.maybeTransformClassBytes(TransformingClassLoader.java:50) ~[modlauncher-10.0.9.jar:?]
	at cpw.mods.cl.ModuleClassLoader.readerToClass(ModuleClassLoader.java:113) ~[securejarhandler-2.1.10.jar:?]
	at cpw.mods.cl.ModuleClassLoader.lambda$findClass$15(ModuleClassLoader.java:219) ~[securejarhandler-2.1.10.jar:?]
	at cpw.mods.cl.ModuleClassLoader.loadFromModule(ModuleClassLoader.java:229) ~[securejarhandler-2.1.10.jar:?]
	at cpw.mods.cl.ModuleClassLoader.findClass(ModuleClassLoader.java:219) ~[securejarhandler-2.1.10.jar:?]
	at cpw.mods.cl.ModuleClassLoader.loadClass(ModuleClassLoader.java:135) ~[securejarhandler-2.1.10.jar:?]
	at java.lang.ClassLoader.loadClass(Unknown Source) ~[?:?]
	at gg.essential.mod.cosmetics.settings.CosmeticProperty$TheSerializer.<clinit>(CosmeticProperty.kt:417) ~[?:?]
	at gg.essential.mod.cosmetics.settings.CosmeticProperty$Companion$json$2$1.invoke(CosmeticProperty.kt:442) ~[?:?]
	at gg.essential.mod.cosmetics.settings.CosmeticProperty$Companion$json$2$1.invoke(CosmeticProperty.kt:440) ~[?:?]
	at kotlinx.serialization.json.JsonKt.Json(Json.kt:199) ~[?:?]
	at kotlinx.serialization.json.JsonKt.Json$default(Json.kt:197) ~[?:?]
	at gg.essential.mod.cosmetics.settings.CosmeticProperty$Companion$json$2.invoke(CosmeticProperty.kt:440) ~[?:?]
	at gg.essential.mod.cosmetics.settings.CosmeticProperty$Companion$json$2.invoke(CosmeticProperty.kt:439) ~[?:?]
	at kotlin.SynchronizedLazyImpl.getValue(LazyJVM.kt:74) ~[?:?]
	at gg.essential.mod.cosmetics.settings.CosmeticProperty$Companion.getJson(CosmeticProperty.kt:439) ~[?:?]
	at gg.essential.mod.cosmetics.settings.CosmeticProperty$Companion.fromJsonArray(CosmeticProperty.kt:450) ~[?:?]
	at gg.essential.network.connectionmanager.cosmetics.InfraCosmeticsData$addCosmetic$settingsFuture$1.invoke(InfraCosmeticsData.kt:126) ~[?:?]
	at gg.essential.network.connectionmanager.cosmetics.InfraCosmeticsData$addCosmetic$settingsFuture$1.invoke(InfraCosmeticsData.kt:126) ~[?:?]
	at gg.essential.network.connectionmanager.cosmetics.InfraCosmeticsData.addCosmetic$lambda$3(InfraCosmeticsData.kt:126) ~[?:?]
	at java.util.concurrent.CompletableFuture$UniApply.tryFire(Unknown Source) ~[?:?]
	at java.util.concurrent.CompletableFuture$Completion.exec(Unknown Source) ~[?:?]
	at java.util.concurrent.ForkJoinTask.doExec(Unknown Source) ~[?:?]
	at java.util.concurrent.ForkJoinPool$WorkQueue.topLevelExec(Unknown Source) ~[?:?]
	at java.util.concurrent.ForkJoinPool.scan(Unknown Source) ~[?:?]
	at java.util.concurrent.ForkJoinPool.runWorker(Unknown Source) ~[?:?]
	at java.util.concurrent.ForkJoinWorkerThread.run(Unknown Source) ~[?:?]
[17:08:28] [ForkJoinPool.commonPool-worker-5/ERROR]: Could not find parent gg/essential/lib/okhttp3/internal/tls/CertificateChainCleaner for class gg/essential/lib/okhttp3/internal/tls/BasicCertificateChainCleaner in classloader jdk.internal.loader.ClassLoaders$AppClassLoader@30c7da1e on thread Thread[ForkJoinPool.commonPool-worker-5,5,main]
[17:08:28] [ForkJoinPool.commonPool-worker-5/ERROR]: An error occurred building event handler
java.lang.ClassNotFoundException: gg.essential.lib.okhttp3.internal.tls.CertificateChainCleaner
	at jdk.internal.loader.BuiltinClassLoader.loadClass(Unknown Source) ~[?:?]
	at jdk.internal.loader.ClassLoaders$AppClassLoader.loadClass(Unknown Source) ~[?:?]
	at java.lang.ClassLoader.loadClass(Unknown Source) ~[?:?]
	at net.minecraftforge.eventbus.EventSubclassTransformer.buildEvents(EventSubclassTransformer.java:97) ~[eventbus-6.0.5.jar:?]
	at net.minecraftforge.eventbus.EventSubclassTransformer.transform(EventSubclassTransformer.java:48) ~[eventbus-6.0.5.jar:?]
	at net.minecraftforge.eventbus.EventBusEngine.processClass(EventBusEngine.java:26) ~[eventbus-6.0.5.jar:?]
	at net.minecraftforge.eventbus.service.ModLauncherService.processClassWithFlags(ModLauncherService.java:32) ~[eventbus-6.0.5.jar:6.0.5+6.0.5+master.eb8e549b]
	at cpw.mods.modlauncher.LaunchPluginHandler.offerClassNodeToPlugins(LaunchPluginHandler.java:88) ~[modlauncher-10.0.9.jar:?]
	at cpw.mods.modlauncher.ClassTransformer.transform(ClassTransformer.java:120) ~[modlauncher-10.0.9.jar:?]
	at cpw.mods.modlauncher.TransformingClassLoader.maybeTransformClassBytes(TransformingClassLoader.java:50) ~[modlauncher-10.0.9.jar:?]
	at cpw.mods.cl.ModuleClassLoader.readerToClass(ModuleClassLoader.java:113) ~[securejarhandler-2.1.10.jar:?]
	at cpw.mods.cl.ModuleClassLoader.lambda$findClass$15(ModuleClassLoader.java:219) ~[securejarhandler-2.1.10.jar:?]
	at cpw.mods.cl.ModuleClassLoader.loadFromModule(ModuleClassLoader.java:229) ~[securejarhandler-2.1.10.jar:?]
	at cpw.mods.cl.ModuleClassLoader.findClass(ModuleClassLoader.java:219) ~[securejarhandler-2.1.10.jar:?]
	at cpw.mods.cl.ModuleClassLoader.loadClass(ModuleClassLoader.java:135) ~[securejarhandler-2.1.10.jar:?]
	at java.lang.ClassLoader.loadClass(Unknown Source) ~[?:?]
	at gg.essential.lib.okhttp3.OkHttpClient$Builder.sslSocketFactory(OkHttpClient.java:696) ~[?:?]
	at gg.essential.util.HttpUtils.httpClient$lambda$1(HttpUtils.kt:41) ~[?:?]
	at java.util.concurrent.CompletableFuture$AsyncSupply.run(Unknown Source) ~[?:?]
	at java.util.concurrent.CompletableFuture$AsyncSupply.exec(Unknown Source) ~[?:?]
	at java.util.concurrent.ForkJoinTask.doExec(Unknown Source) ~[?:?]
	at java.util.concurrent.ForkJoinPool$WorkQueue.topLevelExec(Unknown Source) ~[?:?]
	at java.util.concurrent.ForkJoinPool.scan(Unknown Source) ~[?:?]
	at java.util.concurrent.ForkJoinPool.runWorker(Unknown Source) ~[?:?]
	at java.util.concurrent.ForkJoinWorkerThread.run(Unknown Source) ~[?:?]
[17:08:28] [ForkJoinPool.commonPool-worker-7/ERROR]: Could not find parent gg/essential/mod/cosmetics/settings/CosmeticProperty for class gg/essential/mod/cosmetics/settings/CosmeticProperty$ArmorHandlingV2 in classloader jdk.internal.loader.ClassLoaders$AppClassLoader@30c7da1e on thread Thread[ForkJoinPool.commonPool-worker-7,5,main]
[17:08:28] [ForkJoinPool.commonPool-worker-5/ERROR]: Could not find parent gg/essential/lib/okhttp3/internal/platform/Platform for class gg/essential/lib/okhttp3/internal/platform/Jdk9Platform in classloader jdk.internal.loader.ClassLoaders$AppClassLoader@30c7da1e on thread Thread[ForkJoinPool.commonPool-worker-5,5,main]
[17:08:28] [ForkJoinPool.commonPool-worker-7/ERROR]: An error occurred building event handler
java.lang.ClassNotFoundException: gg.essential.mod.cosmetics.settings.CosmeticProperty
	at jdk.internal.loader.BuiltinClassLoader.loadClass(Unknown Source) ~[?:?]
	at jdk.internal.loader.ClassLoaders$AppClassLoader.loadClass(Unknown Source) ~[?:?]
	at java.lang.ClassLoader.loadClass(Unknown Source) ~[?:?]
	at net.minecraftforge.eventbus.EventSubclassTransformer.buildEvents(EventSubclassTransformer.java:97) ~[eventbus-6.0.5.jar:?]
	at net.minecraftforge.eventbus.EventSubclassTransformer.transform(EventSubclassTransformer.java:48) ~[eventbus-6.0.5.jar:?]
	at net.minecraftforge.eventbus.EventBusEngine.processClass(EventBusEngine.java:26) ~[eventbus-6.0.5.jar:?]
	at net.minecraftforge.eventbus.service.ModLauncherService.processClassWithFlags(ModLauncherService.java:32) ~[eventbus-6.0.5.jar:6.0.5+6.0.5+master.eb8e549b]
	at cpw.mods.modlauncher.LaunchPluginHandler.offerClassNodeToPlugins(LaunchPluginHandler.java:88) ~[modlauncher-10.0.9.jar:?]
	at cpw.mods.modlauncher.ClassTransformer.transform(ClassTransformer.java:120) ~[modlauncher-10.0.9.jar:?]
	at cpw.mods.modlauncher.TransformingClassLoader.maybeTransformClassBytes(TransformingClassLoader.java:50) ~[modlauncher-10.0.9.jar:?]
	at cpw.mods.cl.ModuleClassLoader.readerToClass(ModuleClassLoader.java:113) ~[securejarhandler-2.1.10.jar:?]
	at cpw.mods.cl.ModuleClassLoader.lambda$findClass$15(ModuleClassLoader.java:219) ~[securejarhandler-2.1.10.jar:?]
	at cpw.mods.cl.ModuleClassLoader.loadFromModule(ModuleClassLoader.java:229) ~[securejarhandler-2.1.10.jar:?]
	at cpw.mods.cl.ModuleClassLoader.findClass(ModuleClassLoader.java:219) ~[securejarhandler-2.1.10.jar:?]
	at cpw.mods.cl.ModuleClassLoader.loadClass(ModuleClassLoader.java:135) ~[securejarhandler-2.1.10.jar:?]
	at java.lang.ClassLoader.loadClass(Unknown Source) ~[?:?]
	at gg.essential.mod.cosmetics.settings.CosmeticProperty$TheSerializer.<clinit>(CosmeticProperty.kt:418) ~[?:?]
	at gg.essential.mod.cosmetics.settings.CosmeticProperty$Companion$json$2$1.invoke(CosmeticProperty.kt:442) ~[?:?]
	at gg.essential.mod.cosmetics.settings.CosmeticProperty$Companion$json$2$1.invoke(CosmeticProperty.kt:440) ~[?:?]
	at kotlinx.serialization.json.JsonKt.Json(Json.kt:199) ~[?:?]
	at kotlinx.serialization.json.JsonKt.Json$default(Json.kt:197) ~[?:?]
	at gg.essential.mod.cosmetics.settings.CosmeticProperty$Companion$json$2.invoke(CosmeticProperty.kt:440) ~[?:?]
	at gg.essential.mod.cosmetics.settings.CosmeticProperty$Companion$json$2.invoke(CosmeticProperty.kt:439) ~[?:?]
	at kotlin.SynchronizedLazyImpl.getValue(LazyJVM.kt:74) ~[?:?]
	at gg.essential.mod.cosmetics.settings.CosmeticProperty$Companion.getJson(CosmeticProperty.kt:439) ~[?:?]
	at gg.essential.mod.cosmetics.settings.CosmeticProperty$Companion.fromJsonArray(CosmeticProperty.kt:450) ~[?:?]
	at gg.essential.network.connectionmanager.cosmetics.InfraCosmeticsData$addCosmetic$settingsFuture$1.invoke(InfraCosmeticsData.kt:126) ~[?:?]
	at gg.essential.network.connectionmanager.cosmetics.InfraCosmeticsData$addCosmetic$settingsFuture$1.invoke(InfraCosmeticsData.kt:126) ~[?:?]
	at gg.essential.network.connectionmanager.cosmetics.InfraCosmeticsData.addCosmetic$lambda$3(InfraCosmeticsData.kt:126) ~[?:?]
	at java.util.concurrent.CompletableFuture$UniApply.tryFire(Unknown Source) ~[?:?]
	at java.util.concurrent.CompletableFuture$Completion.exec(Unknown Source) ~[?:?]
	at java.util.concurrent.ForkJoinTask.doExec(Unknown Source) ~[?:?]
	at java.util.concurrent.ForkJoinPool$WorkQueue.topLevelExec(Unknown Source) ~[?:?]
	at java.util.concurrent.ForkJoinPool.scan(Unknown Source) ~[?:?]
	at java.util.concurrent.ForkJoinPool.runWorker(Unknown Source) ~[?:?]
	at java.util.concurrent.ForkJoinWorkerThread.run(Unknown Source) ~[?:?]
[17:08:28] [ForkJoinPool.commonPool-worker-5/ERROR]: An error occurred building event handler
java.lang.ClassNotFoundException: gg.essential.lib.okhttp3.internal.platform.Platform
	at jdk.internal.loader.BuiltinClassLoader.loadClass(Unknown Source) ~[?:?]
	at jdk.internal.loader.ClassLoaders$AppClassLoader.loadClass(Unknown Source) ~[?:?]
	at java.lang.ClassLoader.loadClass(Unknown Source) ~[?:?]
	at net.minecraftforge.eventbus.EventSubclassTransformer.buildEvents(EventSubclassTransformer.java:97) ~[eventbus-6.0.5.jar:?]
	at net.minecraftforge.eventbus.EventSubclassTransformer.transform(EventSubclassTransformer.java:48) ~[eventbus-6.0.5.jar:?]
	at net.minecraftforge.eventbus.EventBusEngine.processClass(EventBusEngine.java:26) ~[eventbus-6.0.5.jar:?]
	at net.minecraftforge.eventbus.service.ModLauncherService.processClassWithFlags(ModLauncherService.java:32) ~[eventbus-6.0.5.jar:6.0.5+6.0.5+master.eb8e549b]
	at cpw.mods.modlauncher.LaunchPluginHandler.offerClassNodeToPlugins(LaunchPluginHandler.java:88) ~[modlauncher-10.0.9.jar:?]
	at cpw.mods.modlauncher.ClassTransformer.transform(ClassTransformer.java:120) ~[modlauncher-10.0.9.jar:?]
	at cpw.mods.modlauncher.TransformingClassLoader.maybeTransformClassBytes(TransformingClassLoader.java:50) ~[modlauncher-10.0.9.jar:?]
	at cpw.mods.cl.ModuleClassLoader.readerToClass(ModuleClassLoader.java:113) ~[securejarhandler-2.1.10.jar:?]
	at cpw.mods.cl.ModuleClassLoader.lambda$findClass$15(ModuleClassLoader.java:219) ~[securejarhandler-2.1.10.jar:?]
	at cpw.mods.cl.ModuleClassLoader.loadFromModule(ModuleClassLoader.java:229) ~[securejarhandler-2.1.10.jar:?]
	at cpw.mods.cl.ModuleClassLoader.findClass(ModuleClassLoader.java:219) ~[securejarhandler-2.1.10.jar:?]
	at cpw.mods.cl.ModuleClassLoader.loadClass(ModuleClassLoader.java:135) ~[securejarhandler-2.1.10.jar:?]
	at java.lang.ClassLoader.loadClass(Unknown Source) ~[?:?]
	at gg.essential.lib.okhttp3.internal.tls.CertificateChainCleaner.get(CertificateChainCleaner.java:41) ~[?:?]
	at gg.essential.lib.okhttp3.OkHttpClient$Builder.sslSocketFactory(OkHttpClient.java:696) ~[?:?]
	at gg.essential.util.HttpUtils.httpClient$lambda$1(HttpUtils.kt:41) ~[?:?]
	at java.util.concurrent.CompletableFuture$AsyncSupply.run(Unknown Source) ~[?:?]
	at java.util.concurrent.CompletableFuture$AsyncSupply.exec(Unknown Source) ~[?:?]
	at java.util.concurrent.ForkJoinTask.doExec(Unknown Source) ~[?:?]
	at java.util.concurrent.ForkJoinPool$WorkQueue.topLevelExec(Unknown Source) ~[?:?]
	at java.util.concurrent.ForkJoinPool.scan(Unknown Source) ~[?:?]
	at java.util.concurrent.ForkJoinPool.runWorker(Unknown Source) ~[?:?]
	at java.util.concurrent.ForkJoinWorkerThread.run(Unknown Source) ~[?:?]
[17:08:28] [ForkJoinPool.commonPool-worker-5/ERROR]: Could not find parent gg/essential/lib/okhttp3/internal/platform/Platform for class gg/essential/lib/okhttp3/internal/platform/AndroidPlatform in classloader jdk.internal.loader.ClassLoaders$AppClassLoader@30c7da1e on thread Thread[ForkJoinPool.commonPool-worker-5,5,main]
[17:08:28] [ForkJoinPool.commonPool-worker-5/ERROR]: An error occurred building event handler
java.lang.ClassNotFoundException: gg.essential.lib.okhttp3.internal.platform.Platform
	at jdk.internal.loader.BuiltinClassLoader.loadClass(Unknown Source) ~[?:?]
	at jdk.internal.loader.ClassLoaders$AppClassLoader.loadClass(Unknown Source) ~[?:?]
	at java.lang.ClassLoader.loadClass(Unknown Source) ~[?:?]
	at net.minecraftforge.eventbus.EventSubclassTransformer.buildEvents(EventSubclassTransformer.java:97) ~[eventbus-6.0.5.jar:?]
	at net.minecraftforge.eventbus.EventSubclassTransformer.transform(EventSubclassTransformer.java:48) ~[eventbus-6.0.5.jar:?]
	at net.minecraftforge.eventbus.EventBusEngine.processClass(EventBusEngine.java:26) ~[eventbus-6.0.5.jar:?]
	at net.minecraftforge.eventbus.service.ModLauncherService.processClassWithFlags(ModLauncherService.java:32) ~[eventbus-6.0.5.jar:6.0.5+6.0.5+master.eb8e549b]
	at cpw.mods.modlauncher.LaunchPluginHandler.offerClassNodeToPlugins(LaunchPluginHandler.java:88) ~[modlauncher-10.0.9.jar:?]
	at cpw.mods.modlauncher.ClassTransformer.transform(ClassTransformer.java:120) ~[modlauncher-10.0.9.jar:?]
	at cpw.mods.modlauncher.TransformingClassLoader.maybeTransformClassBytes(TransformingClassLoader.java:50) ~[modlauncher-10.0.9.jar:?]
	at cpw.mods.cl.ModuleClassLoader.readerToClass(ModuleClassLoader.java:113) ~[securejarhandler-2.1.10.jar:?]
	at cpw.mods.cl.ModuleClassLoader.lambda$findClass$15(ModuleClassLoader.java:219) ~[securejarhandler-2.1.10.jar:?]
	at cpw.mods.cl.ModuleClassLoader.loadFromModule(ModuleClassLoader.java:229) ~[securejarhandler-2.1.10.jar:?]
	at cpw.mods.cl.ModuleClassLoader.findClass(ModuleClassLoader.java:219) ~[securejarhandler-2.1.10.jar:?]
	at cpw.mods.cl.ModuleClassLoader.loadClass(ModuleClassLoader.java:135) ~[securejarhandler-2.1.10.jar:?]
	at java.lang.ClassLoader.loadClass(Unknown Source) ~[?:?]
	at gg.essential.lib.okhttp3.internal.platform.Platform.findPlatform(Platform.java:173) ~[?:?]
	at gg.essential.lib.okhttp3.internal.platform.Platform.<clinit>(Platform.java:74) ~[?:?]
	at gg.essential.lib.okhttp3.internal.tls.CertificateChainCleaner.get(CertificateChainCleaner.java:41) ~[?:?]
	at gg.essential.lib.okhttp3.OkHttpClient$Builder.sslSocketFactory(OkHttpClient.java:696) ~[?:?]
	at gg.essential.util.HttpUtils.httpClient$lambda$1(HttpUtils.kt:41) ~[?:?]
	at java.util.concurrent.CompletableFuture$AsyncSupply.run(Unknown Source) ~[?:?]
	at java.util.concurrent.CompletableFuture$AsyncSupply.exec(Unknown Source) ~[?:?]
	at java.util.concurrent.ForkJoinTask.doExec(Unknown Source) ~[?:?]
	at java.util.concurrent.ForkJoinPool$WorkQueue.topLevelExec(Unknown Source) ~[?:?]
	at java.util.concurrent.ForkJoinPool.scan(Unknown Source) ~[?:?]
	at java.util.concurrent.ForkJoinPool.runWorker(Unknown Source) ~[?:?]
	at java.util.concurrent.ForkJoinWorkerThread.run(Unknown Source) ~[?:?]
[17:08:28] [ForkJoinPool.commonPool-worker-7/ERROR]: Could not find parent gg/essential/mod/cosmetics/settings/CosmeticProperty for class gg/essential/mod/cosmetics/settings/CosmeticProperty$CosmeticBoneHiding in classloader jdk.internal.loader.ClassLoaders$AppClassLoader@30c7da1e on thread Thread[ForkJoinPool.commonPool-worker-7,5,main]
[17:08:28] [ForkJoinPool.commonPool-worker-7/ERROR]: An error occurred building event handler
java.lang.ClassNotFoundException: gg.essential.mod.cosmetics.settings.CosmeticProperty
	at jdk.internal.loader.BuiltinClassLoader.loadClass(Unknown Source) ~[?:?]
	at jdk.internal.loader.ClassLoaders$AppClassLoader.loadClass(Unknown Source) ~[?:?]
	at java.lang.ClassLoader.loadClass(Unknown Source) ~[?:?]
	at net.minecraftforge.eventbus.EventSubclassTransformer.buildEvents(EventSubclassTransformer.java:97) ~[eventbus-6.0.5.jar:?]
	at net.minecraftforge.eventbus.EventSubclassTransformer.transform(EventSubclassTransformer.java:48) ~[eventbus-6.0.5.jar:?]
	at net.minecraftforge.eventbus.EventBusEngine.processClass(EventBusEngine.java:26) ~[eventbus-6.0.5.jar:?]
	at net.minecraftforge.eventbus.service.ModLauncherService.processClassWithFlags(ModLauncherService.java:32) ~[eventbus-6.0.5.jar:6.0.5+6.0.5+master.eb8e549b]
	at cpw.mods.modlauncher.LaunchPluginHandler.offerClassNodeToPlugins(LaunchPluginHandler.java:88) ~[modlauncher-10.0.9.jar:?]
	at cpw.mods.modlauncher.ClassTransformer.transform(ClassTransformer.java:120) ~[modlauncher-10.0.9.jar:?]
	at cpw.mods.modlauncher.TransformingClassLoader.maybeTransformClassBytes(TransformingClassLoader.java:50) ~[modlauncher-10.0.9.jar:?]
	at cpw.mods.cl.ModuleClassLoader.readerToClass(ModuleClassLoader.java:113) ~[securejarhandler-2.1.10.jar:?]
	at cpw.mods.cl.ModuleClassLoader.lambda$findClass$15(ModuleClassLoader.java:219) ~[securejarhandler-2.1.10.jar:?]
	at cpw.mods.cl.ModuleClassLoader.loadFromModule(ModuleClassLoader.java:229) ~[securejarhandler-2.1.10.jar:?]
	at cpw.mods.cl.ModuleClassLoader.findClass(ModuleClassLoader.java:219) ~[securejarhandler-2.1.10.jar:?]
	at cpw.mods.cl.ModuleClassLoader.loadClass(ModuleClassLoader.java:135) ~[securejarhandler-2.1.10.jar:?]
	at java.lang.ClassLoader.loadClass(Unknown Source) ~[?:?]
	at gg.essential.mod.cosmetics.settings.CosmeticProperty$TheSerializer.<clinit>(CosmeticProperty.kt:419) ~[?:?]
	at gg.essential.mod.cosmetics.settings.CosmeticProperty$Companion$json$2$1.invoke(CosmeticProperty.kt:442) ~[?:?]
	at gg.essential.mod.cosmetics.settings.CosmeticProperty$Companion$json$2$1.invoke(CosmeticProperty.kt:440) ~[?:?]
	at kotlinx.serialization.json.JsonKt.Json(Json.kt:199) ~[?:?]
	at kotlinx.serialization.json.JsonKt.Json$default(Json.kt:197) ~[?:?]
	at gg.essential.mod.cosmetics.settings.CosmeticProperty$Companion$json$2.invoke(CosmeticProperty.kt:440) ~[?:?]
	at gg.essential.mod.cosmetics.settings.CosmeticProperty$Companion$json$2.invoke(CosmeticProperty.kt:439) ~[?:?]
	at kotlin.SynchronizedLazyImpl.getValue(LazyJVM.kt:74) ~[?:?]
	at gg.essential.mod.cosmetics.settings.CosmeticProperty$Companion.getJson(CosmeticProperty.kt:439) ~[?:?]
	at gg.essential.mod.cosmetics.settings.CosmeticProperty$Companion.fromJsonArray(CosmeticProperty.kt:450) ~[?:?]
	at gg.essential.network.connectionmanager.cosmetics.InfraCosmeticsData$addCosmetic$settingsFuture$1.invoke(InfraCosmeticsData.kt:126) ~[?:?]
	at gg.essential.network.connectionmanager.cosmetics.InfraCosmeticsData$addCosmetic$settingsFuture$1.invoke(InfraCosmeticsData.kt:126) ~[?:?]
	at gg.essential.network.connectionmanager.cosmetics.InfraCosmeticsData.addCosmetic$lambda$3(InfraCosmeticsData.kt:126) ~[?:?]
	at java.util.concurrent.CompletableFuture$UniApply.tryFire(Unknown Source) ~[?:?]
	at java.util.concurrent.CompletableFuture$Completion.exec(Unknown Source) ~[?:?]
	at java.util.concurrent.ForkJoinTask.doExec(Unknown Source) ~[?:?]
	at java.util.concurrent.ForkJoinPool$WorkQueue.topLevelExec(Unknown Source) ~[?:?]
	at java.util.concurrent.ForkJoinPool.scan(Unknown Source) ~[?:?]
	at java.util.concurrent.ForkJoinPool.runWorker(Unknown Source) ~[?:?]
	at java.util.concurrent.ForkJoinWorkerThread.run(Unknown Source) ~[?:?]
[17:08:28] [ForkJoinPool.commonPool-worker-5/ERROR]: Could not find parent gg/essential/lib/okhttp3/internal/tls/CertificateChainCleaner for class gg/essential/lib/okhttp3/internal/platform/AndroidPlatform$AndroidCertificateChainCleaner in classloader jdk.internal.loader.ClassLoaders$AppClassLoader@30c7da1e on thread Thread[ForkJoinPool.commonPool-worker-5,5,main]
[17:08:28] [ForkJoinPool.commonPool-worker-5/ERROR]: An error occurred building event handler
java.lang.ClassNotFoundException: gg.essential.lib.okhttp3.internal.tls.CertificateChainCleaner
	at jdk.internal.loader.BuiltinClassLoader.loadClass(Unknown Source) ~[?:?]
	at jdk.internal.loader.ClassLoaders$AppClassLoader.loadClass(Unknown Source) ~[?:?]
	at java.lang.ClassLoader.loadClass(Unknown Source) ~[?:?]
	at net.minecraftforge.eventbus.EventSubclassTransformer.buildEvents(EventSubclassTransformer.java:97) ~[eventbus-6.0.5.jar:?]
	at net.minecraftforge.eventbus.EventSubclassTransformer.transform(EventSubclassTransformer.java:48) ~[eventbus-6.0.5.jar:?]
	at net.minecraftforge.eventbus.EventBusEngine.processClass(EventBusEngine.java:26) ~[eventbus-6.0.5.jar:?]
	at net.minecraftforge.eventbus.service.ModLauncherService.processClassWithFlags(ModLauncherService.java:32) ~[eventbus-6.0.5.jar:6.0.5+6.0.5+master.eb8e549b]
	at cpw.mods.modlauncher.LaunchPluginHandler.offerClassNodeToPlugins(LaunchPluginHandler.java:88) ~[modlauncher-10.0.9.jar:?]
	at cpw.mods.modlauncher.ClassTransformer.transform(ClassTransformer.java:120) ~[modlauncher-10.0.9.jar:?]
	at cpw.mods.modlauncher.TransformingClassLoader.maybeTransformClassBytes(TransformingClassLoader.java:50) ~[modlauncher-10.0.9.jar:?]
	at cpw.mods.cl.ModuleClassLoader.readerToClass(ModuleClassLoader.java:113) ~[securejarhandler-2.1.10.jar:?]
	at cpw.mods.cl.ModuleClassLoader.lambda$findClass$15(ModuleClassLoader.java:219) ~[securejarhandler-2.1.10.jar:?]
	at cpw.mods.cl.ModuleClassLoader.loadFromModule(ModuleClassLoader.java:229) ~[securejarhandler-2.1.10.jar:?]
	at cpw.mods.cl.ModuleClassLoader.findClass(ModuleClassLoader.java:219) ~[securejarhandler-2.1.10.jar:?]
	at cpw.mods.cl.ModuleClassLoader.loadClass(ModuleClassLoader.java:135) ~[securejarhandler-2.1.10.jar:?]
	at java.lang.ClassLoader.loadClass(Unknown Source) ~[?:?]
	at gg.essential.lib.okhttp3.internal.platform.Platform.findPlatform(Platform.java:173) ~[?:?]
	at gg.essential.lib.okhttp3.internal.platform.Platform.<clinit>(Platform.java:74) ~[?:?]
	at gg.essential.lib.okhttp3.internal.tls.CertificateChainCleaner.get(CertificateChainCleaner.java:41) ~[?:?]
	at gg.essential.lib.okhttp3.OkHttpClient$Builder.sslSocketFactory(OkHttpClient.java:696) ~[?:?]
	at gg.essential.util.HttpUtils.httpClient$lambda$1(HttpUtils.kt:41) ~[?:?]
	at java.util.concurrent.CompletableFuture$AsyncSupply.run(Unknown Source) ~[?:?]
	at java.util.concurrent.CompletableFuture$AsyncSupply.exec(Unknown Source) ~[?:?]
	at java.util.concurrent.ForkJoinTask.doExec(Unknown Source) ~[?:?]
	at java.util.concurrent.ForkJoinPool$WorkQueue.topLevelExec(Unknown Source) ~[?:?]
	at java.util.concurrent.ForkJoinPool.scan(Unknown Source) ~[?:?]
	at java.util.concurrent.ForkJoinPool.runWorker(Unknown Source) ~[?:?]
	at java.util.concurrent.ForkJoinWorkerThread.run(Unknown Source) ~[?:?]
[17:08:28] [ForkJoinPool.commonPool-worker-7/ERROR]: Could not find parent gg/essential/mod/cosmetics/settings/CosmeticProperty for class gg/essential/mod/cosmetics/settings/CosmeticProperty$PositionRange in classloader jdk.internal.loader.ClassLoaders$AppClassLoader@30c7da1e on thread Thread[ForkJoinPool.commonPool-worker-7,5,main]
[17:08:28] [ForkJoinPool.commonPool-worker-7/ERROR]: An error occurred building event handler
java.lang.ClassNotFoundException: gg.essential.mod.cosmetics.settings.CosmeticProperty
	at jdk.internal.loader.BuiltinClassLoader.loadClass(Unknown Source) ~[?:?]
	at jdk.internal.loader.ClassLoaders$AppClassLoader.loadClass(Unknown Source) ~[?:?]
	at java.lang.ClassLoader.loadClass(Unknown Source) ~[?:?]
	at net.minecraftforge.eventbus.EventSubclassTransformer.buildEvents(EventSubclassTransformer.java:97) ~[eventbus-6.0.5.jar:?]
	at net.minecraftforge.eventbus.EventSubclassTransformer.transform(EventSubclassTransformer.java:48) ~[eventbus-6.0.5.jar:?]
	at net.minecraftforge.eventbus.EventBusEngine.processClass(EventBusEngine.java:26) ~[eventbus-6.0.5.jar:?]
	at net.minecraftforge.eventbus.service.ModLauncherService.processClassWithFlags(ModLauncherService.java:32) ~[eventbus-6.0.5.jar:6.0.5+6.0.5+master.eb8e549b]
	at cpw.mods.modlauncher.LaunchPluginHandler.offerClassNodeToPlugins(LaunchPluginHandler.java:88) ~[modlauncher-10.0.9.jar:?]
	at cpw.mods.modlauncher.ClassTransformer.transform(ClassTransformer.java:120) ~[modlauncher-10.0.9.jar:?]
	at cpw.mods.modlauncher.TransformingClassLoader.maybeTransformClassBytes(TransformingClassLoader.java:50) ~[modlauncher-10.0.9.jar:?]
	at cpw.mods.cl.ModuleClassLoader.readerToClass(ModuleClassLoader.java:113) ~[securejarhandler-2.1.10.jar:?]
	at cpw.mods.cl.ModuleClassLoader.lambda$findClass$15(ModuleClassLoader.java:219) ~[securejarhandler-2.1.10.jar:?]
	at cpw.mods.cl.ModuleClassLoader.loadFromModule(ModuleClassLoader.java:229) ~[securejarhandler-2.1.10.jar:?]
	at cpw.mods.cl.ModuleClassLoader.findClass(ModuleClassLoader.java:219) ~[securejarhandler-2.1.10.jar:?]
	at cpw.mods.cl.ModuleClassLoader.loadClass(ModuleClassLoader.java:135) ~[securejarhandler-2.1.10.jar:?]
	at java.lang.ClassLoader.loadClass(Unknown Source) ~[?:?]
	at gg.essential.mod.cosmetics.settings.CosmeticProperty$TheSerializer.<clinit>(CosmeticProperty.kt:420) ~[?:?]
	at gg.essential.mod.cosmetics.settings.CosmeticProperty$Companion$json$2$1.invoke(CosmeticProperty.kt:442) ~[?:?]
	at gg.essential.mod.cosmetics.settings.CosmeticProperty$Companion$json$2$1.invoke(CosmeticProperty.kt:440) ~[?:?]
	at kotlinx.serialization.json.JsonKt.Json(Json.kt:199) ~[?:?]
	at kotlinx.serialization.json.JsonKt.Json$default(Json.kt:197) ~[?:?]
	at gg.essential.mod.cosmetics.settings.CosmeticProperty$Companion$json$2.invoke(CosmeticProperty.kt:440) ~[?:?]
	at gg.essential.mod.cosmetics.settings.CosmeticProperty$Companion$json$2.invoke(CosmeticProperty.kt:439) ~[?:?]
	at kotlin.SynchronizedLazyImpl.getValue(LazyJVM.kt:74) ~[?:?]
	at gg.essential.mod.cosmetics.settings.CosmeticProperty$Companion.getJson(CosmeticProperty.kt:439) ~[?:?]
	at gg.essential.mod.cosmetics.settings.CosmeticProperty$Companion.fromJsonArray(CosmeticProperty.kt:450) ~[?:?]
	at gg.essential.network.connectionmanager.cosmetics.InfraCosmeticsData$addCosmetic$settingsFuture$1.invoke(InfraCosmeticsData.kt:126) ~[?:?]
	at gg.essential.network.connectionmanager.cosmetics.InfraCosmeticsData$addCosmetic$settingsFuture$1.invoke(InfraCosmeticsData.kt:126) ~[?:?]
	at gg.essential.network.connectionmanager.cosmetics.InfraCosmeticsData.addCosmetic$lambda$3(InfraCosmeticsData.kt:126) ~[?:?]
	at java.util.concurrent.CompletableFuture$UniApply.tryFire(Unknown Source) ~[?:?]
	at java.util.concurrent.CompletableFuture$Completion.exec(Unknown Source) ~[?:?]
	at java.util.concurrent.ForkJoinTask.doExec(Unknown Source) ~[?:?]
	at java.util.concurrent.ForkJoinPool$WorkQueue.topLevelExec(Unknown Source) ~[?:?]
	at java.util.concurrent.ForkJoinPool.scan(Unknown Source) ~[?:?]
	at java.util.concurrent.ForkJoinPool.runWorker(Unknown Source) ~[?:?]
	at java.util.concurrent.ForkJoinWorkerThread.run(Unknown Source) ~[?:?]
[17:08:28] [ForkJoinPool.commonPool-worker-7/ERROR]: Could not find parent gg/essential/mod/cosmetics/settings/CosmeticProperty for class gg/essential/mod/cosmetics/settings/CosmeticProperty$ExternalHiddenBone in classloader jdk.internal.loader.ClassLoaders$AppClassLoader@30c7da1e on thread Thread[ForkJoinPool.commonPool-worker-7,5,main]
[17:08:28] [ForkJoinPool.commonPool-worker-7/ERROR]: An error occurred building event handler
java.lang.ClassNotFoundException: gg.essential.mod.cosmetics.settings.CosmeticProperty
	at jdk.internal.loader.BuiltinClassLoader.loadClass(Unknown Source) ~[?:?]
	at jdk.internal.loader.ClassLoaders$AppClassLoader.loadClass(Unknown Source) ~[?:?]
	at java.lang.ClassLoader.loadClass(Unknown Source) ~[?:?]
	at net.minecraftforge.eventbus.EventSubclassTransformer.buildEvents(EventSubclassTransformer.java:97) ~[eventbus-6.0.5.jar:?]
	at net.minecraftforge.eventbus.EventSubclassTransformer.transform(EventSubclassTransformer.java:48) ~[eventbus-6.0.5.jar:?]
	at net.minecraftforge.eventbus.EventBusEngine.processClass(EventBusEngine.java:26) ~[eventbus-6.0.5.jar:?]
	at net.minecraftforge.eventbus.service.ModLauncherService.processClassWithFlags(ModLauncherService.java:32) ~[eventbus-6.0.5.jar:6.0.5+6.0.5+master.eb8e549b]
	at cpw.mods.modlauncher.LaunchPluginHandler.offerClassNodeToPlugins(LaunchPluginHandler.java:88) ~[modlauncher-10.0.9.jar:?]
	at cpw.mods.modlauncher.ClassTransformer.transform(ClassTransformer.java:120) ~[modlauncher-10.0.9.jar:?]
	at cpw.mods.modlauncher.TransformingClassLoader.maybeTransformClassBytes(TransformingClassLoader.java:50) ~[modlauncher-10.0.9.jar:?]
	at cpw.mods.cl.ModuleClassLoader.readerToClass(ModuleClassLoader.java:113) ~[securejarhandler-2.1.10.jar:?]
	at cpw.mods.cl.ModuleClassLoader.lambda$findClass$15(ModuleClassLoader.java:219) ~[securejarhandler-2.1.10.jar:?]
	at cpw.mods.cl.ModuleClassLoader.loadFromModule(ModuleClassLoader.java:229) ~[securejarhandler-2.1.10.jar:?]
	at cpw.mods.cl.ModuleClassLoader.findClass(ModuleClassLoader.java:219) ~[securejarhandler-2.1.10.jar:?]
	at cpw.mods.cl.ModuleClassLoader.loadClass(ModuleClassLoader.java:135) ~[securejarhandler-2.1.10.jar:?]
	at java.lang.ClassLoader.loadClass(Unknown Source) ~[?:?]
	at gg.essential.mod.cosmetics.settings.CosmeticProperty$TheSerializer.<clinit>(CosmeticProperty.kt:421) ~[?:?]
	at gg.essential.mod.cosmetics.settings.CosmeticProperty$Companion$json$2$1.invoke(CosmeticProperty.kt:442) ~[?:?]
	at gg.essential.mod.cosmetics.settings.CosmeticProperty$Companion$json$2$1.invoke(CosmeticProperty.kt:440) ~[?:?]
	at kotlinx.serialization.json.JsonKt.Json(Json.kt:199) ~[?:?]
	at kotlinx.serialization.json.JsonKt.Json$default(Json.kt:197) ~[?:?]
	at gg.essential.mod.cosmetics.settings.CosmeticProperty$Companion$json$2.invoke(CosmeticProperty.kt:440) ~[?:?]
	at gg.essential.mod.cosmetics.settings.CosmeticProperty$Companion$json$2.invoke(CosmeticProperty.kt:439) ~[?:?]
	at kotlin.SynchronizedLazyImpl.getValue(LazyJVM.kt:74) ~[?:?]
	at gg.essential.mod.cosmetics.settings.CosmeticProperty$Companion.getJson(CosmeticProperty.kt:439) ~[?:?]
	at gg.essential.mod.cosmetics.settings.CosmeticProperty$Companion.fromJsonArray(CosmeticProperty.kt:450) ~[?:?]
	at gg.essential.network.connectionmanager.cosmetics.InfraCosmeticsData$addCosmetic$settingsFuture$1.invoke(InfraCosmeticsData.kt:126) ~[?:?]
	at gg.essential.network.connectionmanager.cosmetics.InfraCosmeticsData$addCosmetic$settingsFuture$1.invoke(InfraCosmeticsData.kt:126) ~[?:?]
	at gg.essential.network.connectionmanager.cosmetics.InfraCosmeticsData.addCosmetic$lambda$3(InfraCosmeticsData.kt:126) ~[?:?]
	at java.util.concurrent.CompletableFuture$UniApply.tryFire(Unknown Source) ~[?:?]
	at java.util.concurrent.CompletableFuture$Completion.exec(Unknown Source) ~[?:?]
	at java.util.concurrent.ForkJoinTask.doExec(Unknown Source) ~[?:?]
	at java.util.concurrent.ForkJoinPool$WorkQueue.topLevelExec(Unknown Source) ~[?:?]
	at java.util.concurrent.ForkJoinPool.scan(Unknown Source) ~[?:?]
	at java.util.concurrent.ForkJoinPool.runWorker(Unknown Source) ~[?:?]
	at java.util.concurrent.ForkJoinWorkerThread.run(Unknown Source) ~[?:?]
[17:08:28] [ForkJoinPool.commonPool-worker-7/ERROR]: Could not find parent gg/essential/mod/cosmetics/settings/CosmeticProperty for class gg/essential/mod/cosmetics/settings/CosmeticProperty$InterruptsEmote in classloader jdk.internal.loader.ClassLoaders$AppClassLoader@30c7da1e on thread Thread[ForkJoinPool.commonPool-worker-7,5,main]
[17:08:28] [ForkJoinPool.commonPool-worker-7/ERROR]: An error occurred building event handler
java.lang.ClassNotFoundException: gg.essential.mod.cosmetics.settings.CosmeticProperty
	at jdk.internal.loader.BuiltinClassLoader.loadClass(Unknown Source) ~[?:?]
	at jdk.internal.loader.ClassLoaders$AppClassLoader.loadClass(Unknown Source) ~[?:?]
	at java.lang.ClassLoader.loadClass(Unknown Source) ~[?:?]
	at net.minecraftforge.eventbus.EventSubclassTransformer.buildEvents(EventSubclassTransformer.java:97) ~[eventbus-6.0.5.jar:?]
	at net.minecraftforge.eventbus.EventSubclassTransformer.transform(EventSubclassTransformer.java:48) ~[eventbus-6.0.5.jar:?]
	at net.minecraftforge.eventbus.EventBusEngine.processClass(EventBusEngine.java:26) ~[eventbus-6.0.5.jar:?]
	at net.minecraftforge.eventbus.service.ModLauncherService.processClassWithFlags(ModLauncherService.java:32) ~[eventbus-6.0.5.jar:6.0.5+6.0.5+master.eb8e549b]
	at cpw.mods.modlauncher.LaunchPluginHandler.offerClassNodeToPlugins(LaunchPluginHandler.java:88) ~[modlauncher-10.0.9.jar:?]
	at cpw.mods.modlauncher.ClassTransformer.transform(ClassTransformer.java:120) ~[modlauncher-10.0.9.jar:?]
	at cpw.mods.modlauncher.TransformingClassLoader.maybeTransformClassBytes(TransformingClassLoader.java:50) ~[modlauncher-10.0.9.jar:?]
	at cpw.mods.cl.ModuleClassLoader.readerToClass(ModuleClassLoader.java:113) ~[securejarhandler-2.1.10.jar:?]
	at cpw.mods.cl.ModuleClassLoader.lambda$findClass$15(ModuleClassLoader.java:219) ~[securejarhandler-2.1.10.jar:?]
	at cpw.mods.cl.ModuleClassLoader.loadFromModule(ModuleClassLoader.java:229) ~[securejarhandler-2.1.10.jar:?]
	at cpw.mods.cl.ModuleClassLoader.findClass(ModuleClassLoader.java:219) ~[securejarhandler-2.1.10.jar:?]
	at cpw.mods.cl.ModuleClassLoader.loadClass(ModuleClassLoader.java:135) ~[securejarhandler-2.1.10.jar:?]
	at java.lang.ClassLoader.loadClass(Unknown Source) ~[?:?]
	at gg.essential.mod.cosmetics.settings.CosmeticProperty$TheSerializer.<clinit>(CosmeticProperty.kt:422) ~[?:?]
	at gg.essential.mod.cosmetics.settings.CosmeticProperty$Companion$json$2$1.invoke(CosmeticProperty.kt:442) ~[?:?]
	at gg.essential.mod.cosmetics.settings.CosmeticProperty$Companion$json$2$1.invoke(CosmeticProperty.kt:440) ~[?:?]
	at kotlinx.serialization.json.JsonKt.Json(Json.kt:199) ~[?:?]
	at kotlinx.serialization.json.JsonKt.Json$default(Json.kt:197) ~[?:?]
	at gg.essential.mod.cosmetics.settings.CosmeticProperty$Companion$json$2.invoke(CosmeticProperty.kt:440) ~[?:?]
	at gg.essential.mod.cosmetics.settings.CosmeticProperty$Companion$json$2.invoke(CosmeticProperty.kt:439) ~[?:?]
	at kotlin.SynchronizedLazyImpl.getValue(LazyJVM.kt:74) ~[?:?]
	at gg.essential.mod.cosmetics.settings.CosmeticProperty$Companion.getJson(CosmeticProperty.kt:439) ~[?:?]
	at gg.essential.mod.cosmetics.settings.CosmeticProperty$Companion.fromJsonArray(CosmeticProperty.kt:450) ~[?:?]
	at gg.essential.network.connectionmanager.cosmetics.InfraCosmeticsData$addCosmetic$settingsFuture$1.invoke(InfraCosmeticsData.kt:126) ~[?:?]
	at gg.essential.network.connectionmanager.cosmetics.InfraCosmeticsData$addCosmetic$settingsFuture$1.invoke(InfraCosmeticsData.kt:126) ~[?:?]
	at gg.essential.network.connectionmanager.cosmetics.InfraCosmeticsData.addCosmetic$lambda$3(InfraCosmeticsData.kt:126) ~[?:?]
	at java.util.concurrent.CompletableFuture$UniApply.tryFire(Unknown Source) ~[?:?]
	at java.util.concurrent.CompletableFuture$Completion.exec(Unknown Source) ~[?:?]
	at java.util.concurrent.ForkJoinTask.doExec(Unknown Source) ~[?:?]
	at java.util.concurrent.ForkJoinPool$WorkQueue.topLevelExec(Unknown Source) ~[?:?]
	at java.util.concurrent.ForkJoinPool.scan(Unknown Source) ~[?:?]
	at java.util.concurrent.ForkJoinPool.runWorker(Unknown Source) ~[?:?]
	at java.util.concurrent.ForkJoinWorkerThread.run(Unknown Source) ~[?:?]
[17:08:28] [ForkJoinPool.commonPool-worker-7/ERROR]: Could not find parent gg/essential/mod/cosmetics/settings/CosmeticProperty for class gg/essential/mod/cosmetics/settings/CosmeticProperty$RequiresUnlockAction in classloader jdk.internal.loader.ClassLoaders$AppClassLoader@30c7da1e on thread Thread[ForkJoinPool.commonPool-worker-7,5,main]
[17:08:28] [ForkJoinPool.commonPool-worker-7/ERROR]: An error occurred building event handler
java.lang.ClassNotFoundException: gg.essential.mod.cosmetics.settings.CosmeticProperty
	at jdk.internal.loader.BuiltinClassLoader.loadClass(Unknown Source) ~[?:?]
	at jdk.internal.loader.ClassLoaders$AppClassLoader.loadClass(Unknown Source) ~[?:?]
	at java.lang.ClassLoader.loadClass(Unknown Source) ~[?:?]
	at net.minecraftforge.eventbus.EventSubclassTransformer.buildEvents(EventSubclassTransformer.java:97) ~[eventbus-6.0.5.jar:?]
	at net.minecraftforge.eventbus.EventSubclassTransformer.transform(EventSubclassTransformer.java:48) ~[eventbus-6.0.5.jar:?]
	at net.minecraftforge.eventbus.EventBusEngine.processClass(EventBusEngine.java:26) ~[eventbus-6.0.5.jar:?]
	at net.minecraftforge.eventbus.service.ModLauncherService.processClassWithFlags(ModLauncherService.java:32) ~[eventbus-6.0.5.jar:6.0.5+6.0.5+master.eb8e549b]
	at cpw.mods.modlauncher.LaunchPluginHandler.offerClassNodeToPlugins(LaunchPluginHandler.java:88) ~[modlauncher-10.0.9.jar:?]
	at cpw.mods.modlauncher.ClassTransformer.transform(ClassTransformer.java:120) ~[modlauncher-10.0.9.jar:?]
	at cpw.mods.modlauncher.TransformingClassLoader.maybeTransformClassBytes(TransformingClassLoader.java:50) ~[modlauncher-10.0.9.jar:?]
	at cpw.mods.cl.ModuleClassLoader.readerToClass(ModuleClassLoader.java:113) ~[securejarhandler-2.1.10.jar:?]
	at cpw.mods.cl.ModuleClassLoader.lambda$findClass$15(ModuleClassLoader.java:219) ~[securejarhandler-2.1.10.jar:?]
	at cpw.mods.cl.ModuleClassLoader.loadFromModule(ModuleClassLoader.java:229) ~[securejarhandler-2.1.10.jar:?]
	at cpw.mods.cl.ModuleClassLoader.findClass(ModuleClassLoader.java:219) ~[securejarhandler-2.1.10.jar:?]
	at cpw.mods.cl.ModuleClassLoader.loadClass(ModuleClassLoader.java:135) ~[securejarhandler-2.1.10.jar:?]
	at java.lang.ClassLoader.loadClass(Unknown Source) ~[?:?]
	at gg.essential.mod.cosmetics.settings.CosmeticProperty$TheSerializer.<clinit>(CosmeticProperty.kt:423) ~[?:?]
	at gg.essential.mod.cosmetics.settings.CosmeticProperty$Companion$json$2$1.invoke(CosmeticProperty.kt:442) ~[?:?]
	at gg.essential.mod.cosmetics.settings.CosmeticProperty$Companion$json$2$1.invoke(CosmeticProperty.kt:440) ~[?:?]
	at kotlinx.serialization.json.JsonKt.Json(Json.kt:199) ~[?:?]
	at kotlinx.serialization.json.JsonKt.Json$default(Json.kt:197) ~[?:?]
	at gg.essential.mod.cosmetics.settings.CosmeticProperty$Companion$json$2.invoke(CosmeticProperty.kt:440) ~[?:?]
	at gg.essential.mod.cosmetics.settings.CosmeticProperty$Companion$json$2.invoke(CosmeticProperty.kt:439) ~[?:?]
	at kotlin.SynchronizedLazyImpl.getValue(LazyJVM.kt:74) ~[?:?]
	at gg.essential.mod.cosmetics.settings.CosmeticProperty$Companion.getJson(CosmeticProperty.kt:439) ~[?:?]
	at gg.essential.mod.cosmetics.settings.CosmeticProperty$Companion.fromJsonArray(CosmeticProperty.kt:450) ~[?:?]
	at gg.essential.network.connectionmanager.cosmetics.InfraCosmeticsData$addCosmetic$settingsFuture$1.invoke(InfraCosmeticsData.kt:126) ~[?:?]
	at gg.essential.network.connectionmanager.cosmetics.InfraCosmeticsData$addCosmetic$settingsFuture$1.invoke(InfraCosmeticsData.kt:126) ~[?:?]
	at gg.essential.network.connectionmanager.cosmetics.InfraCosmeticsData.addCosmetic$lambda$3(InfraCosmeticsData.kt:126) ~[?:?]
	at java.util.concurrent.CompletableFuture$UniApply.tryFire(Unknown Source) ~[?:?]
	at java.util.concurrent.CompletableFuture$Completion.exec(Unknown Source) ~[?:?]
	at java.util.concurrent.ForkJoinTask.doExec(Unknown Source) ~[?:?]
	at java.util.concurrent.ForkJoinPool$WorkQueue.topLevelExec(Unknown Source) ~[?:?]
	at java.util.concurrent.ForkJoinPool.scan(Unknown Source) ~[?:?]
	at java.util.concurrent.ForkJoinPool.runWorker(Unknown Source) ~[?:?]
	at java.util.concurrent.ForkJoinWorkerThread.run(Unknown Source) ~[?:?]
[17:08:28] [ForkJoinPool.commonPool-worker-7/ERROR]: Could not find parent kotlin/jvm/internal/Lambda for class gg/essential/mod/cosmetics/settings/CosmeticProperty$RequiresUnlockAction$Data$Companion$1 in classloader jdk.internal.loader.ClassLoaders$AppClassLoader@30c7da1e on thread Thread[ForkJoinPool.commonPool-worker-7,5,main]
[17:08:28] [ForkJoinPool.commonPool-worker-7/ERROR]: An error occurred building event handler
java.lang.ClassNotFoundException: kotlin.jvm.internal.Lambda
	at jdk.internal.loader.BuiltinClassLoader.loadClass(Unknown Source) ~[?:?]
	at jdk.internal.loader.ClassLoaders$AppClassLoader.loadClass(Unknown Source) ~[?:?]
	at java.lang.ClassLoader.loadClass(Unknown Source) ~[?:?]
	at net.minecraftforge.eventbus.EventSubclassTransformer.buildEvents(EventSubclassTransformer.java:97) ~[eventbus-6.0.5.jar:?]
	at net.minecraftforge.eventbus.EventSubclassTransformer.transform(EventSubclassTransformer.java:48) ~[eventbus-6.0.5.jar:?]
	at net.minecraftforge.eventbus.EventBusEngine.processClass(EventBusEngine.java:26) ~[eventbus-6.0.5.jar:?]
	at net.minecraftforge.eventbus.service.ModLauncherService.processClassWithFlags(ModLauncherService.java:32) ~[eventbus-6.0.5.jar:6.0.5+6.0.5+master.eb8e549b]
	at cpw.mods.modlauncher.LaunchPluginHandler.offerClassNodeToPlugins(LaunchPluginHandler.java:88) ~[modlauncher-10.0.9.jar:?]
	at cpw.mods.modlauncher.ClassTransformer.transform(ClassTransformer.java:120) ~[modlauncher-10.0.9.jar:?]
	at cpw.mods.modlauncher.TransformingClassLoader.maybeTransformClassBytes(TransformingClassLoader.java:50) ~[modlauncher-10.0.9.jar:?]
	at cpw.mods.cl.ModuleClassLoader.readerToClass(ModuleClassLoader.java:113) ~[securejarhandler-2.1.10.jar:?]
	at cpw.mods.cl.ModuleClassLoader.lambda$findClass$15(ModuleClassLoader.java:219) ~[securejarhandler-2.1.10.jar:?]
	at cpw.mods.cl.ModuleClassLoader.loadFromModule(ModuleClassLoader.java:229) ~[securejarhandler-2.1.10.jar:?]
	at cpw.mods.cl.ModuleClassLoader.findClass(ModuleClassLoader.java:219) ~[securejarhandler-2.1.10.jar:?]
	at cpw.mods.cl.ModuleClassLoader.loadClass(ModuleClassLoader.java:135) ~[securejarhandler-2.1.10.jar:?]
	at java.lang.ClassLoader.loadClass(Unknown Source) ~[?:?]
	at gg.essential.mod.cosmetics.settings.CosmeticProperty$RequiresUnlockAction$Data.<clinit>(CosmeticProperty.kt:264) ~[?:?]
	at gg.essential.mod.cosmetics.settings.CosmeticProperty$RequiresUnlockAction.<clinit>(CosmeticProperty.kt:252) ~[?:?]
	at gg.essential.mod.cosmetics.settings.CosmeticProperty$TheSerializer.<clinit>(CosmeticProperty.kt:423) ~[?:?]
	at gg.essential.mod.cosmetics.settings.CosmeticProperty$Companion$json$2$1.invoke(CosmeticProperty.kt:442) ~[?:?]
	at gg.essential.mod.cosmetics.settings.CosmeticProperty$Companion$json$2$1.invoke(CosmeticProperty.kt:440) ~[?:?]
	at kotlinx.serialization.json.JsonKt.Json(Json.kt:199) ~[?:?]
	at kotlinx.serialization.json.JsonKt.Json$default(Json.kt:197) ~[?:?]
	at gg.essential.mod.cosmetics.settings.CosmeticProperty$Companion$json$2.invoke(CosmeticProperty.kt:440) ~[?:?]
	at gg.essential.mod.cosmetics.settings.CosmeticProperty$Companion$json$2.invoke(CosmeticProperty.kt:439) ~[?:?]
	at kotlin.SynchronizedLazyImpl.getValue(LazyJVM.kt:74) ~[?:?]
	at gg.essential.mod.cosmetics.settings.CosmeticProperty$Companion.getJson(CosmeticProperty.kt:439) ~[?:?]
	at gg.essential.mod.cosmetics.settings.CosmeticProperty$Companion.fromJsonArray(CosmeticProperty.kt:450) ~[?:?]
	at gg.essential.network.connectionmanager.cosmetics.InfraCosmeticsData$addCosmetic$settingsFuture$1.invoke(InfraCosmeticsData.kt:126) ~[?:?]
	at gg.essential.network.connectionmanager.cosmetics.InfraCosmeticsData$addCosmetic$settingsFuture$1.invoke(InfraCosmeticsData.kt:126) ~[?:?]
	at gg.essential.network.connectionmanager.cosmetics.InfraCosmeticsData.addCosmetic$lambda$3(InfraCosmeticsData.kt:126) ~[?:?]
	at java.util.concurrent.CompletableFuture$UniApply.tryFire(Unknown Source) ~[?:?]
	at java.util.concurrent.CompletableFuture$Completion.exec(Unknown Source) ~[?:?]
	at java.util.concurrent.ForkJoinTask.doExec(Unknown Source) ~[?:?]
	at java.util.concurrent.ForkJoinPool$WorkQueue.topLevelExec(Unknown Source) ~[?:?]
	at java.util.concurrent.ForkJoinPool.scan(Unknown Source) ~[?:?]
	at java.util.concurrent.ForkJoinPool.runWorker(Unknown Source) ~[?:?]
	at java.util.concurrent.ForkJoinWorkerThread.run(Unknown Source) ~[?:?]
[17:08:28] [ForkJoinPool.commonPool-worker-7/ERROR]: Could not find parent gg/essential/mod/cosmetics/settings/CosmeticProperty$RequiresUnlockAction$Data for class gg/essential/mod/cosmetics/settings/CosmeticProperty$RequiresUnlockAction$Data$JoinServer in classloader jdk.internal.loader.ClassLoaders$AppClassLoader@30c7da1e on thread Thread[ForkJoinPool.commonPool-worker-7,5,main]
[17:08:28] [ForkJoinPool.commonPool-worker-7/ERROR]: An error occurred building event handler
java.lang.ClassNotFoundException: gg.essential.mod.cosmetics.settings.CosmeticProperty$RequiresUnlockAction$Data
	at jdk.internal.loader.BuiltinClassLoader.loadClass(Unknown Source) ~[?:?]
	at jdk.internal.loader.ClassLoaders$AppClassLoader.loadClass(Unknown Source) ~[?:?]
	at java.lang.ClassLoader.loadClass(Unknown Source) ~[?:?]
	at net.minecraftforge.eventbus.EventSubclassTransformer.buildEvents(EventSubclassTransformer.java:97) ~[eventbus-6.0.5.jar:?]
	at net.minecraftforge.eventbus.EventSubclassTransformer.transform(EventSubclassTransformer.java:48) ~[eventbus-6.0.5.jar:?]
	at net.minecraftforge.eventbus.EventBusEngine.processClass(EventBusEngine.java:26) ~[eventbus-6.0.5.jar:?]
	at net.minecraftforge.eventbus.service.ModLauncherService.processClassWithFlags(ModLauncherService.java:32) ~[eventbus-6.0.5.jar:6.0.5+6.0.5+master.eb8e549b]
	at cpw.mods.modlauncher.LaunchPluginHandler.offerClassNodeToPlugins(LaunchPluginHandler.java:88) ~[modlauncher-10.0.9.jar:?]
	at cpw.mods.modlauncher.ClassTransformer.transform(ClassTransformer.java:120) ~[modlauncher-10.0.9.jar:?]
	at cpw.mods.modlauncher.TransformingClassLoader.maybeTransformClassBytes(TransformingClassLoader.java:50) ~[modlauncher-10.0.9.jar:?]
	at cpw.mods.cl.ModuleClassLoader.readerToClass(ModuleClassLoader.java:113) ~[securejarhandler-2.1.10.jar:?]
	at cpw.mods.cl.ModuleClassLoader.lambda$findClass$15(ModuleClassLoader.java:219) ~[securejarhandler-2.1.10.jar:?]
	at cpw.mods.cl.ModuleClassLoader.loadFromModule(ModuleClassLoader.java:229) ~[securejarhandler-2.1.10.jar:?]
	at cpw.mods.cl.ModuleClassLoader.findClass(ModuleClassLoader.java:219) ~[securejarhandler-2.1.10.jar:?]
	at cpw.mods.cl.ModuleClassLoader.loadClass(ModuleClassLoader.java:135) ~[securejarhandler-2.1.10.jar:?]
	at java.lang.ClassLoader.loadClass(Unknown Source) ~[?:?]
	at gg.essential.mod.cosmetics.settings.CosmeticProperty$RequiresUnlockAction$Data$Companion$1.invoke(CosmeticProperty.kt:264) ~[?:?]
	at gg.essential.mod.cosmetics.settings.CosmeticProperty$RequiresUnlockAction$Data$Companion$1.invoke(CosmeticProperty.kt:264) ~[?:?]
	at kotlin.SafePublicationLazyImpl.getValue(LazyJVM.kt:107) ~[?:?]
	at gg.essential.mod.cosmetics.settings.CosmeticProperty$RequiresUnlockAction$Data$Companion.get$cachedSerializer(CosmeticProperty.kt:264) ~[?:?]
	at gg.essential.mod.cosmetics.settings.CosmeticProperty$RequiresUnlockAction$Data$Companion.serializer(CosmeticProperty.kt:264) ~[?:?]
	at gg.essential.mod.cosmetics.settings.CosmeticProperty$RequiresUnlockAction.<clinit>(CosmeticProperty.kt:252) ~[?:?]
	at gg.essential.mod.cosmetics.settings.CosmeticProperty$TheSerializer.<clinit>(CosmeticProperty.kt:423) ~[?:?]
	at gg.essential.mod.cosmetics.settings.CosmeticProperty$Companion$json$2$1.invoke(CosmeticProperty.kt:442) ~[?:?]
	at gg.essential.mod.cosmetics.settings.CosmeticProperty$Companion$json$2$1.invoke(CosmeticProperty.kt:440) ~[?:?]
	at kotlinx.serialization.json.JsonKt.Json(Json.kt:199) ~[?:?]
	at kotlinx.serialization.json.JsonKt.Json$default(Json.kt:197) ~[?:?]
	at gg.essential.mod.cosmetics.settings.CosmeticProperty$Companion$json$2.invoke(CosmeticProperty.kt:440) ~[?:?]
	at gg.essential.mod.cosmetics.settings.CosmeticProperty$Companion$json$2.invoke(CosmeticProperty.kt:439) ~[?:?]
	at kotlin.SynchronizedLazyImpl.getValue(LazyJVM.kt:74) ~[?:?]
	at gg.essential.mod.cosmetics.settings.CosmeticProperty$Companion.getJson(CosmeticProperty.kt:439) ~[?:?]
	at gg.essential.mod.cosmetics.settings.CosmeticProperty$Companion.fromJsonArray(CosmeticProperty.kt:450) ~[?:?]
	at gg.essential.network.connectionmanager.cosmetics.InfraCosmeticsData$addCosmetic$settingsFuture$1.invoke(InfraCosmeticsData.kt:126) ~[?:?]
	at gg.essential.network.connectionmanager.cosmetics.InfraCosmeticsData$addCosmetic$settingsFuture$1.invoke(InfraCosmeticsData.kt:126) ~[?:?]
	at gg.essential.network.connectionmanager.cosmetics.InfraCosmeticsData.addCosmetic$lambda$3(InfraCosmeticsData.kt:126) ~[?:?]
	at java.util.concurrent.CompletableFuture$UniApply.tryFire(Unknown Source) ~[?:?]
	at java.util.concurrent.CompletableFuture$Completion.exec(Unknown Source) ~[?:?]
	at java.util.concurrent.ForkJoinTask.doExec(Unknown Source) ~[?:?]
	at java.util.concurrent.ForkJoinPool$WorkQueue.topLevelExec(Unknown Source) ~[?:?]
	at java.util.concurrent.ForkJoinPool.scan(Unknown Source) ~[?:?]
	at java.util.concurrent.ForkJoinPool.runWorker(Unknown Source) ~[?:?]
	at java.util.concurrent.ForkJoinWorkerThread.run(Unknown Source) ~[?:?]
[17:08:28] [ForkJoinPool.commonPool-worker-7/ERROR]: Could not find parent gg/essential/mod/cosmetics/settings/CosmeticProperty$RequiresUnlockAction$Data for class gg/essential/mod/cosmetics/settings/CosmeticProperty$RequiresUnlockAction$Data$JoinSps in classloader jdk.internal.loader.ClassLoaders$AppClassLoader@30c7da1e on thread Thread[ForkJoinPool.commonPool-worker-7,5,main]
[17:08:28] [ForkJoinPool.commonPool-worker-7/ERROR]: An error occurred building event handler
java.lang.ClassNotFoundException: gg.essential.mod.cosmetics.settings.CosmeticProperty$RequiresUnlockAction$Data
	at jdk.internal.loader.BuiltinClassLoader.loadClass(Unknown Source) ~[?:?]
	at jdk.internal.loader.ClassLoaders$AppClassLoader.loadClass(Unknown Source) ~[?:?]
	at java.lang.ClassLoader.loadClass(Unknown Source) ~[?:?]
	at net.minecraftforge.eventbus.EventSubclassTransformer.buildEvents(EventSubclassTransformer.java:97) ~[eventbus-6.0.5.jar:?]
	at net.minecraftforge.eventbus.EventSubclassTransformer.transform(EventSubclassTransformer.java:48) ~[eventbus-6.0.5.jar:?]
	at net.minecraftforge.eventbus.EventBusEngine.processClass(EventBusEngine.java:26) ~[eventbus-6.0.5.jar:?]
	at net.minecraftforge.eventbus.service.ModLauncherService.processClassWithFlags(ModLauncherService.java:32) ~[eventbus-6.0.5.jar:6.0.5+6.0.5+master.eb8e549b]
	at cpw.mods.modlauncher.LaunchPluginHandler.offerClassNodeToPlugins(LaunchPluginHandler.java:88) ~[modlauncher-10.0.9.jar:?]
	at cpw.mods.modlauncher.ClassTransformer.transform(ClassTransformer.java:120) ~[modlauncher-10.0.9.jar:?]
	at cpw.mods.modlauncher.TransformingClassLoader.maybeTransformClassBytes(TransformingClassLoader.java:50) ~[modlauncher-10.0.9.jar:?]
	at cpw.mods.cl.ModuleClassLoader.readerToClass(ModuleClassLoader.java:113) ~[securejarhandler-2.1.10.jar:?]
	at cpw.mods.cl.ModuleClassLoader.lambda$findClass$15(ModuleClassLoader.java:219) ~[securejarhandler-2.1.10.jar:?]
	at cpw.mods.cl.ModuleClassLoader.loadFromModule(ModuleClassLoader.java:229) ~[securejarhandler-2.1.10.jar:?]
	at cpw.mods.cl.ModuleClassLoader.findClass(ModuleClassLoader.java:219) ~[securejarhandler-2.1.10.jar:?]
	at cpw.mods.cl.ModuleClassLoader.loadClass(ModuleClassLoader.java:135) ~[securejarhandler-2.1.10.jar:?]
	at java.lang.ClassLoader.loadClass(Unknown Source) ~[?:?]
	at gg.essential.mod.cosmetics.settings.CosmeticProperty$RequiresUnlockAction$Data$Companion$1.invoke(CosmeticProperty.kt:264) ~[?:?]
	at gg.essential.mod.cosmetics.settings.CosmeticProperty$RequiresUnlockAction$Data$Companion$1.invoke(CosmeticProperty.kt:264) ~[?:?]
	at kotlin.SafePublicationLazyImpl.getValue(LazyJVM.kt:107) ~[?:?]
	at gg.essential.mod.cosmetics.settings.CosmeticProperty$RequiresUnlockAction$Data$Companion.get$cachedSerializer(CosmeticProperty.kt:264) ~[?:?]
	at gg.essential.mod.cosmetics.settings.CosmeticProperty$RequiresUnlockAction$Data$Companion.serializer(CosmeticProperty.kt:264) ~[?:?]
	at gg.essential.mod.cosmetics.settings.CosmeticProperty$RequiresUnlockAction.<clinit>(CosmeticProperty.kt:252) ~[?:?]
	at gg.essential.mod.cosmetics.settings.CosmeticProperty$TheSerializer.<clinit>(CosmeticProperty.kt:423) ~[?:?]
	at gg.essential.mod.cosmetics.settings.CosmeticProperty$Companion$json$2$1.invoke(CosmeticProperty.kt:442) ~[?:?]
	at gg.essential.mod.cosmetics.settings.CosmeticProperty$Companion$json$2$1.invoke(CosmeticProperty.kt:440) ~[?:?]
	at kotlinx.serialization.json.JsonKt.Json(Json.kt:199) ~[?:?]
	at kotlinx.serialization.json.JsonKt.Json$default(Json.kt:197) ~[?:?]
	at gg.essential.mod.cosmetics.settings.CosmeticProperty$Companion$json$2.invoke(CosmeticProperty.kt:440) ~[?:?]
	at gg.essential.mod.cosmetics.settings.CosmeticProperty$Companion$json$2.invoke(CosmeticProperty.kt:439) ~[?:?]
	at kotlin.SynchronizedLazyImpl.getValue(LazyJVM.kt:74) ~[?:?]
	at gg.essential.mod.cosmetics.settings.CosmeticProperty$Companion.getJson(CosmeticProperty.kt:439) ~[?:?]
	at gg.essential.mod.cosmetics.settings.CosmeticProperty$Companion.fromJsonArray(CosmeticProperty.kt:450) ~[?:?]
	at gg.essential.network.connectionmanager.cosmetics.InfraCosmeticsData$addCosmetic$settingsFuture$1.invoke(InfraCosmeticsData.kt:126) ~[?:?]
	at gg.essential.network.connectionmanager.cosmetics.InfraCosmeticsData$addCosmetic$settingsFuture$1.invoke(InfraCosmeticsData.kt:126) ~[?:?]
	at gg.essential.network.connectionmanager.cosmetics.InfraCosmeticsData.addCosmetic$lambda$3(InfraCosmeticsData.kt:126) ~[?:?]
	at java.util.concurrent.CompletableFuture$UniApply.tryFire(Unknown Source) ~[?:?]
	at java.util.concurrent.CompletableFuture$Completion.exec(Unknown Source) ~[?:?]
	at java.util.concurrent.ForkJoinTask.doExec(Unknown Source) ~[?:?]
	at java.util.concurrent.ForkJoinPool$WorkQueue.topLevelExec(Unknown Source) ~[?:?]
	at java.util.concurrent.ForkJoinPool.scan(Unknown Source) ~[?:?]
	at java.util.concurrent.ForkJoinPool.runWorker(Unknown Source) ~[?:?]
	at java.util.concurrent.ForkJoinWorkerThread.run(Unknown Source) ~[?:?]
[17:08:28] [ForkJoinPool.commonPool-worker-7/ERROR]: Could not find parent gg/essential/mod/cosmetics/settings/CosmeticProperty$RequiresUnlockAction$Data for class gg/essential/mod/cosmetics/settings/CosmeticProperty$RequiresUnlockAction$Data$OpenLink in classloader jdk.internal.loader.ClassLoaders$AppClassLoader@30c7da1e on thread Thread[ForkJoinPool.commonPool-worker-7,5,main]
[17:08:28] [ForkJoinPool.commonPool-worker-7/ERROR]: An error occurred building event handler
java.lang.ClassNotFoundException: gg.essential.mod.cosmetics.settings.CosmeticProperty$RequiresUnlockAction$Data
	at jdk.internal.loader.BuiltinClassLoader.loadClass(Unknown Source) ~[?:?]
	at jdk.internal.loader.ClassLoaders$AppClassLoader.loadClass(Unknown Source) ~[?:?]
	at java.lang.ClassLoader.loadClass(Unknown Source) ~[?:?]
	at net.minecraftforge.eventbus.EventSubclassTransformer.buildEvents(EventSubclassTransformer.java:97) ~[eventbus-6.0.5.jar:?]
	at net.minecraftforge.eventbus.EventSubclassTransformer.transform(EventSubclassTransformer.java:48) ~[eventbus-6.0.5.jar:?]
	at net.minecraftforge.eventbus.EventBusEngine.processClass(EventBusEngine.java:26) ~[eventbus-6.0.5.jar:?]
	at net.minecraftforge.eventbus.service.ModLauncherService.processClassWithFlags(ModLauncherService.java:32) ~[eventbus-6.0.5.jar:6.0.5+6.0.5+master.eb8e549b]
	at cpw.mods.modlauncher.LaunchPluginHandler.offerClassNodeToPlugins(LaunchPluginHandler.java:88) ~[modlauncher-10.0.9.jar:?]
	at cpw.mods.modlauncher.ClassTransformer.transform(ClassTransformer.java:120) ~[modlauncher-10.0.9.jar:?]
	at cpw.mods.modlauncher.TransformingClassLoader.maybeTransformClassBytes(TransformingClassLoader.java:50) ~[modlauncher-10.0.9.jar:?]
	at cpw.mods.cl.ModuleClassLoader.readerToClass(ModuleClassLoader.java:113) ~[securejarhandler-2.1.10.jar:?]
	at cpw.mods.cl.ModuleClassLoader.lambda$findClass$15(ModuleClassLoader.java:219) ~[securejarhandler-2.1.10.jar:?]
	at cpw.mods.cl.ModuleClassLoader.loadFromModule(ModuleClassLoader.java:229) ~[securejarhandler-2.1.10.jar:?]
	at cpw.mods.cl.ModuleClassLoader.findClass(ModuleClassLoader.java:219) ~[securejarhandler-2.1.10.jar:?]
	at cpw.mods.cl.ModuleClassLoader.loadClass(ModuleClassLoader.java:135) ~[securejarhandler-2.1.10.jar:?]
	at java.lang.ClassLoader.loadClass(Unknown Source) ~[?:?]
	at gg.essential.mod.cosmetics.settings.CosmeticProperty$RequiresUnlockAction$Data$Companion$1.invoke(CosmeticProperty.kt:264) ~[?:?]
	at gg.essential.mod.cosmetics.settings.CosmeticProperty$RequiresUnlockAction$Data$Companion$1.invoke(CosmeticProperty.kt:264) ~[?:?]
	at kotlin.SafePublicationLazyImpl.getValue(LazyJVM.kt:107) ~[?:?]
	at gg.essential.mod.cosmetics.settings.CosmeticProperty$RequiresUnlockAction$Data$Companion.get$cachedSerializer(CosmeticProperty.kt:264) ~[?:?]
	at gg.essential.mod.cosmetics.settings.CosmeticProperty$RequiresUnlockAction$Data$Companion.serializer(CosmeticProperty.kt:264) ~[?:?]
	at gg.essential.mod.cosmetics.settings.CosmeticProperty$RequiresUnlockAction.<clinit>(CosmeticProperty.kt:252) ~[?:?]
	at gg.essential.mod.cosmetics.settings.CosmeticProperty$TheSerializer.<clinit>(CosmeticProperty.kt:423) ~[?:?]
	at gg.essential.mod.cosmetics.settings.CosmeticProperty$Companion$json$2$1.invoke(CosmeticProperty.kt:442) ~[?:?]
	at gg.essential.mod.cosmetics.settings.CosmeticProperty$Companion$json$2$1.invoke(CosmeticProperty.kt:440) ~[?:?]
	at kotlinx.serialization.json.JsonKt.Json(Json.kt:199) ~[?:?]
	at kotlinx.serialization.json.JsonKt.Json$default(Json.kt:197) ~[?:?]
	at gg.essential.mod.cosmetics.settings.CosmeticProperty$Companion$json$2.invoke(CosmeticProperty.kt:440) ~[?:?]
	at gg.essential.mod.cosmetics.settings.CosmeticProperty$Companion$json$2.invoke(CosmeticProperty.kt:439) ~[?:?]
	at kotlin.SynchronizedLazyImpl.getValue(LazyJVM.kt:74) ~[?:?]
	at gg.essential.mod.cosmetics.settings.CosmeticProperty$Companion.getJson(CosmeticProperty.kt:439) ~[?:?]
	at gg.essential.mod.cosmetics.settings.CosmeticProperty$Companion.fromJsonArray(CosmeticProperty.kt:450) ~[?:?]
	at gg.essential.network.connectionmanager.cosmetics.InfraCosmeticsData$addCosmetic$settingsFuture$1.invoke(InfraCosmeticsData.kt:126) ~[?:?]
	at gg.essential.network.connectionmanager.cosmetics.InfraCosmeticsData$addCosmetic$settingsFuture$1.invoke(InfraCosmeticsData.kt:126) ~[?:?]
	at gg.essential.network.connectionmanager.cosmetics.InfraCosmeticsData.addCosmetic$lambda$3(InfraCosmeticsData.kt:126) ~[?:?]
	at java.util.concurrent.CompletableFuture$UniApply.tryFire(Unknown Source) ~[?:?]
	at java.util.concurrent.CompletableFuture$Completion.exec(Unknown Source) ~[?:?]
	at java.util.concurrent.ForkJoinTask.doExec(Unknown Source) ~[?:?]
	at java.util.concurrent.ForkJoinPool$WorkQueue.topLevelExec(Unknown Source) ~[?:?]
	at java.util.concurrent.ForkJoinPool.scan(Unknown Source) ~[?:?]
	at java.util.concurrent.ForkJoinPool.runWorker(Unknown Source) ~[?:?]
	at java.util.concurrent.ForkJoinWorkerThread.run(Unknown Source) ~[?:?]
[17:08:28] [ForkJoinPool.commonPool-worker-7/ERROR]: Could not find parent gg/essential/mod/cosmetics/settings/CosmeticProperty for class gg/essential/mod/cosmetics/settings/CosmeticProperty$PreviewResetTime in classloader jdk.internal.loader.ClassLoaders$AppClassLoader@30c7da1e on thread Thread[ForkJoinPool.commonPool-worker-7,5,main]
[17:08:28] [ForkJoinPool.commonPool-worker-7/ERROR]: An error occurred building event handler
java.lang.ClassNotFoundException: gg.essential.mod.cosmetics.settings.CosmeticProperty
	at jdk.internal.loader.BuiltinClassLoader.loadClass(Unknown Source) ~[?:?]
	at jdk.internal.loader.ClassLoaders$AppClassLoader.loadClass(Unknown Source) ~[?:?]
	at java.lang.ClassLoader.loadClass(Unknown Source) ~[?:?]
	at net.minecraftforge.eventbus.EventSubclassTransformer.buildEvents(EventSubclassTransformer.java:97) ~[eventbus-6.0.5.jar:?]
	at net.minecraftforge.eventbus.EventSubclassTransformer.transform(EventSubclassTransformer.java:48) ~[eventbus-6.0.5.jar:?]
	at net.minecraftforge.eventbus.EventBusEngine.processClass(EventBusEngine.java:26) ~[eventbus-6.0.5.jar:?]
	at net.minecraftforge.eventbus.service.ModLauncherService.processClassWithFlags(ModLauncherService.java:32) ~[eventbus-6.0.5.jar:6.0.5+6.0.5+master.eb8e549b]
	at cpw.mods.modlauncher.LaunchPluginHandler.offerClassNodeToPlugins(LaunchPluginHandler.java:88) ~[modlauncher-10.0.9.jar:?]
	at cpw.mods.modlauncher.ClassTransformer.transform(ClassTransformer.java:120) ~[modlauncher-10.0.9.jar:?]
	at cpw.mods.modlauncher.TransformingClassLoader.maybeTransformClassBytes(TransformingClassLoader.java:50) ~[modlauncher-10.0.9.jar:?]
	at cpw.mods.cl.ModuleClassLoader.readerToClass(ModuleClassLoader.java:113) ~[securejarhandler-2.1.10.jar:?]
	at cpw.mods.cl.ModuleClassLoader.lambda$findClass$15(ModuleClassLoader.java:219) ~[securejarhandler-2.1.10.jar:?]
	at cpw.mods.cl.ModuleClassLoader.loadFromModule(ModuleClassLoader.java:229) ~[securejarhandler-2.1.10.jar:?]
	at cpw.mods.cl.ModuleClassLoader.findClass(ModuleClassLoader.java:219) ~[securejarhandler-2.1.10.jar:?]
	at cpw.mods.cl.ModuleClassLoader.loadClass(ModuleClassLoader.java:135) ~[securejarhandler-2.1.10.jar:?]
	at java.lang.ClassLoader.loadClass(Unknown Source) ~[?:?]
	at gg.essential.mod.cosmetics.settings.CosmeticProperty$TheSerializer.<clinit>(CosmeticProperty.kt:424) ~[?:?]
	at gg.essential.mod.cosmetics.settings.CosmeticProperty$Companion$json$2$1.invoke(CosmeticProperty.kt:442) ~[?:?]
	at gg.essential.mod.cosmetics.settings.CosmeticProperty$Companion$json$2$1.invoke(CosmeticProperty.kt:440) ~[?:?]
	at kotlinx.serialization.json.JsonKt.Json(Json.kt:199) ~[?:?]
	at kotlinx.serialization.json.JsonKt.Json$default(Json.kt:197) ~[?:?]
	at gg.essential.mod.cosmetics.settings.CosmeticProperty$Companion$json$2.invoke(CosmeticProperty.kt:440) ~[?:?]
	at gg.essential.mod.cosmetics.settings.CosmeticProperty$Companion$json$2.invoke(CosmeticProperty.kt:439) ~[?:?]
	at kotlin.SynchronizedLazyImpl.getValue(LazyJVM.kt:74) ~[?:?]
	at gg.essential.mod.cosmetics.settings.CosmeticProperty$Companion.getJson(CosmeticProperty.kt:439) ~[?:?]
	at gg.essential.mod.cosmetics.settings.CosmeticProperty$Companion.fromJsonArray(CosmeticProperty.kt:450) ~[?:?]
	at gg.essential.network.connectionmanager.cosmetics.InfraCosmeticsData$addCosmetic$settingsFuture$1.invoke(InfraCosmeticsData.kt:126) ~[?:?]
	at gg.essential.network.connectionmanager.cosmetics.InfraCosmeticsData$addCosmetic$settingsFuture$1.invoke(InfraCosmeticsData.kt:126) ~[?:?]
	at gg.essential.network.connectionmanager.cosmetics.InfraCosmeticsData.addCosmetic$lambda$3(InfraCosmeticsData.kt:126) ~[?:?]
	at java.util.concurrent.CompletableFuture$UniApply.tryFire(Unknown Source) ~[?:?]
	at java.util.concurrent.CompletableFuture$Completion.exec(Unknown Source) ~[?:?]
	at java.util.concurrent.ForkJoinTask.doExec(Unknown Source) ~[?:?]
	at java.util.concurrent.ForkJoinPool$WorkQueue.topLevelExec(Unknown Source) ~[?:?]
	at java.util.concurrent.ForkJoinPool.scan(Unknown Source) ~[?:?]
	at java.util.concurrent.ForkJoinPool.runWorker(Unknown Source) ~[?:?]
	at java.util.concurrent.ForkJoinWorkerThread.run(Unknown Source) ~[?:?]
[17:08:28] [ForkJoinPool.commonPool-worker-7/ERROR]: Could not find parent gg/essential/mod/cosmetics/settings/CosmeticProperty for class gg/essential/mod/cosmetics/settings/CosmeticProperty$Localization in classloader jdk.internal.loader.ClassLoaders$AppClassLoader@30c7da1e on thread Thread[ForkJoinPool.commonPool-worker-7,5,main]
[17:08:28] [ForkJoinPool.commonPool-worker-7/ERROR]: An error occurred building event handler
java.lang.ClassNotFoundException: gg.essential.mod.cosmetics.settings.CosmeticProperty
	at jdk.internal.loader.BuiltinClassLoader.loadClass(Unknown Source) ~[?:?]
	at jdk.internal.loader.ClassLoaders$AppClassLoader.loadClass(Unknown Source) ~[?:?]
	at java.lang.ClassLoader.loadClass(Unknown Source) ~[?:?]
	at net.minecraftforge.eventbus.EventSubclassTransformer.buildEvents(EventSubclassTransformer.java:97) ~[eventbus-6.0.5.jar:?]
	at net.minecraftforge.eventbus.EventSubclassTransformer.transform(EventSubclassTransformer.java:48) ~[eventbus-6.0.5.jar:?]
	at net.minecraftforge.eventbus.EventBusEngine.processClass(EventBusEngine.java:26) ~[eventbus-6.0.5.jar:?]
	at net.minecraftforge.eventbus.service.ModLauncherService.processClassWithFlags(ModLauncherService.java:32) ~[eventbus-6.0.5.jar:6.0.5+6.0.5+master.eb8e549b]
	at cpw.mods.modlauncher.LaunchPluginHandler.offerClassNodeToPlugins(LaunchPluginHandler.java:88) ~[modlauncher-10.0.9.jar:?]
	at cpw.mods.modlauncher.ClassTransformer.transform(ClassTransformer.java:120) ~[modlauncher-10.0.9.jar:?]
	at cpw.mods.modlauncher.TransformingClassLoader.maybeTransformClassBytes(TransformingClassLoader.java:50) ~[modlauncher-10.0.9.jar:?]
	at cpw.mods.cl.ModuleClassLoader.readerToClass(ModuleClassLoader.java:113) ~[securejarhandler-2.1.10.jar:?]
	at cpw.mods.cl.ModuleClassLoader.lambda$findClass$15(ModuleClassLoader.java:219) ~[securejarhandler-2.1.10.jar:?]
	at cpw.mods.cl.ModuleClassLoader.loadFromModule(ModuleClassLoader.java:229) ~[securejarhandler-2.1.10.jar:?]
	at cpw.mods.cl.ModuleClassLoader.findClass(ModuleClassLoader.java:219) ~[securejarhandler-2.1.10.jar:?]
	at cpw.mods.cl.ModuleClassLoader.loadClass(ModuleClassLoader.java:135) ~[securejarhandler-2.1.10.jar:?]
	at java.lang.ClassLoader.loadClass(Unknown Source) ~[?:?]
	at gg.essential.mod.cosmetics.settings.CosmeticProperty$TheSerializer.<clinit>(CosmeticProperty.kt:425) ~[?:?]
	at gg.essential.mod.cosmetics.settings.CosmeticProperty$Companion$json$2$1.invoke(CosmeticProperty.kt:442) ~[?:?]
	at gg.essential.mod.cosmetics.settings.CosmeticProperty$Companion$json$2$1.invoke(CosmeticProperty.kt:440) ~[?:?]
	at kotlinx.serialization.json.JsonKt.Json(Json.kt:199) ~[?:?]
	at kotlinx.serialization.json.JsonKt.Json$default(Json.kt:197) ~[?:?]
	at gg.essential.mod.cosmetics.settings.CosmeticProperty$Companion$json$2.invoke(CosmeticProperty.kt:440) ~[?:?]
	at gg.essential.mod.cosmetics.settings.CosmeticProperty$Companion$json$2.invoke(CosmeticProperty.kt:439) ~[?:?]
	at kotlin.SynchronizedLazyImpl.getValue(LazyJVM.kt:74) ~[?:?]
	at gg.essential.mod.cosmetics.settings.CosmeticProperty$Companion.getJson(CosmeticProperty.kt:439) ~[?:?]
	at gg.essential.mod.cosmetics.settings.CosmeticProperty$Companion.fromJsonArray(CosmeticProperty.kt:450) ~[?:?]
	at gg.essential.network.connectionmanager.cosmetics.InfraCosmeticsData$addCosmetic$settingsFuture$1.invoke(InfraCosmeticsData.kt:126) ~[?:?]
	at gg.essential.network.connectionmanager.cosmetics.InfraCosmeticsData$addCosmetic$settingsFuture$1.invoke(InfraCosmeticsData.kt:126) ~[?:?]
	at gg.essential.network.connectionmanager.cosmetics.InfraCosmeticsData.addCosmetic$lambda$3(InfraCosmeticsData.kt:126) ~[?:?]
	at java.util.concurrent.CompletableFuture$UniApply.tryFire(Unknown Source) ~[?:?]
	at java.util.concurrent.CompletableFuture$Completion.exec(Unknown Source) ~[?:?]
	at java.util.concurrent.ForkJoinTask.doExec(Unknown Source) ~[?:?]
	at java.util.concurrent.ForkJoinPool$WorkQueue.topLevelExec(Unknown Source) ~[?:?]
	at java.util.concurrent.ForkJoinPool.scan(Unknown Source) ~[?:?]
	at java.util.concurrent.ForkJoinPool.runWorker(Unknown Source) ~[?:?]
	at java.util.concurrent.ForkJoinWorkerThread.run(Unknown Source) ~[?:?]
[17:08:28] [ForkJoinPool.commonPool-worker-7/ERROR]: Could not find parent gg/essential/mod/cosmetics/settings/CosmeticProperty for class gg/essential/mod/cosmetics/settings/CosmeticProperty$TransitionDelay in classloader jdk.internal.loader.ClassLoaders$AppClassLoader@30c7da1e on thread Thread[ForkJoinPool.commonPool-worker-7,5,main]
[17:08:28] [ForkJoinPool.commonPool-worker-7/ERROR]: An error occurred building event handler
java.lang.ClassNotFoundException: gg.essential.mod.cosmetics.settings.CosmeticProperty
	at jdk.internal.loader.BuiltinClassLoader.loadClass(Unknown Source) ~[?:?]
	at jdk.internal.loader.ClassLoaders$AppClassLoader.loadClass(Unknown Source) ~[?:?]
	at java.lang.ClassLoader.loadClass(Unknown Source) ~[?:?]
	at net.minecraftforge.eventbus.EventSubclassTransformer.buildEvents(EventSubclassTransformer.java:97) ~[eventbus-6.0.5.jar:?]
	at net.minecraftforge.eventbus.EventSubclassTransformer.transform(EventSubclassTransformer.java:48) ~[eventbus-6.0.5.jar:?]
	at net.minecraftforge.eventbus.EventBusEngine.processClass(EventBusEngine.java:26) ~[eventbus-6.0.5.jar:?]
	at net.minecraftforge.eventbus.service.ModLauncherService.processClassWithFlags(ModLauncherService.java:32) ~[eventbus-6.0.5.jar:6.0.5+6.0.5+master.eb8e549b]
	at cpw.mods.modlauncher.LaunchPluginHandler.offerClassNodeToPlugins(LaunchPluginHandler.java:88) ~[modlauncher-10.0.9.jar:?]
	at cpw.mods.modlauncher.ClassTransformer.transform(ClassTransformer.java:120) ~[modlauncher-10.0.9.jar:?]
	at cpw.mods.modlauncher.TransformingClassLoader.maybeTransformClassBytes(TransformingClassLoader.java:50) ~[modlauncher-10.0.9.jar:?]
	at cpw.mods.cl.ModuleClassLoader.readerToClass(ModuleClassLoader.java:113) ~[securejarhandler-2.1.10.jar:?]
	at cpw.mods.cl.ModuleClassLoader.lambda$findClass$15(ModuleClassLoader.java:219) ~[securejarhandler-2.1.10.jar:?]
	at cpw.mods.cl.ModuleClassLoader.loadFromModule(ModuleClassLoader.java:229) ~[securejarhandler-2.1.10.jar:?]
	at cpw.mods.cl.ModuleClassLoader.findClass(ModuleClassLoader.java:219) ~[securejarhandler-2.1.10.jar:?]
	at cpw.mods.cl.ModuleClassLoader.loadClass(ModuleClassLoader.java:135) ~[securejarhandler-2.1.10.jar:?]
	at java.lang.ClassLoader.loadClass(Unknown Source) ~[?:?]
	at gg.essential.mod.cosmetics.settings.CosmeticProperty$TheSerializer.<clinit>(CosmeticProperty.kt:426) ~[?:?]
	at gg.essential.mod.cosmetics.settings.CosmeticProperty$Companion$json$2$1.invoke(CosmeticProperty.kt:442) ~[?:?]
	at gg.essential.mod.cosmetics.settings.CosmeticProperty$Companion$json$2$1.invoke(CosmeticProperty.kt:440) ~[?:?]
	at kotlinx.serialization.json.JsonKt.Json(Json.kt:199) ~[?:?]
	at kotlinx.serialization.json.JsonKt.Json$default(Json.kt:197) ~[?:?]
	at gg.essential.mod.cosmetics.settings.CosmeticProperty$Companion$json$2.invoke(CosmeticProperty.kt:440) ~[?:?]
	at gg.essential.mod.cosmetics.settings.CosmeticProperty$Companion$json$2.invoke(CosmeticProperty.kt:439) ~[?:?]
	at kotlin.SynchronizedLazyImpl.getValue(LazyJVM.kt:74) ~[?:?]
	at gg.essential.mod.cosmetics.settings.CosmeticProperty$Companion.getJson(CosmeticProperty.kt:439) ~[?:?]
	at gg.essential.mod.cosmetics.settings.CosmeticProperty$Companion.fromJsonArray(CosmeticProperty.kt:450) ~[?:?]
	at gg.essential.network.connectionmanager.cosmetics.InfraCosmeticsData$addCosmetic$settingsFuture$1.invoke(InfraCosmeticsData.kt:126) ~[?:?]
	at gg.essential.network.connectionmanager.cosmetics.InfraCosmeticsData$addCosmetic$settingsFuture$1.invoke(InfraCosmeticsData.kt:126) ~[?:?]
	at gg.essential.network.connectionmanager.cosmetics.InfraCosmeticsData.addCosmetic$lambda$3(InfraCosmeticsData.kt:126) ~[?:?]
	at java.util.concurrent.CompletableFuture$UniApply.tryFire(Unknown Source) ~[?:?]
	at java.util.concurrent.CompletableFuture$Completion.exec(Unknown Source) ~[?:?]
	at java.util.concurrent.ForkJoinTask.doExec(Unknown Source) ~[?:?]
	at java.util.concurrent.ForkJoinPool$WorkQueue.topLevelExec(Unknown Source) ~[?:?]
	at java.util.concurrent.ForkJoinPool.scan(Unknown Source) ~[?:?]
	at java.util.concurrent.ForkJoinPool.runWorker(Unknown Source) ~[?:?]
	at java.util.concurrent.ForkJoinWorkerThread.run(Unknown Source) ~[?:?]
[17:08:28] [ForkJoinPool.commonPool-worker-7/ERROR]: Could not find parent gg/essential/mod/cosmetics/settings/CosmeticProperty for class gg/essential/mod/cosmetics/settings/CosmeticProperty$Variants in classloader jdk.internal.loader.ClassLoaders$AppClassLoader@30c7da1e on thread Thread[ForkJoinPool.commonPool-worker-7,5,main]
[17:08:28] [ForkJoinPool.commonPool-worker-7/ERROR]: An error occurred building event handler
java.lang.ClassNotFoundException: gg.essential.mod.cosmetics.settings.CosmeticProperty
	at jdk.internal.loader.BuiltinClassLoader.loadClass(Unknown Source) ~[?:?]
	at jdk.internal.loader.ClassLoaders$AppClassLoader.loadClass(Unknown Source) ~[?:?]
	at java.lang.ClassLoader.loadClass(Unknown Source) ~[?:?]
	at net.minecraftforge.eventbus.EventSubclassTransformer.buildEvents(EventSubclassTransformer.java:97) ~[eventbus-6.0.5.jar:?]
	at net.minecraftforge.eventbus.EventSubclassTransformer.transform(EventSubclassTransformer.java:48) ~[eventbus-6.0.5.jar:?]
	at net.minecraftforge.eventbus.EventBusEngine.processClass(EventBusEngine.java:26) ~[eventbus-6.0.5.jar:?]
	at net.minecraftforge.eventbus.service.ModLauncherService.processClassWithFlags(ModLauncherService.java:32) ~[eventbus-6.0.5.jar:6.0.5+6.0.5+master.eb8e549b]
	at cpw.mods.modlauncher.LaunchPluginHandler.offerClassNodeToPlugins(LaunchPluginHandler.java:88) ~[modlauncher-10.0.9.jar:?]
	at cpw.mods.modlauncher.ClassTransformer.transform(ClassTransformer.java:120) ~[modlauncher-10.0.9.jar:?]
	at cpw.mods.modlauncher.TransformingClassLoader.maybeTransformClassBytes(TransformingClassLoader.java:50) ~[modlauncher-10.0.9.jar:?]
	at cpw.mods.cl.ModuleClassLoader.readerToClass(ModuleClassLoader.java:113) ~[securejarhandler-2.1.10.jar:?]
	at cpw.mods.cl.ModuleClassLoader.lambda$findClass$15(ModuleClassLoader.java:219) ~[securejarhandler-2.1.10.jar:?]
	at cpw.mods.cl.ModuleClassLoader.loadFromModule(ModuleClassLoader.java:229) ~[securejarhandler-2.1.10.jar:?]
	at cpw.mods.cl.ModuleClassLoader.findClass(ModuleClassLoader.java:219) ~[securejarhandler-2.1.10.jar:?]
	at cpw.mods.cl.ModuleClassLoader.loadClass(ModuleClassLoader.java:135) ~[securejarhandler-2.1.10.jar:?]
	at java.lang.ClassLoader.loadClass(Unknown Source) ~[?:?]
	at gg.essential.mod.cosmetics.settings.CosmeticProperty$TheSerializer.<clinit>(CosmeticProperty.kt:427) ~[?:?]
	at gg.essential.mod.cosmetics.settings.CosmeticProperty$Companion$json$2$1.invoke(CosmeticProperty.kt:442) ~[?:?]
	at gg.essential.mod.cosmetics.settings.CosmeticProperty$Companion$json$2$1.invoke(CosmeticProperty.kt:440) ~[?:?]
	at kotlinx.serialization.json.JsonKt.Json(Json.kt:199) ~[?:?]
	at kotlinx.serialization.json.JsonKt.Json$default(Json.kt:197) ~[?:?]
	at gg.essential.mod.cosmetics.settings.CosmeticProperty$Companion$json$2.invoke(CosmeticProperty.kt:440) ~[?:?]
	at gg.essential.mod.cosmetics.settings.CosmeticProperty$Companion$json$2.invoke(CosmeticProperty.kt:439) ~[?:?]
	at kotlin.SynchronizedLazyImpl.getValue(LazyJVM.kt:74) ~[?:?]
	at gg.essential.mod.cosmetics.settings.CosmeticProperty$Companion.getJson(CosmeticProperty.kt:439) ~[?:?]
	at gg.essential.mod.cosmetics.settings.CosmeticProperty$Companion.fromJsonArray(CosmeticProperty.kt:450) ~[?:?]
	at gg.essential.network.connectionmanager.cosmetics.InfraCosmeticsData$addCosmetic$settingsFuture$1.invoke(InfraCosmeticsData.kt:126) ~[?:?]
	at gg.essential.network.connectionmanager.cosmetics.InfraCosmeticsData$addCosmetic$settingsFuture$1.invoke(InfraCosmeticsData.kt:126) ~[?:?]
	at gg.essential.network.connectionmanager.cosmetics.InfraCosmeticsData.addCosmetic$lambda$3(InfraCosmeticsData.kt:126) ~[?:?]
	at java.util.concurrent.CompletableFuture$UniApply.tryFire(Unknown Source) ~[?:?]
	at java.util.concurrent.CompletableFuture$Completion.exec(Unknown Source) ~[?:?]
	at java.util.concurrent.ForkJoinTask.doExec(Unknown Source) ~[?:?]
	at java.util.concurrent.ForkJoinPool$WorkQueue.topLevelExec(Unknown Source) ~[?:?]
	at java.util.concurrent.ForkJoinPool.scan(Unknown Source) ~[?:?]
	at java.util.concurrent.ForkJoinPool.runWorker(Unknown Source) ~[?:?]
	at java.util.concurrent.ForkJoinWorkerThread.run(Unknown Source) ~[?:?]
[17:08:28] [ForkJoinPool.commonPool-worker-7/ERROR]: Could not find parent gg/essential/mod/cosmetics/settings/CosmeticProperty for class gg/essential/mod/cosmetics/settings/CosmeticProperty$DefaultSide in classloader jdk.internal.loader.ClassLoaders$AppClassLoader@30c7da1e on thread Thread[ForkJoinPool.commonPool-worker-7,5,main]
[17:08:28] [ForkJoinPool.commonPool-worker-7/ERROR]: An error occurred building event handler
java.lang.ClassNotFoundException: gg.essential.mod.cosmetics.settings.CosmeticProperty
	at jdk.internal.loader.BuiltinClassLoader.loadClass(Unknown Source) ~[?:?]
	at jdk.internal.loader.ClassLoaders$AppClassLoader.loadClass(Unknown Source) ~[?:?]
	at java.lang.ClassLoader.loadClass(Unknown Source) ~[?:?]
	at net.minecraftforge.eventbus.EventSubclassTransformer.buildEvents(EventSubclassTransformer.java:97) ~[eventbus-6.0.5.jar:?]
	at net.minecraftforge.eventbus.EventSubclassTransformer.transform(EventSubclassTransformer.java:48) ~[eventbus-6.0.5.jar:?]
	at net.minecraftforge.eventbus.EventBusEngine.processClass(EventBusEngine.java:26) ~[eventbus-6.0.5.jar:?]
	at net.minecraftforge.eventbus.service.ModLauncherService.processClassWithFlags(ModLauncherService.java:32) ~[eventbus-6.0.5.jar:6.0.5+6.0.5+master.eb8e549b]
	at cpw.mods.modlauncher.LaunchPluginHandler.offerClassNodeToPlugins(LaunchPluginHandler.java:88) ~[modlauncher-10.0.9.jar:?]
	at cpw.mods.modlauncher.ClassTransformer.transform(ClassTransformer.java:120) ~[modlauncher-10.0.9.jar:?]
	at cpw.mods.modlauncher.TransformingClassLoader.maybeTransformClassBytes(TransformingClassLoader.java:50) ~[modlauncher-10.0.9.jar:?]
	at cpw.mods.cl.ModuleClassLoader.readerToClass(ModuleClassLoader.java:113) ~[securejarhandler-2.1.10.jar:?]
	at cpw.mods.cl.ModuleClassLoader.lambda$findClass$15(ModuleClassLoader.java:219) ~[securejarhandler-2.1.10.jar:?]
	at cpw.mods.cl.ModuleClassLoader.loadFromModule(ModuleClassLoader.java:229) ~[securejarhandler-2.1.10.jar:?]
	at cpw.mods.cl.ModuleClassLoader.findClass(ModuleClassLoader.java:219) ~[securejarhandler-2.1.10.jar:?]
	at cpw.mods.cl.ModuleClassLoader.loadClass(ModuleClassLoader.java:135) ~[securejarhandler-2.1.10.jar:?]
	at java.lang.ClassLoader.loadClass(Unknown Source) ~[?:?]
	at gg.essential.mod.cosmetics.settings.CosmeticProperty$TheSerializer.<clinit>(CosmeticProperty.kt:428) ~[?:?]
	at gg.essential.mod.cosmetics.settings.CosmeticProperty$Companion$json$2$1.invoke(CosmeticProperty.kt:442) ~[?:?]
	at gg.essential.mod.cosmetics.settings.CosmeticProperty$Companion$json$2$1.invoke(CosmeticProperty.kt:440) ~[?:?]
	at kotlinx.serialization.json.JsonKt.Json(Json.kt:199) ~[?:?]
	at kotlinx.serialization.json.JsonKt.Json$default(Json.kt:197) ~[?:?]
	at gg.essential.mod.cosmetics.settings.CosmeticProperty$Companion$json$2.invoke(CosmeticProperty.kt:440) ~[?:?]
	at gg.essential.mod.cosmetics.settings.CosmeticProperty$Companion$json$2.invoke(CosmeticProperty.kt:439) ~[?:?]
	at kotlin.SynchronizedLazyImpl.getValue(LazyJVM.kt:74) ~[?:?]
	at gg.essential.mod.cosmetics.settings.CosmeticProperty$Companion.getJson(CosmeticProperty.kt:439) ~[?:?]
	at gg.essential.mod.cosmetics.settings.CosmeticProperty$Companion.fromJsonArray(CosmeticProperty.kt:450) ~[?:?]
	at gg.essential.network.connectionmanager.cosmetics.InfraCosmeticsData$addCosmetic$settingsFuture$1.invoke(InfraCosmeticsData.kt:126) ~[?:?]
	at gg.essential.network.connectionmanager.cosmetics.InfraCosmeticsData$addCosmetic$settingsFuture$1.invoke(InfraCosmeticsData.kt:126) ~[?:?]
	at gg.essential.network.connectionmanager.cosmetics.InfraCosmeticsData.addCosmetic$lambda$3(InfraCosmeticsData.kt:126) ~[?:?]
	at java.util.concurrent.CompletableFuture$UniApply.tryFire(Unknown Source) ~[?:?]
	at java.util.concurrent.CompletableFuture$Completion.exec(Unknown Source) ~[?:?]
	at java.util.concurrent.ForkJoinTask.doExec(Unknown Source) ~[?:?]
	at java.util.concurrent.ForkJoinPool$WorkQueue.topLevelExec(Unknown Source) ~[?:?]
	at java.util.concurrent.ForkJoinPool.scan(Unknown Source) ~[?:?]
	at java.util.concurrent.ForkJoinPool.runWorker(Unknown Source) ~[?:?]
	at java.util.concurrent.ForkJoinWorkerThread.run(Unknown Source) ~[?:?]
[17:08:28] [ForkJoinPool.commonPool-worker-7/ERROR]: Could not find parent gg/essential/mod/cosmetics/settings/CosmeticProperty for class gg/essential/mod/cosmetics/settings/CosmeticProperty$MutuallyExclusive in classloader jdk.internal.loader.ClassLoaders$AppClassLoader@30c7da1e on thread Thread[ForkJoinPool.commonPool-worker-7,5,main]
[17:08:28] [ForkJoinPool.commonPool-worker-7/ERROR]: An error occurred building event handler
java.lang.ClassNotFoundException: gg.essential.mod.cosmetics.settings.CosmeticProperty
	at jdk.internal.loader.BuiltinClassLoader.loadClass(Unknown Source) ~[?:?]
	at jdk.internal.loader.ClassLoaders$AppClassLoader.loadClass(Unknown Source) ~[?:?]
	at java.lang.ClassLoader.loadClass(Unknown Source) ~[?:?]
	at net.minecraftforge.eventbus.EventSubclassTransformer.buildEvents(EventSubclassTransformer.java:97) ~[eventbus-6.0.5.jar:?]
	at net.minecraftforge.eventbus.EventSubclassTransformer.transform(EventSubclassTransformer.java:48) ~[eventbus-6.0.5.jar:?]
	at net.minecraftforge.eventbus.EventBusEngine.processClass(EventBusEngine.java:26) ~[eventbus-6.0.5.jar:?]
	at net.minecraftforge.eventbus.service.ModLauncherService.processClassWithFlags(ModLauncherService.java:32) ~[eventbus-6.0.5.jar:6.0.5+6.0.5+master.eb8e549b]
	at cpw.mods.modlauncher.LaunchPluginHandler.offerClassNodeToPlugins(LaunchPluginHandler.java:88) ~[modlauncher-10.0.9.jar:?]
	at cpw.mods.modlauncher.ClassTransformer.transform(ClassTransformer.java:120) ~[modlauncher-10.0.9.jar:?]
	at cpw.mods.modlauncher.TransformingClassLoader.maybeTransformClassBytes(TransformingClassLoader.java:50) ~[modlauncher-10.0.9.jar:?]
	at cpw.mods.cl.ModuleClassLoader.readerToClass(ModuleClassLoader.java:113) ~[securejarhandler-2.1.10.jar:?]
	at cpw.mods.cl.ModuleClassLoader.lambda$findClass$15(ModuleClassLoader.java:219) ~[securejarhandler-2.1.10.jar:?]
	at cpw.mods.cl.ModuleClassLoader.loadFromModule(ModuleClassLoader.java:229) ~[securejarhandler-2.1.10.jar:?]
	at cpw.mods.cl.ModuleClassLoader.findClass(ModuleClassLoader.java:219) ~[securejarhandler-2.1.10.jar:?]
	at cpw.mods.cl.ModuleClassLoader.loadClass(ModuleClassLoader.java:135) ~[securejarhandler-2.1.10.jar:?]
	at java.lang.ClassLoader.loadClass(Unknown Source) ~[?:?]
	at gg.essential.mod.cosmetics.settings.CosmeticProperty$TheSerializer.<clinit>(CosmeticProperty.kt:429) ~[?:?]
	at gg.essential.mod.cosmetics.settings.CosmeticProperty$Companion$json$2$1.invoke(CosmeticProperty.kt:442) ~[?:?]
	at gg.essential.mod.cosmetics.settings.CosmeticProperty$Companion$json$2$1.invoke(CosmeticProperty.kt:440) ~[?:?]
	at kotlinx.serialization.json.JsonKt.Json(Json.kt:199) ~[?:?]
	at kotlinx.serialization.json.JsonKt.Json$default(Json.kt:197) ~[?:?]
	at gg.essential.mod.cosmetics.settings.CosmeticProperty$Companion$json$2.invoke(CosmeticProperty.kt:440) ~[?:?]
	at gg.essential.mod.cosmetics.settings.CosmeticProperty$Companion$json$2.invoke(CosmeticProperty.kt:439) ~[?:?]
	at kotlin.SynchronizedLazyImpl.getValue(LazyJVM.kt:74) ~[?:?]
	at gg.essential.mod.cosmetics.settings.CosmeticProperty$Companion.getJson(CosmeticProperty.kt:439) ~[?:?]
	at gg.essential.mod.cosmetics.settings.CosmeticProperty$Companion.fromJsonArray(CosmeticProperty.kt:450) ~[?:?]
	at gg.essential.network.connectionmanager.cosmetics.InfraCosmeticsData$addCosmetic$settingsFuture$1.invoke(InfraCosmeticsData.kt:126) ~[?:?]
	at gg.essential.network.connectionmanager.cosmetics.InfraCosmeticsData$addCosmetic$settingsFuture$1.invoke(InfraCosmeticsData.kt:126) ~[?:?]
	at gg.essential.network.connectionmanager.cosmetics.InfraCosmeticsData.addCosmetic$lambda$3(InfraCosmeticsData.kt:126) ~[?:?]
	at java.util.concurrent.CompletableFuture$UniApply.tryFire(Unknown Source) ~[?:?]
	at java.util.concurrent.CompletableFuture$Completion.exec(Unknown Source) ~[?:?]
	at java.util.concurrent.ForkJoinTask.doExec(Unknown Source) ~[?:?]
	at java.util.concurrent.ForkJoinPool$WorkQueue.topLevelExec(Unknown Source) ~[?:?]
	at java.util.concurrent.ForkJoinPool.scan(Unknown Source) ~[?:?]
	at java.util.concurrent.ForkJoinPool.runWorker(Unknown Source) ~[?:?]
	at java.util.concurrent.ForkJoinWorkerThread.run(Unknown Source) ~[?:?]
[17:08:28] [ForkJoinPool.commonPool-worker-7/ERROR]: Could not find parent gg/essential/mod/cosmetics/settings/CosmeticProperty for class gg/essential/mod/cosmetics/settings/CosmeticProperty$HidesAllOtherCosmeticsOrItems in classloader jdk.internal.loader.ClassLoaders$AppClassLoader@30c7da1e on thread Thread[ForkJoinPool.commonPool-worker-7,5,main]
[17:08:28] [ForkJoinPool.commonPool-worker-7/ERROR]: An error occurred building event handler
java.lang.ClassNotFoundException: gg.essential.mod.cosmetics.settings.CosmeticProperty
	at jdk.internal.loader.BuiltinClassLoader.loadClass(Unknown Source) ~[?:?]
	at jdk.internal.loader.ClassLoaders$AppClassLoader.loadClass(Unknown Source) ~[?:?]
	at java.lang.ClassLoader.loadClass(Unknown Source) ~[?:?]
	at net.minecraftforge.eventbus.EventSubclassTransformer.buildEvents(EventSubclassTransformer.java:97) ~[eventbus-6.0.5.jar:?]
	at net.minecraftforge.eventbus.EventSubclassTransformer.transform(EventSubclassTransformer.java:48) ~[eventbus-6.0.5.jar:?]
	at net.minecraftforge.eventbus.EventBusEngine.processClass(EventBusEngine.java:26) ~[eventbus-6.0.5.jar:?]
	at net.minecraftforge.eventbus.service.ModLauncherService.processClassWithFlags(ModLauncherService.java:32) ~[eventbus-6.0.5.jar:6.0.5+6.0.5+master.eb8e549b]
	at cpw.mods.modlauncher.LaunchPluginHandler.offerClassNodeToPlugins(LaunchPluginHandler.java:88) ~[modlauncher-10.0.9.jar:?]
	at cpw.mods.modlauncher.ClassTransformer.transform(ClassTransformer.java:120) ~[modlauncher-10.0.9.jar:?]
	at cpw.mods.modlauncher.TransformingClassLoader.maybeTransformClassBytes(TransformingClassLoader.java:50) ~[modlauncher-10.0.9.jar:?]
	at cpw.mods.cl.ModuleClassLoader.readerToClass(ModuleClassLoader.java:113) ~[securejarhandler-2.1.10.jar:?]
	at cpw.mods.cl.ModuleClassLoader.lambda$findClass$15(ModuleClassLoader.java:219) ~[securejarhandler-2.1.10.jar:?]
	at cpw.mods.cl.ModuleClassLoader.loadFromModule(ModuleClassLoader.java:229) ~[securejarhandler-2.1.10.jar:?]
	at cpw.mods.cl.ModuleClassLoader.findClass(ModuleClassLoader.java:219) ~[securejarhandler-2.1.10.jar:?]
	at cpw.mods.cl.ModuleClassLoader.loadClass(ModuleClassLoader.java:135) ~[securejarhandler-2.1.10.jar:?]
	at java.lang.ClassLoader.loadClass(Unknown Source) ~[?:?]
	at gg.essential.mod.cosmetics.settings.CosmeticProperty$TheSerializer.<clinit>(CosmeticProperty.kt:430) ~[?:?]
	at gg.essential.mod.cosmetics.settings.CosmeticProperty$Companion$json$2$1.invoke(CosmeticProperty.kt:442) ~[?:?]
	at gg.essential.mod.cosmetics.settings.CosmeticProperty$Companion$json$2$1.invoke(CosmeticProperty.kt:440) ~[?:?]
	at kotlinx.serialization.json.JsonKt.Json(Json.kt:199) ~[?:?]
	at kotlinx.serialization.json.JsonKt.Json$default(Json.kt:197) ~[?:?]
	at gg.essential.mod.cosmetics.settings.CosmeticProperty$Companion$json$2.invoke(CosmeticProperty.kt:440) ~[?:?]
	at gg.essential.mod.cosmetics.settings.CosmeticProperty$Companion$json$2.invoke(CosmeticProperty.kt:439) ~[?:?]
	at kotlin.SynchronizedLazyImpl.getValue(LazyJVM.kt:74) ~[?:?]
	at gg.essential.mod.cosmetics.settings.CosmeticProperty$Companion.getJson(CosmeticProperty.kt:439) ~[?:?]
	at gg.essential.mod.cosmetics.settings.CosmeticProperty$Companion.fromJsonArray(CosmeticProperty.kt:450) ~[?:?]
	at gg.essential.network.connectionmanager.cosmetics.InfraCosmeticsData$addCosmetic$settingsFuture$1.invoke(InfraCosmeticsData.kt:126) ~[?:?]
	at gg.essential.network.connectionmanager.cosmetics.InfraCosmeticsData$addCosmetic$settingsFuture$1.invoke(InfraCosmeticsData.kt:126) ~[?:?]
	at gg.essential.network.connectionmanager.cosmetics.InfraCosmeticsData.addCosmetic$lambda$3(InfraCosmeticsData.kt:126) ~[?:?]
	at java.util.concurrent.CompletableFuture$UniApply.tryFire(Unknown Source) ~[?:?]
	at java.util.concurrent.CompletableFuture$Completion.exec(Unknown Source) ~[?:?]
	at java.util.concurrent.ForkJoinTask.doExec(Unknown Source) ~[?:?]
	at java.util.concurrent.ForkJoinPool$WorkQueue.topLevelExec(Unknown Source) ~[?:?]
	at java.util.concurrent.ForkJoinPool.scan(Unknown Source) ~[?:?]
	at java.util.concurrent.ForkJoinPool.runWorker(Unknown Source) ~[?:?]
	at java.util.concurrent.ForkJoinWorkerThread.run(Unknown Source) ~[?:?]
[17:08:28] [ForkJoinPool.commonPool-worker-7/ERROR]: Could not find parent gg/essential/mod/cosmetics/settings/CosmeticProperty for class gg/essential/mod/cosmetics/settings/CosmeticProperty$LocksPlayerRotation in classloader jdk.internal.loader.ClassLoaders$AppClassLoader@30c7da1e on thread Thread[ForkJoinPool.commonPool-worker-7,5,main]
[17:08:28] [ForkJoinPool.commonPool-worker-7/ERROR]: An error occurred building event handler
java.lang.ClassNotFoundException: gg.essential.mod.cosmetics.settings.CosmeticProperty
	at jdk.internal.loader.BuiltinClassLoader.loadClass(Unknown Source) ~[?:?]
	at jdk.internal.loader.ClassLoaders$AppClassLoader.loadClass(Unknown Source) ~[?:?]
	at java.lang.ClassLoader.loadClass(Unknown Source) ~[?:?]
	at net.minecraftforge.eventbus.EventSubclassTransformer.buildEvents(EventSubclassTransformer.java:97) ~[eventbus-6.0.5.jar:?]
	at net.minecraftforge.eventbus.EventSubclassTransformer.transform(EventSubclassTransformer.java:48) ~[eventbus-6.0.5.jar:?]
	at net.minecraftforge.eventbus.EventBusEngine.processClass(EventBusEngine.java:26) ~[eventbus-6.0.5.jar:?]
	at net.minecraftforge.eventbus.service.ModLauncherService.processClassWithFlags(ModLauncherService.java:32) ~[eventbus-6.0.5.jar:6.0.5+6.0.5+master.eb8e549b]
	at cpw.mods.modlauncher.LaunchPluginHandler.offerClassNodeToPlugins(LaunchPluginHandler.java:88) ~[modlauncher-10.0.9.jar:?]
	at cpw.mods.modlauncher.ClassTransformer.transform(ClassTransformer.java:120) ~[modlauncher-10.0.9.jar:?]
	at cpw.mods.modlauncher.TransformingClassLoader.maybeTransformClassBytes(TransformingClassLoader.java:50) ~[modlauncher-10.0.9.jar:?]
	at cpw.mods.cl.ModuleClassLoader.readerToClass(ModuleClassLoader.java:113) ~[securejarhandler-2.1.10.jar:?]
	at cpw.mods.cl.ModuleClassLoader.lambda$findClass$15(ModuleClassLoader.java:219) ~[securejarhandler-2.1.10.jar:?]
	at cpw.mods.cl.ModuleClassLoader.loadFromModule(ModuleClassLoader.java:229) ~[securejarhandler-2.1.10.jar:?]
	at cpw.mods.cl.ModuleClassLoader.findClass(ModuleClassLoader.java:219) ~[securejarhandler-2.1.10.jar:?]
	at cpw.mods.cl.ModuleClassLoader.loadClass(ModuleClassLoader.java:135) ~[securejarhandler-2.1.10.jar:?]
	at java.lang.ClassLoader.loadClass(Unknown Source) ~[?:?]
	at gg.essential.mod.cosmetics.settings.CosmeticProperty$TheSerializer.<clinit>(CosmeticProperty.kt:431) ~[?:?]
	at gg.essential.mod.cosmetics.settings.CosmeticProperty$Companion$json$2$1.invoke(CosmeticProperty.kt:442) ~[?:?]
	at gg.essential.mod.cosmetics.settings.CosmeticProperty$Companion$json$2$1.invoke(CosmeticProperty.kt:440) ~[?:?]
	at kotlinx.serialization.json.JsonKt.Json(Json.kt:199) ~[?:?]
	at kotlinx.serialization.json.JsonKt.Json$default(Json.kt:197) ~[?:?]
	at gg.essential.mod.cosmetics.settings.CosmeticProperty$Companion$json$2.invoke(CosmeticProperty.kt:440) ~[?:?]
	at gg.essential.mod.cosmetics.settings.CosmeticProperty$Companion$json$2.invoke(CosmeticProperty.kt:439) ~[?:?]
	at kotlin.SynchronizedLazyImpl.getValue(LazyJVM.kt:74) ~[?:?]
	at gg.essential.mod.cosmetics.settings.CosmeticProperty$Companion.getJson(CosmeticProperty.kt:439) ~[?:?]
	at gg.essential.mod.cosmetics.settings.CosmeticProperty$Companion.fromJsonArray(CosmeticProperty.kt:450) ~[?:?]
	at gg.essential.network.connectionmanager.cosmetics.InfraCosmeticsData$addCosmetic$settingsFuture$1.invoke(InfraCosmeticsData.kt:126) ~[?:?]
	at gg.essential.network.connectionmanager.cosmetics.InfraCosmeticsData$addCosmetic$settingsFuture$1.invoke(InfraCosmeticsData.kt:126) ~[?:?]
	at gg.essential.network.connectionmanager.cosmetics.InfraCosmeticsData.addCosmetic$lambda$3(InfraCosmeticsData.kt:126) ~[?:?]
	at java.util.concurrent.CompletableFuture$UniApply.tryFire(Unknown Source) ~[?:?]
	at java.util.concurrent.CompletableFuture$Completion.exec(Unknown Source) ~[?:?]
	at java.util.concurrent.ForkJoinTask.doExec(Unknown Source) ~[?:?]
	at java.util.concurrent.ForkJoinPool$WorkQueue.topLevelExec(Unknown Source) ~[?:?]
	at java.util.concurrent.ForkJoinPool.scan(Unknown Source) ~[?:?]
	at java.util.concurrent.ForkJoinPool.runWorker(Unknown Source) ~[?:?]
	at java.util.concurrent.ForkJoinWorkerThread.run(Unknown Source) ~[?:?]
[17:08:28] [ForkJoinPool.commonPool-worker-2/ERROR]: Could not find parent kotlin/jvm/internal/Lambda for class gg/essential/model/file/AnimationFile$Loop$Companion$1 in classloader jdk.internal.loader.ClassLoaders$AppClassLoader@30c7da1e on thread Thread[ForkJoinPool.commonPool-worker-2,5,main]
[17:08:28] [ForkJoinPool.commonPool-worker-2/ERROR]: An error occurred building event handler
java.lang.ClassNotFoundException: kotlin.jvm.internal.Lambda
	at jdk.internal.loader.BuiltinClassLoader.loadClass(Unknown Source) ~[?:?]
	at jdk.internal.loader.ClassLoaders$AppClassLoader.loadClass(Unknown Source) ~[?:?]
	at java.lang.ClassLoader.loadClass(Unknown Source) ~[?:?]
	at net.minecraftforge.eventbus.EventSubclassTransformer.buildEvents(EventSubclassTransformer.java:97) ~[eventbus-6.0.5.jar:?]
	at net.minecraftforge.eventbus.EventSubclassTransformer.transform(EventSubclassTransformer.java:48) ~[eventbus-6.0.5.jar:?]
	at net.minecraftforge.eventbus.EventBusEngine.processClass(EventBusEngine.java:26) ~[eventbus-6.0.5.jar:?]
	at net.minecraftforge.eventbus.service.ModLauncherService.processClassWithFlags(ModLauncherService.java:32) ~[eventbus-6.0.5.jar:6.0.5+6.0.5+master.eb8e549b]
	at cpw.mods.modlauncher.LaunchPluginHandler.offerClassNodeToPlugins(LaunchPluginHandler.java:88) ~[modlauncher-10.0.9.jar:?]
	at cpw.mods.modlauncher.ClassTransformer.transform(ClassTransformer.java:120) ~[modlauncher-10.0.9.jar:?]
	at cpw.mods.modlauncher.TransformingClassLoader.maybeTransformClassBytes(TransformingClassLoader.java:50) ~[modlauncher-10.0.9.jar:?]
	at cpw.mods.cl.ModuleClassLoader.readerToClass(ModuleClassLoader.java:113) ~[securejarhandler-2.1.10.jar:?]
	at cpw.mods.cl.ModuleClassLoader.lambda$findClass$15(ModuleClassLoader.java:219) ~[securejarhandler-2.1.10.jar:?]
	at cpw.mods.cl.ModuleClassLoader.loadFromModule(ModuleClassLoader.java:229) ~[securejarhandler-2.1.10.jar:?]
	at cpw.mods.cl.ModuleClassLoader.findClass(ModuleClassLoader.java:219) ~[securejarhandler-2.1.10.jar:?]
	at cpw.mods.cl.ModuleClassLoader.loadClass(ModuleClassLoader.java:135) ~[securejarhandler-2.1.10.jar:?]
	at java.lang.ClassLoader.loadClass(Unknown Source) ~[?:?]
	at gg.essential.model.file.AnimationFile$Loop.<clinit>(AnimationFile.kt:74) ~[?:?]
	at gg.essential.model.file.AnimationFile$Animation.<clinit>(AnimationFile.kt:48) ~[?:?]
	at gg.essential.model.file.AnimationFile$Animation$$serializer.deserialize(AnimationFile.kt:48) ~[?:?]
	at gg.essential.model.file.AnimationFile$Animation$$serializer.deserialize(AnimationFile.kt:48) ~[?:?]
	at kotlinx.serialization.json.internal.StreamingJsonDecoder.decodeSerializableValue(StreamingJsonDecoder.kt:69) ~[?:?]
	at kotlinx.serialization.encoding.AbstractDecoder.decodeSerializableValue(AbstractDecoder.kt:43) ~[?:?]
	at kotlinx.serialization.encoding.AbstractDecoder.decodeSerializableElement(AbstractDecoder.kt:70) ~[?:?]
	at kotlinx.serialization.json.internal.StreamingJsonDecoder.decodeSerializableElement(StreamingJsonDecoder.kt:168) ~[?:?]
	at kotlinx.serialization.encoding.CompositeDecoder$DefaultImpls.decodeSerializableElement$default(Decoding.kt:538) ~[?:?]
	at kotlinx.serialization.internal.MapLikeSerializer.readElement(CollectionSerializers.kt:111) ~[?:?]
	at kotlinx.serialization.internal.MapLikeSerializer.readElement(CollectionSerializers.kt:84) ~[?:?]
	at kotlinx.serialization.internal.AbstractCollectionSerializer.readElement$default(CollectionSerializers.kt:51) ~[?:?]
	at kotlinx.serialization.internal.AbstractCollectionSerializer.merge(CollectionSerializers.kt:36) ~[?:?]
	at kotlinx.serialization.internal.AbstractCollectionSerializer.deserialize(CollectionSerializers.kt:43) ~[?:?]
	at kotlinx.serialization.json.internal.StreamingJsonDecoder.decodeSerializableValue(StreamingJsonDecoder.kt:69) ~[?:?]
	at kotlinx.serialization.encoding.AbstractDecoder.decodeSerializableValue(AbstractDecoder.kt:43) ~[?:?]
	at kotlinx.serialization.encoding.AbstractDecoder.decodeSerializableElement(AbstractDecoder.kt:70) ~[?:?]
	at kotlinx.serialization.json.internal.StreamingJsonDecoder.decodeSerializableElement(StreamingJsonDecoder.kt:168) ~[?:?]
	at gg.essential.model.file.AnimationFile$$serializer.deserialize(AnimationFile.kt:41) ~[?:?]
	at gg.essential.model.file.AnimationFile$$serializer.deserialize(AnimationFile.kt:41) ~[?:?]
	at kotlinx.serialization.json.internal.StreamingJsonDecoder.decodeSerializableValue(StreamingJsonDecoder.kt:69) ~[?:?]
	at kotlinx.serialization.json.Json.decodeFromString(Json.kt:107) ~[?:?]
	at gg.essential.network.connectionmanager.cosmetics.AssetLoader$JsonAssetType$3.invoke(AssetLoader.kt:337) ~[?:?]
	at gg.essential.network.connectionmanager.cosmetics.AssetLoader$JsonAssetType$3.invoke(AssetLoader.kt:336) ~[?:?]
	at gg.essential.network.connectionmanager.cosmetics.AssetLoader$getAsset$1$future$1.invoke(AssetLoader.kt:91) ~[?:?]
	at gg.essential.network.connectionmanager.cosmetics.AssetLoader$getAsset$1$future$1.invoke(AssetLoader.kt:89) ~[?:?]
	at gg.essential.network.connectionmanager.cosmetics.AssetLoader$getAsset$1.invoke$lambda$0(AssetLoader.kt:89) ~[?:?]
	at java.util.concurrent.CompletableFuture$UniApply.tryFire(Unknown Source) ~[?:?]
	at java.util.concurrent.CompletableFuture$Completion.exec(Unknown Source) ~[?:?]
	at java.util.concurrent.ForkJoinTask.doExec(Unknown Source) ~[?:?]
	at java.util.concurrent.ForkJoinPool$WorkQueue.topLevelExec(Unknown Source) ~[?:?]
	at java.util.concurrent.ForkJoinPool.scan(Unknown Source) ~[?:?]
	at java.util.concurrent.ForkJoinPool.runWorker(Unknown Source) ~[?:?]
	at java.util.concurrent.ForkJoinWorkerThread.run(Unknown Source) ~[?:?]
[17:08:28] [ForkJoinPool.commonPool-worker-2/ERROR]: Could not find parent kotlinx/serialization/json/JsonTransformingSerializer for class gg/essential/model/util/ListOrSingleSerializer in classloader jdk.internal.loader.ClassLoaders$AppClassLoader@30c7da1e on thread Thread[ForkJoinPool.commonPool-worker-2,5,main]
[17:08:28] [ForkJoinPool.commonPool-worker-2/ERROR]: An error occurred building event handler
java.lang.ClassNotFoundException: kotlinx.serialization.json.JsonTransformingSerializer
	at jdk.internal.loader.BuiltinClassLoader.loadClass(Unknown Source) ~[?:?]
	at jdk.internal.loader.ClassLoaders$AppClassLoader.loadClass(Unknown Source) ~[?:?]
	at java.lang.ClassLoader.loadClass(Unknown Source) ~[?:?]
	at net.minecraftforge.eventbus.EventSubclassTransformer.buildEvents(EventSubclassTransformer.java:97) ~[eventbus-6.0.5.jar:?]
	at net.minecraftforge.eventbus.EventSubclassTransformer.transform(EventSubclassTransformer.java:48) ~[eventbus-6.0.5.jar:?]
	at net.minecraftforge.eventbus.EventBusEngine.processClass(EventBusEngine.java:26) ~[eventbus-6.0.5.jar:?]
	at net.minecraftforge.eventbus.service.ModLauncherService.processClassWithFlags(ModLauncherService.java:32) ~[eventbus-6.0.5.jar:6.0.5+6.0.5+master.eb8e549b]
	at cpw.mods.modlauncher.LaunchPluginHandler.offerClassNodeToPlugins(LaunchPluginHandler.java:88) ~[modlauncher-10.0.9.jar:?]
	at cpw.mods.modlauncher.ClassTransformer.transform(ClassTransformer.java:120) ~[modlauncher-10.0.9.jar:?]
	at cpw.mods.modlauncher.TransformingClassLoader.maybeTransformClassBytes(TransformingClassLoader.java:50) ~[modlauncher-10.0.9.jar:?]
	at cpw.mods.cl.ModuleClassLoader.readerToClass(ModuleClassLoader.java:113) ~[securejarhandler-2.1.10.jar:?]
	at cpw.mods.cl.ModuleClassLoader.lambda$findClass$15(ModuleClassLoader.java:219) ~[securejarhandler-2.1.10.jar:?]
	at cpw.mods.cl.ModuleClassLoader.loadFromModule(ModuleClassLoader.java:229) ~[securejarhandler-2.1.10.jar:?]
	at cpw.mods.cl.ModuleClassLoader.findClass(ModuleClassLoader.java:219) ~[securejarhandler-2.1.10.jar:?]
	at cpw.mods.cl.ModuleClassLoader.loadClass(ModuleClassLoader.java:135) ~[securejarhandler-2.1.10.jar:?]
	at java.lang.ClassLoader.loadClass(Unknown Source) ~[?:?]
	at gg.essential.model.file.AnimationFile$Animation.<clinit>(AnimationFile.kt:48) ~[?:?]
	at gg.essential.model.file.AnimationFile$Animation$$serializer.deserialize(AnimationFile.kt:48) ~[?:?]
	at gg.essential.model.file.AnimationFile$Animation$$serializer.deserialize(AnimationFile.kt:48) ~[?:?]
	at kotlinx.serialization.json.internal.StreamingJsonDecoder.decodeSerializableValue(StreamingJsonDecoder.kt:69) ~[?:?]
	at kotlinx.serialization.encoding.AbstractDecoder.decodeSerializableValue(AbstractDecoder.kt:43) ~[?:?]
	at kotlinx.serialization.encoding.AbstractDecoder.decodeSerializableElement(AbstractDecoder.kt:70) ~[?:?]
	at kotlinx.serialization.json.internal.StreamingJsonDecoder.decodeSerializableElement(StreamingJsonDecoder.kt:168) ~[?:?]
	at kotlinx.serialization.encoding.CompositeDecoder$DefaultImpls.decodeSerializableElement$default(Decoding.kt:538) ~[?:?]
	at kotlinx.serialization.internal.MapLikeSerializer.readElement(CollectionSerializers.kt:111) ~[?:?]
	at kotlinx.serialization.internal.MapLikeSerializer.readElement(CollectionSerializers.kt:84) ~[?:?]
	at kotlinx.serialization.internal.AbstractCollectionSerializer.readElement$default(CollectionSerializers.kt:51) ~[?:?]
	at kotlinx.serialization.internal.AbstractCollectionSerializer.merge(CollectionSerializers.kt:36) ~[?:?]
	at kotlinx.serialization.internal.AbstractCollectionSerializer.deserialize(CollectionSerializers.kt:43) ~[?:?]
	at kotlinx.serialization.json.internal.StreamingJsonDecoder.decodeSerializableValue(StreamingJsonDecoder.kt:69) ~[?:?]
	at kotlinx.serialization.encoding.AbstractDecoder.decodeSerializableValue(AbstractDecoder.kt:43) ~[?:?]
	at kotlinx.serialization.encoding.AbstractDecoder.decodeSerializableElement(AbstractDecoder.kt:70) ~[?:?]
	at kotlinx.serialization.json.internal.StreamingJsonDecoder.decodeSerializableElement(StreamingJsonDecoder.kt:168) ~[?:?]
	at gg.essential.model.file.AnimationFile$$serializer.deserialize(AnimationFile.kt:41) ~[?:?]
	at gg.essential.model.file.AnimationFile$$serializer.deserialize(AnimationFile.kt:41) ~[?:?]
	at kotlinx.serialization.json.internal.StreamingJsonDecoder.decodeSerializableValue(StreamingJsonDecoder.kt:69) ~[?:?]
	at kotlinx.serialization.json.Json.decodeFromString(Json.kt:107) ~[?:?]
	at gg.essential.network.connectionmanager.cosmetics.AssetLoader$JsonAssetType$3.invoke(AssetLoader.kt:337) ~[?:?]
	at gg.essential.network.connectionmanager.cosmetics.AssetLoader$JsonAssetType$3.invoke(AssetLoader.kt:336) ~[?:?]
	at gg.essential.network.connectionmanager.cosmetics.AssetLoader$getAsset$1$future$1.invoke(AssetLoader.kt:91) ~[?:?]
	at gg.essential.network.connectionmanager.cosmetics.AssetLoader$getAsset$1$future$1.invoke(AssetLoader.kt:89) ~[?:?]
	at gg.essential.network.connectionmanager.cosmetics.AssetLoader$getAsset$1.invoke$lambda$0(AssetLoader.kt:89) ~[?:?]
	at java.util.concurrent.CompletableFuture$UniApply.tryFire(Unknown Source) ~[?:?]
	at java.util.concurrent.CompletableFuture$Completion.exec(Unknown Source) ~[?:?]
	at java.util.concurrent.ForkJoinTask.doExec(Unknown Source) ~[?:?]
	at java.util.concurrent.ForkJoinPool$WorkQueue.topLevelExec(Unknown Source) ~[?:?]
	at java.util.concurrent.ForkJoinPool.scan(Unknown Source) ~[?:?]
	at java.util.concurrent.ForkJoinPool.runWorker(Unknown Source) ~[?:?]
	at java.util.concurrent.ForkJoinWorkerThread.run(Unknown Source) ~[?:?]
[17:08:28] [ForkJoinPool.commonPool-worker-8/ERROR]: Could not find parent kotlinx/serialization/json/JsonTransformingSerializer for class gg/essential/model/file/SoundDefinitionsFile$SoundObjectOrNameSerializer in classloader jdk.internal.loader.ClassLoaders$AppClassLoader@30c7da1e on thread Thread[ForkJoinPool.commonPool-worker-8,5,main]
[17:08:28] [ForkJoinPool.commonPool-worker-8/ERROR]: An error occurred building event handler
java.lang.ClassNotFoundException: kotlinx.serialization.json.JsonTransformingSerializer
	at jdk.internal.loader.BuiltinClassLoader.loadClass(Unknown Source) ~[?:?]
	at jdk.internal.loader.ClassLoaders$AppClassLoader.loadClass(Unknown Source) ~[?:?]
	at java.lang.ClassLoader.loadClass(Unknown Source) ~[?:?]
	at net.minecraftforge.eventbus.EventSubclassTransformer.buildEvents(EventSubclassTransformer.java:97) ~[eventbus-6.0.5.jar:?]
	at net.minecraftforge.eventbus.EventSubclassTransformer.transform(EventSubclassTransformer.java:48) ~[eventbus-6.0.5.jar:?]
	at net.minecraftforge.eventbus.EventBusEngine.processClass(EventBusEngine.java:26) ~[eventbus-6.0.5.jar:?]
	at net.minecraftforge.eventbus.service.ModLauncherService.processClassWithFlags(ModLauncherService.java:32) ~[eventbus-6.0.5.jar:6.0.5+6.0.5+master.eb8e549b]
	at cpw.mods.modlauncher.LaunchPluginHandler.offerClassNodeToPlugins(LaunchPluginHandler.java:88) ~[modlauncher-10.0.9.jar:?]
	at cpw.mods.modlauncher.ClassTransformer.transform(ClassTransformer.java:120) ~[modlauncher-10.0.9.jar:?]
	at cpw.mods.modlauncher.TransformingClassLoader.maybeTransformClassBytes(TransformingClassLoader.java:50) ~[modlauncher-10.0.9.jar:?]
	at cpw.mods.cl.ModuleClassLoader.readerToClass(ModuleClassLoader.java:113) ~[securejarhandler-2.1.10.jar:?]
	at cpw.mods.cl.ModuleClassLoader.lambda$findClass$15(ModuleClassLoader.java:219) ~[securejarhandler-2.1.10.jar:?]
	at cpw.mods.cl.ModuleClassLoader.loadFromModule(ModuleClassLoader.java:229) ~[securejarhandler-2.1.10.jar:?]
	at cpw.mods.cl.ModuleClassLoader.findClass(ModuleClassLoader.java:219) ~[securejarhandler-2.1.10.jar:?]
	at cpw.mods.cl.ModuleClassLoader.loadClass(ModuleClassLoader.java:135) ~[securejarhandler-2.1.10.jar:?]
	at java.lang.ClassLoader.loadClass(Unknown Source) ~[?:?]
	at gg.essential.model.file.SoundDefinitionsFile$Definition.<clinit>(SoundDefinitionsFile.kt:28) ~[?:?]
	at gg.essential.model.file.SoundDefinitionsFile$Definition$$serializer.deserialize(SoundDefinitionsFile.kt:28) ~[?:?]
	at gg.essential.model.file.SoundDefinitionsFile$Definition$$serializer.deserialize(SoundDefinitionsFile.kt:28) ~[?:?]
	at kotlinx.serialization.json.internal.StreamingJsonDecoder.decodeSerializableValue(StreamingJsonDecoder.kt:69) ~[?:?]
	at kotlinx.serialization.encoding.AbstractDecoder.decodeSerializableValue(AbstractDecoder.kt:43) ~[?:?]
	at kotlinx.serialization.encoding.AbstractDecoder.decodeSerializableElement(AbstractDecoder.kt:70) ~[?:?]
	at kotlinx.serialization.json.internal.StreamingJsonDecoder.decodeSerializableElement(StreamingJsonDecoder.kt:168) ~[?:?]
	at kotlinx.serialization.encoding.CompositeDecoder$DefaultImpls.decodeSerializableElement$default(Decoding.kt:538) ~[?:?]
	at kotlinx.serialization.internal.MapLikeSerializer.readElement(CollectionSerializers.kt:111) ~[?:?]
	at kotlinx.serialization.internal.MapLikeSerializer.readElement(CollectionSerializers.kt:84) ~[?:?]
	at kotlinx.serialization.internal.AbstractCollectionSerializer.readElement$default(CollectionSerializers.kt:51) ~[?:?]
	at kotlinx.serialization.internal.AbstractCollectionSerializer.merge(CollectionSerializers.kt:36) ~[?:?]
	at kotlinx.serialization.internal.AbstractCollectionSerializer.deserialize(CollectionSerializers.kt:43) ~[?:?]
	at kotlinx.serialization.json.internal.StreamingJsonDecoder.decodeSerializableValue(StreamingJsonDecoder.kt:69) ~[?:?]
	at kotlinx.serialization.encoding.AbstractDecoder.decodeSerializableValue(AbstractDecoder.kt:43) ~[?:?]
	at kotlinx.serialization.encoding.AbstractDecoder.decodeSerializableElement(AbstractDecoder.kt:70) ~[?:?]
	at kotlinx.serialization.json.internal.StreamingJsonDecoder.decodeSerializableElement(StreamingJsonDecoder.kt:168) ~[?:?]
	at gg.essential.model.file.SoundDefinitionsFile$$serializer.deserialize(SoundDefinitionsFile.kt:23) ~[?:?]
	at gg.essential.model.file.SoundDefinitionsFile$$serializer.deserialize(SoundDefinitionsFile.kt:23) ~[?:?]
	at kotlinx.serialization.json.internal.StreamingJsonDecoder.decodeSerializableValue(StreamingJsonDecoder.kt:69) ~[?:?]
	at kotlinx.serialization.json.Json.decodeFromString(Json.kt:107) ~[?:?]
	at gg.essential.network.connectionmanager.cosmetics.AssetLoader$JsonAssetType$3.invoke(AssetLoader.kt:337) ~[?:?]
	at gg.essential.network.connectionmanager.cosmetics.AssetLoader$JsonAssetType$3.invoke(AssetLoader.kt:336) ~[?:?]
	at gg.essential.network.connectionmanager.cosmetics.AssetLoader$getAsset$1$future$1.invoke(AssetLoader.kt:91) ~[?:?]
	at gg.essential.network.connectionmanager.cosmetics.AssetLoader$getAsset$1$future$1.invoke(AssetLoader.kt:89) ~[?:?]
	at gg.essential.network.connectionmanager.cosmetics.AssetLoader$getAsset$1.invoke$lambda$0(AssetLoader.kt:89) ~[?:?]
	at java.util.concurrent.CompletableFuture$UniApply.tryFire(Unknown Source) ~[?:?]
	at java.util.concurrent.CompletableFuture$Completion.exec(Unknown Source) ~[?:?]
	at java.util.concurrent.ForkJoinTask.doExec(Unknown Source) ~[?:?]
	at java.util.concurrent.ForkJoinPool$WorkQueue.topLevelExec(Unknown Source) ~[?:?]
	at java.util.concurrent.ForkJoinPool.scan(Unknown Source) ~[?:?]
	at java.util.concurrent.ForkJoinPool.runWorker(Unknown Source) ~[?:?]
	at java.util.concurrent.ForkJoinWorkerThread.run(Unknown Source) ~[?:?]
[17:08:28] [ForkJoinPool.commonPool-worker-6/ERROR]: Could not find parent kotlinx/serialization/json/JsonTransformingSerializer for class gg/essential/model/file/KeyframesSerializer$InnerSerializer in classloader jdk.internal.loader.ClassLoaders$AppClassLoader@30c7da1e on thread Thread[ForkJoinPool.commonPool-worker-6,5,main]
[17:08:28] [ForkJoinPool.commonPool-worker-7/ERROR]: Could not find parent kotlin/coroutines/jvm/internal/SuspendLambda for class gg/essential/network/connectionmanager/cosmetics/AssetLoader$AssetType$Texture$1$1 in classloader jdk.internal.loader.ClassLoaders$AppClassLoader@30c7da1e on thread Thread[ForkJoinPool.commonPool-worker-7,5,main]
[17:08:28] [ForkJoinPool.commonPool-worker-6/ERROR]: An error occurred building event handler
java.lang.ClassNotFoundException: kotlinx.serialization.json.JsonTransformingSerializer
	at jdk.internal.loader.BuiltinClassLoader.loadClass(Unknown Source) ~[?:?]
	at jdk.internal.loader.ClassLoaders$AppClassLoader.loadClass(Unknown Source) ~[?:?]
	at java.lang.ClassLoader.loadClass(Unknown Source) ~[?:?]
	at net.minecraftforge.eventbus.EventSubclassTransformer.buildEvents(EventSubclassTransformer.java:97) ~[eventbus-6.0.5.jar:?]
	at net.minecraftforge.eventbus.EventSubclassTransformer.transform(EventSubclassTransformer.java:48) ~[eventbus-6.0.5.jar:?]
	at net.minecraftforge.eventbus.EventBusEngine.processClass(EventBusEngine.java:26) ~[eventbus-6.0.5.jar:?]
	at net.minecraftforge.eventbus.service.ModLauncherService.processClassWithFlags(ModLauncherService.java:32) ~[eventbus-6.0.5.jar:6.0.5+6.0.5+master.eb8e549b]
	at cpw.mods.modlauncher.LaunchPluginHandler.offerClassNodeToPlugins(LaunchPluginHandler.java:88) ~[modlauncher-10.0.9.jar:?]
	at cpw.mods.modlauncher.ClassTransformer.transform(ClassTransformer.java:120) ~[modlauncher-10.0.9.jar:?]
	at cpw.mods.modlauncher.TransformingClassLoader.maybeTransformClassBytes(TransformingClassLoader.java:50) ~[modlauncher-10.0.9.jar:?]
	at cpw.mods.cl.ModuleClassLoader.readerToClass(ModuleClassLoader.java:113) ~[securejarhandler-2.1.10.jar:?]
	at cpw.mods.cl.ModuleClassLoader.lambda$findClass$15(ModuleClassLoader.java:219) ~[securejarhandler-2.1.10.jar:?]
	at cpw.mods.cl.ModuleClassLoader.loadFromModule(ModuleClassLoader.java:229) ~[securejarhandler-2.1.10.jar:?]
	at cpw.mods.cl.ModuleClassLoader.findClass(ModuleClassLoader.java:219) ~[securejarhandler-2.1.10.jar:?]
	at cpw.mods.cl.ModuleClassLoader.loadClass(ModuleClassLoader.java:135) ~[securejarhandler-2.1.10.jar:?]
	at java.lang.ClassLoader.loadClass(Unknown Source) ~[?:?]
	at gg.essential.model.file.KeyframesSerializer.<init>(AnimationFile.kt:104) ~[?:?]
	at gg.essential.model.Keyframes$Companion.serializer(Animation.kt:386) ~[?:?]
	at gg.essential.model.Channels.<clinit>(Animation.kt:372) ~[?:?]
	at gg.essential.model.Channels$$serializer.deserialize(Animation.kt:372) ~[?:?]
	at gg.essential.model.Channels$$serializer.deserialize(Animation.kt:372) ~[?:?]
	at kotlinx.serialization.json.internal.StreamingJsonDecoder.decodeSerializableValue(StreamingJsonDecoder.kt:69) ~[?:?]
	at kotlinx.serialization.encoding.AbstractDecoder.decodeSerializableValue(AbstractDecoder.kt:43) ~[?:?]
	at kotlinx.serialization.encoding.AbstractDecoder.decodeSerializableElement(AbstractDecoder.kt:70) ~[?:?]
	at kotlinx.serialization.json.internal.StreamingJsonDecoder.decodeSerializableElement(StreamingJsonDecoder.kt:168) ~[?:?]
	at kotlinx.serialization.encoding.CompositeDecoder$DefaultImpls.decodeSerializableElement$default(Decoding.kt:538) ~[?:?]
	at kotlinx.serialization.internal.MapLikeSerializer.readElement(CollectionSerializers.kt:111) ~[?:?]
	at kotlinx.serialization.internal.MapLikeSerializer.readElement(CollectionSerializers.kt:84) ~[?:?]
	at kotlinx.serialization.internal.AbstractCollectionSerializer.readElement$default(CollectionSerializers.kt:51) ~[?:?]
	at kotlinx.serialization.internal.AbstractCollectionSerializer.merge(CollectionSerializers.kt:36) ~[?:?]
	at kotlinx.serialization.internal.AbstractCollectionSerializer.deserialize(CollectionSerializers.kt:43) ~[?:?]
	at kotlinx.serialization.json.internal.StreamingJsonDecoder.decodeSerializableValue(StreamingJsonDecoder.kt:69) ~[?:?]
	at kotlinx.serialization.encoding.AbstractDecoder.decodeSerializableValue(AbstractDecoder.kt:43) ~[?:?]
	at kotlinx.serialization.encoding.AbstractDecoder.decodeSerializableElement(AbstractDecoder.kt:70) ~[?:?]
	at kotlinx.serialization.json.internal.StreamingJsonDecoder.decodeSerializableElement(StreamingJsonDecoder.kt:168) ~[?:?]
	at gg.essential.model.file.AnimationFile$Animation$$serializer.deserialize(AnimationFile.kt:48) ~[?:?]
	at gg.essential.model.file.AnimationFile$Animation$$serializer.deserialize(AnimationFile.kt:48) ~[?:?]
	at kotlinx.serialization.json.internal.StreamingJsonDecoder.decodeSerializableValue(StreamingJsonDecoder.kt:69) ~[?:?]
	at kotlinx.serialization.encoding.AbstractDecoder.decodeSerializableValue(AbstractDecoder.kt:43) ~[?:?]
	at kotlinx.serialization.encoding.AbstractDecoder.decodeSerializableElement(AbstractDecoder.kt:70) ~[?:?]
	at kotlinx.serialization.json.internal.StreamingJsonDecoder.decodeSerializableElement(StreamingJsonDecoder.kt:168) ~[?:?]
	at kotlinx.serialization.encoding.CompositeDecoder$DefaultImpls.decodeSerializableElement$default(Decoding.kt:538) ~[?:?]
	at kotlinx.serialization.internal.MapLikeSerializer.readElement(CollectionSerializers.kt:111) ~[?:?]
	at kotlinx.serialization.internal.MapLikeSerializer.readElement(CollectionSerializers.kt:84) ~[?:?]
	at kotlinx.serialization.internal.AbstractCollectionSerializer.readElement$default(CollectionSerializers.kt:51) ~[?:?]
	at kotlinx.serialization.internal.AbstractCollectionSerializer.merge(CollectionSerializers.kt:36) ~[?:?]
	at kotlinx.serialization.internal.AbstractCollectionSerializer.deserialize(CollectionSerializers.kt:43) ~[?:?]
	at kotlinx.serialization.json.internal.StreamingJsonDecoder.decodeSerializableValue(StreamingJsonDecoder.kt:69) ~[?:?]
	at kotlinx.serialization.encoding.AbstractDecoder.decodeSerializableValue(AbstractDecoder.kt:43) ~[?:?]
	at kotlinx.serialization.encoding.AbstractDecoder.decodeSerializableElement(AbstractDecoder.kt:70) ~[?:?]
	at kotlinx.serialization.json.internal.StreamingJsonDecoder.decodeSerializableElement(StreamingJsonDecoder.kt:168) ~[?:?]
	at gg.essential.model.file.AnimationFile$$serializer.deserialize(AnimationFile.kt:41) ~[?:?]
	at gg.essential.model.file.AnimationFile$$serializer.deserialize(AnimationFile.kt:41) ~[?:?]
	at kotlinx.serialization.json.internal.StreamingJsonDecoder.decodeSerializableValue(StreamingJsonDecoder.kt:69) ~[?:?]
	at kotlinx.serialization.json.Json.decodeFromString(Json.kt:107) ~[?:?]
	at gg.essential.network.connectionmanager.cosmetics.AssetLoader$JsonAssetType$3.invoke(AssetLoader.kt:337) ~[?:?]
	at gg.essential.network.connectionmanager.cosmetics.AssetLoader$JsonAssetType$3.invoke(AssetLoader.kt:336) ~[?:?]
	at gg.essential.network.connectionmanager.cosmetics.AssetLoader$getAsset$1$future$1.invoke(AssetLoader.kt:91) ~[?:?]
	at gg.essential.network.connectionmanager.cosmetics.AssetLoader$getAsset$1$future$1.invoke(AssetLoader.kt:89) ~[?:?]
	at gg.essential.network.connectionmanager.cosmetics.AssetLoader$getAsset$1.invoke$lambda$0(AssetLoader.kt:89) ~[?:?]
	at java.util.concurrent.CompletableFuture$UniApply.tryFire(Unknown Source) ~[?:?]
	at java.util.concurrent.CompletableFuture$Completion.exec(Unknown Source) ~[?:?]
	at java.util.concurrent.ForkJoinTask.doExec(Unknown Source) ~[?:?]
	at java.util.concurrent.ForkJoinPool$WorkQueue.topLevelExec(Unknown Source) ~[?:?]
	at java.util.concurrent.ForkJoinPool.scan(Unknown Source) ~[?:?]
	at java.util.concurrent.ForkJoinPool.runWorker(Unknown Source) ~[?:?]
	at java.util.concurrent.ForkJoinWorkerThread.run(Unknown Source) ~[?:?]
[17:08:28] [ForkJoinPool.commonPool-worker-7/ERROR]: An error occurred building event handler
java.lang.ClassNotFoundException: kotlin.coroutines.jvm.internal.SuspendLambda
	at jdk.internal.loader.BuiltinClassLoader.loadClass(Unknown Source) ~[?:?]
	at jdk.internal.loader.ClassLoaders$AppClassLoader.loadClass(Unknown Source) ~[?:?]
	at java.lang.ClassLoader.loadClass(Unknown Source) ~[?:?]
	at net.minecraftforge.eventbus.EventSubclassTransformer.buildEvents(EventSubclassTransformer.java:97) ~[eventbus-6.0.5.jar:?]
	at net.minecraftforge.eventbus.EventSubclassTransformer.transform(EventSubclassTransformer.java:48) ~[eventbus-6.0.5.jar:?]
	at net.minecraftforge.eventbus.EventBusEngine.processClass(EventBusEngine.java:26) ~[eventbus-6.0.5.jar:?]
	at net.minecraftforge.eventbus.service.ModLauncherService.processClassWithFlags(ModLauncherService.java:32) ~[eventbus-6.0.5.jar:6.0.5+6.0.5+master.eb8e549b]
	at cpw.mods.modlauncher.LaunchPluginHandler.offerClassNodeToPlugins(LaunchPluginHandler.java:88) ~[modlauncher-10.0.9.jar:?]
	at cpw.mods.modlauncher.ClassTransformer.transform(ClassTransformer.java:120) ~[modlauncher-10.0.9.jar:?]
	at cpw.mods.modlauncher.TransformingClassLoader.maybeTransformClassBytes(TransformingClassLoader.java:50) ~[modlauncher-10.0.9.jar:?]
	at cpw.mods.cl.ModuleClassLoader.readerToClass(ModuleClassLoader.java:113) ~[securejarhandler-2.1.10.jar:?]
	at cpw.mods.cl.ModuleClassLoader.lambda$findClass$15(ModuleClassLoader.java:219) ~[securejarhandler-2.1.10.jar:?]
	at cpw.mods.cl.ModuleClassLoader.loadFromModule(ModuleClassLoader.java:229) ~[securejarhandler-2.1.10.jar:?]
	at cpw.mods.cl.ModuleClassLoader.findClass(ModuleClassLoader.java:219) ~[securejarhandler-2.1.10.jar:?]
	at cpw.mods.cl.ModuleClassLoader.loadClass(ModuleClassLoader.java:135) ~[securejarhandler-2.1.10.jar:?]
	at java.lang.ClassLoader.loadClass(Unknown Source) ~[?:?]
	at gg.essential.network.connectionmanager.cosmetics.AssetLoader$AssetType$Texture$1.invoke(AssetLoader.kt:317) ~[?:?]
	at gg.essential.network.connectionmanager.cosmetics.AssetLoader$AssetType$Texture$1.invoke(AssetLoader.kt:316) ~[?:?]
	at gg.essential.network.connectionmanager.cosmetics.AssetLoader$getAsset$1$future$1.invoke(AssetLoader.kt:91) ~[?:?]
	at gg.essential.network.connectionmanager.cosmetics.AssetLoader$getAsset$1$future$1.invoke(AssetLoader.kt:89) ~[?:?]
	at gg.essential.network.connectionmanager.cosmetics.AssetLoader$getAsset$1.invoke$lambda$0(AssetLoader.kt:89) ~[?:?]
	at java.util.concurrent.CompletableFuture$UniApply.tryFire(Unknown Source) ~[?:?]
	at java.util.concurrent.CompletableFuture$Completion.exec(Unknown Source) ~[?:?]
	at java.util.concurrent.ForkJoinTask.doExec(Unknown Source) ~[?:?]
	at java.util.concurrent.ForkJoinPool$WorkQueue.topLevelExec(Unknown Source) ~[?:?]
	at java.util.concurrent.ForkJoinPool.scan(Unknown Source) ~[?:?]
	at java.util.concurrent.ForkJoinPool.runWorker(Unknown Source) ~[?:?]
	at java.util.concurrent.ForkJoinWorkerThread.run(Unknown Source) ~[?:?]
[17:08:28] [ForkJoinPool.commonPool-worker-7/ERROR]: Could not find parent gg/essential/model/backend/minecraft/MinecraftRenderBackend$DynamicTexture for class gg/essential/model/backend/minecraft/MinecraftRenderBackend$CosmeticTexture in classloader jdk.internal.loader.ClassLoaders$AppClassLoader@30c7da1e on thread Thread[ForkJoinPool.commonPool-worker-7,5,main]
[17:08:28] [ForkJoinPool.commonPool-worker-9/ERROR]: Could not find parent kotlin/jvm/internal/Lambda for class gg/essential/model/file/ParticlesFile$Material$Companion$1 in classloader jdk.internal.loader.ClassLoaders$AppClassLoader@30c7da1e on thread Thread[ForkJoinPool.commonPool-worker-9,5,main]
[17:08:28] [ForkJoinPool.commonPool-worker-8/ERROR]: Could not find parent kotlin/jvm/internal/Lambda for class gg/essential/model/SoundCategory$Companion$1 in classloader jdk.internal.loader.ClassLoaders$AppClassLoader@30c7da1e on thread Thread[ForkJoinPool.commonPool-worker-8,5,main]
[17:08:28] [ForkJoinPool.commonPool-worker-9/ERROR]: An error occurred building event handler
java.lang.ClassNotFoundException: kotlin.jvm.internal.Lambda
	at jdk.internal.loader.BuiltinClassLoader.loadClass(Unknown Source) ~[?:?]
	at jdk.internal.loader.ClassLoaders$AppClassLoader.loadClass(Unknown Source) ~[?:?]
	at java.lang.ClassLoader.loadClass(Unknown Source) ~[?:?]
	at net.minecraftforge.eventbus.EventSubclassTransformer.buildEvents(EventSubclassTransformer.java:97) ~[eventbus-6.0.5.jar:?]
	at net.minecraftforge.eventbus.EventSubclassTransformer.transform(EventSubclassTransformer.java:48) ~[eventbus-6.0.5.jar:?]
	at net.minecraftforge.eventbus.EventBusEngine.processClass(EventBusEngine.java:26) ~[eventbus-6.0.5.jar:?]
	at net.minecraftforge.eventbus.service.ModLauncherService.processClassWithFlags(ModLauncherService.java:32) ~[eventbus-6.0.5.jar:6.0.5+6.0.5+master.eb8e549b]
	at cpw.mods.modlauncher.LaunchPluginHandler.offerClassNodeToPlugins(LaunchPluginHandler.java:88) ~[modlauncher-10.0.9.jar:?]
	at cpw.mods.modlauncher.ClassTransformer.transform(ClassTransformer.java:120) ~[modlauncher-10.0.9.jar:?]
	at cpw.mods.modlauncher.TransformingClassLoader.maybeTransformClassBytes(TransformingClassLoader.java:50) ~[modlauncher-10.0.9.jar:?]
	at cpw.mods.cl.ModuleClassLoader.readerToClass(ModuleClassLoader.java:113) ~[securejarhandler-2.1.10.jar:?]
	at cpw.mods.cl.ModuleClassLoader.lambda$findClass$15(ModuleClassLoader.java:219) ~[securejarhandler-2.1.10.jar:?]
	at cpw.mods.cl.ModuleClassLoader.loadFromModule(ModuleClassLoader.java:229) ~[securejarhandler-2.1.10.jar:?]
	at cpw.mods.cl.ModuleClassLoader.findClass(ModuleClassLoader.java:219) ~[securejarhandler-2.1.10.jar:?]
	at cpw.mods.cl.ModuleClassLoader.loadClass(ModuleClassLoader.java:135) ~[securejarhandler-2.1.10.jar:?]
	at java.lang.ClassLoader.loadClass(Unknown Source) ~[?:?]
	at gg.essential.model.file.ParticlesFile$Material.<clinit>(ParticlesFile.kt:80) ~[?:?]
	at gg.essential.model.file.ParticlesFile$Material$$serializer.deserialize(ParticlesFile.kt:80) ~[?:?]
	at gg.essential.model.file.ParticlesFile$Material$$serializer.deserialize(ParticlesFile.kt:80) ~[?:?]
	at kotlinx.serialization.json.internal.StreamingJsonDecoder.decodeSerializableValue(StreamingJsonDecoder.kt:69) ~[?:?]
	at kotlinx.serialization.encoding.AbstractDecoder.decodeSerializableValue(AbstractDecoder.kt:43) ~[?:?]
	at kotlinx.serialization.encoding.AbstractDecoder.decodeSerializableElement(AbstractDecoder.kt:70) ~[?:?]
	at kotlinx.serialization.json.internal.StreamingJsonDecoder.decodeSerializableElement(StreamingJsonDecoder.kt:168) ~[?:?]
	at gg.essential.model.file.ParticlesFile$BasicRenderParameters$$serializer.deserialize(ParticlesFile.kt:74) ~[?:?]
	at gg.essential.model.file.ParticlesFile$BasicRenderParameters$$serializer.deserialize(ParticlesFile.kt:74) ~[?:?]
	at kotlinx.serialization.json.internal.StreamingJsonDecoder.decodeSerializableValue(StreamingJsonDecoder.kt:69) ~[?:?]
	at kotlinx.serialization.encoding.AbstractDecoder.decodeSerializableValue(AbstractDecoder.kt:43) ~[?:?]
	at kotlinx.serialization.encoding.AbstractDecoder.decodeSerializableElement(AbstractDecoder.kt:70) ~[?:?]
	at kotlinx.serialization.json.internal.StreamingJsonDecoder.decodeSerializableElement(StreamingJsonDecoder.kt:168) ~[?:?]
	at gg.essential.model.file.ParticlesFile$Description$$serializer.deserialize(ParticlesFile.kt:67) ~[?:?]
	at gg.essential.model.file.ParticlesFile$Description$$serializer.deserialize(ParticlesFile.kt:67) ~[?:?]
	at kotlinx.serialization.json.internal.StreamingJsonDecoder.decodeSerializableValue(StreamingJsonDecoder.kt:69) ~[?:?]
	at kotlinx.serialization.encoding.AbstractDecoder.decodeSerializableValue(AbstractDecoder.kt:43) ~[?:?]
	at kotlinx.serialization.encoding.AbstractDecoder.decodeSerializableElement(AbstractDecoder.kt:70) ~[?:?]
	at kotlinx.serialization.json.internal.StreamingJsonDecoder.decodeSerializableElement(StreamingJsonDecoder.kt:168) ~[?:?]
	at gg.essential.model.file.ParticlesFile$ParticleEffect$$serializer.deserialize(ParticlesFile.kt:59) ~[?:?]
	at gg.essential.model.file.ParticlesFile$ParticleEffect$$serializer.deserialize(ParticlesFile.kt:59) ~[?:?]
	at kotlinx.serialization.json.internal.StreamingJsonDecoder.decodeSerializableValue(StreamingJsonDecoder.kt:69) ~[?:?]
	at kotlinx.serialization.encoding.AbstractDecoder.decodeSerializableValue(AbstractDecoder.kt:43) ~[?:?]
	at kotlinx.serialization.encoding.AbstractDecoder.decodeSerializableElement(AbstractDecoder.kt:70) ~[?:?]
	at kotlinx.serialization.json.internal.StreamingJsonDecoder.decodeSerializableElement(StreamingJsonDecoder.kt:168) ~[?:?]
	at gg.essential.model.file.ParticlesFile$$serializer.deserialize(ParticlesFile.kt:52) ~[?:?]
	at gg.essential.model.file.ParticlesFile$$serializer.deserialize(ParticlesFile.kt:52) ~[?:?]
	at kotlinx.serialization.json.internal.StreamingJsonDecoder.decodeSerializableValue(StreamingJsonDecoder.kt:69) ~[?:?]
	at kotlinx.serialization.json.Json.decodeFromString(Json.kt:107) ~[?:?]
	at gg.essential.network.connectionmanager.cosmetics.AssetLoader$JsonAssetType$3.invoke(AssetLoader.kt:337) ~[?:?]
	at gg.essential.network.connectionmanager.cosmetics.AssetLoader$JsonAssetType$3.invoke(AssetLoader.kt:336) ~[?:?]
	at gg.essential.network.connectionmanager.cosmetics.AssetLoader$getAsset$1$future$1.invoke(AssetLoader.kt:91) ~[?:?]
	at gg.essential.network.connectionmanager.cosmetics.AssetLoader$getAsset$1$future$1.invoke(AssetLoader.kt:89) ~[?:?]
	at gg.essential.network.connectionmanager.cosmetics.AssetLoader$getAsset$1.invoke$lambda$0(AssetLoader.kt:89) ~[?:?]
	at java.util.concurrent.CompletableFuture$UniApply.tryFire(Unknown Source) ~[?:?]
	at java.util.concurrent.CompletableFuture$Completion.exec(Unknown Source) ~[?:?]
	at java.util.concurrent.ForkJoinTask.doExec(Unknown Source) ~[?:?]
	at java.util.concurrent.ForkJoinPool$WorkQueue.topLevelExec(Unknown Source) ~[?:?]
	at java.util.concurrent.ForkJoinPool.scan(Unknown Source) ~[?:?]
	at java.util.concurrent.ForkJoinPool.runWorker(Unknown Source) ~[?:?]
	at java.util.concurrent.ForkJoinWorkerThread.run(Unknown Source) ~[?:?]
[17:08:28] [ForkJoinPool.commonPool-worker-8/ERROR]: An error occurred building event handler
java.lang.ClassNotFoundException: kotlin.jvm.internal.Lambda
	at jdk.internal.loader.BuiltinClassLoader.loadClass(Unknown Source) ~[?:?]
	at jdk.internal.loader.ClassLoaders$AppClassLoader.loadClass(Unknown Source) ~[?:?]
	at java.lang.ClassLoader.loadClass(Unknown Source) ~[?:?]
	at net.minecraftforge.eventbus.EventSubclassTransformer.buildEvents(EventSubclassTransformer.java:97) ~[eventbus-6.0.5.jar:?]
	at net.minecraftforge.eventbus.EventSubclassTransformer.transform(EventSubclassTransformer.java:48) ~[eventbus-6.0.5.jar:?]
	at net.minecraftforge.eventbus.EventBusEngine.processClass(EventBusEngine.java:26) ~[eventbus-6.0.5.jar:?]
	at net.minecraftforge.eventbus.service.ModLauncherService.processClassWithFlags(ModLauncherService.java:32) ~[eventbus-6.0.5.jar:6.0.5+6.0.5+master.eb8e549b]
	at cpw.mods.modlauncher.LaunchPluginHandler.offerClassNodeToPlugins(LaunchPluginHandler.java:88) ~[modlauncher-10.0.9.jar:?]
	at cpw.mods.modlauncher.ClassTransformer.transform(ClassTransformer.java:120) ~[modlauncher-10.0.9.jar:?]
	at cpw.mods.modlauncher.TransformingClassLoader.maybeTransformClassBytes(TransformingClassLoader.java:50) ~[modlauncher-10.0.9.jar:?]
	at cpw.mods.cl.ModuleClassLoader.readerToClass(ModuleClassLoader.java:113) ~[securejarhandler-2.1.10.jar:?]
	at cpw.mods.cl.ModuleClassLoader.lambda$findClass$15(ModuleClassLoader.java:219) ~[securejarhandler-2.1.10.jar:?]
	at cpw.mods.cl.ModuleClassLoader.loadFromModule(ModuleClassLoader.java:229) ~[securejarhandler-2.1.10.jar:?]
	at cpw.mods.cl.ModuleClassLoader.findClass(ModuleClassLoader.java:219) ~[securejarhandler-2.1.10.jar:?]
	at cpw.mods.cl.ModuleClassLoader.loadClass(ModuleClassLoader.java:135) ~[securejarhandler-2.1.10.jar:?]
	at java.lang.ClassLoader.loadClass(Unknown Source) ~[?:?]
	at gg.essential.model.SoundCategory.<clinit>(SoundCategory.kt:17) ~[?:?]
	at gg.essential.model.SoundCategory$$serializer.deserialize(SoundCategory.kt:17) ~[?:?]
	at gg.essential.model.SoundCategory$$serializer.deserialize(SoundCategory.kt:17) ~[?:?]
	at kotlinx.serialization.json.internal.StreamingJsonDecoder.decodeSerializableValue(StreamingJsonDecoder.kt:69) ~[?:?]
	at kotlinx.serialization.encoding.AbstractDecoder.decodeSerializableValue(AbstractDecoder.kt:43) ~[?:?]
	at kotlinx.serialization.encoding.AbstractDecoder.decodeSerializableElement(AbstractDecoder.kt:70) ~[?:?]
	at kotlinx.serialization.json.internal.StreamingJsonDecoder.decodeSerializableElement(StreamingJsonDecoder.kt:168) ~[?:?]
	at gg.essential.model.file.SoundDefinitionsFile$Definition$$serializer.deserialize(SoundDefinitionsFile.kt:28) ~[?:?]
	at gg.essential.model.file.SoundDefinitionsFile$Definition$$serializer.deserialize(SoundDefinitionsFile.kt:28) ~[?:?]
	at kotlinx.serialization.json.internal.StreamingJsonDecoder.decodeSerializableValue(StreamingJsonDecoder.kt:69) ~[?:?]
	at kotlinx.serialization.encoding.AbstractDecoder.decodeSerializableValue(AbstractDecoder.kt:43) ~[?:?]
	at kotlinx.serialization.encoding.AbstractDecoder.decodeSerializableElement(AbstractDecoder.kt:70) ~[?:?]
	at kotlinx.serialization.json.internal.StreamingJsonDecoder.decodeSerializableElement(StreamingJsonDecoder.kt:168) ~[?:?]
	at kotlinx.serialization.encoding.CompositeDecoder$DefaultImpls.decodeSerializableElement$default(Decoding.kt:538) ~[?:?]
	at kotlinx.serialization.internal.MapLikeSerializer.readElement(CollectionSerializers.kt:111) ~[?:?]
	at kotlinx.serialization.internal.MapLikeSerializer.readElement(CollectionSerializers.kt:84) ~[?:?]
	at kotlinx.serialization.internal.AbstractCollectionSerializer.readElement$default(CollectionSerializers.kt:51) ~[?:?]
	at kotlinx.serialization.internal.AbstractCollectionSerializer.merge(CollectionSerializers.kt:36) ~[?:?]
	at kotlinx.serialization.internal.AbstractCollectionSerializer.deserialize(CollectionSerializers.kt:43) ~[?:?]
	at kotlinx.serialization.json.internal.StreamingJsonDecoder.decodeSerializableValue(StreamingJsonDecoder.kt:69) ~[?:?]
	at kotlinx.serialization.encoding.AbstractDecoder.decodeSerializableValue(AbstractDecoder.kt:43) ~[?:?]
	at kotlinx.serialization.encoding.AbstractDecoder.decodeSerializableElement(AbstractDecoder.kt:70) ~[?:?]
	at kotlinx.serialization.json.internal.StreamingJsonDecoder.decodeSerializableElement(StreamingJsonDecoder.kt:168) ~[?:?]
	at gg.essential.model.file.SoundDefinitionsFile$$serializer.deserialize(SoundDefinitionsFile.kt:23) ~[?:?]
	at gg.essential.model.file.SoundDefinitionsFile$$serializer.deserialize(SoundDefinitionsFile.kt:23) ~[?:?]
	at kotlinx.serialization.json.internal.StreamingJsonDecoder.decodeSerializableValue(StreamingJsonDecoder.kt:69) ~[?:?]
	at kotlinx.serialization.json.Json.decodeFromString(Json.kt:107) ~[?:?]
	at gg.essential.network.connectionmanager.cosmetics.AssetLoader$JsonAssetType$3.invoke(AssetLoader.kt:337) ~[?:?]
	at gg.essential.network.connectionmanager.cosmetics.AssetLoader$JsonAssetType$3.invoke(AssetLoader.kt:336) ~[?:?]
	at gg.essential.network.connectionmanager.cosmetics.AssetLoader$getAsset$1$future$1.invoke(AssetLoader.kt:91) ~[?:?]
	at gg.essential.network.connectionmanager.cosmetics.AssetLoader$getAsset$1$future$1.invoke(AssetLoader.kt:89) ~[?:?]
	at gg.essential.network.connectionmanager.cosmetics.AssetLoader$getAsset$1.invoke$lambda$0(AssetLoader.kt:89) ~[?:?]
	at java.util.concurrent.CompletableFuture$UniApply.tryFire(Unknown Source) ~[?:?]
	at java.util.concurrent.CompletableFuture$Completion.exec(Unknown Source) ~[?:?]
	at java.util.concurrent.ForkJoinTask.doExec(Unknown Source) ~[?:?]
	at java.util.concurrent.ForkJoinPool$WorkQueue.topLevelExec(Unknown Source) ~[?:?]
	at java.util.concurrent.ForkJoinPool.scan(Unknown Source) ~[?:?]
	at java.util.concurrent.ForkJoinPool.runWorker(Unknown Source) ~[?:?]
	at java.util.concurrent.ForkJoinWorkerThread.run(Unknown Source) ~[?:?]
[17:08:28] [ForkJoinPool.commonPool-worker-1/ERROR]: Could not find parent kotlin/jvm/internal/Lambda for class gg/essential/mod/cosmetics/featured/FeaturedItemType$Companion$1 in classloader jdk.internal.loader.ClassLoaders$AppClassLoader@30c7da1e on thread Thread[ForkJoinPool.commonPool-worker-1,5,main]
[17:08:28] [ForkJoinPool.commonPool-worker-9/ERROR]: Could not find parent kotlin/jvm/internal/Lambda for class gg/essential/model/file/ParticlesFile$Curve$Type$Companion$1 in classloader jdk.internal.loader.ClassLoaders$AppClassLoader@30c7da1e on thread Thread[ForkJoinPool.commonPool-worker-9,5,main]
[17:08:28] [ForkJoinPool.commonPool-worker-7/ERROR]: An error occurred building event handler
java.lang.ClassNotFoundException: gg.essential.model.backend.minecraft.MinecraftRenderBackend$DynamicTexture
	at jdk.internal.loader.BuiltinClassLoader.loadClass(Unknown Source) ~[?:?]
	at jdk.internal.loader.ClassLoaders$AppClassLoader.loadClass(Unknown Source) ~[?:?]
	at java.lang.ClassLoader.loadClass(Unknown Source) ~[?:?]
	at net.minecraftforge.eventbus.EventSubclassTransformer.buildEvents(EventSubclassTransformer.java:97) ~[eventbus-6.0.5.jar:?]
	at net.minecraftforge.eventbus.EventSubclassTransformer.transform(EventSubclassTransformer.java:48) ~[eventbus-6.0.5.jar:?]
	at net.minecraftforge.eventbus.EventBusEngine.processClass(EventBusEngine.java:26) ~[eventbus-6.0.5.jar:?]
	at net.minecraftforge.eventbus.service.ModLauncherService.processClassWithFlags(ModLauncherService.java:32) ~[eventbus-6.0.5.jar:6.0.5+6.0.5+master.eb8e549b]
	at cpw.mods.modlauncher.LaunchPluginHandler.offerClassNodeToPlugins(LaunchPluginHandler.java:88) ~[modlauncher-10.0.9.jar:?]
	at cpw.mods.modlauncher.ClassTransformer.transform(ClassTransformer.java:120) ~[modlauncher-10.0.9.jar:?]
	at cpw.mods.modlauncher.TransformingClassLoader.maybeTransformClassBytes(TransformingClassLoader.java:50) ~[modlauncher-10.0.9.jar:?]
	at cpw.mods.cl.ModuleClassLoader.readerToClass(ModuleClassLoader.java:113) ~[securejarhandler-2.1.10.jar:?]
	at cpw.mods.cl.ModuleClassLoader.lambda$findClass$15(ModuleClassLoader.java:219) ~[securejarhandler-2.1.10.jar:?]
	at cpw.mods.cl.ModuleClassLoader.loadFromModule(ModuleClassLoader.java:229) ~[securejarhandler-2.1.10.jar:?]
	at cpw.mods.cl.ModuleClassLoader.findClass(ModuleClassLoader.java:219) ~[securejarhandler-2.1.10.jar:?]
	at cpw.mods.cl.ModuleClassLoader.loadClass(ModuleClassLoader.java:135) ~[securejarhandler-2.1.10.jar:?]
	at java.lang.ClassLoader.loadClass(Unknown Source) ~[?:?]
	at gg.essential.model.backend.minecraft.MinecraftRenderBackend.readTexture(MinecraftRenderBackend.kt:387) ~[?:?]
	at gg.essential.network.connectionmanager.cosmetics.AssetLoader$AssetType$Texture$1$1.invokeSuspend(AssetLoader.kt:317) ~[?:?]
	at kotlin.coroutines.jvm.internal.BaseContinuationImpl.resumeWith(ContinuationImpl.kt:33) ~[?:?]
	at kotlinx.coroutines.DispatchedTask.run(DispatchedTask.kt:104) ~[?:?]
	at kotlinx.coroutines.EventLoopImplBase.processNextEvent(EventLoop.common.kt:277) ~[?:?]
	at kotlinx.coroutines.BlockingCoroutine.joinBlocking(Builders.kt:95) ~[?:?]
	at kotlinx.coroutines.BuildersKt__BuildersKt.runBlocking(Builders.kt:69) ~[?:?]
	at kotlinx.coroutines.BuildersKt.runBlocking(Unknown Source) ~[?:?]
	at kotlinx.coroutines.BuildersKt__BuildersKt.runBlocking$default(Builders.kt:48) ~[?:?]
	at kotlinx.coroutines.BuildersKt.runBlocking$default(Unknown Source) ~[?:?]
	at gg.essential.network.connectionmanager.cosmetics.AssetLoader$AssetType$Texture$1.invoke(AssetLoader.kt:317) ~[?:?]
	at gg.essential.network.connectionmanager.cosmetics.AssetLoader$AssetType$Texture$1.invoke(AssetLoader.kt:316) ~[?:?]
	at gg.essential.network.connectionmanager.cosmetics.AssetLoader$getAsset$1$future$1.invoke(AssetLoader.kt:91) ~[?:?]
	at gg.essential.network.connectionmanager.cosmetics.AssetLoader$getAsset$1$future$1.invoke(AssetLoader.kt:89) ~[?:?]
	at gg.essential.network.connectionmanager.cosmetics.AssetLoader$getAsset$1.invoke$lambda$0(AssetLoader.kt:89) ~[?:?]
	at java.util.concurrent.CompletableFuture$UniApply.tryFire(Unknown Source) ~[?:?]
	at java.util.concurrent.CompletableFuture$Completion.exec(Unknown Source) ~[?:?]
	at java.util.concurrent.ForkJoinTask.doExec(Unknown Source) ~[?:?]
	at java.util.concurrent.ForkJoinPool$WorkQueue.topLevelExec(Unknown Source) ~[?:?]
	at java.util.concurrent.ForkJoinPool.scan(Unknown Source) ~[?:?]
	at java.util.concurrent.ForkJoinPool.runWorker(Unknown Source) ~[?:?]
	at java.util.concurrent.ForkJoinWorkerThread.run(Unknown Source) ~[?:?]
[17:08:28] [ForkJoinPool.commonPool-worker-7/ERROR]: Could not find parent kotlin/jvm/internal/Lambda for class gg/essential/model/backend/minecraft/MinecraftRenderBackend$DynamicTexture$identifier$2 in classloader jdk.internal.loader.ClassLoaders$AppClassLoader@30c7da1e on thread Thread[ForkJoinPool.commonPool-worker-7,5,main]
[17:08:28] [ForkJoinPool.commonPool-worker-7/ERROR]: An error occurred building event handler
java.lang.ClassNotFoundException: kotlin.jvm.internal.Lambda
	at jdk.internal.loader.BuiltinClassLoader.loadClass(Unknown Source) ~[?:?]
	at jdk.internal.loader.ClassLoaders$AppClassLoader.loadClass(Unknown Source) ~[?:?]
	at java.lang.ClassLoader.loadClass(Unknown Source) ~[?:?]
	at net.minecraftforge.eventbus.EventSubclassTransformer.buildEvents(EventSubclassTransformer.java:97) ~[eventbus-6.0.5.jar:?]
	at net.minecraftforge.eventbus.EventSubclassTransformer.transform(EventSubclassTransformer.java:48) ~[eventbus-6.0.5.jar:?]
	at net.minecraftforge.eventbus.EventBusEngine.processClass(EventBusEngine.java:26) ~[eventbus-6.0.5.jar:?]
	at net.minecraftforge.eventbus.service.ModLauncherService.processClassWithFlags(ModLauncherService.java:32) ~[eventbus-6.0.5.jar:6.0.5+6.0.5+master.eb8e549b]
	at cpw.mods.modlauncher.LaunchPluginHandler.offerClassNodeToPlugins(LaunchPluginHandler.java:88) ~[modlauncher-10.0.9.jar:?]
	at cpw.mods.modlauncher.ClassTransformer.transform(ClassTransformer.java:120) ~[modlauncher-10.0.9.jar:?]
	at cpw.mods.modlauncher.TransformingClassLoader.maybeTransformClassBytes(TransformingClassLoader.java:50) ~[modlauncher-10.0.9.jar:?]
	at cpw.mods.cl.ModuleClassLoader.readerToClass(ModuleClassLoader.java:113) ~[securejarhandler-2.1.10.jar:?]
	at cpw.mods.cl.ModuleClassLoader.lambda$findClass$15(ModuleClassLoader.java:219) ~[securejarhandler-2.1.10.jar:?]
	at cpw.mods.cl.ModuleClassLoader.loadFromModule(ModuleClassLoader.java:229) ~[securejarhandler-2.1.10.jar:?]
	at cpw.mods.cl.ModuleClassLoader.findClass(ModuleClassLoader.java:219) ~[securejarhandler-2.1.10.jar:?]
	at cpw.mods.cl.ModuleClassLoader.loadClass(ModuleClassLoader.java:135) ~[securejarhandler-2.1.10.jar:?]
	at java.lang.ClassLoader.loadClass(Unknown Source) ~[?:?]
	at gg.essential.model.backend.minecraft.MinecraftRenderBackend$DynamicTexture.<init>(MinecraftRenderBackend.kt:412) ~[?:?]
	at gg.essential.model.backend.minecraft.MinecraftRenderBackend$CosmeticTexture.<init>(MinecraftRenderBackend.kt:423) ~[?:?]
	at gg.essential.model.backend.minecraft.MinecraftRenderBackend.readTexture(MinecraftRenderBackend.kt:387) ~[?:?]
	at gg.essential.network.connectionmanager.cosmetics.AssetLoader$AssetType$Texture$1$1.invokeSuspend(AssetLoader.kt:317) ~[?:?]
	at kotlin.coroutines.jvm.internal.BaseContinuationImpl.resumeWith(ContinuationImpl.kt:33) ~[?:?]
	at kotlinx.coroutines.DispatchedTask.run(DispatchedTask.kt:104) ~[?:?]
	at kotlinx.coroutines.EventLoopImplBase.processNextEvent(EventLoop.common.kt:277) ~[?:?]
	at kotlinx.coroutines.BlockingCoroutine.joinBlocking(Builders.kt:95) ~[?:?]
	at kotlinx.coroutines.BuildersKt__BuildersKt.runBlocking(Builders.kt:69) ~[?:?]
	at kotlinx.coroutines.BuildersKt.runBlocking(Unknown Source) ~[?:?]
	at kotlinx.coroutines.BuildersKt__BuildersKt.runBlocking$default(Builders.kt:48) ~[?:?]
	at kotlinx.coroutines.BuildersKt.runBlocking$default(Unknown Source) ~[?:?]
	at gg.essential.network.connectionmanager.cosmetics.AssetLoader$AssetType$Texture$1.invoke(AssetLoader.kt:317) ~[?:?]
	at gg.essential.network.connectionmanager.cosmetics.AssetLoader$AssetType$Texture$1.invoke(AssetLoader.kt:316) ~[?:?]
	at gg.essential.network.connectionmanager.cosmetics.AssetLoader$getAsset$1$future$1.invoke(AssetLoader.kt:91) ~[?:?]
	at gg.essential.network.connectionmanager.cosmetics.AssetLoader$getAsset$1$future$1.invoke(AssetLoader.kt:89) ~[?:?]
	at gg.essential.network.connectionmanager.cosmetics.AssetLoader$getAsset$1.invoke$lambda$0(AssetLoader.kt:89) ~[?:?]
	at java.util.concurrent.CompletableFuture$UniApply.tryFire(Unknown Source) ~[?:?]
	at java.util.concurrent.CompletableFuture$Completion.exec(Unknown Source) ~[?:?]
	at java.util.concurrent.ForkJoinTask.doExec(Unknown Source) ~[?:?]
	at java.util.concurrent.ForkJoinPool$WorkQueue.topLevelExec(Unknown Source) ~[?:?]
	at java.util.concurrent.ForkJoinPool.scan(Unknown Source) ~[?:?]
	at java.util.concurrent.ForkJoinPool.runWorker(Unknown Source) ~[?:?]
	at java.util.concurrent.ForkJoinWorkerThread.run(Unknown Source) ~[?:?]
[17:08:28] [ForkJoinPool.commonPool-worker-9/ERROR]: An error occurred building event handler
java.lang.ClassNotFoundException: kotlin.jvm.internal.Lambda
	at jdk.internal.loader.BuiltinClassLoader.loadClass(Unknown Source) ~[?:?]
	at jdk.internal.loader.ClassLoaders$AppClassLoader.loadClass(Unknown Source) ~[?:?]
	at java.lang.ClassLoader.loadClass(Unknown Source) ~[?:?]
	at net.minecraftforge.eventbus.EventSubclassTransformer.buildEvents(EventSubclassTransformer.java:97) ~[eventbus-6.0.5.jar:?]
	at net.minecraftforge.eventbus.EventSubclassTransformer.transform(EventSubclassTransformer.java:48) ~[eventbus-6.0.5.jar:?]
	at net.minecraftforge.eventbus.EventBusEngine.processClass(EventBusEngine.java:26) ~[eventbus-6.0.5.jar:?]
	at net.minecraftforge.eventbus.service.ModLauncherService.processClassWithFlags(ModLauncherService.java:32) ~[eventbus-6.0.5.jar:6.0.5+6.0.5+master.eb8e549b]
	at cpw.mods.modlauncher.LaunchPluginHandler.offerClassNodeToPlugins(LaunchPluginHandler.java:88) ~[modlauncher-10.0.9.jar:?]
	at cpw.mods.modlauncher.ClassTransformer.transform(ClassTransformer.java:120) ~[modlauncher-10.0.9.jar:?]
	at cpw.mods.modlauncher.TransformingClassLoader.maybeTransformClassBytes(TransformingClassLoader.java:50) ~[modlauncher-10.0.9.jar:?]
	at cpw.mods.cl.ModuleClassLoader.readerToClass(ModuleClassLoader.java:113) ~[securejarhandler-2.1.10.jar:?]
	at cpw.mods.cl.ModuleClassLoader.lambda$findClass$15(ModuleClassLoader.java:219) ~[securejarhandler-2.1.10.jar:?]
	at cpw.mods.cl.ModuleClassLoader.loadFromModule(ModuleClassLoader.java:229) ~[securejarhandler-2.1.10.jar:?]
	at cpw.mods.cl.ModuleClassLoader.findClass(ModuleClassLoader.java:219) ~[securejarhandler-2.1.10.jar:?]
	at cpw.mods.cl.ModuleClassLoader.loadClass(ModuleClassLoader.java:135) ~[securejarhandler-2.1.10.jar:?]
	at java.lang.ClassLoader.loadClass(Unknown Source) ~[?:?]
	at gg.essential.model.file.ParticlesFile$Curve$Type.<clinit>(ParticlesFile.kt:98) ~[?:?]
	at gg.essential.model.file.ParticlesFile$Curve$Type$$serializer.deserialize(ParticlesFile.kt:98) ~[?:?]
	at gg.essential.model.file.ParticlesFile$Curve$Type$$serializer.deserialize(ParticlesFile.kt:98) ~[?:?]
	at kotlinx.serialization.json.internal.StreamingJsonDecoder.decodeSerializableValue(StreamingJsonDecoder.kt:69) ~[?:?]
	at kotlinx.serialization.encoding.AbstractDecoder.decodeSerializableValue(AbstractDecoder.kt:43) ~[?:?]
	at kotlinx.serialization.encoding.AbstractDecoder.decodeSerializableElement(AbstractDecoder.kt:70) ~[?:?]
	at kotlinx.serialization.json.internal.StreamingJsonDecoder.decodeSerializableElement(StreamingJsonDecoder.kt:168) ~[?:?]
	at gg.essential.model.file.ParticlesFile$Curve$$serializer.deserialize(ParticlesFile.kt:90) ~[?:?]
	at gg.essential.model.file.ParticlesFile$Curve$$serializer.deserialize(ParticlesFile.kt:90) ~[?:?]
	at kotlinx.serialization.json.internal.StreamingJsonDecoder.decodeSerializableValue(StreamingJsonDecoder.kt:69) ~[?:?]
	at kotlinx.serialization.encoding.AbstractDecoder.decodeSerializableValue(AbstractDecoder.kt:43) ~[?:?]
	at kotlinx.serialization.encoding.AbstractDecoder.decodeSerializableElement(AbstractDecoder.kt:70) ~[?:?]
	at kotlinx.serialization.json.internal.StreamingJsonDecoder.decodeSerializableElement(StreamingJsonDecoder.kt:168) ~[?:?]
	at kotlinx.serialization.encoding.CompositeDecoder$DefaultImpls.decodeSerializableElement$default(Decoding.kt:538) ~[?:?]
	at kotlinx.serialization.internal.MapLikeSerializer.readElement(CollectionSerializers.kt:111) ~[?:?]
	at kotlinx.serialization.internal.MapLikeSerializer.readElement(CollectionSerializers.kt:84) ~[?:?]
	at kotlinx.serialization.internal.AbstractCollectionSerializer.readElement$default(CollectionSerializers.kt:51) ~[?:?]
	at kotlinx.serialization.internal.AbstractCollectionSerializer.merge(CollectionSerializers.kt:36) ~[?:?]
	at kotlinx.serialization.internal.AbstractCollectionSerializer.deserialize(CollectionSerializers.kt:43) ~[?:?]
	at kotlinx.serialization.json.internal.StreamingJsonDecoder.decodeSerializableValue(StreamingJsonDecoder.kt:69) ~[?:?]
	at kotlinx.serialization.encoding.AbstractDecoder.decodeSerializableValue(AbstractDecoder.kt:43) ~[?:?]
	at kotlinx.serialization.encoding.AbstractDecoder.decodeSerializableElement(AbstractDecoder.kt:70) ~[?:?]
	at kotlinx.serialization.json.internal.StreamingJsonDecoder.decodeSerializableElement(StreamingJsonDecoder.kt:168) ~[?:?]
	at gg.essential.model.file.ParticlesFile$ParticleEffect$$serializer.deserialize(ParticlesFile.kt:59) ~[?:?]
	at gg.essential.model.file.ParticlesFile$ParticleEffect$$serializer.deserialize(ParticlesFile.kt:59) ~[?:?]
	at kotlinx.serialization.json.internal.StreamingJsonDecoder.decodeSerializableValue(StreamingJsonDecoder.kt:69) ~[?:?]
	at kotlinx.serialization.encoding.AbstractDecoder.decodeSerializableValue(AbstractDecoder.kt:43) ~[?:?]
	at kotlinx.serialization.encoding.AbstractDecoder.decodeSerializableElement(AbstractDecoder.kt:70) ~[?:?]
	at kotlinx.serialization.json.internal.StreamingJsonDecoder.decodeSerializableElement(StreamingJsonDecoder.kt:168) ~[?:?]
	at gg.essential.model.file.ParticlesFile$$serializer.deserialize(ParticlesFile.kt:52) ~[?:?]
	at gg.essential.model.file.ParticlesFile$$serializer.deserialize(ParticlesFile.kt:52) ~[?:?]
	at kotlinx.serialization.json.internal.StreamingJsonDecoder.decodeSerializableValue(StreamingJsonDecoder.kt:69) ~[?:?]
	at kotlinx.serialization.json.Json.decodeFromString(Json.kt:107) ~[?:?]
	at gg.essential.network.connectionmanager.cosmetics.AssetLoader$JsonAssetType$3.invoke(AssetLoader.kt:337) ~[?:?]
	at gg.essential.network.connectionmanager.cosmetics.AssetLoader$JsonAssetType$3.invoke(AssetLoader.kt:336) ~[?:?]
	at gg.essential.network.connectionmanager.cosmetics.AssetLoader$getAsset$1$future$1.invoke(AssetLoader.kt:91) ~[?:?]
	at gg.essential.network.connectionmanager.cosmetics.AssetLoader$getAsset$1$future$1.invoke(AssetLoader.kt:89) ~[?:?]
	at gg.essential.network.connectionmanager.cosmetics.AssetLoader$getAsset$1.invoke$lambda$0(AssetLoader.kt:89) ~[?:?]
	at java.util.concurrent.CompletableFuture$UniApply.tryFire(Unknown Source) ~[?:?]
	at java.util.concurrent.CompletableFuture$Completion.exec(Unknown Source) ~[?:?]
	at java.util.concurrent.ForkJoinTask.doExec(Unknown Source) ~[?:?]
	at java.util.concurrent.ForkJoinPool$WorkQueue.topLevelExec(Unknown Source) ~[?:?]
	at java.util.concurrent.ForkJoinPool.scan(Unknown Source) ~[?:?]
	at java.util.concurrent.ForkJoinPool.runWorker(Unknown Source) ~[?:?]
	at java.util.concurrent.ForkJoinWorkerThread.run(Unknown Source) ~[?:?]
[17:08:28] [ForkJoinPool.commonPool-worker-1/ERROR]: An error occurred building event handler
java.lang.ClassNotFoundException: kotlin.jvm.internal.Lambda
	at jdk.internal.loader.BuiltinClassLoader.loadClass(Unknown Source) ~[?:?]
	at jdk.internal.loader.ClassLoaders$AppClassLoader.loadClass(Unknown Source) ~[?:?]
	at java.lang.ClassLoader.loadClass(Unknown Source) ~[?:?]
	at net.minecraftforge.eventbus.EventSubclassTransformer.buildEvents(EventSubclassTransformer.java:97) ~[eventbus-6.0.5.jar:?]
	at net.minecraftforge.eventbus.EventSubclassTransformer.transform(EventSubclassTransformer.java:48) ~[eventbus-6.0.5.jar:?]
	at net.minecraftforge.eventbus.EventBusEngine.processClass(EventBusEngine.java:26) ~[eventbus-6.0.5.jar:?]
	at net.minecraftforge.eventbus.service.ModLauncherService.processClassWithFlags(ModLauncherService.java:32) ~[eventbus-6.0.5.jar:6.0.5+6.0.5+master.eb8e549b]
	at cpw.mods.modlauncher.LaunchPluginHandler.offerClassNodeToPlugins(LaunchPluginHandler.java:88) ~[modlauncher-10.0.9.jar:?]
	at cpw.mods.modlauncher.ClassTransformer.transform(ClassTransformer.java:120) ~[modlauncher-10.0.9.jar:?]
	at cpw.mods.modlauncher.TransformingClassLoader.maybeTransformClassBytes(TransformingClassLoader.java:50) ~[modlauncher-10.0.9.jar:?]
	at cpw.mods.cl.ModuleClassLoader.readerToClass(ModuleClassLoader.java:113) ~[securejarhandler-2.1.10.jar:?]
	at cpw.mods.cl.ModuleClassLoader.lambda$findClass$15(ModuleClassLoader.java:219) ~[securejarhandler-2.1.10.jar:?]
	at cpw.mods.cl.ModuleClassLoader.loadFromModule(ModuleClassLoader.java:229) ~[securejarhandler-2.1.10.jar:?]
	at cpw.mods.cl.ModuleClassLoader.findClass(ModuleClassLoader.java:219) ~[securejarhandler-2.1.10.jar:?]
	at cpw.mods.cl.ModuleClassLoader.loadClass(ModuleClassLoader.java:135) ~[securejarhandler-2.1.10.jar:?]
	at java.lang.ClassLoader.loadClass(Unknown Source) ~[?:?]
	at gg.essential.mod.cosmetics.featured.FeaturedItemType.<clinit>(FeaturedItemType.kt:16) ~[?:?]
	at gg.essential.mod.cosmetics.featured.FeaturedItem$Cosmetic.<init>(FeaturedItem.kt:42) ~[?:?]
	at gg.essential.mod.cosmetics.featured.FeaturedItem$Cosmetic$$serializer.deserialize(FeaturedItem.kt:32) ~[?:?]
	at gg.essential.mod.cosmetics.featured.FeaturedItem$Cosmetic$$serializer.deserialize(FeaturedItem.kt:32) ~[?:?]
	at kotlinx.serialization.json.internal.StreamingJsonDecoder.decodeSerializableValue(StreamingJsonDecoder.kt:89) ~[?:?]
	at kotlinx.serialization.encoding.AbstractDecoder.decodeSerializableValue(AbstractDecoder.kt:43) ~[?:?]
	at kotlinx.serialization.encoding.AbstractDecoder.decodeSerializableElement(AbstractDecoder.kt:70) ~[?:?]
	at kotlinx.serialization.json.internal.StreamingJsonDecoder.decodeSerializableElement(StreamingJsonDecoder.kt:168) ~[?:?]
	at kotlinx.serialization.encoding.CompositeDecoder$DefaultImpls.decodeSerializableElement$default(Decoding.kt:538) ~[?:?]
	at kotlinx.serialization.internal.CollectionLikeSerializer.readElement(CollectionSerializers.kt:80) ~[?:?]
	at kotlinx.serialization.internal.AbstractCollectionSerializer.readElement$default(CollectionSerializers.kt:51) ~[?:?]
	at kotlinx.serialization.internal.AbstractCollectionSerializer.merge(CollectionSerializers.kt:36) ~[?:?]
	at kotlinx.serialization.internal.AbstractCollectionSerializer.deserialize(CollectionSerializers.kt:43) ~[?:?]
	at kotlinx.serialization.json.internal.StreamingJsonDecoder.decodeSerializableValue(StreamingJsonDecoder.kt:69) ~[?:?]
	at kotlinx.serialization.encoding.AbstractDecoder.decodeSerializableValue(AbstractDecoder.kt:43) ~[?:?]
	at kotlinx.serialization.encoding.AbstractDecoder.decodeSerializableElement(AbstractDecoder.kt:70) ~[?:?]
	at kotlinx.serialization.json.internal.StreamingJsonDecoder.decodeSerializableElement(StreamingJsonDecoder.kt:168) ~[?:?]
	at kotlinx.serialization.encoding.CompositeDecoder$DefaultImpls.decodeSerializableElement$default(Decoding.kt:538) ~[?:?]
	at kotlinx.serialization.internal.CollectionLikeSerializer.readElement(CollectionSerializers.kt:80) ~[?:?]
	at kotlinx.serialization.internal.AbstractCollectionSerializer.readElement$default(CollectionSerializers.kt:51) ~[?:?]
	at kotlinx.serialization.internal.AbstractCollectionSerializer.merge(CollectionSerializers.kt:36) ~[?:?]
	at kotlinx.serialization.internal.AbstractCollectionSerializer.deserialize(CollectionSerializers.kt:43) ~[?:?]
	at kotlinx.serialization.json.internal.StreamingJsonDecoder.decodeSerializableValue(StreamingJsonDecoder.kt:69) ~[?:?]
	at kotlinx.serialization.encoding.AbstractDecoder.decodeSerializableValue(AbstractDecoder.kt:43) ~[?:?]
	at kotlinx.serialization.encoding.AbstractDecoder.decodeSerializableElement(AbstractDecoder.kt:70) ~[?:?]
	at kotlinx.serialization.json.internal.StreamingJsonDecoder.decodeSerializableElement(StreamingJsonDecoder.kt:168) ~[?:?]
	at gg.essential.mod.cosmetics.featured.FeaturedPageRaw$$serializer.deserialize(featuredPage.kt:25) ~[?:?]
	at gg.essential.mod.cosmetics.featured.FeaturedPageRaw$$serializer.deserialize(featuredPage.kt:25) ~[?:?]
	at gg.essential.mod.cosmetics.featured.FeaturedPageSerializer.deserialize(featuredPage.kt:51) ~[?:?]
	at gg.essential.mod.cosmetics.featured.FeaturedPageSerializer.deserialize(featuredPage.kt:46) ~[?:?]
	at kotlinx.serialization.json.internal.StreamingJsonDecoder.decodeSerializableValue(StreamingJsonDecoder.kt:69) ~[?:?]
	at kotlinx.serialization.encoding.AbstractDecoder.decodeSerializableValue(AbstractDecoder.kt:43) ~[?:?]
	at kotlinx.serialization.encoding.AbstractDecoder.decodeSerializableElement(AbstractDecoder.kt:70) ~[?:?]
	at kotlinx.serialization.json.internal.StreamingJsonDecoder.decodeSerializableElement(StreamingJsonDecoder.kt:168) ~[?:?]
	at kotlinx.serialization.encoding.CompositeDecoder$DefaultImpls.decodeSerializableElement$default(Decoding.kt:538) ~[?:?]
	at kotlinx.serialization.internal.MapLikeSerializer.readElement(CollectionSerializers.kt:111) ~[?:?]
	at kotlinx.serialization.internal.MapLikeSerializer.readElement(CollectionSerializers.kt:84) ~[?:?]
	at kotlinx.serialization.internal.AbstractCollectionSerializer.readElement$default(CollectionSerializers.kt:51) ~[?:?]
	at kotlinx.serialization.internal.AbstractCollectionSerializer.merge(CollectionSerializers.kt:36) ~[?:?]
	at kotlinx.serialization.internal.AbstractCollectionSerializer.deserialize(CollectionSerializers.kt:43) ~[?:?]
	at kotlinx.serialization.json.internal.StreamingJsonDecoder.decodeSerializableValue(StreamingJsonDecoder.kt:69) ~[?:?]
	at kotlinx.serialization.encoding.AbstractDecoder.decodeSerializableValue(AbstractDecoder.kt:43) ~[?:?]
	at kotlinx.serialization.encoding.AbstractDecoder.decodeSerializableElement(AbstractDecoder.kt:70) ~[?:?]
	at kotlinx.serialization.json.internal.StreamingJsonDecoder.decodeSerializableElement(StreamingJsonDecoder.kt:168) ~[?:?]
	at gg.essential.mod.cosmetics.featured.FeaturedPageCollection$$serializer.deserialize(FeaturedPageCollection.kt:24) ~[?:?]
	at gg.essential.mod.cosmetics.featured.FeaturedPageCollection$$serializer.deserialize(FeaturedPageCollection.kt:24) ~[?:?]
	at kotlinx.serialization.json.internal.StreamingJsonDecoder.decodeSerializableValue(StreamingJsonDecoder.kt:69) ~[?:?]
	at kotlinx.serialization.json.Json.decodeFromString(Json.kt:107) ~[?:?]
	at gg.essential.network.connectionmanager.cosmetics.AssetLoader$JsonAssetType$3.invoke(AssetLoader.kt:337) ~[?:?]
	at gg.essential.network.connectionmanager.cosmetics.AssetLoader$JsonAssetType$3.invoke(AssetLoader.kt:336) ~[?:?]
	at gg.essential.network.connectionmanager.cosmetics.AssetLoader$getAsset$1$future$1.invoke(AssetLoader.kt:91) ~[?:?]
	at gg.essential.network.connectionmanager.cosmetics.AssetLoader$getAsset$1$future$1.invoke(AssetLoader.kt:89) ~[?:?]
	at gg.essential.network.connectionmanager.cosmetics.AssetLoader$getAsset$1.invoke$lambda$0(AssetLoader.kt:89) ~[?:?]
	at java.util.concurrent.CompletableFuture$UniApply.tryFire(Unknown Source) ~[?:?]
	at java.util.concurrent.CompletableFuture$Completion.exec(Unknown Source) ~[?:?]
	at java.util.concurrent.ForkJoinTask.doExec(Unknown Source) ~[?:?]
	at java.util.concurrent.ForkJoinPool$WorkQueue.topLevelExec(Unknown Source) ~[?:?]
	at java.util.concurrent.ForkJoinPool.scan(Unknown Source) ~[?:?]
	at java.util.concurrent.ForkJoinPool.runWorker(Unknown Source) ~[?:?]
	at java.util.concurrent.ForkJoinWorkerThread.run(Unknown Source) ~[?:?]
[17:08:28] [ForkJoinPool.commonPool-worker-1/ERROR]: Could not find parent gg/essential/mod/cosmetics/featured/BaseDivider for class gg/essential/mod/cosmetics/featured/TextDivider in classloader jdk.internal.loader.ClassLoaders$AppClassLoader@30c7da1e on thread Thread[ForkJoinPool.commonPool-worker-1,5,main]
[17:08:28] [ForkJoinPool.commonPool-worker-1/ERROR]: An error occurred building event handler
java.lang.ClassNotFoundException: gg.essential.mod.cosmetics.featured.BaseDivider
	at jdk.internal.loader.BuiltinClassLoader.loadClass(Unknown Source) ~[?:?]
	at jdk.internal.loader.ClassLoaders$AppClassLoader.loadClass(Unknown Source) ~[?:?]
	at java.lang.ClassLoader.loadClass(Unknown Source) ~[?:?]
	at net.minecraftforge.eventbus.EventSubclassTransformer.buildEvents(EventSubclassTransformer.java:97) ~[eventbus-6.0.5.jar:?]
	at net.minecraftforge.eventbus.EventSubclassTransformer.transform(EventSubclassTransformer.java:48) ~[eventbus-6.0.5.jar:?]
	at net.minecraftforge.eventbus.EventBusEngine.processClass(EventBusEngine.java:26) ~[eventbus-6.0.5.jar:?]
	at net.minecraftforge.eventbus.service.ModLauncherService.processClassWithFlags(ModLauncherService.java:32) ~[eventbus-6.0.5.jar:6.0.5+6.0.5+master.eb8e549b]
	at cpw.mods.modlauncher.LaunchPluginHandler.offerClassNodeToPlugins(LaunchPluginHandler.java:88) ~[modlauncher-10.0.9.jar:?]
	at cpw.mods.modlauncher.ClassTransformer.transform(ClassTransformer.java:120) ~[modlauncher-10.0.9.jar:?]
	at cpw.mods.modlauncher.TransformingClassLoader.maybeTransformClassBytes(TransformingClassLoader.java:50) ~[modlauncher-10.0.9.jar:?]
	at cpw.mods.cl.ModuleClassLoader.readerToClass(ModuleClassLoader.java:113) ~[securejarhandler-2.1.10.jar:?]
	at cpw.mods.cl.ModuleClassLoader.lambda$findClass$15(ModuleClassLoader.java:219) ~[securejarhandler-2.1.10.jar:?]
	at cpw.mods.cl.ModuleClassLoader.loadFromModule(ModuleClassLoader.java:229) ~[securejarhandler-2.1.10.jar:?]
	at cpw.mods.cl.ModuleClassLoader.findClass(ModuleClassLoader.java:219) ~[securejarhandler-2.1.10.jar:?]
	at cpw.mods.cl.ModuleClassLoader.loadClass(ModuleClassLoader.java:135) ~[securejarhandler-2.1.10.jar:?]
	at java.lang.ClassLoader.loadClass(Unknown Source) ~[?:?]
	at gg.essential.mod.cosmetics.featured.FeaturedPageSerializer.deserialize$convertToDividerList(featuredPage.kt:57) ~[?:?]
	at gg.essential.mod.cosmetics.featured.FeaturedPageSerializer.deserialize(featuredPage.kt:61) ~[?:?]
	at gg.essential.mod.cosmetics.featured.FeaturedPageSerializer.deserialize(featuredPage.kt:46) ~[?:?]
	at kotlinx.serialization.json.internal.StreamingJsonDecoder.decodeSerializableValue(StreamingJsonDecoder.kt:69) ~[?:?]
	at kotlinx.serialization.encoding.AbstractDecoder.decodeSerializableValue(AbstractDecoder.kt:43) ~[?:?]
	at kotlinx.serialization.encoding.AbstractDecoder.decodeSerializableElement(AbstractDecoder.kt:70) ~[?:?]
	at kotlinx.serialization.json.internal.StreamingJsonDecoder.decodeSerializableElement(StreamingJsonDecoder.kt:168) ~[?:?]
	at kotlinx.serialization.encoding.CompositeDecoder$DefaultImpls.decodeSerializableElement$default(Decoding.kt:538) ~[?:?]
	at kotlinx.serialization.internal.MapLikeSerializer.readElement(CollectionSerializers.kt:111) ~[?:?]
	at kotlinx.serialization.internal.MapLikeSerializer.readElement(CollectionSerializers.kt:84) ~[?:?]
	at kotlinx.serialization.internal.AbstractCollectionSerializer.readElement$default(CollectionSerializers.kt:51) ~[?:?]
	at kotlinx.serialization.internal.AbstractCollectionSerializer.merge(CollectionSerializers.kt:36) ~[?:?]
	at kotlinx.serialization.internal.AbstractCollectionSerializer.deserialize(CollectionSerializers.kt:43) ~[?:?]
	at kotlinx.serialization.json.internal.StreamingJsonDecoder.decodeSerializableValue(StreamingJsonDecoder.kt:69) ~[?:?]
	at kotlinx.serialization.encoding.AbstractDecoder.decodeSerializableValue(AbstractDecoder.kt:43) ~[?:?]
	at kotlinx.serialization.encoding.AbstractDecoder.decodeSerializableElement(AbstractDecoder.kt:70) ~[?:?]
	at kotlinx.serialization.json.internal.StreamingJsonDecoder.decodeSerializableElement(StreamingJsonDecoder.kt:168) ~[?:?]
	at gg.essential.mod.cosmetics.featured.FeaturedPageCollection$$serializer.deserialize(FeaturedPageCollection.kt:24) ~[?:?]
	at gg.essential.mod.cosmetics.featured.FeaturedPageCollection$$serializer.deserialize(FeaturedPageCollection.kt:24) ~[?:?]
	at kotlinx.serialization.json.internal.StreamingJsonDecoder.decodeSerializableValue(StreamingJsonDecoder.kt:69) ~[?:?]
	at kotlinx.serialization.json.Json.decodeFromString(Json.kt:107) ~[?:?]
	at gg.essential.network.connectionmanager.cosmetics.AssetLoader$JsonAssetType$3.invoke(AssetLoader.kt:337) ~[?:?]
	at gg.essential.network.connectionmanager.cosmetics.AssetLoader$JsonAssetType$3.invoke(AssetLoader.kt:336) ~[?:?]
	at gg.essential.network.connectionmanager.cosmetics.AssetLoader$getAsset$1$future$1.invoke(AssetLoader.kt:91) ~[?:?]
	at gg.essential.network.connectionmanager.cosmetics.AssetLoader$getAsset$1$future$1.invoke(AssetLoader.kt:89) ~[?:?]
	at gg.essential.network.connectionmanager.cosmetics.AssetLoader$getAsset$1.invoke$lambda$0(AssetLoader.kt:89) ~[?:?]
	at java.util.concurrent.CompletableFuture$UniApply.tryFire(Unknown Source) ~[?:?]
	at java.util.concurrent.CompletableFuture$Completion.exec(Unknown Source) ~[?:?]
	at java.util.concurrent.ForkJoinTask.doExec(Unknown Source) ~[?:?]
	at java.util.concurrent.ForkJoinPool$WorkQueue.topLevelExec(Unknown Source) ~[?:?]
	at java.util.concurrent.ForkJoinPool.scan(Unknown Source) ~[?:?]
	at java.util.concurrent.ForkJoinPool.runWorker(Unknown Source) ~[?:?]
	at java.util.concurrent.ForkJoinWorkerThread.run(Unknown Source) ~[?:?]
[17:08:28] [ForkJoinPool.commonPool-worker-7/ERROR]: Could not find parent kotlin/jvm/internal/Lambda for class gg/essential/util/GuiEssentialPlatformImpl$onResourceManagerReload$1 in classloader jdk.internal.loader.ClassLoaders$AppClassLoader@30c7da1e on thread Thread[ForkJoinPool.commonPool-worker-7,5,main]
[17:08:28] [ForkJoinPool.commonPool-worker-7/ERROR]: An error occurred building event handler
java.lang.ClassNotFoundException: kotlin.jvm.internal.Lambda
	at jdk.internal.loader.BuiltinClassLoader.loadClass(Unknown Source) ~[?:?]
	at jdk.internal.loader.ClassLoaders$AppClassLoader.loadClass(Unknown Source) ~[?:?]
	at java.lang.ClassLoader.loadClass(Unknown Source) ~[?:?]
	at net.minecraftforge.eventbus.EventSubclassTransformer.buildEvents(EventSubclassTransformer.java:97) ~[eventbus-6.0.5.jar:?]
	at net.minecraftforge.eventbus.EventSubclassTransformer.transform(EventSubclassTransformer.java:48) ~[eventbus-6.0.5.jar:?]
	at net.minecraftforge.eventbus.EventBusEngine.processClass(EventBusEngine.java:26) ~[eventbus-6.0.5.jar:?]
	at net.minecraftforge.eventbus.service.ModLauncherService.processClassWithFlags(ModLauncherService.java:32) ~[eventbus-6.0.5.jar:6.0.5+6.0.5+master.eb8e549b]
	at cpw.mods.modlauncher.LaunchPluginHandler.offerClassNodeToPlugins(LaunchPluginHandler.java:88) ~[modlauncher-10.0.9.jar:?]
	at cpw.mods.modlauncher.ClassTransformer.transform(ClassTransformer.java:120) ~[modlauncher-10.0.9.jar:?]
	at cpw.mods.modlauncher.TransformingClassLoader.maybeTransformClassBytes(TransformingClassLoader.java:50) ~[modlauncher-10.0.9.jar:?]
	at cpw.mods.cl.ModuleClassLoader.readerToClass(ModuleClassLoader.java:113) ~[securejarhandler-2.1.10.jar:?]
	at cpw.mods.cl.ModuleClassLoader.lambda$findClass$15(ModuleClassLoader.java:219) ~[securejarhandler-2.1.10.jar:?]
	at cpw.mods.cl.ModuleClassLoader.loadFromModule(ModuleClassLoader.java:229) ~[securejarhandler-2.1.10.jar:?]
	at cpw.mods.cl.ModuleClassLoader.findClass(ModuleClassLoader.java:219) ~[securejarhandler-2.1.10.jar:?]
	at cpw.mods.cl.ModuleClassLoader.loadClass(ModuleClassLoader.java:135) ~[securejarhandler-2.1.10.jar:?]
	at java.lang.ClassLoader.loadClass(Unknown Source) ~[?:?]
	at gg.essential.util.GuiEssentialPlatformImpl.onResourceManagerReload(GuiEssentialPlatformImpl.kt:140) ~[?:?]
	at gg.essential.util.image.bitmap.GuiEssentialExtensionsKt.<clinit>(guiEssentialExtensions.kt:30) ~[?:?]
	at gg.essential.network.connectionmanager.cosmetics.AssetLoader$AssetType$Mask$1.invoke(AssetLoader.kt:320) ~[?:?]
	at gg.essential.network.connectionmanager.cosmetics.AssetLoader$AssetType$Mask$1.invoke(AssetLoader.kt:319) ~[?:?]
	at gg.essential.network.connectionmanager.cosmetics.AssetLoader$getAsset$1$future$1.invoke(AssetLoader.kt:91) ~[?:?]
	at gg.essential.network.connectionmanager.cosmetics.AssetLoader$getAsset$1$future$1.invoke(AssetLoader.kt:89) ~[?:?]
	at gg.essential.network.connectionmanager.cosmetics.AssetLoader$getAsset$1.invoke$lambda$0(AssetLoader.kt:89) ~[?:?]
	at java.util.concurrent.CompletableFuture$UniApply.tryFire(Unknown Source) ~[?:?]
	at java.util.concurrent.CompletableFuture$Completion.exec(Unknown Source) ~[?:?]
	at java.util.concurrent.ForkJoinTask.doExec(Unknown Source) ~[?:?]
	at java.util.concurrent.ForkJoinPool$WorkQueue.topLevelExec(Unknown Source) ~[?:?]
	at java.util.concurrent.ForkJoinPool.scan(Unknown Source) ~[?:?]
	at java.util.concurrent.ForkJoinPool.runWorker(Unknown Source) ~[?:?]
	at java.util.concurrent.ForkJoinWorkerThread.run(Unknown Source) ~[?:?]
[17:08:28] [ForkJoinPool.commonPool-worker-2/ERROR]: Could not find parent kotlinx/serialization/json/JsonContentPolymorphicSerializer for class gg/essential/model/file/ParticleEffectComponents$Direction$Serializer in classloader jdk.internal.loader.ClassLoaders$AppClassLoader@30c7da1e on thread Thread[ForkJoinPool.commonPool-worker-2,5,main]
[17:08:28] [ForkJoinPool.commonPool-worker-6/ERROR]: Could not find parent kotlin/jvm/internal/Lambda for class gg/essential/model/molang/Parser$parseSimpleExpression$$inlined$invoke$4 in classloader jdk.internal.loader.ClassLoaders$AppClassLoader@30c7da1e on thread Thread[ForkJoinPool.commonPool-worker-6,5,main]
[17:08:28] [ForkJoinPool.commonPool-worker-2/ERROR]: An error occurred building event handler
java.lang.ClassNotFoundException: kotlinx.serialization.json.JsonContentPolymorphicSerializer
	at jdk.internal.loader.BuiltinClassLoader.loadClass(Unknown Source) ~[?:?]
	at jdk.internal.loader.ClassLoaders$AppClassLoader.loadClass(Unknown Source) ~[?:?]
	at java.lang.ClassLoader.loadClass(Unknown Source) ~[?:?]
	at net.minecraftforge.eventbus.EventSubclassTransformer.buildEvents(EventSubclassTransformer.java:97) ~[eventbus-6.0.5.jar:?]
	at net.minecraftforge.eventbus.EventSubclassTransformer.transform(EventSubclassTransformer.java:48) ~[eventbus-6.0.5.jar:?]
	at net.minecraftforge.eventbus.EventBusEngine.processClass(EventBusEngine.java:26) ~[eventbus-6.0.5.jar:?]
	at net.minecraftforge.eventbus.service.ModLauncherService.processClassWithFlags(ModLauncherService.java:32) ~[eventbus-6.0.5.jar:6.0.5+6.0.5+master.eb8e549b]
	at cpw.mods.modlauncher.LaunchPluginHandler.offerClassNodeToPlugins(LaunchPluginHandler.java:88) ~[modlauncher-10.0.9.jar:?]
	at cpw.mods.modlauncher.ClassTransformer.transform(ClassTransformer.java:120) ~[modlauncher-10.0.9.jar:?]
	at cpw.mods.modlauncher.TransformingClassLoader.maybeTransformClassBytes(TransformingClassLoader.java:50) ~[modlauncher-10.0.9.jar:?]
	at cpw.mods.cl.ModuleClassLoader.readerToClass(ModuleClassLoader.java:113) ~[securejarhandler-2.1.10.jar:?]
	at cpw.mods.cl.ModuleClassLoader.lambda$findClass$15(ModuleClassLoader.java:219) ~[securejarhandler-2.1.10.jar:?]
	at cpw.mods.cl.ModuleClassLoader.loadFromModule(ModuleClassLoader.java:229) ~[securejarhandler-2.1.10.jar:?]
	at cpw.mods.cl.ModuleClassLoader.findClass(ModuleClassLoader.java:219) ~[securejarhandler-2.1.10.jar:?]
	at cpw.mods.cl.ModuleClassLoader.loadClass(ModuleClassLoader.java:135) ~[securejarhandler-2.1.10.jar:?]
	at java.lang.ClassLoader.loadClass(Unknown Source) ~[?:?]
	at gg.essential.model.file.ParticleEffectComponents$EmitterShapeBox$$serializer.childSerializers(ParticlesFile.kt:378) ~[?:?]
	at kotlinx.serialization.internal.PluginGeneratedSerialDescriptor$childSerializers$2.invoke(PluginGeneratedSerialDescriptor.kt:36) ~[?:?]
	at kotlinx.serialization.internal.PluginGeneratedSerialDescriptor$childSerializers$2.invoke(PluginGeneratedSerialDescriptor.kt:36) ~[?:?]
	at kotlin.SafePublicationLazyImpl.getValue(LazyJVM.kt:107) ~[?:?]
	at kotlinx.serialization.internal.PluginGeneratedSerialDescriptor.getChildSerializers(PluginGeneratedSerialDescriptor.kt:36) ~[?:?]
	at kotlinx.serialization.internal.PluginGeneratedSerialDescriptor.getElementDescriptor(PluginGeneratedSerialDescriptor.kt:76) ~[?:?]
	at kotlinx.serialization.json.internal.StreamingJsonDecoder.coerceInputValue(StreamingJsonDecoder.kt:399) ~[?:?]
	at kotlinx.serialization.json.internal.StreamingJsonDecoder.decodeObjectIndex(StreamingJsonDecoder.kt:231) ~[?:?]
	at kotlinx.serialization.json.internal.StreamingJsonDecoder.decodeElementIndex(StreamingJsonDecoder.kt:178) ~[?:?]
	at gg.essential.model.file.ParticleEffectComponents$EmitterShapeBox$$serializer.deserialize(ParticlesFile.kt:378) ~[?:?]
	at gg.essential.model.file.ParticleEffectComponents$EmitterShapeBox$$serializer.deserialize(ParticlesFile.kt:378) ~[?:?]
	at kotlinx.serialization.json.internal.StreamingJsonDecoder.decodeSerializableValue(StreamingJsonDecoder.kt:69) ~[?:?]
	at kotlinx.serialization.encoding.AbstractDecoder.decodeSerializableValue(AbstractDecoder.kt:43) ~[?:?]
	at kotlinx.serialization.encoding.AbstractDecoder.decodeNullableSerializableElement(AbstractDecoder.kt:78) ~[?:?]
	at gg.essential.model.file.ParticleEffectComponents$$serializer.deserialize(ParticlesFile.kt:178) ~[?:?]
	at gg.essential.model.file.ParticleEffectComponents$$serializer.deserialize(ParticlesFile.kt:178) ~[?:?]
	at kotlinx.serialization.json.internal.StreamingJsonDecoder.decodeSerializableValue(StreamingJsonDecoder.kt:69) ~[?:?]
	at kotlinx.serialization.encoding.AbstractDecoder.decodeSerializableValue(AbstractDecoder.kt:43) ~[?:?]
	at kotlinx.serialization.encoding.AbstractDecoder.decodeSerializableElement(AbstractDecoder.kt:70) ~[?:?]
	at kotlinx.serialization.json.internal.StreamingJsonDecoder.decodeSerializableElement(StreamingJsonDecoder.kt:168) ~[?:?]
	at gg.essential.model.file.ParticlesFile$ParticleEffect$$serializer.deserialize(ParticlesFile.kt:59) ~[?:?]
	at gg.essential.model.file.ParticlesFile$ParticleEffect$$serializer.deserialize(ParticlesFile.kt:59) ~[?:?]
	at kotlinx.serialization.json.internal.StreamingJsonDecoder.decodeSerializableValue(StreamingJsonDecoder.kt:69) ~[?:?]
	at kotlinx.serialization.encoding.AbstractDecoder.decodeSerializableValue(AbstractDecoder.kt:43) ~[?:?]
	at kotlinx.serialization.encoding.AbstractDecoder.decodeSerializableElement(AbstractDecoder.kt:70) ~[?:?]
	at kotlinx.serialization.json.internal.StreamingJsonDecoder.decodeSerializableElement(StreamingJsonDecoder.kt:168) ~[?:?]
	at gg.essential.model.file.ParticlesFile$$serializer.deserialize(ParticlesFile.kt:52) ~[?:?]
	at gg.essential.model.file.ParticlesFile$$serializer.deserialize(ParticlesFile.kt:52) ~[?:?]
	at kotlinx.serialization.json.internal.StreamingJsonDecoder.decodeSerializableValue(StreamingJsonDecoder.kt:69) ~[?:?]
	at kotlinx.serialization.json.Json.decodeFromString(Json.kt:107) ~[?:?]
	at gg.essential.network.connectionmanager.cosmetics.AssetLoader$JsonAssetType$3.invoke(AssetLoader.kt:337) ~[?:?]
	at gg.essential.network.connectionmanager.cosmetics.AssetLoader$JsonAssetType$3.invoke(AssetLoader.kt:336) ~[?:?]
	at gg.essential.network.connectionmanager.cosmetics.AssetLoader$getAsset$1$future$1.invoke(AssetLoader.kt:91) ~[?:?]
	at gg.essential.network.connectionmanager.cosmetics.AssetLoader$getAsset$1$future$1.invoke(AssetLoader.kt:89) ~[?:?]
	at gg.essential.network.connectionmanager.cosmetics.AssetLoader$getAsset$1.invoke$lambda$0(AssetLoader.kt:89) ~[?:?]
	at java.util.concurrent.CompletableFuture$UniApply.tryFire(Unknown Source) ~[?:?]
	at java.util.concurrent.CompletableFuture$Completion.exec(Unknown Source) ~[?:?]
	at java.util.concurrent.ForkJoinTask.doExec(Unknown Source) ~[?:?]
	at java.util.concurrent.ForkJoinPool$WorkQueue.topLevelExec(Unknown Source) ~[?:?]
	at java.util.concurrent.ForkJoinPool.scan(Unknown Source) ~[?:?]
	at java.util.concurrent.ForkJoinPool.runWorker(Unknown Source) ~[?:?]
	at java.util.concurrent.ForkJoinWorkerThread.run(Unknown Source) ~[?:?]
[17:08:28] [Render thread/INFO]: loaded in block colorizer
[17:08:28] [ForkJoinPool.commonPool-worker-2/ERROR]: Could not find parent gg/essential/model/file/ParticleEffectComponents$Direction for class gg/essential/model/file/ParticleEffectComponents$Direction$Outwards in classloader jdk.internal.loader.ClassLoaders$AppClassLoader@30c7da1e on thread Thread[ForkJoinPool.commonPool-worker-2,5,main]
[17:08:28] [Render thread/INFO]: Block minecraft:water_cauldron had its color provider replaced and will not use per-vertex coloring
[17:08:28] [ForkJoinPool.commonPool-worker-6/ERROR]: An error occurred building event handler
java.lang.ClassNotFoundException: kotlin.jvm.internal.Lambda
	at jdk.internal.loader.BuiltinClassLoader.loadClass(Unknown Source) ~[?:?]
	at jdk.internal.loader.ClassLoaders$AppClassLoader.loadClass(Unknown Source) ~[?:?]
	at java.lang.ClassLoader.loadClass(Unknown Source) ~[?:?]
	at net.minecraftforge.eventbus.EventSubclassTransformer.buildEvents(EventSubclassTransformer.java:97) ~[eventbus-6.0.5.jar:?]
	at net.minecraftforge.eventbus.EventSubclassTransformer.transform(EventSubclassTransformer.java:48) ~[eventbus-6.0.5.jar:?]
	at net.minecraftforge.eventbus.EventBusEngine.processClass(EventBusEngine.java:26) ~[eventbus-6.0.5.jar:?]
	at net.minecraftforge.eventbus.service.ModLauncherService.processClassWithFlags(ModLauncherService.java:32) ~[eventbus-6.0.5.jar:6.0.5+6.0.5+master.eb8e549b]
	at cpw.mods.modlauncher.LaunchPluginHandler.offerClassNodeToPlugins(LaunchPluginHandler.java:88) ~[modlauncher-10.0.9.jar:?]
	at cpw.mods.modlauncher.ClassTransformer.transform(ClassTransformer.java:120) ~[modlauncher-10.0.9.jar:?]
	at cpw.mods.modlauncher.TransformingClassLoader.maybeTransformClassBytes(TransformingClassLoader.java:50) ~[modlauncher-10.0.9.jar:?]
	at cpw.mods.cl.ModuleClassLoader.readerToClass(ModuleClassLoader.java:113) ~[securejarhandler-2.1.10.jar:?]
	at cpw.mods.cl.ModuleClassLoader.lambda$findClass$15(ModuleClassLoader.java:219) ~[securejarhandler-2.1.10.jar:?]
	at cpw.mods.cl.ModuleClassLoader.loadFromModule(ModuleClassLoader.java:229) ~[securejarhandler-2.1.10.jar:?]
	at cpw.mods.cl.ModuleClassLoader.findClass(ModuleClassLoader.java:219) ~[securejarhandler-2.1.10.jar:?]
	at cpw.mods.cl.ModuleClassLoader.loadClass(ModuleClassLoader.java:135) ~[securejarhandler-2.1.10.jar:?]
	at java.lang.ClassLoader.loadClass(Unknown Source) ~[?:?]
	at gg.essential.model.molang.Parser.parseSimpleExpression(MolangExpression.kt:481) ~[?:?]
	at gg.essential.model.molang.Parser.parseProduct(MolangExpression.kt:276) ~[?:?]
	at gg.essential.model.molang.Parser.parseSum(MolangExpression.kt:287) ~[?:?]
	at gg.essential.model.molang.Parser.parseComparisons(MolangExpression.kt:298) ~[?:?]
	at gg.essential.model.molang.Parser.parseEqualityChecks(MolangExpression.kt:309) ~[?:?]
	at gg.essential.model.molang.Parser.parseLogicalAnds(MolangExpression.kt:318) ~[?:?]
	at gg.essential.model.molang.Parser.parseLogicalOrs(MolangExpression.kt:328) ~[?:?]
	at gg.essential.model.molang.Parser.parseTernary(MolangExpression.kt:338) ~[?:?]
	at gg.essential.model.molang.Parser.parseNullCoalescing(MolangExpression.kt:350) ~[?:?]
	at gg.essential.model.molang.Parser.parseExpression(MolangExpression.kt:359) ~[?:?]
	at gg.essential.model.molang.Parser.parseAssignment(MolangExpression.kt:364) ~[?:?]
	at gg.essential.model.molang.Parser.parseStatement(MolangExpression.kt:378) ~[?:?]
	at gg.essential.model.molang.Parser.parseStatements(MolangExpression.kt:383) ~[?:?]
	at gg.essential.model.molang.Parser.parseMolang(MolangExpression.kt:396) ~[?:?]
	at gg.essential.model.molang.Parser.fullyParseMolang(MolangExpression.kt:418) ~[?:?]
	at gg.essential.model.molang.Parser.tryFullyParseMolang(MolangExpression.kt:426) ~[?:?]
	at gg.essential.model.molang.MolangExpressionKt.parseMolangExpression(MolangExpression.kt:434) ~[?:?]
	at gg.essential.model.molang.MolangExpressionKt.parseMolangExpression(MolangExpression.kt:436) ~[?:?]
	at gg.essential.model.file.KeyframeSerializer.parse$lambda$3$parseMolangVector(AnimationFile.kt:123) ~[?:?]
	at gg.essential.model.file.KeyframeSerializer.parse(AnimationFile.kt:139) ~[?:?]
	at gg.essential.model.file.KeyframeSerializer.deserialize(AnimationFile.kt:116) ~[?:?]
	at gg.essential.model.file.KeyframeSerializer.deserialize(AnimationFile.kt:114) ~[?:?]
	at kotlinx.serialization.json.internal.PolymorphicKt.decodeSerializableValuePolymorphic(Polymorphic.kt:77) ~[?:?]
	at kotlinx.serialization.json.internal.AbstractJsonTreeDecoder.decodeSerializableValue(TreeJsonDecoder.kt:52) ~[?:?]
	at kotlinx.serialization.internal.TaggedDecoder.decodeSerializableValue(Tagged.kt:207) ~[?:?]
	at kotlinx.serialization.internal.TaggedDecoder$decodeSerializableElement$1.invoke(Tagged.kt:279) ~[?:?]
	at kotlinx.serialization.internal.TaggedDecoder.tagBlock(Tagged.kt:294) ~[?:?]
	at kotlinx.serialization.internal.TaggedDecoder.decodeSerializableElement(Tagged.kt:279) ~[?:?]
	at kotlinx.serialization.encoding.CompositeDecoder$DefaultImpls.decodeSerializableElement$default(Decoding.kt:538) ~[?:?]
	at kotlinx.serialization.internal.MapLikeSerializer.readElement(CollectionSerializers.kt:111) ~[?:?]
	at kotlinx.serialization.internal.MapLikeSerializer.readElement(CollectionSerializers.kt:84) ~[?:?]
	at kotlinx.serialization.internal.AbstractCollectionSerializer.readElement$default(CollectionSerializers.kt:51) ~[?:?]
	at kotlinx.serialization.internal.AbstractCollectionSerializer.merge(CollectionSerializers.kt:36) ~[?:?]
	at kotlinx.serialization.internal.AbstractCollectionSerializer.deserialize(CollectionSerializers.kt:43) ~[?:?]
	at kotlinx.serialization.json.internal.PolymorphicKt.decodeSerializableValuePolymorphic(Polymorphic.kt:77) ~[?:?]
	at kotlinx.serialization.json.internal.AbstractJsonTreeDecoder.decodeSerializableValue(TreeJsonDecoder.kt:52) ~[?:?]
	at gg.essential.model.util.TreeMapSerializer.deserialize(TreeMap.kt:73) ~[?:?]
	at gg.essential.model.util.TreeMapSerializer.deserialize(TreeMap.kt:69) ~[?:?]
	at kotlinx.serialization.json.internal.PolymorphicKt.decodeSerializableValuePolymorphic(Polymorphic.kt:77) ~[?:?]
	at kotlinx.serialization.json.internal.AbstractJsonTreeDecoder.decodeSerializableValue(TreeJsonDecoder.kt:52) ~[?:?]
	at kotlinx.serialization.json.internal.TreeJsonDecoderKt.readJson(TreeJsonDecoder.kt:25) ~[?:?]
	at kotlinx.serialization.json.Json.decodeFromJsonElement(Json.kt:127) ~[?:?]
	at kotlinx.serialization.json.JsonTransformingSerializer.deserialize(JsonTransformingSerializer.kt:78) ~[?:?]
	at gg.essential.model.file.KeyframesSerializer.deserialize(AnimationFile.kt:105) ~[?:?]
	at gg.essential.model.file.KeyframesSerializer.deserialize(AnimationFile.kt:103) ~[?:?]
	at kotlinx.serialization.json.internal.StreamingJsonDecoder.decodeSerializableValue(StreamingJsonDecoder.kt:69) ~[?:?]
	at kotlinx.serialization.encoding.AbstractDecoder.decodeSerializableValue(AbstractDecoder.kt:43) ~[?:?]
	at kotlinx.serialization.encoding.AbstractDecoder.decodeNullableSerializableElement(AbstractDecoder.kt:78) ~[?:?]
	at gg.essential.model.Channels$$serializer.deserialize(Animation.kt:372) ~[?:?]
	at gg.essential.model.Channels$$serializer.deserialize(Animation.kt:372) ~[?:?]
	at kotlinx.serialization.json.internal.StreamingJsonDecoder.decodeSerializableValue(StreamingJsonDecoder.kt:69) ~[?:?]
	at kotlinx.serialization.encoding.AbstractDecoder.decodeSerializableValue(AbstractDecoder.kt:43) ~[?:?]
	at kotlinx.serialization.encoding.AbstractDecoder.decodeSerializableElement(AbstractDecoder.kt:70) ~[?:?]
	at kotlinx.serialization.json.internal.StreamingJsonDecoder.decodeSerializableElement(StreamingJsonDecoder.kt:168) ~[?:?]
	at kotlinx.serialization.encoding.CompositeDecoder$DefaultImpls.decodeSerializableElement$default(Decoding.kt:538) ~[?:?]
	at kotlinx.serialization.internal.MapLikeSerializer.readElement(CollectionSerializers.kt:111) ~[?:?]
	at kotlinx.serialization.internal.MapLikeSerializer.readElement(CollectionSerializers.kt:84) ~[?:?]
	at kotlinx.serialization.internal.AbstractCollectionSerializer.readElement$default(CollectionSerializers.kt:51) ~[?:?]
	at kotlinx.serialization.internal.AbstractCollectionSerializer.merge(CollectionSerializers.kt:36) ~[?:?]
	at kotlinx.serialization.internal.AbstractCollectionSerializer.deserialize(CollectionSerializers.kt:43) ~[?:?]
	at kotlinx.serialization.json.internal.StreamingJsonDecoder.decodeSerializableValue(StreamingJsonDecoder.kt:69) ~[?:?]
	at kotlinx.serialization.encoding.AbstractDecoder.decodeSerializableValue(AbstractDecoder.kt:43) ~[?:?]
	at kotlinx.serialization.encoding.AbstractDecoder.decodeSerializableElement(AbstractDecoder.kt:70) ~[?:?]
	at kotlinx.serialization.json.internal.StreamingJsonDecoder.decodeSerializableElement(StreamingJsonDecoder.kt:168) ~[?:?]
	at gg.essential.model.file.AnimationFile$Animation$$serializer.deserialize(AnimationFile.kt:48) ~[?:?]
	at gg.essential.model.file.AnimationFile$Animation$$serializer.deserialize(AnimationFile.kt:48) ~[?:?]
	at kotlinx.serialization.json.internal.StreamingJsonDecoder.decodeSerializableValue(StreamingJsonDecoder.kt:69) ~[?:?]
	at kotlinx.serialization.encoding.AbstractDecoder.decodeSerializableValue(AbstractDecoder.kt:43) ~[?:?]
	at kotlinx.serialization.encoding.AbstractDecoder.decodeSerializableElement(AbstractDecoder.kt:70) ~[?:?]
	at kotlinx.serialization.json.internal.StreamingJsonDecoder.decodeSerializableElement(StreamingJsonDecoder.kt:168) ~[?:?]
	at kotlinx.serialization.encoding.CompositeDecoder$DefaultImpls.decodeSerializableElement$default(Decoding.kt:538) ~[?:?]
	at kotlinx.serialization.internal.MapLikeSerializer.readElement(CollectionSerializers.kt:111) ~[?:?]
	at kotlinx.serialization.internal.MapLikeSerializer.readElement(CollectionSerializers.kt:84) ~[?:?]
	at kotlinx.serialization.internal.AbstractCollectionSerializer.readElement$default(CollectionSerializers.kt:51) ~[?:?]
	at kotlinx.serialization.internal.AbstractCollectionSerializer.merge(CollectionSerializers.kt:36) ~[?:?]
	at kotlinx.serialization.internal.AbstractCollectionSerializer.deserialize(CollectionSerializers.kt:43) ~[?:?]
	at kotlinx.serialization.json.internal.StreamingJsonDecoder.decodeSerializableValue(StreamingJsonDecoder.kt:69) ~[?:?]
	at kotlinx.serialization.encoding.AbstractDecoder.decodeSerializableValue(AbstractDecoder.kt:43) ~[?:?]
	at kotlinx.serialization.encoding.AbstractDecoder.decodeSerializableElement(AbstractDecoder.kt:70) ~[?:?]
	at kotlinx.serialization.json.internal.StreamingJsonDecoder.decodeSerializableElement(StreamingJsonDecoder.kt:168) ~[?:?]
	at gg.essential.model.file.AnimationFile$$serializer.deserialize(AnimationFile.kt:41) ~[?:?]
	at gg.essential.model.file.AnimationFile$$serializer.deserialize(AnimationFile.kt:41) ~[?:?]
	at kotlinx.serialization.json.internal.StreamingJsonDecoder.decodeSerializableValue(StreamingJsonDecoder.kt:69) ~[?:?]
	at kotlinx.serialization.json.Json.decodeFromString(Json.kt:107) ~[?:?]
	at gg.essential.network.connectionmanager.cosmetics.AssetLoader$JsonAssetType$3.invoke(AssetLoader.kt:337) ~[?:?]
	at gg.essential.network.connectionmanager.cosmetics.AssetLoader$JsonAssetType$3.invoke(AssetLoader.kt:336) ~[?:?]
	at gg.essential.network.connectionmanager.cosmetics.AssetLoader$getAsset$1$future$1.invoke(AssetLoader.kt:91) ~[?:?]
	at gg.essential.network.connectionmanager.cosmetics.AssetLoader$getAsset$1$future$1.invoke(AssetLoader.kt:89) ~[?:?]
	at gg.essential.network.connectionmanager.cosmetics.AssetLoader$getAsset$1.invoke$lambda$0(AssetLoader.kt:89) ~[?:?]
	at java.util.concurrent.CompletableFuture$UniApply.tryFire(Unknown Source) ~[?:?]
	at java.util.concurrent.CompletableFuture$Completion.exec(Unknown Source) ~[?:?]
	at java.util.concurrent.ForkJoinTask.doExec(Unknown Source) ~[?:?]
	at java.util.concurrent.ForkJoinPool$WorkQueue.topLevelExec(Unknown Source) ~[?:?]
	at java.util.concurrent.ForkJoinPool.scan(Unknown Source) ~[?:?]
	at java.util.concurrent.ForkJoinPool.runWorker(Unknown Source) ~[?:?]
	at java.util.concurrent.ForkJoinWorkerThread.run(Unknown Source) ~[?:?]
[17:08:28] [ForkJoinPool.commonPool-worker-7/ERROR]: Could not find parent kotlinx/serialization/json/JsonContentPolymorphicSerializer for class gg/essential/model/file/UvsSerializer in classloader jdk.internal.loader.ClassLoaders$AppClassLoader@30c7da1e on thread Thread[ForkJoinPool.commonPool-worker-7,5,main]
[17:08:28] [ForkJoinPool.commonPool-worker-3/ERROR]: Could not find parent gg/essential/model/file/ParticleEffectComponents$Direction for class gg/essential/model/file/ParticleEffectComponents$Direction$Custom in classloader jdk.internal.loader.ClassLoaders$AppClassLoader@30c7da1e on thread Thread[ForkJoinPool.commonPool-worker-3,5,main]
[17:08:28] [ForkJoinPool.commonPool-worker-2/ERROR]: An error occurred building event handler
java.lang.ClassNotFoundException: gg.essential.model.file.ParticleEffectComponents$Direction
	at jdk.internal.loader.BuiltinClassLoader.loadClass(Unknown Source) ~[?:?]
	at jdk.internal.loader.ClassLoaders$AppClassLoader.loadClass(Unknown Source) ~[?:?]
	at java.lang.ClassLoader.loadClass(Unknown Source) ~[?:?]
	at net.minecraftforge.eventbus.EventSubclassTransformer.buildEvents(EventSubclassTransformer.java:97) ~[eventbus-6.0.5.jar:?]
	at net.minecraftforge.eventbus.EventSubclassTransformer.transform(EventSubclassTransformer.java:48) ~[eventbus-6.0.5.jar:?]
	at net.minecraftforge.eventbus.EventBusEngine.processClass(EventBusEngine.java:26) ~[eventbus-6.0.5.jar:?]
	at net.minecraftforge.eventbus.service.ModLauncherService.processClassWithFlags(ModLauncherService.java:32) ~[eventbus-6.0.5.jar:6.0.5+6.0.5+master.eb8e549b]
	at cpw.mods.modlauncher.LaunchPluginHandler.offerClassNodeToPlugins(LaunchPluginHandler.java:88) ~[modlauncher-10.0.9.jar:?]
	at cpw.mods.modlauncher.ClassTransformer.transform(ClassTransformer.java:120) ~[modlauncher-10.0.9.jar:?]
	at cpw.mods.modlauncher.TransformingClassLoader.maybeTransformClassBytes(TransformingClassLoader.java:50) ~[modlauncher-10.0.9.jar:?]
	at cpw.mods.cl.ModuleClassLoader.readerToClass(ModuleClassLoader.java:113) ~[securejarhandler-2.1.10.jar:?]
	at cpw.mods.cl.ModuleClassLoader.lambda$findClass$15(ModuleClassLoader.java:219) ~[securejarhandler-2.1.10.jar:?]
	at cpw.mods.cl.ModuleClassLoader.loadFromModule(ModuleClassLoader.java:229) ~[securejarhandler-2.1.10.jar:?]
	at cpw.mods.cl.ModuleClassLoader.findClass(ModuleClassLoader.java:219) ~[securejarhandler-2.1.10.jar:?]
	at cpw.mods.cl.ModuleClassLoader.loadClass(ModuleClassLoader.java:135) ~[securejarhandler-2.1.10.jar:?]
	at java.lang.ClassLoader.loadClass(Unknown Source) ~[?:?]
	at gg.essential.model.file.ParticleEffectComponents$Direction$Serializer.selectDeserializer(ParticlesFile.kt:355) ~[?:?]
	at kotlinx.serialization.json.JsonContentPolymorphicSerializer.deserialize(JsonContentPolymorphicSerializer.kt:93) ~[?:?]
	at kotlinx.serialization.json.internal.StreamingJsonDecoder.decodeSerializableValue(StreamingJsonDecoder.kt:69) ~[?:?]
	at kotlinx.serialization.encoding.AbstractDecoder.decodeSerializableValue(AbstractDecoder.kt:43) ~[?:?]
	at kotlinx.serialization.encoding.AbstractDecoder.decodeSerializableElement(AbstractDecoder.kt:70) ~[?:?]
	at kotlinx.serialization.json.internal.StreamingJsonDecoder.decodeSerializableElement(StreamingJsonDecoder.kt:168) ~[?:?]
	at gg.essential.model.file.ParticleEffectComponents$EmitterShapeBox$$serializer.deserialize(ParticlesFile.kt:378) ~[?:?]
	at gg.essential.model.file.ParticleEffectComponents$EmitterShapeBox$$serializer.deserialize(ParticlesFile.kt:378) ~[?:?]
	at kotlinx.serialization.json.internal.StreamingJsonDecoder.decodeSerializableValue(StreamingJsonDecoder.kt:69) ~[?:?]
	at kotlinx.serialization.encoding.AbstractDecoder.decodeSerializableValue(AbstractDecoder.kt:43) ~[?:?]
	at kotlinx.serialization.encoding.AbstractDecoder.decodeNullableSerializableElement(AbstractDecoder.kt:78) ~[?:?]
	at gg.essential.model.file.ParticleEffectComponents$$serializer.deserialize(ParticlesFile.kt:178) ~[?:?]
	at gg.essential.model.file.ParticleEffectComponents$$serializer.deserialize(ParticlesFile.kt:178) ~[?:?]
	at kotlinx.serialization.json.internal.StreamingJsonDecoder.decodeSerializableValue(StreamingJsonDecoder.kt:69) ~[?:?]
	at kotlinx.serialization.encoding.AbstractDecoder.decodeSerializableValue(AbstractDecoder.kt:43) ~[?:?]
	at kotlinx.serialization.encoding.AbstractDecoder.decodeSerializableElement(AbstractDecoder.kt:70) ~[?:?]
	at kotlinx.serialization.json.internal.StreamingJsonDecoder.decodeSerializableElement(StreamingJsonDecoder.kt:168) ~[?:?]
	at gg.essential.model.file.ParticlesFile$ParticleEffect$$serializer.deserialize(ParticlesFile.kt:59) ~[?:?]
	at gg.essential.model.file.ParticlesFile$ParticleEffect$$serializer.deserialize(ParticlesFile.kt:59) ~[?:?]
	at kotlinx.serialization.json.internal.StreamingJsonDecoder.decodeSerializableValue(StreamingJsonDecoder.kt:69) ~[?:?]
	at kotlinx.serialization.encoding.AbstractDecoder.decodeSerializableValue(AbstractDecoder.kt:43) ~[?:?]
	at kotlinx.serialization.encoding.AbstractDecoder.decodeSerializableElement(AbstractDecoder.kt:70) ~[?:?]
	at kotlinx.serialization.json.internal.StreamingJsonDecoder.decodeSerializableElement(StreamingJsonDecoder.kt:168) ~[?:?]
	at gg.essential.model.file.ParticlesFile$$serializer.deserialize(ParticlesFile.kt:52) ~[?:?]
	at gg.essential.model.file.ParticlesFile$$serializer.deserialize(ParticlesFile.kt:52) ~[?:?]
	at kotlinx.serialization.json.internal.StreamingJsonDecoder.decodeSerializableValue(StreamingJsonDecoder.kt:69) ~[?:?]
	at kotlinx.serialization.json.Json.decodeFromString(Json.kt:107) ~[?:?]
	at gg.essential.network.connectionmanager.cosmetics.AssetLoader$JsonAssetType$3.invoke(AssetLoader.kt:337) ~[?:?]
	at gg.essential.network.connectionmanager.cosmetics.AssetLoader$JsonAssetType$3.invoke(AssetLoader.kt:336) ~[?:?]
	at gg.essential.network.connectionmanager.cosmetics.AssetLoader$getAsset$1$future$1.invoke(AssetLoader.kt:91) ~[?:?]
	at gg.essential.network.connectionmanager.cosmetics.AssetLoader$getAsset$1$future$1.invoke(AssetLoader.kt:89) ~[?:?]
	at gg.essential.network.connectionmanager.cosmetics.AssetLoader$getAsset$1.invoke$lambda$0(AssetLoader.kt:89) ~[?:?]
	at java.util.concurrent.CompletableFuture$UniApply.tryFire(Unknown Source) ~[?:?]
	at java.util.concurrent.CompletableFuture$Completion.exec(Unknown Source) ~[?:?]
	at java.util.concurrent.ForkJoinTask.doExec(Unknown Source) ~[?:?]
	at java.util.concurrent.ForkJoinPool$WorkQueue.topLevelExec(Unknown Source) ~[?:?]
	at java.util.concurrent.ForkJoinPool.scan(Unknown Source) ~[?:?]
	at java.util.concurrent.ForkJoinPool.runWorker(Unknown Source) ~[?:?]
	at java.util.concurrent.ForkJoinWorkerThread.run(Unknown Source) ~[?:?]
[17:08:28] [ForkJoinPool.commonPool-worker-6/ERROR]: Could not find parent kotlin/jvm/internal/Lambda for class gg/essential/model/molang/ComparisonExpr$Op$1 in classloader jdk.internal.loader.ClassLoaders$AppClassLoader@30c7da1e on thread Thread[ForkJoinPool.commonPool-worker-6,5,main]
[17:08:28] [ForkJoinPool.commonPool-worker-1/ERROR]: Could not find parent gg/essential/model/file/ParticleEffectComponents$Direction for class gg/essential/model/file/ParticleEffectComponents$Direction$Inwards in classloader jdk.internal.loader.ClassLoaders$AppClassLoader@30c7da1e on thread Thread[ForkJoinPool.commonPool-worker-1,5,main]
[17:08:28] [ForkJoinPool.commonPool-worker-2/ERROR]: Could not find parent kotlin/jvm/internal/Lambda for class gg/essential/model/file/ParticleEffectComponents$Direction$Outwards$1 in classloader jdk.internal.loader.ClassLoaders$AppClassLoader@30c7da1e on thread Thread[ForkJoinPool.commonPool-worker-2,5,main]
[17:08:28] [ForkJoinPool.commonPool-worker-3/ERROR]: An error occurred building event handler
java.lang.ClassNotFoundException: gg.essential.model.file.ParticleEffectComponents$Direction
	at jdk.internal.loader.BuiltinClassLoader.loadClass(Unknown Source) ~[?:?]
	at jdk.internal.loader.ClassLoaders$AppClassLoader.loadClass(Unknown Source) ~[?:?]
	at java.lang.ClassLoader.loadClass(Unknown Source) ~[?:?]
	at net.minecraftforge.eventbus.EventSubclassTransformer.buildEvents(EventSubclassTransformer.java:97) ~[eventbus-6.0.5.jar:?]
	at net.minecraftforge.eventbus.EventSubclassTransformer.transform(EventSubclassTransformer.java:48) ~[eventbus-6.0.5.jar:?]
	at net.minecraftforge.eventbus.EventBusEngine.processClass(EventBusEngine.java:26) ~[eventbus-6.0.5.jar:?]
	at net.minecraftforge.eventbus.service.ModLauncherService.processClassWithFlags(ModLauncherService.java:32) ~[eventbus-6.0.5.jar:6.0.5+6.0.5+master.eb8e549b]
	at cpw.mods.modlauncher.LaunchPluginHandler.offerClassNodeToPlugins(LaunchPluginHandler.java:88) ~[modlauncher-10.0.9.jar:?]
	at cpw.mods.modlauncher.ClassTransformer.transform(ClassTransformer.java:120) ~[modlauncher-10.0.9.jar:?]
	at cpw.mods.modlauncher.TransformingClassLoader.maybeTransformClassBytes(TransformingClassLoader.java:50) ~[modlauncher-10.0.9.jar:?]
	at cpw.mods.cl.ModuleClassLoader.readerToClass(ModuleClassLoader.java:113) ~[securejarhandler-2.1.10.jar:?]
	at cpw.mods.cl.ModuleClassLoader.lambda$findClass$15(ModuleClassLoader.java:219) ~[securejarhandler-2.1.10.jar:?]
	at cpw.mods.cl.ModuleClassLoader.loadFromModule(ModuleClassLoader.java:229) ~[securejarhandler-2.1.10.jar:?]
	at cpw.mods.cl.ModuleClassLoader.findClass(ModuleClassLoader.java:219) ~[securejarhandler-2.1.10.jar:?]
	at cpw.mods.cl.ModuleClassLoader.loadClass(ModuleClassLoader.java:135) ~[securejarhandler-2.1.10.jar:?]
	at java.lang.ClassLoader.loadClass(Unknown Source) ~[?:?]
	at gg.essential.model.file.ParticleEffectComponents$Direction$Serializer.selectDeserializer(ParticlesFile.kt:356) ~[?:?]
	at kotlinx.serialization.json.JsonContentPolymorphicSerializer.deserialize(JsonContentPolymorphicSerializer.kt:93) ~[?:?]
	at kotlinx.serialization.json.internal.StreamingJsonDecoder.decodeSerializableValue(StreamingJsonDecoder.kt:69) ~[?:?]
	at kotlinx.serialization.encoding.AbstractDecoder.decodeSerializableValue(AbstractDecoder.kt:43) ~[?:?]
	at kotlinx.serialization.encoding.AbstractDecoder.decodeSerializableElement(AbstractDecoder.kt:70) ~[?:?]
	at kotlinx.serialization.json.internal.StreamingJsonDecoder.decodeSerializableElement(StreamingJsonDecoder.kt:168) ~[?:?]
	at gg.essential.model.file.ParticleEffectComponents$EmitterShapeBox$$serializer.deserialize(ParticlesFile.kt:378) ~[?:?]
	at gg.essential.model.file.ParticleEffectComponents$EmitterShapeBox$$serializer.deserialize(ParticlesFile.kt:378) ~[?:?]
	at kotlinx.serialization.json.internal.StreamingJsonDecoder.decodeSerializableValue(StreamingJsonDecoder.kt:69) ~[?:?]
	at kotlinx.serialization.encoding.AbstractDecoder.decodeSerializableValue(AbstractDecoder.kt:43) ~[?:?]
	at kotlinx.serialization.encoding.AbstractDecoder.decodeNullableSerializableElement(AbstractDecoder.kt:78) ~[?:?]
	at gg.essential.model.file.ParticleEffectComponents$$serializer.deserialize(ParticlesFile.kt:178) ~[?:?]
	at gg.essential.model.file.ParticleEffectComponents$$serializer.deserialize(ParticlesFile.kt:178) ~[?:?]
	at kotlinx.serialization.json.internal.StreamingJsonDecoder.decodeSerializableValue(StreamingJsonDecoder.kt:69) ~[?:?]
	at kotlinx.serialization.encoding.AbstractDecoder.decodeSerializableValue(AbstractDecoder.kt:43) ~[?:?]
	at kotlinx.serialization.encoding.AbstractDecoder.decodeSerializableElement(AbstractDecoder.kt:70) ~[?:?]
	at kotlinx.serialization.json.internal.StreamingJsonDecoder.decodeSerializableElement(StreamingJsonDecoder.kt:168) ~[?:?]
	at gg.essential.model.file.ParticlesFile$ParticleEffect$$serializer.deserialize(ParticlesFile.kt:59) ~[?:?]
	at gg.essential.model.file.ParticlesFile$ParticleEffect$$serializer.deserialize(ParticlesFile.kt:59) ~[?:?]
	at kotlinx.serialization.json.internal.StreamingJsonDecoder.decodeSerializableValue(StreamingJsonDecoder.kt:69) ~[?:?]
	at kotlinx.serialization.encoding.AbstractDecoder.decodeSerializableValue(AbstractDecoder.kt:43) ~[?:?]
	at kotlinx.serialization.encoding.AbstractDecoder.decodeSerializableElement(AbstractDecoder.kt:70) ~[?:?]
	at kotlinx.serialization.json.internal.StreamingJsonDecoder.decodeSerializableElement(StreamingJsonDecoder.kt:168) ~[?:?]
	at gg.essential.model.file.ParticlesFile$$serializer.deserialize(ParticlesFile.kt:52) ~[?:?]
	at gg.essential.model.file.ParticlesFile$$serializer.deserialize(ParticlesFile.kt:52) ~[?:?]
	at kotlinx.serialization.json.internal.StreamingJsonDecoder.decodeSerializableValue(StreamingJsonDecoder.kt:69) ~[?:?]
	at kotlinx.serialization.json.Json.decodeFromString(Json.kt:107) ~[?:?]
	at gg.essential.network.connectionmanager.cosmetics.AssetLoader$JsonAssetType$3.invoke(AssetLoader.kt:337) ~[?:?]
	at gg.essential.network.connectionmanager.cosmetics.AssetLoader$JsonAssetType$3.invoke(AssetLoader.kt:336) ~[?:?]
	at gg.essential.network.connectionmanager.cosmetics.AssetLoader$getAsset$1$future$1.invoke(AssetLoader.kt:91) ~[?:?]
	at gg.essential.network.connectionmanager.cosmetics.AssetLoader$getAsset$1$future$1.invoke(AssetLoader.kt:89) ~[?:?]
	at gg.essential.network.connectionmanager.cosmetics.AssetLoader$getAsset$1.invoke$lambda$0(AssetLoader.kt:89) ~[?:?]
	at java.util.concurrent.CompletableFuture$UniApply.tryFire(Unknown Source) ~[?:?]
	at java.util.concurrent.CompletableFuture$Completion.exec(Unknown Source) ~[?:?]
	at java.util.concurrent.ForkJoinTask.doExec(Unknown Source) ~[?:?]
	at java.util.concurrent.ForkJoinPool$WorkQueue.topLevelExec(Unknown Source) ~[?:?]
	at java.util.concurrent.ForkJoinPool.scan(Unknown Source) ~[?:?]
	at java.util.concurrent.ForkJoinPool.runWorker(Unknown Source) ~[?:?]
	at java.util.concurrent.ForkJoinWorkerThread.run(Unknown Source) ~[?:?]
[17:08:28] [ForkJoinPool.commonPool-worker-7/ERROR]: An error occurred building event handler
java.lang.ClassNotFoundException: kotlinx.serialization.json.JsonContentPolymorphicSerializer
	at jdk.internal.loader.BuiltinClassLoader.loadClass(Unknown Source) ~[?:?]
	at jdk.internal.loader.ClassLoaders$AppClassLoader.loadClass(Unknown Source) ~[?:?]
	at java.lang.ClassLoader.loadClass(Unknown Source) ~[?:?]
	at net.minecraftforge.eventbus.EventSubclassTransformer.buildEvents(EventSubclassTransformer.java:97) ~[eventbus-6.0.5.jar:?]
	at net.minecraftforge.eventbus.EventSubclassTransformer.transform(EventSubclassTransformer.java:48) ~[eventbus-6.0.5.jar:?]
	at net.minecraftforge.eventbus.EventBusEngine.processClass(EventBusEngine.java:26) ~[eventbus-6.0.5.jar:?]
	at net.minecraftforge.eventbus.service.ModLauncherService.processClassWithFlags(ModLauncherService.java:32) ~[eventbus-6.0.5.jar:6.0.5+6.0.5+master.eb8e549b]
	at cpw.mods.modlauncher.LaunchPluginHandler.offerClassNodeToPlugins(LaunchPluginHandler.java:88) ~[modlauncher-10.0.9.jar:?]
	at cpw.mods.modlauncher.ClassTransformer.transform(ClassTransformer.java:120) ~[modlauncher-10.0.9.jar:?]
	at cpw.mods.modlauncher.TransformingClassLoader.maybeTransformClassBytes(TransformingClassLoader.java:50) ~[modlauncher-10.0.9.jar:?]
	at cpw.mods.cl.ModuleClassLoader.readerToClass(ModuleClassLoader.java:113) ~[securejarhandler-2.1.10.jar:?]
	at cpw.mods.cl.ModuleClassLoader.lambda$findClass$15(ModuleClassLoader.java:219) ~[securejarhandler-2.1.10.jar:?]
	at cpw.mods.cl.ModuleClassLoader.loadFromModule(ModuleClassLoader.java:229) ~[securejarhandler-2.1.10.jar:?]
	at cpw.mods.cl.ModuleClassLoader.findClass(ModuleClassLoader.java:219) ~[securejarhandler-2.1.10.jar:?]
	at cpw.mods.cl.ModuleClassLoader.loadClass(ModuleClassLoader.java:135) ~[securejarhandler-2.1.10.jar:?]
	at java.lang.ClassLoader.loadClass(Unknown Source) ~[?:?]
	at gg.essential.model.file.ModelFile$Uvs$Companion.serializer(ModelFile.kt:75) ~[?:?]
	at gg.essential.model.file.ModelFile$Cube.<clinit>(ModelFile.kt:66) ~[?:?]
	at gg.essential.model.file.ModelFile$Cube$$serializer.deserialize(ModelFile.kt:66) ~[?:?]
	at gg.essential.model.file.ModelFile$Cube$$serializer.deserialize(ModelFile.kt:66) ~[?:?]
	at kotlinx.serialization.json.internal.StreamingJsonDecoder.decodeSerializableValue(StreamingJsonDecoder.kt:69) ~[?:?]
	at kotlinx.serialization.encoding.AbstractDecoder.decodeSerializableValue(AbstractDecoder.kt:43) ~[?:?]
	at kotlinx.serialization.encoding.AbstractDecoder.decodeSerializableElement(AbstractDecoder.kt:70) ~[?:?]
	at kotlinx.serialization.json.internal.StreamingJsonDecoder.decodeSerializableElement(StreamingJsonDecoder.kt:168) ~[?:?]
	at kotlinx.serialization.encoding.CompositeDecoder$DefaultImpls.decodeSerializableElement$default(Decoding.kt:538) ~[?:?]
	at kotlinx.serialization.internal.CollectionLikeSerializer.readElement(CollectionSerializers.kt:80) ~[?:?]
	at kotlinx.serialization.internal.AbstractCollectionSerializer.readElement$default(CollectionSerializers.kt:51) ~[?:?]
	at kotlinx.serialization.internal.AbstractCollectionSerializer.merge(CollectionSerializers.kt:36) ~[?:?]
	at kotlinx.serialization.internal.AbstractCollectionSerializer.deserialize(CollectionSerializers.kt:43) ~[?:?]
	at kotlinx.serialization.json.internal.StreamingJsonDecoder.decodeSerializableValue(StreamingJsonDecoder.kt:69) ~[?:?]
	at kotlinx.serialization.encoding.AbstractDecoder.decodeSerializableValue(AbstractDecoder.kt:43) ~[?:?]
	at kotlinx.serialization.encoding.AbstractDecoder.decodeSerializableElement(AbstractDecoder.kt:70) ~[?:?]
	at kotlinx.serialization.json.internal.StreamingJsonDecoder.decodeSerializableElement(StreamingJsonDecoder.kt:168) ~[?:?]
	at gg.essential.model.file.ModelFile$Bone$$serializer.deserialize(ModelFile.kt:54) ~[?:?]
	at gg.essential.model.file.ModelFile$Bone$$serializer.deserialize(ModelFile.kt:54) ~[?:?]
	at kotlinx.serialization.json.internal.StreamingJsonDecoder.decodeSerializableValue(StreamingJsonDecoder.kt:69) ~[?:?]
	at kotlinx.serialization.encoding.AbstractDecoder.decodeSerializableValue(AbstractDecoder.kt:43) ~[?:?]
	at kotlinx.serialization.encoding.AbstractDecoder.decodeSerializableElement(AbstractDecoder.kt:70) ~[?:?]
	at kotlinx.serialization.json.internal.StreamingJsonDecoder.decodeSerializableElement(StreamingJsonDecoder.kt:168) ~[?:?]
	at kotlinx.serialization.encoding.CompositeDecoder$DefaultImpls.decodeSerializableElement$default(Decoding.kt:538) ~[?:?]
	at kotlinx.serialization.internal.CollectionLikeSerializer.readElement(CollectionSerializers.kt:80) ~[?:?]
	at kotlinx.serialization.internal.AbstractCollectionSerializer.readElement$default(CollectionSerializers.kt:51) ~[?:?]
	at kotlinx.serialization.internal.AbstractCollectionSerializer.merge(CollectionSerializers.kt:36) ~[?:?]
	at kotlinx.serialization.internal.AbstractCollectionSerializer.deserialize(CollectionSerializers.kt:43) ~[?:?]
	at kotlinx.serialization.json.internal.StreamingJsonDecoder.decodeSerializableValue(StreamingJsonDecoder.kt:69) ~[?:?]
	at kotlinx.serialization.encoding.AbstractDecoder.decodeSerializableValue(AbstractDecoder.kt:43) ~[?:?]
	at kotlinx.serialization.encoding.AbstractDecoder.decodeSerializableElement(AbstractDecoder.kt:70) ~[?:?]
	at kotlinx.serialization.json.internal.StreamingJsonDecoder.decodeSerializableElement(StreamingJsonDecoder.kt:168) ~[?:?]
	at gg.essential.model.file.ModelFile$Geometry$$serializer.deserialize(ModelFile.kt:37) ~[?:?]
	at gg.essential.model.file.ModelFile$Geometry$$serializer.deserialize(ModelFile.kt:37) ~[?:?]
	at kotlinx.serialization.json.internal.StreamingJsonDecoder.decodeSerializableValue(StreamingJsonDecoder.kt:69) ~[?:?]
	at kotlinx.serialization.encoding.AbstractDecoder.decodeSerializableValue(AbstractDecoder.kt:43) ~[?:?]
	at kotlinx.serialization.encoding.AbstractDecoder.decodeSerializableElement(AbstractDecoder.kt:70) ~[?:?]
	at kotlinx.serialization.json.internal.StreamingJsonDecoder.decodeSerializableElement(StreamingJsonDecoder.kt:168) ~[?:?]
	at kotlinx.serialization.encoding.CompositeDecoder$DefaultImpls.decodeSerializableElement$default(Decoding.kt:538) ~[?:?]
	at kotlinx.serialization.internal.CollectionLikeSerializer.readElement(CollectionSerializers.kt:80) ~[?:?]
	at kotlinx.serialization.internal.AbstractCollectionSerializer.readElement$default(CollectionSerializers.kt:51) ~[?:?]
	at kotlinx.serialization.internal.AbstractCollectionSerializer.merge(CollectionSerializers.kt:36) ~[?:?]
	at kotlinx.serialization.internal.AbstractCollectionSerializer.deserialize(CollectionSerializers.kt:43) ~[?:?]
	at kotlinx.serialization.json.internal.StreamingJsonDecoder.decodeSerializableValue(StreamingJsonDecoder.kt:69) ~[?:?]
	at kotlinx.serialization.encoding.AbstractDecoder.decodeSerializableValue(AbstractDecoder.kt:43) ~[?:?]
	at kotlinx.serialization.encoding.AbstractDecoder.decodeSerializableElement(AbstractDecoder.kt:70) ~[?:?]
	at kotlinx.serialization.json.internal.StreamingJsonDecoder.decodeSerializableElement(StreamingJsonDecoder.kt:168) ~[?:?]
	at gg.essential.model.file.ModelFile$$serializer.deserialize(ModelFile.kt:30) ~[?:?]
	at gg.essential.model.file.ModelFile$$serializer.deserialize(ModelFile.kt:30) ~[?:?]
	at kotlinx.serialization.json.internal.StreamingJsonDecoder.decodeSerializableValue(StreamingJsonDecoder.kt:69) ~[?:?]
	at kotlinx.serialization.json.Json.decodeFromString(Json.kt:107) ~[?:?]
	at gg.essential.network.connectionmanager.cosmetics.AssetLoader$JsonAssetType$3.invoke(AssetLoader.kt:337) ~[?:?]
	at gg.essential.network.connectionmanager.cosmetics.AssetLoader$JsonAssetType$3.invoke(AssetLoader.kt:336) ~[?:?]
	at gg.essential.network.connectionmanager.cosmetics.AssetLoader$getAsset$1$future$1.invoke(AssetLoader.kt:91) ~[?:?]
	at gg.essential.network.connectionmanager.cosmetics.AssetLoader$getAsset$1$future$1.invoke(AssetLoader.kt:89) ~[?:?]
	at gg.essential.network.connectionmanager.cosmetics.AssetLoader$getAsset$1.invoke$lambda$0(AssetLoader.kt:89) ~[?:?]
	at java.util.concurrent.CompletableFuture$UniApply.tryFire(Unknown Source) ~[?:?]
	at java.util.concurrent.CompletableFuture$Completion.exec(Unknown Source) ~[?:?]
	at java.util.concurrent.ForkJoinTask.doExec(Unknown Source) ~[?:?]
	at java.util.concurrent.ForkJoinPool$WorkQueue.topLevelExec(Unknown Source) ~[?:?]
	at java.util.concurrent.ForkJoinPool.scan(Unknown Source) ~[?:?]
	at java.util.concurrent.ForkJoinPool.runWorker(Unknown Source) ~[?:?]
	at java.util.concurrent.ForkJoinWorkerThread.run(Unknown Source) ~[?:?]
[17:08:28] [ForkJoinPool.commonPool-worker-2/ERROR]: An error occurred building event handler
java.lang.ClassNotFoundException: kotlin.jvm.internal.Lambda
	at jdk.internal.loader.BuiltinClassLoader.loadClass(Unknown Source) ~[?:?]
	at jdk.internal.loader.ClassLoaders$AppClassLoader.loadClass(Unknown Source) ~[?:?]
	at java.lang.ClassLoader.loadClass(Unknown Source) ~[?:?]
	at net.minecraftforge.eventbus.EventSubclassTransformer.buildEvents(EventSubclassTransformer.java:97) ~[eventbus-6.0.5.jar:?]
	at net.minecraftforge.eventbus.EventSubclassTransformer.transform(EventSubclassTransformer.java:48) ~[eventbus-6.0.5.jar:?]
	at net.minecraftforge.eventbus.EventBusEngine.processClass(EventBusEngine.java:26) ~[eventbus-6.0.5.jar:?]
	at net.minecraftforge.eventbus.service.ModLauncherService.processClassWithFlags(ModLauncherService.java:32) ~[eventbus-6.0.5.jar:6.0.5+6.0.5+master.eb8e549b]
	at cpw.mods.modlauncher.LaunchPluginHandler.offerClassNodeToPlugins(LaunchPluginHandler.java:88) ~[modlauncher-10.0.9.jar:?]
	at cpw.mods.modlauncher.ClassTransformer.transform(ClassTransformer.java:120) ~[modlauncher-10.0.9.jar:?]
	at cpw.mods.modlauncher.TransformingClassLoader.maybeTransformClassBytes(TransformingClassLoader.java:50) ~[modlauncher-10.0.9.jar:?]
	at cpw.mods.cl.ModuleClassLoader.readerToClass(ModuleClassLoader.java:113) ~[securejarhandler-2.1.10.jar:?]
	at cpw.mods.cl.ModuleClassLoader.lambda$findClass$15(ModuleClassLoader.java:219) ~[securejarhandler-2.1.10.jar:?]
	at cpw.mods.cl.ModuleClassLoader.loadFromModule(ModuleClassLoader.java:229) ~[securejarhandler-2.1.10.jar:?]
	at cpw.mods.cl.ModuleClassLoader.findClass(ModuleClassLoader.java:219) ~[securejarhandler-2.1.10.jar:?]
	at cpw.mods.cl.ModuleClassLoader.loadClass(ModuleClassLoader.java:135) ~[securejarhandler-2.1.10.jar:?]
	at java.lang.ClassLoader.loadClass(Unknown Source) ~[?:?]
	at gg.essential.model.file.ParticleEffectComponents$Direction$Outwards.<clinit>(ParticlesFile.kt:346) ~[?:?]
	at gg.essential.model.file.ParticleEffectComponents$Direction$Serializer.selectDeserializer(ParticlesFile.kt:355) ~[?:?]
	at kotlinx.serialization.json.JsonContentPolymorphicSerializer.deserialize(JsonContentPolymorphicSerializer.kt:93) ~[?:?]
	at kotlinx.serialization.json.internal.StreamingJsonDecoder.decodeSerializableValue(StreamingJsonDecoder.kt:69) ~[?:?]
	at kotlinx.serialization.encoding.AbstractDecoder.decodeSerializableValue(AbstractDecoder.kt:43) ~[?:?]
	at kotlinx.serialization.encoding.AbstractDecoder.decodeSerializableElement(AbstractDecoder.kt:70) ~[?:?]
	at kotlinx.serialization.json.internal.StreamingJsonDecoder.decodeSerializableElement(StreamingJsonDecoder.kt:168) ~[?:?]
	at gg.essential.model.file.ParticleEffectComponents$EmitterShapeBox$$serializer.deserialize(ParticlesFile.kt:378) ~[?:?]
	at gg.essential.model.file.ParticleEffectComponents$EmitterShapeBox$$serializer.deserialize(ParticlesFile.kt:378) ~[?:?]
	at kotlinx.serialization.json.internal.StreamingJsonDecoder.decodeSerializableValue(StreamingJsonDecoder.kt:69) ~[?:?]
	at kotlinx.serialization.encoding.AbstractDecoder.decodeSerializableValue(AbstractDecoder.kt:43) ~[?:?]
	at kotlinx.serialization.encoding.AbstractDecoder.decodeNullableSerializableElement(AbstractDecoder.kt:78) ~[?:?]
	at gg.essential.model.file.ParticleEffectComponents$$serializer.deserialize(ParticlesFile.kt:178) ~[?:?]
	at gg.essential.model.file.ParticleEffectComponents$$serializer.deserialize(ParticlesFile.kt:178) ~[?:?]
	at kotlinx.serialization.json.internal.StreamingJsonDecoder.decodeSerializableValue(StreamingJsonDecoder.kt:69) ~[?:?]
	at kotlinx.serialization.encoding.AbstractDecoder.decodeSerializableValue(AbstractDecoder.kt:43) ~[?:?]
	at kotlinx.serialization.encoding.AbstractDecoder.decodeSerializableElement(AbstractDecoder.kt:70) ~[?:?]
	at kotlinx.serialization.json.internal.StreamingJsonDecoder.decodeSerializableElement(StreamingJsonDecoder.kt:168) ~[?:?]
	at gg.essential.model.file.ParticlesFile$ParticleEffect$$serializer.deserialize(ParticlesFile.kt:59) ~[?:?]
	at gg.essential.model.file.ParticlesFile$ParticleEffect$$serializer.deserialize(ParticlesFile.kt:59) ~[?:?]
	at kotlinx.serialization.json.internal.StreamingJsonDecoder.decodeSerializableValue(StreamingJsonDecoder.kt:69) ~[?:?]
	at kotlinx.serialization.encoding.AbstractDecoder.decodeSerializableValue(AbstractDecoder.kt:43) ~[?:?]
	at kotlinx.serialization.encoding.AbstractDecoder.decodeSerializableElement(AbstractDecoder.kt:70) ~[?:?]
	at kotlinx.serialization.json.internal.StreamingJsonDecoder.decodeSerializableElement(StreamingJsonDecoder.kt:168) ~[?:?]
	at gg.essential.model.file.ParticlesFile$$serializer.deserialize(ParticlesFile.kt:52) ~[?:?]
	at gg.essential.model.file.ParticlesFile$$serializer.deserialize(ParticlesFile.kt:52) ~[?:?]
	at kotlinx.serialization.json.internal.StreamingJsonDecoder.decodeSerializableValue(StreamingJsonDecoder.kt:69) ~[?:?]
	at kotlinx.serialization.json.Json.decodeFromString(Json.kt:107) ~[?:?]
	at gg.essential.network.connectionmanager.cosmetics.AssetLoader$JsonAssetType$3.invoke(AssetLoader.kt:337) ~[?:?]
	at gg.essential.network.connectionmanager.cosmetics.AssetLoader$JsonAssetType$3.invoke(AssetLoader.kt:336) ~[?:?]
	at gg.essential.network.connectionmanager.cosmetics.AssetLoader$getAsset$1$future$1.invoke(AssetLoader.kt:91) ~[?:?]
	at gg.essential.network.connectionmanager.cosmetics.AssetLoader$getAsset$1$future$1.invoke(AssetLoader.kt:89) ~[?:?]
	at gg.essential.network.connectionmanager.cosmetics.AssetLoader$getAsset$1.invoke$lambda$0(AssetLoader.kt:89) ~[?:?]
	at java.util.concurrent.CompletableFuture$UniApply.tryFire(Unknown Source) ~[?:?]
	at java.util.concurrent.CompletableFuture$Completion.exec(Unknown Source) ~[?:?]
	at java.util.concurrent.ForkJoinTask.doExec(Unknown Source) ~[?:?]
	at java.util.concurrent.ForkJoinPool$WorkQueue.topLevelExec(Unknown Source) ~[?:?]
	at java.util.concurrent.ForkJoinPool.scan(Unknown Source) ~[?:?]
	at java.util.concurrent.ForkJoinPool.runWorker(Unknown Source) ~[?:?]
	at java.util.concurrent.ForkJoinWorkerThread.run(Unknown Source) ~[?:?]
[17:08:28] [ForkJoinPool.commonPool-worker-1/ERROR]: An error occurred building event handler
java.lang.ClassNotFoundException: gg.essential.model.file.ParticleEffectComponents$Direction
	at jdk.internal.loader.BuiltinClassLoader.loadClass(Unknown Source) ~[?:?]
	at jdk.internal.loader.ClassLoaders$AppClassLoader.loadClass(Unknown Source) ~[?:?]
	at java.lang.ClassLoader.loadClass(Unknown Source) ~[?:?]
	at net.minecraftforge.eventbus.EventSubclassTransformer.buildEvents(EventSubclassTransformer.java:97) ~[eventbus-6.0.5.jar:?]
	at net.minecraftforge.eventbus.EventSubclassTransformer.transform(EventSubclassTransformer.java:48) ~[eventbus-6.0.5.jar:?]
	at net.minecraftforge.eventbus.EventBusEngine.processClass(EventBusEngine.java:26) ~[eventbus-6.0.5.jar:?]
	at net.minecraftforge.eventbus.service.ModLauncherService.processClassWithFlags(ModLauncherService.java:32) ~[eventbus-6.0.5.jar:6.0.5+6.0.5+master.eb8e549b]
	at cpw.mods.modlauncher.LaunchPluginHandler.offerClassNodeToPlugins(LaunchPluginHandler.java:88) ~[modlauncher-10.0.9.jar:?]
	at cpw.mods.modlauncher.ClassTransformer.transform(ClassTransformer.java:120) ~[modlauncher-10.0.9.jar:?]
	at cpw.mods.modlauncher.TransformingClassLoader.maybeTransformClassBytes(TransformingClassLoader.java:50) ~[modlauncher-10.0.9.jar:?]
	at cpw.mods.cl.ModuleClassLoader.readerToClass(ModuleClassLoader.java:113) ~[securejarhandler-2.1.10.jar:?]
	at cpw.mods.cl.ModuleClassLoader.lambda$findClass$15(ModuleClassLoader.java:219) ~[securejarhandler-2.1.10.jar:?]
	at cpw.mods.cl.ModuleClassLoader.loadFromModule(ModuleClassLoader.java:229) ~[securejarhandler-2.1.10.jar:?]
	at cpw.mods.cl.ModuleClassLoader.findClass(ModuleClassLoader.java:219) ~[securejarhandler-2.1.10.jar:?]
	at cpw.mods.cl.ModuleClassLoader.loadClass(ModuleClassLoader.java:135) ~[securejarhandler-2.1.10.jar:?]
	at java.lang.ClassLoader.loadClass(Unknown Source) ~[?:?]
	at gg.essential.model.file.ParticleEffectComponents$Direction$Serializer.selectDeserializer(ParticlesFile.kt:354) ~[?:?]
	at kotlinx.serialization.json.JsonContentPolymorphicSerializer.deserialize(JsonContentPolymorphicSerializer.kt:93) ~[?:?]
	at kotlinx.serialization.json.internal.StreamingJsonDecoder.decodeSerializableValue(StreamingJsonDecoder.kt:69) ~[?:?]
	at kotlinx.serialization.encoding.AbstractDecoder.decodeSerializableValue(AbstractDecoder.kt:43) ~[?:?]
	at kotlinx.serialization.encoding.AbstractDecoder.decodeSerializableElement(AbstractDecoder.kt:70) ~[?:?]
	at kotlinx.serialization.json.internal.StreamingJsonDecoder.decodeSerializableElement(StreamingJsonDecoder.kt:168) ~[?:?]
	at gg.essential.model.file.ParticleEffectComponents$EmitterShapeBox$$serializer.deserialize(ParticlesFile.kt:378) ~[?:?]
	at gg.essential.model.file.ParticleEffectComponents$EmitterShapeBox$$serializer.deserialize(ParticlesFile.kt:378) ~[?:?]
	at kotlinx.serialization.json.internal.StreamingJsonDecoder.decodeSerializableValue(StreamingJsonDecoder.kt:69) ~[?:?]
	at kotlinx.serialization.encoding.AbstractDecoder.decodeSerializableValue(AbstractDecoder.kt:43) ~[?:?]
	at kotlinx.serialization.encoding.AbstractDecoder.decodeNullableSerializableElement(AbstractDecoder.kt:78) ~[?:?]
	at gg.essential.model.file.ParticleEffectComponents$$serializer.deserialize(ParticlesFile.kt:178) ~[?:?]
	at gg.essential.model.file.ParticleEffectComponents$$serializer.deserialize(ParticlesFile.kt:178) ~[?:?]
	at kotlinx.serialization.json.internal.StreamingJsonDecoder.decodeSerializableValue(StreamingJsonDecoder.kt:69) ~[?:?]
	at kotlinx.serialization.encoding.AbstractDecoder.decodeSerializableValue(AbstractDecoder.kt:43) ~[?:?]
	at kotlinx.serialization.encoding.AbstractDecoder.decodeSerializableElement(AbstractDecoder.kt:70) ~[?:?]
	at kotlinx.serialization.json.internal.StreamingJsonDecoder.decodeSerializableElement(StreamingJsonDecoder.kt:168) ~[?:?]
	at gg.essential.model.file.ParticlesFile$ParticleEffect$$serializer.deserialize(ParticlesFile.kt:59) ~[?:?]
	at gg.essential.model.file.ParticlesFile$ParticleEffect$$serializer.deserialize(ParticlesFile.kt:59) ~[?:?]
	at kotlinx.serialization.json.internal.StreamingJsonDecoder.decodeSerializableValue(StreamingJsonDecoder.kt:69) ~[?:?]
	at kotlinx.serialization.encoding.AbstractDecoder.decodeSerializableValue(AbstractDecoder.kt:43) ~[?:?]
	at kotlinx.serialization.encoding.AbstractDecoder.decodeSerializableElement(AbstractDecoder.kt:70) ~[?:?]
	at kotlinx.serialization.json.internal.StreamingJsonDecoder.decodeSerializableElement(StreamingJsonDecoder.kt:168) ~[?:?]
	at gg.essential.model.file.ParticlesFile$$serializer.deserialize(ParticlesFile.kt:52) ~[?:?]
	at gg.essential.model.file.ParticlesFile$$serializer.deserialize(ParticlesFile.kt:52) ~[?:?]
	at kotlinx.serialization.json.internal.StreamingJsonDecoder.decodeSerializableValue(StreamingJsonDecoder.kt:69) ~[?:?]
	at kotlinx.serialization.json.Json.decodeFromString(Json.kt:107) ~[?:?]
	at gg.essential.network.connectionmanager.cosmetics.AssetLoader$JsonAssetType$3.invoke(AssetLoader.kt:337) ~[?:?]
	at gg.essential.network.connectionmanager.cosmetics.AssetLoader$JsonAssetType$3.invoke(AssetLoader.kt:336) ~[?:?]
	at gg.essential.network.connectionmanager.cosmetics.AssetLoader$getAsset$1$future$1.invoke(AssetLoader.kt:91) ~[?:?]
	at gg.essential.network.connectionmanager.cosmetics.AssetLoader$getAsset$1$future$1.invoke(AssetLoader.kt:89) ~[?:?]
	at gg.essential.network.connectionmanager.cosmetics.AssetLoader$getAsset$1.invoke$lambda$0(AssetLoader.kt:89) ~[?:?]
	at java.util.concurrent.CompletableFuture$UniApply.tryFire(Unknown Source) ~[?:?]
	at java.util.concurrent.CompletableFuture$Completion.exec(Unknown Source) ~[?:?]
	at java.util.concurrent.ForkJoinTask.doExec(Unknown Source) ~[?:?]
	at java.util.concurrent.ForkJoinPool$WorkQueue.topLevelExec(Unknown Source) ~[?:?]
	at java.util.concurrent.ForkJoinPool.scan(Unknown Source) ~[?:?]
	at java.util.concurrent.ForkJoinPool.runWorker(Unknown Source) ~[?:?]
	at java.util.concurrent.ForkJoinWorkerThread.run(Unknown Source) ~[?:?]
[17:08:28] [ForkJoinPool.commonPool-worker-7/ERROR]: Could not find parent gg/essential/model/file/ModelFile$Uvs for class gg/essential/model/file/ModelFile$Uvs$Box in classloader jdk.internal.loader.ClassLoaders$AppClassLoader@30c7da1e on thread Thread[ForkJoinPool.commonPool-worker-7,5,main]
[17:08:28] [ForkJoinPool.commonPool-worker-2/ERROR]: Could not find parent gg/essential/model/file/ParticleEffectComponents$Direction$ObjectAsString for class gg/essential/model/file/ParticleEffectComponents$Direction$OutwardsSerializer in classloader jdk.internal.loader.ClassLoaders$AppClassLoader@30c7da1e on thread Thread[ForkJoinPool.commonPool-worker-2,5,main]
[17:08:28] [ForkJoinPool.commonPool-worker-1/ERROR]: Could not find parent kotlin/jvm/internal/Lambda for class gg/essential/model/file/ParticleEffectComponents$Direction$Inwards$1 in classloader jdk.internal.loader.ClassLoaders$AppClassLoader@30c7da1e on thread Thread[ForkJoinPool.commonPool-worker-1,5,main]
[17:08:28] [ForkJoinPool.commonPool-worker-6/ERROR]: An error occurred building event handler
java.lang.ClassNotFoundException: kotlin.jvm.internal.Lambda
	at jdk.internal.loader.BuiltinClassLoader.loadClass(Unknown Source) ~[?:?]
	at jdk.internal.loader.ClassLoaders$AppClassLoader.loadClass(Unknown Source) ~[?:?]
	at java.lang.ClassLoader.loadClass(Unknown Source) ~[?:?]
	at net.minecraftforge.eventbus.EventSubclassTransformer.buildEvents(EventSubclassTransformer.java:97) ~[eventbus-6.0.5.jar:?]
	at net.minecraftforge.eventbus.EventSubclassTransformer.transform(EventSubclassTransformer.java:48) ~[eventbus-6.0.5.jar:?]
	at net.minecraftforge.eventbus.EventBusEngine.processClass(EventBusEngine.java:26) ~[eventbus-6.0.5.jar:?]
	at net.minecraftforge.eventbus.service.ModLauncherService.processClassWithFlags(ModLauncherService.java:32) ~[eventbus-6.0.5.jar:6.0.5+6.0.5+master.eb8e549b]
	at cpw.mods.modlauncher.LaunchPluginHandler.offerClassNodeToPlugins(LaunchPluginHandler.java:88) ~[modlauncher-10.0.9.jar:?]
	at cpw.mods.modlauncher.ClassTransformer.transform(ClassTransformer.java:120) ~[modlauncher-10.0.9.jar:?]
	at cpw.mods.modlauncher.TransformingClassLoader.maybeTransformClassBytes(TransformingClassLoader.java:50) ~[modlauncher-10.0.9.jar:?]
	at cpw.mods.cl.ModuleClassLoader.readerToClass(ModuleClassLoader.java:113) ~[securejarhandler-2.1.10.jar:?]
	at cpw.mods.cl.ModuleClassLoader.lambda$findClass$15(ModuleClassLoader.java:219) ~[securejarhandler-2.1.10.jar:?]
	at cpw.mods.cl.ModuleClassLoader.loadFromModule(ModuleClassLoader.java:229) ~[securejarhandler-2.1.10.jar:?]
	at cpw.mods.cl.ModuleClassLoader.findClass(ModuleClassLoader.java:219) ~[securejarhandler-2.1.10.jar:?]
	at cpw.mods.cl.ModuleClassLoader.loadClass(ModuleClassLoader.java:135) ~[securejarhandler-2.1.10.jar:?]
	at java.lang.ClassLoader.loadClass(Unknown Source) ~[?:?]
	at gg.essential.model.molang.ComparisonExpr$Op.<clinit>(MolangExpression.kt:122) ~[?:?]
	at gg.essential.model.molang.Parser.parseComparisons(MolangExpression.kt:303) ~[?:?]
	at gg.essential.model.molang.Parser.parseEqualityChecks(MolangExpression.kt:309) ~[?:?]
	at gg.essential.model.molang.Parser.parseLogicalAnds(MolangExpression.kt:318) ~[?:?]
	at gg.essential.model.molang.Parser.parseLogicalOrs(MolangExpression.kt:328) ~[?:?]
	at gg.essential.model.molang.Parser.parseTernary(MolangExpression.kt:338) ~[?:?]
	at gg.essential.model.molang.Parser.parseNullCoalescing(MolangExpression.kt:350) ~[?:?]
	at gg.essential.model.molang.Parser.parseExpression(MolangExpression.kt:359) ~[?:?]
	at gg.essential.model.molang.Parser.parseAssignment(MolangExpression.kt:364) ~[?:?]
	at gg.essential.model.molang.Parser.parseStatement(MolangExpression.kt:378) ~[?:?]
	at gg.essential.model.molang.Parser.parseStatements(MolangExpression.kt:383) ~[?:?]
	at gg.essential.model.molang.Parser.parseMolang(MolangExpression.kt:396) ~[?:?]
	at gg.essential.model.molang.Parser.fullyParseMolang(MolangExpression.kt:418) ~[?:?]
	at gg.essential.model.molang.Parser.tryFullyParseMolang(MolangExpression.kt:426) ~[?:?]
	at gg.essential.model.molang.MolangExpressionKt.parseMolangExpression(MolangExpression.kt:434) ~[?:?]
	at gg.essential.model.molang.MolangExpressionKt.parseMolangExpression(MolangExpression.kt:436) ~[?:?]
	at gg.essential.model.file.KeyframeSerializer.parse$lambda$3$parseMolangVector(AnimationFile.kt:123) ~[?:?]
	at gg.essential.model.file.KeyframeSerializer.parse(AnimationFile.kt:139) ~[?:?]
	at gg.essential.model.file.KeyframeSerializer.deserialize(AnimationFile.kt:116) ~[?:?]
	at gg.essential.model.file.KeyframeSerializer.deserialize(AnimationFile.kt:114) ~[?:?]
	at kotlinx.serialization.json.internal.PolymorphicKt.decodeSerializableValuePolymorphic(Polymorphic.kt:77) ~[?:?]
	at kotlinx.serialization.json.internal.AbstractJsonTreeDecoder.decodeSerializableValue(TreeJsonDecoder.kt:52) ~[?:?]
	at kotlinx.serialization.internal.TaggedDecoder.decodeSerializableValue(Tagged.kt:207) ~[?:?]
	at kotlinx.serialization.internal.TaggedDecoder$decodeSerializableElement$1.invoke(Tagged.kt:279) ~[?:?]
	at kotlinx.serialization.internal.TaggedDecoder.tagBlock(Tagged.kt:294) ~[?:?]
	at kotlinx.serialization.internal.TaggedDecoder.decodeSerializableElement(Tagged.kt:279) ~[?:?]
	at kotlinx.serialization.encoding.CompositeDecoder$DefaultImpls.decodeSerializableElement$default(Decoding.kt:538) ~[?:?]
	at kotlinx.serialization.internal.MapLikeSerializer.readElement(CollectionSerializers.kt:111) ~[?:?]
	at kotlinx.serialization.internal.MapLikeSerializer.readElement(CollectionSerializers.kt:84) ~[?:?]
	at kotlinx.serialization.internal.AbstractCollectionSerializer.readElement$default(CollectionSerializers.kt:51) ~[?:?]
	at kotlinx.serialization.internal.AbstractCollectionSerializer.merge(CollectionSerializers.kt:36) ~[?:?]
	at kotlinx.serialization.internal.AbstractCollectionSerializer.deserialize(CollectionSerializers.kt:43) ~[?:?]
	at kotlinx.serialization.json.internal.PolymorphicKt.decodeSerializableValuePolymorphic(Polymorphic.kt:77) ~[?:?]
	at kotlinx.serialization.json.internal.AbstractJsonTreeDecoder.decodeSerializableValue(TreeJsonDecoder.kt:52) ~[?:?]
	at gg.essential.model.util.TreeMapSerializer.deserialize(TreeMap.kt:73) ~[?:?]
	at gg.essential.model.util.TreeMapSerializer.deserialize(TreeMap.kt:69) ~[?:?]
	at kotlinx.serialization.json.internal.PolymorphicKt.decodeSerializableValuePolymorphic(Polymorphic.kt:77) ~[?:?]
	at kotlinx.serialization.json.internal.AbstractJsonTreeDecoder.decodeSerializableValue(TreeJsonDecoder.kt:52) ~[?:?]
	at kotlinx.serialization.json.internal.TreeJsonDecoderKt.readJson(TreeJsonDecoder.kt:25) ~[?:?]
	at kotlinx.serialization.json.Json.decodeFromJsonElement(Json.kt:127) ~[?:?]
	at kotlinx.serialization.json.JsonTransformingSerializer.deserialize(JsonTransformingSerializer.kt:78) ~[?:?]
	at gg.essential.model.file.KeyframesSerializer.deserialize(AnimationFile.kt:105) ~[?:?]
	at gg.essential.model.file.KeyframesSerializer.deserialize(AnimationFile.kt:103) ~[?:?]
	at kotlinx.serialization.json.internal.StreamingJsonDecoder.decodeSerializableValue(StreamingJsonDecoder.kt:69) ~[?:?]
	at kotlinx.serialization.encoding.AbstractDecoder.decodeSerializableValue(AbstractDecoder.kt:43) ~[?:?]
	at kotlinx.serialization.encoding.AbstractDecoder.decodeNullableSerializableElement(AbstractDecoder.kt:78) ~[?:?]
	at gg.essential.model.Channels$$serializer.deserialize(Animation.kt:372) ~[?:?]
	at gg.essential.model.Channels$$serializer.deserialize(Animation.kt:372) ~[?:?]
	at kotlinx.serialization.json.internal.StreamingJsonDecoder.decodeSerializableValue(StreamingJsonDecoder.kt:69) ~[?:?]
	at kotlinx.serialization.encoding.AbstractDecoder.decodeSerializableValue(AbstractDecoder.kt:43) ~[?:?]
	at kotlinx.serialization.encoding.AbstractDecoder.decodeSerializableElement(AbstractDecoder.kt:70) ~[?:?]
	at kotlinx.serialization.json.internal.StreamingJsonDecoder.decodeSerializableElement(StreamingJsonDecoder.kt:168) ~[?:?]
	at kotlinx.serialization.encoding.CompositeDecoder$DefaultImpls.decodeSerializableElement$default(Decoding.kt:538) ~[?:?]
	at kotlinx.serialization.internal.MapLikeSerializer.readElement(CollectionSerializers.kt:111) ~[?:?]
	at kotlinx.serialization.internal.MapLikeSerializer.readElement(CollectionSerializers.kt:84) ~[?:?]
	at kotlinx.serialization.internal.AbstractCollectionSerializer.readElement$default(CollectionSerializers.kt:51) ~[?:?]
	at kotlinx.serialization.internal.AbstractCollectionSerializer.merge(CollectionSerializers.kt:36) ~[?:?]
	at kotlinx.serialization.internal.AbstractCollectionSerializer.deserialize(CollectionSerializers.kt:43) ~[?:?]
	at kotlinx.serialization.json.internal.StreamingJsonDecoder.decodeSerializableValue(StreamingJsonDecoder.kt:69) ~[?:?]
	at kotlinx.serialization.encoding.AbstractDecoder.decodeSerializableValue(AbstractDecoder.kt:43) ~[?:?]
	at kotlinx.serialization.encoding.AbstractDecoder.decodeSerializableElement(AbstractDecoder.kt:70) ~[?:?]
	at kotlinx.serialization.json.internal.StreamingJsonDecoder.decodeSerializableElement(StreamingJsonDecoder.kt:168) ~[?:?]
	at gg.essential.model.file.AnimationFile$Animation$$serializer.deserialize(AnimationFile.kt:48) ~[?:?]
	at gg.essential.model.file.AnimationFile$Animation$$serializer.deserialize(AnimationFile.kt:48) ~[?:?]
	at kotlinx.serialization.json.internal.StreamingJsonDecoder.decodeSerializableValue(StreamingJsonDecoder.kt:69) ~[?:?]
	at kotlinx.serialization.encoding.AbstractDecoder.decodeSerializableValue(AbstractDecoder.kt:43) ~[?:?]
	at kotlinx.serialization.encoding.AbstractDecoder.decodeSerializableElement(AbstractDecoder.kt:70) ~[?:?]
	at kotlinx.serialization.json.internal.StreamingJsonDecoder.decodeSerializableElement(StreamingJsonDecoder.kt:168) ~[?:?]
	at kotlinx.serialization.encoding.CompositeDecoder$DefaultImpls.decodeSerializableElement$default(Decoding.kt:538) ~[?:?]
	at kotlinx.serialization.internal.MapLikeSerializer.readElement(CollectionSerializers.kt:111) ~[?:?]
	at kotlinx.serialization.internal.MapLikeSerializer.readElement(CollectionSerializers.kt:84) ~[?:?]
	at kotlinx.serialization.internal.AbstractCollectionSerializer.readElement$default(CollectionSerializers.kt:51) ~[?:?]
	at kotlinx.serialization.internal.AbstractCollectionSerializer.merge(CollectionSerializers.kt:36) ~[?:?]
	at kotlinx.serialization.internal.AbstractCollectionSerializer.deserialize(CollectionSerializers.kt:43) ~[?:?]
	at kotlinx.serialization.json.internal.StreamingJsonDecoder.decodeSerializableValue(StreamingJsonDecoder.kt:69) ~[?:?]
	at kotlinx.serialization.encoding.AbstractDecoder.decodeSerializableValue(AbstractDecoder.kt:43) ~[?:?]
	at kotlinx.serialization.encoding.AbstractDecoder.decodeSerializableElement(AbstractDecoder.kt:70) ~[?:?]
	at kotlinx.serialization.json.internal.StreamingJsonDecoder.decodeSerializableElement(StreamingJsonDecoder.kt:168) ~[?:?]
	at gg.essential.model.file.AnimationFile$$serializer.deserialize(AnimationFile.kt:41) ~[?:?]
	at gg.essential.model.file.AnimationFile$$serializer.deserialize(AnimationFile.kt:41) ~[?:?]
	at kotlinx.serialization.json.internal.StreamingJsonDecoder.decodeSerializableValue(StreamingJsonDecoder.kt:69) ~[?:?]
	at kotlinx.serialization.json.Json.decodeFromString(Json.kt:107) ~[?:?]
	at gg.essential.network.connectionmanager.cosmetics.AssetLoader$JsonAssetType$3.invoke(AssetLoader.kt:337) ~[?:?]
	at gg.essential.network.connectionmanager.cosmetics.AssetLoader$JsonAssetType$3.invoke(AssetLoader.kt:336) ~[?:?]
	at gg.essential.network.connectionmanager.cosmetics.AssetLoader$getAsset$1$future$1.invoke(AssetLoader.kt:91) ~[?:?]
	at gg.essential.network.connectionmanager.cosmetics.AssetLoader$getAsset$1$future$1.invoke(AssetLoader.kt:89) ~[?:?]
	at gg.essential.network.connectionmanager.cosmetics.AssetLoader$getAsset$1.invoke$lambda$0(AssetLoader.kt:89) ~[?:?]
	at java.util.concurrent.CompletableFuture$UniApply.tryFire(Unknown Source) ~[?:?]
	at java.util.concurrent.CompletableFuture$Completion.exec(Unknown Source) ~[?:?]
	at java.util.concurrent.ForkJoinTask.doExec(Unknown Source) ~[?:?]
	at java.util.concurrent.ForkJoinPool$WorkQueue.topLevelExec(Unknown Source) ~[?:?]
	at java.util.concurrent.ForkJoinPool.scan(Unknown Source) ~[?:?]
	at java.util.concurrent.ForkJoinPool.runWorker(Unknown Source) ~[?:?]
	at java.util.concurrent.ForkJoinWorkerThread.run(Unknown Source) ~[?:?]
[17:08:28] [ForkJoinPool.commonPool-worker-6/ERROR]: Could not find parent kotlin/jvm/internal/Lambda for class gg/essential/model/molang/ComparisonExpr$Op$2 in classloader jdk.internal.loader.ClassLoaders$AppClassLoader@30c7da1e on thread Thread[ForkJoinPool.commonPool-worker-6,5,main]
[17:08:28] [ForkJoinPool.commonPool-worker-3/ERROR]: Could not find parent kotlinx/serialization/json/JsonTransformingSerializer for class gg/essential/model/util/PairAsListSerializer in classloader jdk.internal.loader.ClassLoaders$AppClassLoader@30c7da1e on thread Thread[ForkJoinPool.commonPool-worker-3,5,main]
[17:08:28] [ForkJoinPool.commonPool-worker-1/ERROR]: An error occurred building event handler
java.lang.ClassNotFoundException: kotlin.jvm.internal.Lambda
	at jdk.internal.loader.BuiltinClassLoader.loadClass(Unknown Source) ~[?:?]
	at jdk.internal.loader.ClassLoaders$AppClassLoader.loadClass(Unknown Source) ~[?:?]
	at java.lang.ClassLoader.loadClass(Unknown Source) ~[?:?]
	at net.minecraftforge.eventbus.EventSubclassTransformer.buildEvents(EventSubclassTransformer.java:97) ~[eventbus-6.0.5.jar:?]
	at net.minecraftforge.eventbus.EventSubclassTransformer.transform(EventSubclassTransformer.java:48) ~[eventbus-6.0.5.jar:?]
	at net.minecraftforge.eventbus.EventBusEngine.processClass(EventBusEngine.java:26) ~[eventbus-6.0.5.jar:?]
	at net.minecraftforge.eventbus.service.ModLauncherService.processClassWithFlags(ModLauncherService.java:32) ~[eventbus-6.0.5.jar:6.0.5+6.0.5+master.eb8e549b]
	at cpw.mods.modlauncher.LaunchPluginHandler.offerClassNodeToPlugins(LaunchPluginHandler.java:88) ~[modlauncher-10.0.9.jar:?]
	at cpw.mods.modlauncher.ClassTransformer.transform(ClassTransformer.java:120) ~[modlauncher-10.0.9.jar:?]
	at cpw.mods.modlauncher.TransformingClassLoader.maybeTransformClassBytes(TransformingClassLoader.java:50) ~[modlauncher-10.0.9.jar:?]
	at cpw.mods.cl.ModuleClassLoader.readerToClass(ModuleClassLoader.java:113) ~[securejarhandler-2.1.10.jar:?]
	at cpw.mods.cl.ModuleClassLoader.lambda$findClass$15(ModuleClassLoader.java:219) ~[securejarhandler-2.1.10.jar:?]
	at cpw.mods.cl.ModuleClassLoader.loadFromModule(ModuleClassLoader.java:229) ~[securejarhandler-2.1.10.jar:?]
	at cpw.mods.cl.ModuleClassLoader.findClass(ModuleClassLoader.java:219) ~[securejarhandler-2.1.10.jar:?]
	at cpw.mods.cl.ModuleClassLoader.loadClass(ModuleClassLoader.java:135) ~[securejarhandler-2.1.10.jar:?]
	at java.lang.ClassLoader.loadClass(Unknown Source) ~[?:?]
	at gg.essential.model.file.ParticleEffectComponents$Direction$Inwards.<clinit>(ParticlesFile.kt:343) ~[?:?]
	at gg.essential.model.file.ParticleEffectComponents$Direction$Serializer.selectDeserializer(ParticlesFile.kt:354) ~[?:?]
	at kotlinx.serialization.json.JsonContentPolymorphicSerializer.deserialize(JsonContentPolymorphicSerializer.kt:93) ~[?:?]
	at kotlinx.serialization.json.internal.StreamingJsonDecoder.decodeSerializableValue(StreamingJsonDecoder.kt:69) ~[?:?]
	at kotlinx.serialization.encoding.AbstractDecoder.decodeSerializableValue(AbstractDecoder.kt:43) ~[?:?]
	at kotlinx.serialization.encoding.AbstractDecoder.decodeSerializableElement(AbstractDecoder.kt:70) ~[?:?]
	at kotlinx.serialization.json.internal.StreamingJsonDecoder.decodeSerializableElement(StreamingJsonDecoder.kt:168) ~[?:?]
	at gg.essential.model.file.ParticleEffectComponents$EmitterShapeBox$$serializer.deserialize(ParticlesFile.kt:378) ~[?:?]
	at gg.essential.model.file.ParticleEffectComponents$EmitterShapeBox$$serializer.deserialize(ParticlesFile.kt:378) ~[?:?]
	at kotlinx.serialization.json.internal.StreamingJsonDecoder.decodeSerializableValue(StreamingJsonDecoder.kt:69) ~[?:?]
	at kotlinx.serialization.encoding.AbstractDecoder.decodeSerializableValue(AbstractDecoder.kt:43) ~[?:?]
	at kotlinx.serialization.encoding.AbstractDecoder.decodeNullableSerializableElement(AbstractDecoder.kt:78) ~[?:?]
	at gg.essential.model.file.ParticleEffectComponents$$serializer.deserialize(ParticlesFile.kt:178) ~[?:?]
	at gg.essential.model.file.ParticleEffectComponents$$serializer.deserialize(ParticlesFile.kt:178) ~[?:?]
	at kotlinx.serialization.json.internal.StreamingJsonDecoder.decodeSerializableValue(StreamingJsonDecoder.kt:69) ~[?:?]
	at kotlinx.serialization.encoding.AbstractDecoder.decodeSerializableValue(AbstractDecoder.kt:43) ~[?:?]
	at kotlinx.serialization.encoding.AbstractDecoder.decodeSerializableElement(AbstractDecoder.kt:70) ~[?:?]
	at kotlinx.serialization.json.internal.StreamingJsonDecoder.decodeSerializableElement(StreamingJsonDecoder.kt:168) ~[?:?]
	at gg.essential.model.file.ParticlesFile$ParticleEffect$$serializer.deserialize(ParticlesFile.kt:59) ~[?:?]
	at gg.essential.model.file.ParticlesFile$ParticleEffect$$serializer.deserialize(ParticlesFile.kt:59) ~[?:?]
	at kotlinx.serialization.json.internal.StreamingJsonDecoder.decodeSerializableValue(StreamingJsonDecoder.kt:69) ~[?:?]
	at kotlinx.serialization.encoding.AbstractDecoder.decodeSerializableValue(AbstractDecoder.kt:43) ~[?:?]
	at kotlinx.serialization.encoding.AbstractDecoder.decodeSerializableElement(AbstractDecoder.kt:70) ~[?:?]
	at kotlinx.serialization.json.internal.StreamingJsonDecoder.decodeSerializableElement(StreamingJsonDecoder.kt:168) ~[?:?]
	at gg.essential.model.file.ParticlesFile$$serializer.deserialize(ParticlesFile.kt:52) ~[?:?]
	at gg.essential.model.file.ParticlesFile$$serializer.deserialize(ParticlesFile.kt:52) ~[?:?]
	at kotlinx.serialization.json.internal.StreamingJsonDecoder.decodeSerializableValue(StreamingJsonDecoder.kt:69) ~[?:?]
	at kotlinx.serialization.json.Json.decodeFromString(Json.kt:107) ~[?:?]
	at gg.essential.network.connectionmanager.cosmetics.AssetLoader$JsonAssetType$3.invoke(AssetLoader.kt:337) ~[?:?]
	at gg.essential.network.connectionmanager.cosmetics.AssetLoader$JsonAssetType$3.invoke(AssetLoader.kt:336) ~[?:?]
	at gg.essential.network.connectionmanager.cosmetics.AssetLoader$getAsset$1$future$1.invoke(AssetLoader.kt:91) ~[?:?]
	at gg.essential.network.connectionmanager.cosmetics.AssetLoader$getAsset$1$future$1.invoke(AssetLoader.kt:89) ~[?:?]
	at gg.essential.network.connectionmanager.cosmetics.AssetLoader$getAsset$1.invoke$lambda$0(AssetLoader.kt:89) ~[?:?]
	at java.util.concurrent.CompletableFuture$UniApply.tryFire(Unknown Source) ~[?:?]
	at java.util.concurrent.CompletableFuture$Completion.exec(Unknown Source) ~[?:?]
	at java.util.concurrent.ForkJoinTask.doExec(Unknown Source) ~[?:?]
	at java.util.concurrent.ForkJoinPool$WorkQueue.topLevelExec(Unknown Source) ~[?:?]
	at java.util.concurrent.ForkJoinPool.scan(Unknown Source) ~[?:?]
	at java.util.concurrent.ForkJoinPool.runWorker(Unknown Source) ~[?:?]
	at java.util.concurrent.ForkJoinWorkerThread.run(Unknown Source) ~[?:?]
[17:08:28] [ForkJoinPool.commonPool-worker-7/ERROR]: An error occurred building event handler
java.lang.ClassNotFoundException: gg.essential.model.file.ModelFile$Uvs
	at jdk.internal.loader.BuiltinClassLoader.loadClass(Unknown Source) ~[?:?]
	at jdk.internal.loader.ClassLoaders$AppClassLoader.loadClass(Unknown Source) ~[?:?]
	at java.lang.ClassLoader.loadClass(Unknown Source) ~[?:?]
	at net.minecraftforge.eventbus.EventSubclassTransformer.buildEvents(EventSubclassTransformer.java:97) ~[eventbus-6.0.5.jar:?]
	at net.minecraftforge.eventbus.EventSubclassTransformer.transform(EventSubclassTransformer.java:48) ~[eventbus-6.0.5.jar:?]
	at net.minecraftforge.eventbus.EventBusEngine.processClass(EventBusEngine.java:26) ~[eventbus-6.0.5.jar:?]
	at net.minecraftforge.eventbus.service.ModLauncherService.processClassWithFlags(ModLauncherService.java:32) ~[eventbus-6.0.5.jar:6.0.5+6.0.5+master.eb8e549b]
	at cpw.mods.modlauncher.LaunchPluginHandler.offerClassNodeToPlugins(LaunchPluginHandler.java:88) ~[modlauncher-10.0.9.jar:?]
	at cpw.mods.modlauncher.ClassTransformer.transform(ClassTransformer.java:120) ~[modlauncher-10.0.9.jar:?]
	at cpw.mods.modlauncher.TransformingClassLoader.maybeTransformClassBytes(TransformingClassLoader.java:50) ~[modlauncher-10.0.9.jar:?]
	at cpw.mods.cl.ModuleClassLoader.readerToClass(ModuleClassLoader.java:113) ~[securejarhandler-2.1.10.jar:?]
	at cpw.mods.cl.ModuleClassLoader.lambda$findClass$15(ModuleClassLoader.java:219) ~[securejarhandler-2.1.10.jar:?]
	at cpw.mods.cl.ModuleClassLoader.loadFromModule(ModuleClassLoader.java:229) ~[securejarhandler-2.1.10.jar:?]
	at cpw.mods.cl.ModuleClassLoader.findClass(ModuleClassLoader.java:219) ~[securejarhandler-2.1.10.jar:?]
	at cpw.mods.cl.ModuleClassLoader.loadClass(ModuleClassLoader.java:135) ~[securejarhandler-2.1.10.jar:?]
	at java.lang.ClassLoader.loadClass(Unknown Source) ~[?:?]
	at gg.essential.model.file.UvsSerializer.selectDeserializer(ModelFile.kt:112) ~[?:?]
	at kotlinx.serialization.json.JsonContentPolymorphicSerializer.deserialize(JsonContentPolymorphicSerializer.kt:93) ~[?:?]
	at kotlinx.serialization.json.internal.StreamingJsonDecoder.decodeSerializableValue(StreamingJsonDecoder.kt:69) ~[?:?]
	at kotlinx.serialization.encoding.AbstractDecoder.decodeSerializableValue(AbstractDecoder.kt:43) ~[?:?]
	at kotlinx.serialization.encoding.AbstractDecoder.decodeSerializableElement(AbstractDecoder.kt:70) ~[?:?]
	at kotlinx.serialization.json.internal.StreamingJsonDecoder.decodeSerializableElement(StreamingJsonDecoder.kt:168) ~[?:?]
	at gg.essential.model.file.ModelFile$Cube$$serializer.deserialize(ModelFile.kt:66) ~[?:?]
	at gg.essential.model.file.ModelFile$Cube$$serializer.deserialize(ModelFile.kt:66) ~[?:?]
	at kotlinx.serialization.json.internal.StreamingJsonDecoder.decodeSerializableValue(StreamingJsonDecoder.kt:69) ~[?:?]
	at kotlinx.serialization.encoding.AbstractDecoder.decodeSerializableValue(AbstractDecoder.kt:43) ~[?:?]
	at kotlinx.serialization.encoding.AbstractDecoder.decodeSerializableElement(AbstractDecoder.kt:70) ~[?:?]
	at kotlinx.serialization.json.internal.StreamingJsonDecoder.decodeSerializableElement(StreamingJsonDecoder.kt:168) ~[?:?]
	at kotlinx.serialization.encoding.CompositeDecoder$DefaultImpls.decodeSerializableElement$default(Decoding.kt:538) ~[?:?]
	at kotlinx.serialization.internal.CollectionLikeSerializer.readElement(CollectionSerializers.kt:80) ~[?:?]
	at kotlinx.serialization.internal.AbstractCollectionSerializer.readElement$default(CollectionSerializers.kt:51) ~[?:?]
	at kotlinx.serialization.internal.AbstractCollectionSerializer.merge(CollectionSerializers.kt:36) ~[?:?]
	at kotlinx.serialization.internal.AbstractCollectionSerializer.deserialize(CollectionSerializers.kt:43) ~[?:?]
	at kotlinx.serialization.json.internal.StreamingJsonDecoder.decodeSerializableValue(StreamingJsonDecoder.kt:69) ~[?:?]
	at kotlinx.serialization.encoding.AbstractDecoder.decodeSerializableValue(AbstractDecoder.kt:43) ~[?:?]
	at kotlinx.serialization.encoding.AbstractDecoder.decodeSerializableElement(AbstractDecoder.kt:70) ~[?:?]
	at kotlinx.serialization.json.internal.StreamingJsonDecoder.decodeSerializableElement(StreamingJsonDecoder.kt:168) ~[?:?]
	at gg.essential.model.file.ModelFile$Bone$$serializer.deserialize(ModelFile.kt:54) ~[?:?]
	at gg.essential.model.file.ModelFile$Bone$$serializer.deserialize(ModelFile.kt:54) ~[?:?]
	at kotlinx.serialization.json.internal.StreamingJsonDecoder.decodeSerializableValue(StreamingJsonDecoder.kt:69) ~[?:?]
	at kotlinx.serialization.encoding.AbstractDecoder.decodeSerializableValue(AbstractDecoder.kt:43) ~[?:?]
	at kotlinx.serialization.encoding.AbstractDecoder.decodeSerializableElement(AbstractDecoder.kt:70) ~[?:?]
	at kotlinx.serialization.json.internal.StreamingJsonDecoder.decodeSerializableElement(StreamingJsonDecoder.kt:168) ~[?:?]
	at kotlinx.serialization.encoding.CompositeDecoder$DefaultImpls.decodeSerializableElement$default(Decoding.kt:538) ~[?:?]
	at kotlinx.serialization.internal.CollectionLikeSerializer.readElement(CollectionSerializers.kt:80) ~[?:?]
	at kotlinx.serialization.internal.AbstractCollectionSerializer.readElement$default(CollectionSerializers.kt:51) ~[?:?]
	at kotlinx.serialization.internal.AbstractCollectionSerializer.merge(CollectionSerializers.kt:36) ~[?:?]
	at kotlinx.serialization.internal.AbstractCollectionSerializer.deserialize(CollectionSerializers.kt:43) ~[?:?]
	at kotlinx.serialization.json.internal.StreamingJsonDecoder.decodeSerializableValue(StreamingJsonDecoder.kt:69) ~[?:?]
	at kotlinx.serialization.encoding.AbstractDecoder.decodeSerializableValue(AbstractDecoder.kt:43) ~[?:?]
	at kotlinx.serialization.encoding.AbstractDecoder.decodeSerializableElement(AbstractDecoder.kt:70) ~[?:?]
	at kotlinx.serialization.json.internal.StreamingJsonDecoder.decodeSerializableElement(StreamingJsonDecoder.kt:168) ~[?:?]
	at gg.essential.model.file.ModelFile$Geometry$$serializer.deserialize(ModelFile.kt:37) ~[?:?]
	at gg.essential.model.file.ModelFile$Geometry$$serializer.deserialize(ModelFile.kt:37) ~[?:?]
	at kotlinx.serialization.json.internal.StreamingJsonDecoder.decodeSerializableValue(StreamingJsonDecoder.kt:69) ~[?:?]
	at kotlinx.serialization.encoding.AbstractDecoder.decodeSerializableValue(AbstractDecoder.kt:43) ~[?:?]
	at kotlinx.serialization.encoding.AbstractDecoder.decodeSerializableElement(AbstractDecoder.kt:70) ~[?:?]
	at kotlinx.serialization.json.internal.StreamingJsonDecoder.decodeSerializableElement(StreamingJsonDecoder.kt:168) ~[?:?]
	at kotlinx.serialization.encoding.CompositeDecoder$DefaultImpls.decodeSerializableElement$default(Decoding.kt:538) ~[?:?]
	at kotlinx.serialization.internal.CollectionLikeSerializer.readElement(CollectionSerializers.kt:80) ~[?:?]
	at kotlinx.serialization.internal.AbstractCollectionSerializer.readElement$default(CollectionSerializers.kt:51) ~[?:?]
	at kotlinx.serialization.internal.AbstractCollectionSerializer.merge(CollectionSerializers.kt:36) ~[?:?]
	at kotlinx.serialization.internal.AbstractCollectionSerializer.deserialize(CollectionSerializers.kt:43) ~[?:?]
	at kotlinx.serialization.json.internal.StreamingJsonDecoder.decodeSerializableValue(StreamingJsonDecoder.kt:69) ~[?:?]
	at kotlinx.serialization.encoding.AbstractDecoder.decodeSerializableValue(AbstractDecoder.kt:43) ~[?:?]
	at kotlinx.serialization.encoding.AbstractDecoder.decodeSerializableElement(AbstractDecoder.kt:70) ~[?:?]
	at kotlinx.serialization.json.internal.StreamingJsonDecoder.decodeSerializableElement(StreamingJsonDecoder.kt:168) ~[?:?]
	at gg.essential.model.file.ModelFile$$serializer.deserialize(ModelFile.kt:30) ~[?:?]
	at gg.essential.model.file.ModelFile$$serializer.deserialize(ModelFile.kt:30) ~[?:?]
	at kotlinx.serialization.json.internal.StreamingJsonDecoder.decodeSerializableValue(StreamingJsonDecoder.kt:69) ~[?:?]
	at kotlinx.serialization.json.Json.decodeFromString(Json.kt:107) ~[?:?]
	at gg.essential.network.connectionmanager.cosmetics.AssetLoader$JsonAssetType$3.invoke(AssetLoader.kt:337) ~[?:?]
	at gg.essential.network.connectionmanager.cosmetics.AssetLoader$JsonAssetType$3.invoke(AssetLoader.kt:336) ~[?:?]
	at gg.essential.network.connectionmanager.cosmetics.AssetLoader$getAsset$1$future$1.invoke(AssetLoader.kt:91) ~[?:?]
	at gg.essential.network.connectionmanager.cosmetics.AssetLoader$getAsset$1$future$1.invoke(AssetLoader.kt:89) ~[?:?]
	at gg.essential.network.connectionmanager.cosmetics.AssetLoader$getAsset$1.invoke$lambda$0(AssetLoader.kt:89) ~[?:?]
	at java.util.concurrent.CompletableFuture$UniApply.tryFire(Unknown Source) ~[?:?]
	at java.util.concurrent.CompletableFuture$Completion.exec(Unknown Source) ~[?:?]
	at java.util.concurrent.ForkJoinTask.doExec(Unknown Source) ~[?:?]
	at java.util.concurrent.ForkJoinPool$WorkQueue.topLevelExec(Unknown Source) ~[?:?]
	at java.util.concurrent.ForkJoinPool.scan(Unknown Source) ~[?:?]
	at java.util.concurrent.ForkJoinPool.runWorker(Unknown Source) ~[?:?]
	at java.util.concurrent.ForkJoinWorkerThread.run(Unknown Source) ~[?:?]
[17:08:28] [ForkJoinPool.commonPool-worker-1/ERROR]: Could not find parent gg/essential/model/file/ParticleEffectComponents$Direction$ObjectAsString for class gg/essential/model/file/ParticleEffectComponents$Direction$InwardsSerializer in classloader jdk.internal.loader.ClassLoaders$AppClassLoader@30c7da1e on thread Thread[ForkJoinPool.commonPool-worker-1,5,main]
[17:08:28] [ForkJoinPool.commonPool-worker-2/ERROR]: An error occurred building event handler
java.lang.ClassNotFoundException: gg.essential.model.file.ParticleEffectComponents$Direction$ObjectAsString
	at jdk.internal.loader.BuiltinClassLoader.loadClass(Unknown Source) ~[?:?]
	at jdk.internal.loader.ClassLoaders$AppClassLoader.loadClass(Unknown Source) ~[?:?]
	at java.lang.ClassLoader.loadClass(Unknown Source) ~[?:?]
	at net.minecraftforge.eventbus.EventSubclassTransformer.buildEvents(EventSubclassTransformer.java:97) ~[eventbus-6.0.5.jar:?]
	at net.minecraftforge.eventbus.EventSubclassTransformer.transform(EventSubclassTransformer.java:48) ~[eventbus-6.0.5.jar:?]
	at net.minecraftforge.eventbus.EventBusEngine.processClass(EventBusEngine.java:26) ~[eventbus-6.0.5.jar:?]
	at net.minecraftforge.eventbus.service.ModLauncherService.processClassWithFlags(ModLauncherService.java:32) ~[eventbus-6.0.5.jar:6.0.5+6.0.5+master.eb8e549b]
	at cpw.mods.modlauncher.LaunchPluginHandler.offerClassNodeToPlugins(LaunchPluginHandler.java:88) ~[modlauncher-10.0.9.jar:?]
	at cpw.mods.modlauncher.ClassTransformer.transform(ClassTransformer.java:120) ~[modlauncher-10.0.9.jar:?]
	at cpw.mods.modlauncher.TransformingClassLoader.maybeTransformClassBytes(TransformingClassLoader.java:50) ~[modlauncher-10.0.9.jar:?]
	at cpw.mods.cl.ModuleClassLoader.readerToClass(ModuleClassLoader.java:113) ~[securejarhandler-2.1.10.jar:?]
	at cpw.mods.cl.ModuleClassLoader.lambda$findClass$15(ModuleClassLoader.java:219) ~[securejarhandler-2.1.10.jar:?]
	at cpw.mods.cl.ModuleClassLoader.loadFromModule(ModuleClassLoader.java:229) ~[securejarhandler-2.1.10.jar:?]
	at cpw.mods.cl.ModuleClassLoader.findClass(ModuleClassLoader.java:219) ~[securejarhandler-2.1.10.jar:?]
	at cpw.mods.cl.ModuleClassLoader.loadClass(ModuleClassLoader.java:135) ~[securejarhandler-2.1.10.jar:?]
	at java.lang.ClassLoader.loadClass(Unknown Source) ~[?:?]
	at gg.essential.model.file.ParticleEffectComponents$Direction$Outwards$1.invoke(ParticlesFile.kt:346) ~[?:?]
	at gg.essential.model.file.ParticleEffectComponents$Direction$Outwards$1.invoke(ParticlesFile.kt:346) ~[?:?]
	at kotlin.SafePublicationLazyImpl.getValue(LazyJVM.kt:107) ~[?:?]
	at gg.essential.model.file.ParticleEffectComponents$Direction$Outwards.get$cachedSerializer(ParticlesFile.kt:346) ~[?:?]
	at gg.essential.model.file.ParticleEffectComponents$Direction$Outwards.serializer(ParticlesFile.kt:346) ~[?:?]
	at gg.essential.model.file.ParticleEffectComponents$Direction$Serializer.selectDeserializer(ParticlesFile.kt:355) ~[?:?]
	at kotlinx.serialization.json.JsonContentPolymorphicSerializer.deserialize(JsonContentPolymorphicSerializer.kt:93) ~[?:?]
	at kotlinx.serialization.json.internal.StreamingJsonDecoder.decodeSerializableValue(StreamingJsonDecoder.kt:69) ~[?:?]
	at kotlinx.serialization.encoding.AbstractDecoder.decodeSerializableValue(AbstractDecoder.kt:43) ~[?:?]
	at kotlinx.serialization.encoding.AbstractDecoder.decodeSerializableElement(AbstractDecoder.kt:70) ~[?:?]
	at kotlinx.serialization.json.internal.StreamingJsonDecoder.decodeSerializableElement(StreamingJsonDecoder.kt:168) ~[?:?]
	at gg.essential.model.file.ParticleEffectComponents$EmitterShapeBox$$serializer.deserialize(ParticlesFile.kt:378) ~[?:?]
	at gg.essential.model.file.ParticleEffectComponents$EmitterShapeBox$$serializer.deserialize(ParticlesFile.kt:378) ~[?:?]
	at kotlinx.serialization.json.internal.StreamingJsonDecoder.decodeSerializableValue(StreamingJsonDecoder.kt:69) ~[?:?]
	at kotlinx.serialization.encoding.AbstractDecoder.decodeSerializableValue(AbstractDecoder.kt:43) ~[?:?]
	at kotlinx.serialization.encoding.AbstractDecoder.decodeNullableSerializableElement(AbstractDecoder.kt:78) ~[?:?]
	at gg.essential.model.file.ParticleEffectComponents$$serializer.deserialize(ParticlesFile.kt:178) ~[?:?]
	at gg.essential.model.file.ParticleEffectComponents$$serializer.deserialize(ParticlesFile.kt:178) ~[?:?]
	at kotlinx.serialization.json.internal.StreamingJsonDecoder.decodeSerializableValue(StreamingJsonDecoder.kt:69) ~[?:?]
	at kotlinx.serialization.encoding.AbstractDecoder.decodeSerializableValue(AbstractDecoder.kt:43) ~[?:?]
	at kotlinx.serialization.encoding.AbstractDecoder.decodeSerializableElement(AbstractDecoder.kt:70) ~[?:?]
	at kotlinx.serialization.json.internal.StreamingJsonDecoder.decodeSerializableElement(StreamingJsonDecoder.kt:168) ~[?:?]
	at gg.essential.model.file.ParticlesFile$ParticleEffect$$serializer.deserialize(ParticlesFile.kt:59) ~[?:?]
	at gg.essential.model.file.ParticlesFile$ParticleEffect$$serializer.deserialize(ParticlesFile.kt:59) ~[?:?]
	at kotlinx.serialization.json.internal.StreamingJsonDecoder.decodeSerializableValue(StreamingJsonDecoder.kt:69) ~[?:?]
	at kotlinx.serialization.encoding.AbstractDecoder.decodeSerializableValue(AbstractDecoder.kt:43) ~[?:?]
	at kotlinx.serialization.encoding.AbstractDecoder.decodeSerializableElement(AbstractDecoder.kt:70) ~[?:?]
	at kotlinx.serialization.json.internal.StreamingJsonDecoder.decodeSerializableElement(StreamingJsonDecoder.kt:168) ~[?:?]
	at gg.essential.model.file.ParticlesFile$$serializer.deserialize(ParticlesFile.kt:52) ~[?:?]
	at gg.essential.model.file.ParticlesFile$$serializer.deserialize(ParticlesFile.kt:52) ~[?:?]
	at kotlinx.serialization.json.internal.StreamingJsonDecoder.decodeSerializableValue(StreamingJsonDecoder.kt:69) ~[?:?]
	at kotlinx.serialization.json.Json.decodeFromString(Json.kt:107) ~[?:?]
	at gg.essential.network.connectionmanager.cosmetics.AssetLoader$JsonAssetType$3.invoke(AssetLoader.kt:337) ~[?:?]
	at gg.essential.network.connectionmanager.cosmetics.AssetLoader$JsonAssetType$3.invoke(AssetLoader.kt:336) ~[?:?]
	at gg.essential.network.connectionmanager.cosmetics.AssetLoader$getAsset$1$future$1.invoke(AssetLoader.kt:91) ~[?:?]
	at gg.essential.network.connectionmanager.cosmetics.AssetLoader$getAsset$1$future$1.invoke(AssetLoader.kt:89) ~[?:?]
	at gg.essential.network.connectionmanager.cosmetics.AssetLoader$getAsset$1.invoke$lambda$0(AssetLoader.kt:89) ~[?:?]
	at java.util.concurrent.CompletableFuture$UniApply.tryFire(Unknown Source) ~[?:?]
	at java.util.concurrent.CompletableFuture$Completion.exec(Unknown Source) ~[?:?]
	at java.util.concurrent.ForkJoinTask.doExec(Unknown Source) ~[?:?]
	at java.util.concurrent.ForkJoinPool$WorkQueue.topLevelExec(Unknown Source) ~[?:?]
	at java.util.concurrent.ForkJoinPool.scan(Unknown Source) ~[?:?]
	at java.util.concurrent.ForkJoinPool.runWorker(Unknown Source) ~[?:?]
	at java.util.concurrent.ForkJoinWorkerThread.run(Unknown Source) ~[?:?]
[17:08:28] [Render thread/INFO]: loaded in item colorizer
[17:08:28] [ForkJoinPool.commonPool-worker-3/ERROR]: An error occurred building event handler
java.lang.ClassNotFoundException: kotlinx.serialization.json.JsonTransformingSerializer
	at jdk.internal.loader.BuiltinClassLoader.loadClass(Unknown Source) ~[?:?]
	at jdk.internal.loader.ClassLoaders$AppClassLoader.loadClass(Unknown Source) ~[?:?]
	at java.lang.ClassLoader.loadClass(Unknown Source) ~[?:?]
	at net.minecraftforge.eventbus.EventSubclassTransformer.buildEvents(EventSubclassTransformer.java:97) ~[eventbus-6.0.5.jar:?]
	at net.minecraftforge.eventbus.EventSubclassTransformer.transform(EventSubclassTransformer.java:48) ~[eventbus-6.0.5.jar:?]
	at net.minecraftforge.eventbus.EventBusEngine.processClass(EventBusEngine.java:26) ~[eventbus-6.0.5.jar:?]
	at net.minecraftforge.eventbus.service.ModLauncherService.processClassWithFlags(ModLauncherService.java:32) ~[eventbus-6.0.5.jar:6.0.5+6.0.5+master.eb8e549b]
	at cpw.mods.modlauncher.LaunchPluginHandler.offerClassNodeToPlugins(LaunchPluginHandler.java:88) ~[modlauncher-10.0.9.jar:?]
	at cpw.mods.modlauncher.ClassTransformer.transform(ClassTransformer.java:120) ~[modlauncher-10.0.9.jar:?]
	at cpw.mods.modlauncher.TransformingClassLoader.maybeTransformClassBytes(TransformingClassLoader.java:50) ~[modlauncher-10.0.9.jar:?]
	at cpw.mods.cl.ModuleClassLoader.readerToClass(ModuleClassLoader.java:113) ~[securejarhandler-2.1.10.jar:?]
	at cpw.mods.cl.ModuleClassLoader.lambda$findClass$15(ModuleClassLoader.java:219) ~[securejarhandler-2.1.10.jar:?]
	at cpw.mods.cl.ModuleClassLoader.loadFromModule(ModuleClassLoader.java:229) ~[securejarhandler-2.1.10.jar:?]
	at cpw.mods.cl.ModuleClassLoader.findClass(ModuleClassLoader.java:219) ~[securejarhandler-2.1.10.jar:?]
	at cpw.mods.cl.ModuleClassLoader.loadClass(ModuleClassLoader.java:135) ~[securejarhandler-2.1.10.jar:?]
	at java.lang.ClassLoader.loadClass(Unknown Source) ~[?:?]
	at gg.essential.model.file.ParticleEffectComponents$ParticleAppearanceBillboard.<clinit>(ParticlesFile.kt:435) ~[?:?]
	at gg.essential.model.file.ParticleEffectComponents$ParticleAppearanceBillboard$$serializer.deserialize(ParticlesFile.kt:435) ~[?:?]
	at gg.essential.model.file.ParticleEffectComponents$ParticleAppearanceBillboard$$serializer.deserialize(ParticlesFile.kt:435) ~[?:?]
	at kotlinx.serialization.json.internal.StreamingJsonDecoder.decodeSerializableValue(StreamingJsonDecoder.kt:69) ~[?:?]
	at kotlinx.serialization.encoding.AbstractDecoder.decodeSerializableValue(AbstractDecoder.kt:43) ~[?:?]
	at kotlinx.serialization.encoding.AbstractDecoder.decodeNullableSerializableElement(AbstractDecoder.kt:78) ~[?:?]
	at gg.essential.model.file.ParticleEffectComponents$$serializer.deserialize(ParticlesFile.kt:178) ~[?:?]
	at gg.essential.model.file.ParticleEffectComponents$$serializer.deserialize(ParticlesFile.kt:178) ~[?:?]
	at kotlinx.serialization.json.internal.StreamingJsonDecoder.decodeSerializableValue(StreamingJsonDecoder.kt:69) ~[?:?]
	at kotlinx.serialization.encoding.AbstractDecoder.decodeSerializableValue(AbstractDecoder.kt:43) ~[?:?]
	at kotlinx.serialization.encoding.AbstractDecoder.decodeSerializableElement(AbstractDecoder.kt:70) ~[?:?]
	at kotlinx.serialization.json.internal.StreamingJsonDecoder.decodeSerializableElement(StreamingJsonDecoder.kt:168) ~[?:?]
	at gg.essential.model.file.ParticlesFile$ParticleEffect$$serializer.deserialize(ParticlesFile.kt:59) ~[?:?]
	at gg.essential.model.file.ParticlesFile$ParticleEffect$$serializer.deserialize(ParticlesFile.kt:59) ~[?:?]
	at kotlinx.serialization.json.internal.StreamingJsonDecoder.decodeSerializableValue(StreamingJsonDecoder.kt:69) ~[?:?]
	at kotlinx.serialization.encoding.AbstractDecoder.decodeSerializableValue(AbstractDecoder.kt:43) ~[?:?]
	at kotlinx.serialization.encoding.AbstractDecoder.decodeSerializableElement(AbstractDecoder.kt:70) ~[?:?]
	at kotlinx.serialization.json.internal.StreamingJsonDecoder.decodeSerializableElement(StreamingJsonDecoder.kt:168) ~[?:?]
	at gg.essential.model.file.ParticlesFile$$serializer.deserialize(ParticlesFile.kt:52) ~[?:?]
	at gg.essential.model.file.ParticlesFile$$serializer.deserialize(ParticlesFile.kt:52) ~[?:?]
	at kotlinx.serialization.json.internal.StreamingJsonDecoder.decodeSerializableValue(StreamingJsonDecoder.kt:69) ~[?:?]
	at kotlinx.serialization.json.Json.decodeFromString(Json.kt:107) ~[?:?]
	at gg.essential.network.connectionmanager.cosmetics.AssetLoader$JsonAssetType$3.invoke(AssetLoader.kt:337) ~[?:?]
	at gg.essential.network.connectionmanager.cosmetics.AssetLoader$JsonAssetType$3.invoke(AssetLoader.kt:336) ~[?:?]
	at gg.essential.network.connectionmanager.cosmetics.AssetLoader$getAsset$1$future$1.invoke(AssetLoader.kt:91) ~[?:?]
	at gg.essential.network.connectionmanager.cosmetics.AssetLoader$getAsset$1$future$1.invoke(AssetLoader.kt:89) ~[?:?]
	at gg.essential.network.connectionmanager.cosmetics.AssetLoader$getAsset$1.invoke$lambda$0(AssetLoader.kt:89) ~[?:?]
	at java.util.concurrent.CompletableFuture$UniApply.tryFire(Unknown Source) ~[?:?]
	at java.util.concurrent.CompletableFuture$Completion.exec(Unknown Source) ~[?:?]
	at java.util.concurrent.ForkJoinTask.doExec(Unknown Source) ~[?:?]
	at java.util.concurrent.ForkJoinPool$WorkQueue.topLevelExec(Unknown Source) ~[?:?]
	at java.util.concurrent.ForkJoinPool.scan(Unknown Source) ~[?:?]
	at java.util.concurrent.ForkJoinPool.runWorker(Unknown Source) ~[?:?]
	at java.util.concurrent.ForkJoinWorkerThread.run(Unknown Source) ~[?:?]
[17:08:28] [ForkJoinPool.commonPool-worker-6/ERROR]: An error occurred building event handler
java.lang.ClassNotFoundException: kotlin.jvm.internal.Lambda
	at jdk.internal.loader.BuiltinClassLoader.loadClass(Unknown Source) ~[?:?]
	at jdk.internal.loader.ClassLoaders$AppClassLoader.loadClass(Unknown Source) ~[?:?]
	at java.lang.ClassLoader.loadClass(Unknown Source) ~[?:?]
	at net.minecraftforge.eventbus.EventSubclassTransformer.buildEvents(EventSubclassTransformer.java:97) ~[eventbus-6.0.5.jar:?]
	at net.minecraftforge.eventbus.EventSubclassTransformer.transform(EventSubclassTransformer.java:48) ~[eventbus-6.0.5.jar:?]
	at net.minecraftforge.eventbus.EventBusEngine.processClass(EventBusEngine.java:26) ~[eventbus-6.0.5.jar:?]
	at net.minecraftforge.eventbus.service.ModLauncherService.processClassWithFlags(ModLauncherService.java:32) ~[eventbus-6.0.5.jar:6.0.5+6.0.5+master.eb8e549b]
	at cpw.mods.modlauncher.LaunchPluginHandler.offerClassNodeToPlugins(LaunchPluginHandler.java:88) ~[modlauncher-10.0.9.jar:?]
	at cpw.mods.modlauncher.ClassTransformer.transform(ClassTransformer.java:120) ~[modlauncher-10.0.9.jar:?]
	at cpw.mods.modlauncher.TransformingClassLoader.maybeTransformClassBytes(TransformingClassLoader.java:50) ~[modlauncher-10.0.9.jar:?]
	at cpw.mods.cl.ModuleClassLoader.readerToClass(ModuleClassLoader.java:113) ~[securejarhandler-2.1.10.jar:?]
	at cpw.mods.cl.ModuleClassLoader.lambda$findClass$15(ModuleClassLoader.java:219) ~[securejarhandler-2.1.10.jar:?]
	at cpw.mods.cl.ModuleClassLoader.loadFromModule(ModuleClassLoader.java:229) ~[securejarhandler-2.1.10.jar:?]
	at cpw.mods.cl.ModuleClassLoader.findClass(ModuleClassLoader.java:219) ~[securejarhandler-2.1.10.jar:?]
	at cpw.mods.cl.ModuleClassLoader.loadClass(ModuleClassLoader.java:135) ~[securejarhandler-2.1.10.jar:?]
	at java.lang.ClassLoader.loadClass(Unknown Source) ~[?:?]
	at gg.essential.model.molang.ComparisonExpr$Op.<clinit>(MolangExpression.kt:123) ~[?:?]
	at gg.essential.model.molang.Parser.parseComparisons(MolangExpression.kt:303) ~[?:?]
	at gg.essential.model.molang.Parser.parseEqualityChecks(MolangExpression.kt:309) ~[?:?]
	at gg.essential.model.molang.Parser.parseLogicalAnds(MolangExpression.kt:318) ~[?:?]
	at gg.essential.model.molang.Parser.parseLogicalOrs(MolangExpression.kt:328) ~[?:?]
	at gg.essential.model.molang.Parser.parseTernary(MolangExpression.kt:338) ~[?:?]
	at gg.essential.model.molang.Parser.parseNullCoalescing(MolangExpression.kt:350) ~[?:?]
	at gg.essential.model.molang.Parser.parseExpression(MolangExpression.kt:359) ~[?:?]
	at gg.essential.model.molang.Parser.parseAssignment(MolangExpression.kt:364) ~[?:?]
	at gg.essential.model.molang.Parser.parseStatement(MolangExpression.kt:378) ~[?:?]
	at gg.essential.model.molang.Parser.parseStatements(MolangExpression.kt:383) ~[?:?]
	at gg.essential.model.molang.Parser.parseMolang(MolangExpression.kt:396) ~[?:?]
	at gg.essential.model.molang.Parser.fullyParseMolang(MolangExpression.kt:418) ~[?:?]
	at gg.essential.model.molang.Parser.tryFullyParseMolang(MolangExpression.kt:426) ~[?:?]
	at gg.essential.model.molang.MolangExpressionKt.parseMolangExpression(MolangExpression.kt:434) ~[?:?]
	at gg.essential.model.molang.MolangExpressionKt.parseMolangExpression(MolangExpression.kt:436) ~[?:?]
	at gg.essential.model.file.KeyframeSerializer.parse$lambda$3$parseMolangVector(AnimationFile.kt:123) ~[?:?]
	at gg.essential.model.file.KeyframeSerializer.parse(AnimationFile.kt:139) ~[?:?]
	at gg.essential.model.file.KeyframeSerializer.deserialize(AnimationFile.kt:116) ~[?:?]
	at gg.essential.model.file.KeyframeSerializer.deserialize(AnimationFile.kt:114) ~[?:?]
	at kotlinx.serialization.json.internal.PolymorphicKt.decodeSerializableValuePolymorphic(Polymorphic.kt:77) ~[?:?]
	at kotlinx.serialization.json.internal.AbstractJsonTreeDecoder.decodeSerializableValue(TreeJsonDecoder.kt:52) ~[?:?]
	at kotlinx.serialization.internal.TaggedDecoder.decodeSerializableValue(Tagged.kt:207) ~[?:?]
	at kotlinx.serialization.internal.TaggedDecoder$decodeSerializableElement$1.invoke(Tagged.kt:279) ~[?:?]
	at kotlinx.serialization.internal.TaggedDecoder.tagBlock(Tagged.kt:294) ~[?:?]
	at kotlinx.serialization.internal.TaggedDecoder.decodeSerializableElement(Tagged.kt:279) ~[?:?]
	at kotlinx.serialization.encoding.CompositeDecoder$DefaultImpls.decodeSerializableElement$default(Decoding.kt:538) ~[?:?]
	at kotlinx.serialization.internal.MapLikeSerializer.readElement(CollectionSerializers.kt:111) ~[?:?]
	at kotlinx.serialization.internal.MapLikeSerializer.readElement(CollectionSerializers.kt:84) ~[?:?]
	at kotlinx.serialization.internal.AbstractCollectionSerializer.readElement$default(CollectionSerializers.kt:51) ~[?:?]
	at kotlinx.serialization.internal.AbstractCollectionSerializer.merge(CollectionSerializers.kt:36) ~[?:?]
	at kotlinx.serialization.internal.AbstractCollectionSerializer.deserialize(CollectionSerializers.kt:43) ~[?:?]
	at kotlinx.serialization.json.internal.PolymorphicKt.decodeSerializableValuePolymorphic(Polymorphic.kt:77) ~[?:?]
	at kotlinx.serialization.json.internal.AbstractJsonTreeDecoder.decodeSerializableValue(TreeJsonDecoder.kt:52) ~[?:?]
	at gg.essential.model.util.TreeMapSerializer.deserialize(TreeMap.kt:73) ~[?:?]
	at gg.essential.model.util.TreeMapSerializer.deserialize(TreeMap.kt:69) ~[?:?]
	at kotlinx.serialization.json.internal.PolymorphicKt.decodeSerializableValuePolymorphic(Polymorphic.kt:77) ~[?:?]
	at kotlinx.serialization.json.internal.AbstractJsonTreeDecoder.decodeSerializableValue(TreeJsonDecoder.kt:52) ~[?:?]
	at kotlinx.serialization.json.internal.TreeJsonDecoderKt.readJson(TreeJsonDecoder.kt:25) ~[?:?]
	at kotlinx.serialization.json.Json.decodeFromJsonElement(Json.kt:127) ~[?:?]
	at kotlinx.serialization.json.JsonTransformingSerializer.deserialize(JsonTransformingSerializer.kt:78) ~[?:?]
	at gg.essential.model.file.KeyframesSerializer.deserialize(AnimationFile.kt:105) ~[?:?]
	at gg.essential.model.file.KeyframesSerializer.deserialize(AnimationFile.kt:103) ~[?:?]
	at kotlinx.serialization.json.internal.StreamingJsonDecoder.decodeSerializableValue(StreamingJsonDecoder.kt:69) ~[?:?]
	at kotlinx.serialization.encoding.AbstractDecoder.decodeSerializableValue(AbstractDecoder.kt:43) ~[?:?]
	at kotlinx.serialization.encoding.AbstractDecoder.decodeNullableSerializableElement(AbstractDecoder.kt:78) ~[?:?]
	at gg.essential.model.Channels$$serializer.deserialize(Animation.kt:372) ~[?:?]
	at gg.essential.model.Channels$$serializer.deserialize(Animation.kt:372) ~[?:?]
	at kotlinx.serialization.json.internal.StreamingJsonDecoder.decodeSerializableValue(StreamingJsonDecoder.kt:69) ~[?:?]
	at kotlinx.serialization.encoding.AbstractDecoder.decodeSerializableValue(AbstractDecoder.kt:43) ~[?:?]
	at kotlinx.serialization.encoding.AbstractDecoder.decodeSerializableElement(AbstractDecoder.kt:70) ~[?:?]
	at kotlinx.serialization.json.internal.StreamingJsonDecoder.decodeSerializableElement(StreamingJsonDecoder.kt:168) ~[?:?]
	at kotlinx.serialization.encoding.CompositeDecoder$DefaultImpls.decodeSerializableElement$default(Decoding.kt:538) ~[?:?]
	at kotlinx.serialization.internal.MapLikeSerializer.readElement(CollectionSerializers.kt:111) ~[?:?]
	at kotlinx.serialization.internal.MapLikeSerializer.readElement(CollectionSerializers.kt:84) ~[?:?]
	at kotlinx.serialization.internal.AbstractCollectionSerializer.readElement$default(CollectionSerializers.kt:51) ~[?:?]
	at kotlinx.serialization.internal.AbstractCollectionSerializer.merge(CollectionSerializers.kt:36) ~[?:?]
	at kotlinx.serialization.internal.AbstractCollectionSerializer.deserialize(CollectionSerializers.kt:43) ~[?:?]
	at kotlinx.serialization.json.internal.StreamingJsonDecoder.decodeSerializableValue(StreamingJsonDecoder.kt:69) ~[?:?]
	at kotlinx.serialization.encoding.AbstractDecoder.decodeSerializableValue(AbstractDecoder.kt:43) ~[?:?]
	at kotlinx.serialization.encoding.AbstractDecoder.decodeSerializableElement(AbstractDecoder.kt:70) ~[?:?]
	at kotlinx.serialization.json.internal.StreamingJsonDecoder.decodeSerializableElement(StreamingJsonDecoder.kt:168) ~[?:?]
	at gg.essential.model.file.AnimationFile$Animation$$serializer.deserialize(AnimationFile.kt:48) ~[?:?]
	at gg.essential.model.file.AnimationFile$Animation$$serializer.deserialize(AnimationFile.kt:48) ~[?:?]
	at kotlinx.serialization.json.internal.StreamingJsonDecoder.decodeSerializableValue(StreamingJsonDecoder.kt:69) ~[?:?]
	at kotlinx.serialization.encoding.AbstractDecoder.decodeSerializableValue(AbstractDecoder.kt:43) ~[?:?]
	at kotlinx.serialization.encoding.AbstractDecoder.decodeSerializableElement(AbstractDecoder.kt:70) ~[?:?]
	at kotlinx.serialization.json.internal.StreamingJsonDecoder.decodeSerializableElement(StreamingJsonDecoder.kt:168) ~[?:?]
	at kotlinx.serialization.encoding.CompositeDecoder$DefaultImpls.decodeSerializableElement$default(Decoding.kt:538) ~[?:?]
	at kotlinx.serialization.internal.MapLikeSerializer.readElement(CollectionSerializers.kt:111) ~[?:?]
	at kotlinx.serialization.internal.MapLikeSerializer.readElement(CollectionSerializers.kt:84) ~[?:?]
	at kotlinx.serialization.internal.AbstractCollectionSerializer.readElement$default(CollectionSerializers.kt:51) ~[?:?]
	at kotlinx.serialization.internal.AbstractCollectionSerializer.merge(CollectionSerializers.kt:36) ~[?:?]
	at kotlinx.serialization.internal.AbstractCollectionSerializer.deserialize(CollectionSerializers.kt:43) ~[?:?]
	at kotlinx.serialization.json.internal.StreamingJsonDecoder.decodeSerializableValue(StreamingJsonDecoder.kt:69) ~[?:?]
	at kotlinx.serialization.encoding.AbstractDecoder.decodeSerializableValue(AbstractDecoder.kt:43) ~[?:?]
	at kotlinx.serialization.encoding.AbstractDecoder.decodeSerializableElement(AbstractDecoder.kt:70) ~[?:?]
	at kotlinx.serialization.json.internal.StreamingJsonDecoder.decodeSerializableElement(StreamingJsonDecoder.kt:168) ~[?:?]
	at gg.essential.model.file.AnimationFile$$serializer.deserialize(AnimationFile.kt:41) ~[?:?]
	at gg.essential.model.file.AnimationFile$$serializer.deserialize(AnimationFile.kt:41) ~[?:?]
	at kotlinx.serialization.json.internal.StreamingJsonDecoder.decodeSerializableValue(StreamingJsonDecoder.kt:69) ~[?:?]
	at kotlinx.serialization.json.Json.decodeFromString(Json.kt:107) ~[?:?]
	at gg.essential.network.connectionmanager.cosmetics.AssetLoader$JsonAssetType$3.invoke(AssetLoader.kt:337) ~[?:?]
	at gg.essential.network.connectionmanager.cosmetics.AssetLoader$JsonAssetType$3.invoke(AssetLoader.kt:336) ~[?:?]
	at gg.essential.network.connectionmanager.cosmetics.AssetLoader$getAsset$1$future$1.invoke(AssetLoader.kt:91) ~[?:?]
	at gg.essential.network.connectionmanager.cosmetics.AssetLoader$getAsset$1$future$1.invoke(AssetLoader.kt:89) ~[?:?]
	at gg.essential.network.connectionmanager.cosmetics.AssetLoader$getAsset$1.invoke$lambda$0(AssetLoader.kt:89) ~[?:?]
	at java.util.concurrent.CompletableFuture$UniApply.tryFire(Unknown Source) ~[?:?]
	at java.util.concurrent.CompletableFuture$Completion.exec(Unknown Source) ~[?:?]
	at java.util.concurrent.ForkJoinTask.doExec(Unknown Source) ~[?:?]
	at java.util.concurrent.ForkJoinPool$WorkQueue.topLevelExec(Unknown Source) ~[?:?]
	at java.util.concurrent.ForkJoinPool.scan(Unknown Source) ~[?:?]
	at java.util.concurrent.ForkJoinPool.runWorker(Unknown Source) ~[?:?]
	at java.util.concurrent.ForkJoinWorkerThread.run(Unknown Source) ~[?:?]
[17:08:28] [ForkJoinPool.commonPool-worker-1/ERROR]: An error occurred building event handler
java.lang.ClassNotFoundException: gg.essential.model.file.ParticleEffectComponents$Direction$ObjectAsString
	at jdk.internal.loader.BuiltinClassLoader.loadClass(Unknown Source) ~[?:?]
	at jdk.internal.loader.ClassLoaders$AppClassLoader.loadClass(Unknown Source) ~[?:?]
	at java.lang.ClassLoader.loadClass(Unknown Source) ~[?:?]
	at net.minecraftforge.eventbus.EventSubclassTransformer.buildEvents(EventSubclassTransformer.java:97) ~[eventbus-6.0.5.jar:?]
	at net.minecraftforge.eventbus.EventSubclassTransformer.transform(EventSubclassTransformer.java:48) ~[eventbus-6.0.5.jar:?]
	at net.minecraftforge.eventbus.EventBusEngine.processClass(EventBusEngine.java:26) ~[eventbus-6.0.5.jar:?]
	at net.minecraftforge.eventbus.service.ModLauncherService.processClassWithFlags(ModLauncherService.java:32) ~[eventbus-6.0.5.jar:6.0.5+6.0.5+master.eb8e549b]
	at cpw.mods.modlauncher.LaunchPluginHandler.offerClassNodeToPlugins(LaunchPluginHandler.java:88) ~[modlauncher-10.0.9.jar:?]
	at cpw.mods.modlauncher.ClassTransformer.transform(ClassTransformer.java:120) ~[modlauncher-10.0.9.jar:?]
	at cpw.mods.modlauncher.TransformingClassLoader.maybeTransformClassBytes(TransformingClassLoader.java:50) ~[modlauncher-10.0.9.jar:?]
	at cpw.mods.cl.ModuleClassLoader.readerToClass(ModuleClassLoader.java:113) ~[securejarhandler-2.1.10.jar:?]
	at cpw.mods.cl.ModuleClassLoader.lambda$findClass$15(ModuleClassLoader.java:219) ~[securejarhandler-2.1.10.jar:?]
	at cpw.mods.cl.ModuleClassLoader.loadFromModule(ModuleClassLoader.java:229) ~[securejarhandler-2.1.10.jar:?]
	at cpw.mods.cl.ModuleClassLoader.findClass(ModuleClassLoader.java:219) ~[securejarhandler-2.1.10.jar:?]
	at cpw.mods.cl.ModuleClassLoader.loadClass(ModuleClassLoader.java:135) ~[securejarhandler-2.1.10.jar:?]
	at java.lang.ClassLoader.loadClass(Unknown Source) ~[?:?]
	at gg.essential.model.file.ParticleEffectComponents$Direction$Inwards$1.invoke(ParticlesFile.kt:343) ~[?:?]
	at gg.essential.model.file.ParticleEffectComponents$Direction$Inwards$1.invoke(ParticlesFile.kt:343) ~[?:?]
	at kotlin.SafePublicationLazyImpl.getValue(LazyJVM.kt:107) ~[?:?]
	at gg.essential.model.file.ParticleEffectComponents$Direction$Inwards.get$cachedSerializer(ParticlesFile.kt:343) ~[?:?]
	at gg.essential.model.file.ParticleEffectComponents$Direction$Inwards.serializer(ParticlesFile.kt:343) ~[?:?]
	at gg.essential.model.file.ParticleEffectComponents$Direction$Serializer.selectDeserializer(ParticlesFile.kt:354) ~[?:?]
	at kotlinx.serialization.json.JsonContentPolymorphicSerializer.deserialize(JsonContentPolymorphicSerializer.kt:93) ~[?:?]
	at kotlinx.serialization.json.internal.StreamingJsonDecoder.decodeSerializableValue(StreamingJsonDecoder.kt:69) ~[?:?]
	at kotlinx.serialization.encoding.AbstractDecoder.decodeSerializableValue(AbstractDecoder.kt:43) ~[?:?]
	at kotlinx.serialization.encoding.AbstractDecoder.decodeSerializableElement(AbstractDecoder.kt:70) ~[?:?]
	at kotlinx.serialization.json.internal.StreamingJsonDecoder.decodeSerializableElement(StreamingJsonDecoder.kt:168) ~[?:?]
	at gg.essential.model.file.ParticleEffectComponents$EmitterShapeBox$$serializer.deserialize(ParticlesFile.kt:378) ~[?:?]
	at gg.essential.model.file.ParticleEffectComponents$EmitterShapeBox$$serializer.deserialize(ParticlesFile.kt:378) ~[?:?]
	at kotlinx.serialization.json.internal.StreamingJsonDecoder.decodeSerializableValue(StreamingJsonDecoder.kt:69) ~[?:?]
	at kotlinx.serialization.encoding.AbstractDecoder.decodeSerializableValue(AbstractDecoder.kt:43) ~[?:?]
	at kotlinx.serialization.encoding.AbstractDecoder.decodeNullableSerializableElement(AbstractDecoder.kt:78) ~[?:?]
	at gg.essential.model.file.ParticleEffectComponents$$serializer.deserialize(ParticlesFile.kt:178) ~[?:?]
	at gg.essential.model.file.ParticleEffectComponents$$serializer.deserialize(ParticlesFile.kt:178) ~[?:?]
	at kotlinx.serialization.json.internal.StreamingJsonDecoder.decodeSerializableValue(StreamingJsonDecoder.kt:69) ~[?:?]
	at kotlinx.serialization.encoding.AbstractDecoder.decodeSerializableValue(AbstractDecoder.kt:43) ~[?:?]
	at kotlinx.serialization.encoding.AbstractDecoder.decodeSerializableElement(AbstractDecoder.kt:70) ~[?:?]
	at kotlinx.serialization.json.internal.StreamingJsonDecoder.decodeSerializableElement(StreamingJsonDecoder.kt:168) ~[?:?]
	at gg.essential.model.file.ParticlesFile$ParticleEffect$$serializer.deserialize(ParticlesFile.kt:59) ~[?:?]
	at gg.essential.model.file.ParticlesFile$ParticleEffect$$serializer.deserialize(ParticlesFile.kt:59) ~[?:?]
	at kotlinx.serialization.json.internal.StreamingJsonDecoder.decodeSerializableValue(StreamingJsonDecoder.kt:69) ~[?:?]
	at kotlinx.serialization.encoding.AbstractDecoder.decodeSerializableValue(AbstractDecoder.kt:43) ~[?:?]
	at kotlinx.serialization.encoding.AbstractDecoder.decodeSerializableElement(AbstractDecoder.kt:70) ~[?:?]
	at kotlinx.serialization.json.internal.StreamingJsonDecoder.decodeSerializableElement(StreamingJsonDecoder.kt:168) ~[?:?]
	at gg.essential.model.file.ParticlesFile$$serializer.deserialize(ParticlesFile.kt:52) ~[?:?]
	at gg.essential.model.file.ParticlesFile$$serializer.deserialize(ParticlesFile.kt:52) ~[?:?]
	at kotlinx.serialization.json.internal.StreamingJsonDecoder.decodeSerializableValue(StreamingJsonDecoder.kt:69) ~[?:?]
	at kotlinx.serialization.json.Json.decodeFromString(Json.kt:107) ~[?:?]
	at gg.essential.network.connectionmanager.cosmetics.AssetLoader$JsonAssetType$3.invoke(AssetLoader.kt:337) ~[?:?]
	at gg.essential.network.connectionmanager.cosmetics.AssetLoader$JsonAssetType$3.invoke(AssetLoader.kt:336) ~[?:?]
	at gg.essential.network.connectionmanager.cosmetics.AssetLoader$getAsset$1$future$1.invoke(AssetLoader.kt:91) ~[?:?]
	at gg.essential.network.connectionmanager.cosmetics.AssetLoader$getAsset$1$future$1.invoke(AssetLoader.kt:89) ~[?:?]
	at gg.essential.network.connectionmanager.cosmetics.AssetLoader$getAsset$1.invoke$lambda$0(AssetLoader.kt:89) ~[?:?]
	at java.util.concurrent.CompletableFuture$UniApply.tryFire(Unknown Source) ~[?:?]
	at java.util.concurrent.CompletableFuture$Completion.exec(Unknown Source) ~[?:?]
	at java.util.concurrent.ForkJoinTask.doExec(Unknown Source) ~[?:?]
	at java.util.concurrent.ForkJoinPool$WorkQueue.topLevelExec(Unknown Source) ~[?:?]
	at java.util.concurrent.ForkJoinPool.scan(Unknown Source) ~[?:?]
	at java.util.concurrent.ForkJoinPool.runWorker(Unknown Source) ~[?:?]
	at java.util.concurrent.ForkJoinWorkerThread.run(Unknown Source) ~[?:?]
[17:08:28] [ForkJoinPool.commonPool-worker-7/ERROR]: Could not find parent gg/essential/model/file/ModelFile$Uvs for class gg/essential/model/file/ModelFile$Uvs$PerFace in classloader jdk.internal.loader.ClassLoaders$AppClassLoader@30c7da1e on thread Thread[ForkJoinPool.commonPool-worker-7,5,main]
[17:08:28] [ForkJoinPool.commonPool-worker-6/ERROR]: Could not find parent kotlin/jvm/internal/Lambda for class gg/essential/model/molang/ComparisonExpr$Op$3 in classloader jdk.internal.loader.ClassLoaders$AppClassLoader@30c7da1e on thread Thread[ForkJoinPool.commonPool-worker-6,5,main]
[17:08:28] [ForkJoinPool.commonPool-worker-3/ERROR]: Could not find parent kotlin/jvm/internal/Lambda for class gg/essential/model/file/ParticleEffectComponents$ParticleAppearanceBillboard$Direction$Companion$1 in classloader jdk.internal.loader.ClassLoaders$AppClassLoader@30c7da1e on thread Thread[ForkJoinPool.commonPool-worker-3,5,main]
[17:08:28] [ForkJoinPool.commonPool-worker-7/ERROR]: An error occurred building event handler
java.lang.ClassNotFoundException: gg.essential.model.file.ModelFile$Uvs
	at jdk.internal.loader.BuiltinClassLoader.loadClass(Unknown Source) ~[?:?]
	at jdk.internal.loader.ClassLoaders$AppClassLoader.loadClass(Unknown Source) ~[?:?]
	at java.lang.ClassLoader.loadClass(Unknown Source) ~[?:?]
	at net.minecraftforge.eventbus.EventSubclassTransformer.buildEvents(EventSubclassTransformer.java:97) ~[eventbus-6.0.5.jar:?]
	at net.minecraftforge.eventbus.EventSubclassTransformer.transform(EventSubclassTransformer.java:48) ~[eventbus-6.0.5.jar:?]
	at net.minecraftforge.eventbus.EventBusEngine.processClass(EventBusEngine.java:26) ~[eventbus-6.0.5.jar:?]
	at net.minecraftforge.eventbus.service.ModLauncherService.processClassWithFlags(ModLauncherService.java:32) ~[eventbus-6.0.5.jar:6.0.5+6.0.5+master.eb8e549b]
	at cpw.mods.modlauncher.LaunchPluginHandler.offerClassNodeToPlugins(LaunchPluginHandler.java:88) ~[modlauncher-10.0.9.jar:?]
	at cpw.mods.modlauncher.ClassTransformer.transform(ClassTransformer.java:120) ~[modlauncher-10.0.9.jar:?]
	at cpw.mods.modlauncher.TransformingClassLoader.maybeTransformClassBytes(TransformingClassLoader.java:50) ~[modlauncher-10.0.9.jar:?]
	at cpw.mods.cl.ModuleClassLoader.readerToClass(ModuleClassLoader.java:113) ~[securejarhandler-2.1.10.jar:?]
	at cpw.mods.cl.ModuleClassLoader.lambda$findClass$15(ModuleClassLoader.java:219) ~[securejarhandler-2.1.10.jar:?]
	at cpw.mods.cl.ModuleClassLoader.loadFromModule(ModuleClassLoader.java:229) ~[securejarhandler-2.1.10.jar:?]
	at cpw.mods.cl.ModuleClassLoader.findClass(ModuleClassLoader.java:219) ~[securejarhandler-2.1.10.jar:?]
	at cpw.mods.cl.ModuleClassLoader.loadClass(ModuleClassLoader.java:135) ~[securejarhandler-2.1.10.jar:?]
	at java.lang.ClassLoader.loadClass(Unknown Source) ~[?:?]
	at gg.essential.model.file.UvsSerializer.selectDeserializer(ModelFile.kt:111) ~[?:?]
	at kotlinx.serialization.json.JsonContentPolymorphicSerializer.deserialize(JsonContentPolymorphicSerializer.kt:93) ~[?:?]
	at kotlinx.serialization.json.internal.StreamingJsonDecoder.decodeSerializableValue(StreamingJsonDecoder.kt:69) ~[?:?]
	at kotlinx.serialization.encoding.AbstractDecoder.decodeSerializableValue(AbstractDecoder.kt:43) ~[?:?]
	at kotlinx.serialization.encoding.AbstractDecoder.decodeSerializableElement(AbstractDecoder.kt:70) ~[?:?]
	at kotlinx.serialization.json.internal.StreamingJsonDecoder.decodeSerializableElement(StreamingJsonDecoder.kt:168) ~[?:?]
	at gg.essential.model.file.ModelFile$Cube$$serializer.deserialize(ModelFile.kt:66) ~[?:?]
	at gg.essential.model.file.ModelFile$Cube$$serializer.deserialize(ModelFile.kt:66) ~[?:?]
	at kotlinx.serialization.json.internal.StreamingJsonDecoder.decodeSerializableValue(StreamingJsonDecoder.kt:69) ~[?:?]
	at kotlinx.serialization.encoding.AbstractDecoder.decodeSerializableValue(AbstractDecoder.kt:43) ~[?:?]
	at kotlinx.serialization.encoding.AbstractDecoder.decodeSerializableElement(AbstractDecoder.kt:70) ~[?:?]
	at kotlinx.serialization.json.internal.StreamingJsonDecoder.decodeSerializableElement(StreamingJsonDecoder.kt:168) ~[?:?]
	at kotlinx.serialization.encoding.CompositeDecoder$DefaultImpls.decodeSerializableElement$default(Decoding.kt:538) ~[?:?]
	at kotlinx.serialization.internal.CollectionLikeSerializer.readElement(CollectionSerializers.kt:80) ~[?:?]
	at kotlinx.serialization.internal.AbstractCollectionSerializer.readElement$default(CollectionSerializers.kt:51) ~[?:?]
	at kotlinx.serialization.internal.AbstractCollectionSerializer.merge(CollectionSerializers.kt:36) ~[?:?]
	at kotlinx.serialization.internal.AbstractCollectionSerializer.deserialize(CollectionSerializers.kt:43) ~[?:?]
	at kotlinx.serialization.json.internal.StreamingJsonDecoder.decodeSerializableValue(StreamingJsonDecoder.kt:69) ~[?:?]
	at kotlinx.serialization.encoding.AbstractDecoder.decodeSerializableValue(AbstractDecoder.kt:43) ~[?:?]
	at kotlinx.serialization.encoding.AbstractDecoder.decodeSerializableElement(AbstractDecoder.kt:70) ~[?:?]
	at kotlinx.serialization.json.internal.StreamingJsonDecoder.decodeSerializableElement(StreamingJsonDecoder.kt:168) ~[?:?]
	at gg.essential.model.file.ModelFile$Bone$$serializer.deserialize(ModelFile.kt:54) ~[?:?]
	at gg.essential.model.file.ModelFile$Bone$$serializer.deserialize(ModelFile.kt:54) ~[?:?]
	at kotlinx.serialization.json.internal.StreamingJsonDecoder.decodeSerializableValue(StreamingJsonDecoder.kt:69) ~[?:?]
	at kotlinx.serialization.encoding.AbstractDecoder.decodeSerializableValue(AbstractDecoder.kt:43) ~[?:?]
	at kotlinx.serialization.encoding.AbstractDecoder.decodeSerializableElement(AbstractDecoder.kt:70) ~[?:?]
	at kotlinx.serialization.json.internal.StreamingJsonDecoder.decodeSerializableElement(StreamingJsonDecoder.kt:168) ~[?:?]
	at kotlinx.serialization.encoding.CompositeDecoder$DefaultImpls.decodeSerializableElement$default(Decoding.kt:538) ~[?:?]
	at kotlinx.serialization.internal.CollectionLikeSerializer.readElement(CollectionSerializers.kt:80) ~[?:?]
	at kotlinx.serialization.internal.AbstractCollectionSerializer.readElement$default(CollectionSerializers.kt:51) ~[?:?]
	at kotlinx.serialization.internal.AbstractCollectionSerializer.merge(CollectionSerializers.kt:36) ~[?:?]
	at kotlinx.serialization.internal.AbstractCollectionSerializer.deserialize(CollectionSerializers.kt:43) ~[?:?]
	at kotlinx.serialization.json.internal.StreamingJsonDecoder.decodeSerializableValue(StreamingJsonDecoder.kt:69) ~[?:?]
	at kotlinx.serialization.encoding.AbstractDecoder.decodeSerializableValue(AbstractDecoder.kt:43) ~[?:?]
	at kotlinx.serialization.encoding.AbstractDecoder.decodeSerializableElement(AbstractDecoder.kt:70) ~[?:?]
	at kotlinx.serialization.json.internal.StreamingJsonDecoder.decodeSerializableElement(StreamingJsonDecoder.kt:168) ~[?:?]
	at gg.essential.model.file.ModelFile$Geometry$$serializer.deserialize(ModelFile.kt:37) ~[?:?]
	at gg.essential.model.file.ModelFile$Geometry$$serializer.deserialize(ModelFile.kt:37) ~[?:?]
	at kotlinx.serialization.json.internal.StreamingJsonDecoder.decodeSerializableValue(StreamingJsonDecoder.kt:69) ~[?:?]
	at kotlinx.serialization.encoding.AbstractDecoder.decodeSerializableValue(AbstractDecoder.kt:43) ~[?:?]
	at kotlinx.serialization.encoding.AbstractDecoder.decodeSerializableElement(AbstractDecoder.kt:70) ~[?:?]
	at kotlinx.serialization.json.internal.StreamingJsonDecoder.decodeSerializableElement(StreamingJsonDecoder.kt:168) ~[?:?]
	at kotlinx.serialization.encoding.CompositeDecoder$DefaultImpls.decodeSerializableElement$default(Decoding.kt:538) ~[?:?]
	at kotlinx.serialization.internal.CollectionLikeSerializer.readElement(CollectionSerializers.kt:80) ~[?:?]
	at kotlinx.serialization.internal.AbstractCollectionSerializer.readElement$default(CollectionSerializers.kt:51) ~[?:?]
	at kotlinx.serialization.internal.AbstractCollectionSerializer.merge(CollectionSerializers.kt:36) ~[?:?]
	at kotlinx.serialization.internal.AbstractCollectionSerializer.deserialize(CollectionSerializers.kt:43) ~[?:?]
	at kotlinx.serialization.json.internal.StreamingJsonDecoder.decodeSerializableValue(StreamingJsonDecoder.kt:69) ~[?:?]
	at kotlinx.serialization.encoding.AbstractDecoder.decodeSerializableValue(AbstractDecoder.kt:43) ~[?:?]
	at kotlinx.serialization.encoding.AbstractDecoder.decodeSerializableElement(AbstractDecoder.kt:70) ~[?:?]
	at kotlinx.serialization.json.internal.StreamingJsonDecoder.decodeSerializableElement(StreamingJsonDecoder.kt:168) ~[?:?]
	at gg.essential.model.file.ModelFile$$serializer.deserialize(ModelFile.kt:30) ~[?:?]
	at gg.essential.model.file.ModelFile$$serializer.deserialize(ModelFile.kt:30) ~[?:?]
	at kotlinx.serialization.json.internal.StreamingJsonDecoder.decodeSerializableValue(StreamingJsonDecoder.kt:69) ~[?:?]
	at kotlinx.serialization.json.Json.decodeFromString(Json.kt:107) ~[?:?]
	at gg.essential.network.connectionmanager.cosmetics.AssetLoader$JsonAssetType$3.invoke(AssetLoader.kt:337) ~[?:?]
	at gg.essential.network.connectionmanager.cosmetics.AssetLoader$JsonAssetType$3.invoke(AssetLoader.kt:336) ~[?:?]
	at gg.essential.network.connectionmanager.cosmetics.AssetLoader$getAsset$1$future$1.invoke(AssetLoader.kt:91) ~[?:?]
	at gg.essential.network.connectionmanager.cosmetics.AssetLoader$getAsset$1$future$1.invoke(AssetLoader.kt:89) ~[?:?]
	at gg.essential.network.connectionmanager.cosmetics.AssetLoader$getAsset$1.invoke$lambda$0(AssetLoader.kt:89) ~[?:?]
	at java.util.concurrent.CompletableFuture$UniApply.tryFire(Unknown Source) ~[?:?]
	at java.util.concurrent.CompletableFuture$Completion.exec(Unknown Source) ~[?:?]
	at java.util.concurrent.ForkJoinTask.doExec(Unknown Source) ~[?:?]
	at java.util.concurrent.ForkJoinPool$WorkQueue.topLevelExec(Unknown Source) ~[?:?]
	at java.util.concurrent.ForkJoinPool.scan(Unknown Source) ~[?:?]
	at java.util.concurrent.ForkJoinPool.runWorker(Unknown Source) ~[?:?]
	at java.util.concurrent.ForkJoinWorkerThread.run(Unknown Source) ~[?:?]
[17:08:28] [ForkJoinPool.commonPool-worker-3/ERROR]: An error occurred building event handler
java.lang.ClassNotFoundException: kotlin.jvm.internal.Lambda
	at jdk.internal.loader.BuiltinClassLoader.loadClass(Unknown Source) ~[?:?]
	at jdk.internal.loader.ClassLoaders$AppClassLoader.loadClass(Unknown Source) ~[?:?]
	at java.lang.ClassLoader.loadClass(Unknown Source) ~[?:?]
	at net.minecraftforge.eventbus.EventSubclassTransformer.buildEvents(EventSubclassTransformer.java:97) ~[eventbus-6.0.5.jar:?]
	at net.minecraftforge.eventbus.EventSubclassTransformer.transform(EventSubclassTransformer.java:48) ~[eventbus-6.0.5.jar:?]
	at net.minecraftforge.eventbus.EventBusEngine.processClass(EventBusEngine.java:26) ~[eventbus-6.0.5.jar:?]
	at net.minecraftforge.eventbus.service.ModLauncherService.processClassWithFlags(ModLauncherService.java:32) ~[eventbus-6.0.5.jar:6.0.5+6.0.5+master.eb8e549b]
	at cpw.mods.modlauncher.LaunchPluginHandler.offerClassNodeToPlugins(LaunchPluginHandler.java:88) ~[modlauncher-10.0.9.jar:?]
	at cpw.mods.modlauncher.ClassTransformer.transform(ClassTransformer.java:120) ~[modlauncher-10.0.9.jar:?]
	at cpw.mods.modlauncher.TransformingClassLoader.maybeTransformClassBytes(TransformingClassLoader.java:50) ~[modlauncher-10.0.9.jar:?]
	at cpw.mods.cl.ModuleClassLoader.readerToClass(ModuleClassLoader.java:113) ~[securejarhandler-2.1.10.jar:?]
	at cpw.mods.cl.ModuleClassLoader.lambda$findClass$15(ModuleClassLoader.java:219) ~[securejarhandler-2.1.10.jar:?]
	at cpw.mods.cl.ModuleClassLoader.loadFromModule(ModuleClassLoader.java:229) ~[securejarhandler-2.1.10.jar:?]
	at cpw.mods.cl.ModuleClassLoader.findClass(ModuleClassLoader.java:219) ~[securejarhandler-2.1.10.jar:?]
	at cpw.mods.cl.ModuleClassLoader.loadClass(ModuleClassLoader.java:135) ~[securejarhandler-2.1.10.jar:?]
	at java.lang.ClassLoader.loadClass(Unknown Source) ~[?:?]
	at gg.essential.model.file.ParticleEffectComponents$ParticleAppearanceBillboard$Direction.<clinit>(ParticlesFile.kt:485) ~[?:?]
	at gg.essential.model.file.ParticleEffectComponents$ParticleAppearanceBillboard.<clinit>(ParticlesFile.kt:435) ~[?:?]
	at gg.essential.model.file.ParticleEffectComponents$ParticleAppearanceBillboard$$serializer.deserialize(ParticlesFile.kt:435) ~[?:?]
	at gg.essential.model.file.ParticleEffectComponents$ParticleAppearanceBillboard$$serializer.deserialize(ParticlesFile.kt:435) ~[?:?]
	at kotlinx.serialization.json.internal.StreamingJsonDecoder.decodeSerializableValue(StreamingJsonDecoder.kt:69) ~[?:?]
	at kotlinx.serialization.encoding.AbstractDecoder.decodeSerializableValue(AbstractDecoder.kt:43) ~[?:?]
	at kotlinx.serialization.encoding.AbstractDecoder.decodeNullableSerializableElement(AbstractDecoder.kt:78) ~[?:?]
	at gg.essential.model.file.ParticleEffectComponents$$serializer.deserialize(ParticlesFile.kt:178) ~[?:?]
	at gg.essential.model.file.ParticleEffectComponents$$serializer.deserialize(ParticlesFile.kt:178) ~[?:?]
	at kotlinx.serialization.json.internal.StreamingJsonDecoder.decodeSerializableValue(StreamingJsonDecoder.kt:69) ~[?:?]
	at kotlinx.serialization.encoding.AbstractDecoder.decodeSerializableValue(AbstractDecoder.kt:43) ~[?:?]
	at kotlinx.serialization.encoding.AbstractDecoder.decodeSerializableElement(AbstractDecoder.kt:70) ~[?:?]
	at kotlinx.serialization.json.internal.StreamingJsonDecoder.decodeSerializableElement(StreamingJsonDecoder.kt:168) ~[?:?]
	at gg.essential.model.file.ParticlesFile$ParticleEffect$$serializer.deserialize(ParticlesFile.kt:59) ~[?:?]
	at gg.essential.model.file.ParticlesFile$ParticleEffect$$serializer.deserialize(ParticlesFile.kt:59) ~[?:?]
	at kotlinx.serialization.json.internal.StreamingJsonDecoder.decodeSerializableValue(StreamingJsonDecoder.kt:69) ~[?:?]
	at kotlinx.serialization.encoding.AbstractDecoder.decodeSerializableValue(AbstractDecoder.kt:43) ~[?:?]
	at kotlinx.serialization.encoding.AbstractDecoder.decodeSerializableElement(AbstractDecoder.kt:70) ~[?:?]
	at kotlinx.serialization.json.internal.StreamingJsonDecoder.decodeSerializableElement(StreamingJsonDecoder.kt:168) ~[?:?]
	at gg.essential.model.file.ParticlesFile$$serializer.deserialize(ParticlesFile.kt:52) ~[?:?]
	at gg.essential.model.file.ParticlesFile$$serializer.deserialize(ParticlesFile.kt:52) ~[?:?]
	at kotlinx.serialization.json.internal.StreamingJsonDecoder.decodeSerializableValue(StreamingJsonDecoder.kt:69) ~[?:?]
	at kotlinx.serialization.json.Json.decodeFromString(Json.kt:107) ~[?:?]
	at gg.essential.network.connectionmanager.cosmetics.AssetLoader$JsonAssetType$3.invoke(AssetLoader.kt:337) ~[?:?]
	at gg.essential.network.connectionmanager.cosmetics.AssetLoader$JsonAssetType$3.invoke(AssetLoader.kt:336) ~[?:?]
	at gg.essential.network.connectionmanager.cosmetics.AssetLoader$getAsset$1$future$1.invoke(AssetLoader.kt:91) ~[?:?]
	at gg.essential.network.connectionmanager.cosmetics.AssetLoader$getAsset$1$future$1.invoke(AssetLoader.kt:89) ~[?:?]
	at gg.essential.network.connectionmanager.cosmetics.AssetLoader$getAsset$1.invoke$lambda$0(AssetLoader.kt:89) ~[?:?]
	at java.util.concurrent.CompletableFuture$UniApply.tryFire(Unknown Source) ~[?:?]
	at java.util.concurrent.CompletableFuture$Completion.exec(Unknown Source) ~[?:?]
	at java.util.concurrent.ForkJoinTask.doExec(Unknown Source) ~[?:?]
	at java.util.concurrent.ForkJoinPool$WorkQueue.topLevelExec(Unknown Source) ~[?:?]
	at java.util.concurrent.ForkJoinPool.scan(Unknown Source) ~[?:?]
	at java.util.concurrent.ForkJoinPool.runWorker(Unknown Source) ~[?:?]
	at java.util.concurrent.ForkJoinWorkerThread.run(Unknown Source) ~[?:?]
[17:08:28] [ForkJoinPool.commonPool-worker-6/ERROR]: An error occurred building event handler
java.lang.ClassNotFoundException: kotlin.jvm.internal.Lambda
	at jdk.internal.loader.BuiltinClassLoader.loadClass(Unknown Source) ~[?:?]
	at jdk.internal.loader.ClassLoaders$AppClassLoader.loadClass(Unknown Source) ~[?:?]
	at java.lang.ClassLoader.loadClass(Unknown Source) ~[?:?]
	at net.minecraftforge.eventbus.EventSubclassTransformer.buildEvents(EventSubclassTransformer.java:97) ~[eventbus-6.0.5.jar:?]
	at net.minecraftforge.eventbus.EventSubclassTransformer.transform(EventSubclassTransformer.java:48) ~[eventbus-6.0.5.jar:?]
	at net.minecraftforge.eventbus.EventBusEngine.processClass(EventBusEngine.java:26) ~[eventbus-6.0.5.jar:?]
	at net.minecraftforge.eventbus.service.ModLauncherService.processClassWithFlags(ModLauncherService.java:32) ~[eventbus-6.0.5.jar:6.0.5+6.0.5+master.eb8e549b]
	at cpw.mods.modlauncher.LaunchPluginHandler.offerClassNodeToPlugins(LaunchPluginHandler.java:88) ~[modlauncher-10.0.9.jar:?]
	at cpw.mods.modlauncher.ClassTransformer.transform(ClassTransformer.java:120) ~[modlauncher-10.0.9.jar:?]
	at cpw.mods.modlauncher.TransformingClassLoader.maybeTransformClassBytes(TransformingClassLoader.java:50) ~[modlauncher-10.0.9.jar:?]
	at cpw.mods.cl.ModuleClassLoader.readerToClass(ModuleClassLoader.java:113) ~[securejarhandler-2.1.10.jar:?]
	at cpw.mods.cl.ModuleClassLoader.lambda$findClass$15(ModuleClassLoader.java:219) ~[securejarhandler-2.1.10.jar:?]
	at cpw.mods.cl.ModuleClassLoader.loadFromModule(ModuleClassLoader.java:229) ~[securejarhandler-2.1.10.jar:?]
	at cpw.mods.cl.ModuleClassLoader.findClass(ModuleClassLoader.java:219) ~[securejarhandler-2.1.10.jar:?]
	at cpw.mods.cl.ModuleClassLoader.loadClass(ModuleClassLoader.java:135) ~[securejarhandler-2.1.10.jar:?]
	at java.lang.ClassLoader.loadClass(Unknown Source) ~[?:?]
	at gg.essential.model.molang.ComparisonExpr$Op.<clinit>(MolangExpression.kt:124) ~[?:?]
	at gg.essential.model.molang.Parser.parseComparisons(MolangExpression.kt:303) ~[?:?]
	at gg.essential.model.molang.Parser.parseEqualityChecks(MolangExpression.kt:309) ~[?:?]
	at gg.essential.model.molang.Parser.parseLogicalAnds(MolangExpression.kt:318) ~[?:?]
	at gg.essential.model.molang.Parser.parseLogicalOrs(MolangExpression.kt:328) ~[?:?]
	at gg.essential.model.molang.Parser.parseTernary(MolangExpression.kt:338) ~[?:?]
	at gg.essential.model.molang.Parser.parseNullCoalescing(MolangExpression.kt:350) ~[?:?]
	at gg.essential.model.molang.Parser.parseExpression(MolangExpression.kt:359) ~[?:?]
	at gg.essential.model.molang.Parser.parseAssignment(MolangExpression.kt:364) ~[?:?]
	at gg.essential.model.molang.Parser.parseStatement(MolangExpression.kt:378) ~[?:?]
	at gg.essential.model.molang.Parser.parseStatements(MolangExpression.kt:383) ~[?:?]
	at gg.essential.model.molang.Parser.parseMolang(MolangExpression.kt:396) ~[?:?]
	at gg.essential.model.molang.Parser.fullyParseMolang(MolangExpression.kt:418) ~[?:?]
	at gg.essential.model.molang.Parser.tryFullyParseMolang(MolangExpression.kt:426) ~[?:?]
	at gg.essential.model.molang.MolangExpressionKt.parseMolangExpression(MolangExpression.kt:434) ~[?:?]
	at gg.essential.model.molang.MolangExpressionKt.parseMolangExpression(MolangExpression.kt:436) ~[?:?]
	at gg.essential.model.file.KeyframeSerializer.parse$lambda$3$parseMolangVector(AnimationFile.kt:123) ~[?:?]
	at gg.essential.model.file.KeyframeSerializer.parse(AnimationFile.kt:139) ~[?:?]
	at gg.essential.model.file.KeyframeSerializer.deserialize(AnimationFile.kt:116) ~[?:?]
	at gg.essential.model.file.KeyframeSerializer.deserialize(AnimationFile.kt:114) ~[?:?]
	at kotlinx.serialization.json.internal.PolymorphicKt.decodeSerializableValuePolymorphic(Polymorphic.kt:77) ~[?:?]
	at kotlinx.serialization.json.internal.AbstractJsonTreeDecoder.decodeSerializableValue(TreeJsonDecoder.kt:52) ~[?:?]
	at kotlinx.serialization.internal.TaggedDecoder.decodeSerializableValue(Tagged.kt:207) ~[?:?]
	at kotlinx.serialization.internal.TaggedDecoder$decodeSerializableElement$1.invoke(Tagged.kt:279) ~[?:?]
	at kotlinx.serialization.internal.TaggedDecoder.tagBlock(Tagged.kt:294) ~[?:?]
	at kotlinx.serialization.internal.TaggedDecoder.decodeSerializableElement(Tagged.kt:279) ~[?:?]
	at kotlinx.serialization.encoding.CompositeDecoder$DefaultImpls.decodeSerializableElement$default(Decoding.kt:538) ~[?:?]
	at kotlinx.serialization.internal.MapLikeSerializer.readElement(CollectionSerializers.kt:111) ~[?:?]
	at kotlinx.serialization.internal.MapLikeSerializer.readElement(CollectionSerializers.kt:84) ~[?:?]
	at kotlinx.serialization.internal.AbstractCollectionSerializer.readElement$default(CollectionSerializers.kt:51) ~[?:?]
	at kotlinx.serialization.internal.AbstractCollectionSerializer.merge(CollectionSerializers.kt:36) ~[?:?]
	at kotlinx.serialization.internal.AbstractCollectionSerializer.deserialize(CollectionSerializers.kt:43) ~[?:?]
	at kotlinx.serialization.json.internal.PolymorphicKt.decodeSerializableValuePolymorphic(Polymorphic.kt:77) ~[?:?]
	at kotlinx.serialization.json.internal.AbstractJsonTreeDecoder.decodeSerializableValue(TreeJsonDecoder.kt:52) ~[?:?]
	at gg.essential.model.util.TreeMapSerializer.deserialize(TreeMap.kt:73) ~[?:?]
	at gg.essential.model.util.TreeMapSerializer.deserialize(TreeMap.kt:69) ~[?:?]
	at kotlinx.serialization.json.internal.PolymorphicKt.decodeSerializableValuePolymorphic(Polymorphic.kt:77) ~[?:?]
	at kotlinx.serialization.json.internal.AbstractJsonTreeDecoder.decodeSerializableValue(TreeJsonDecoder.kt:52) ~[?:?]
	at kotlinx.serialization.json.internal.TreeJsonDecoderKt.readJson(TreeJsonDecoder.kt:25) ~[?:?]
	at kotlinx.serialization.json.Json.decodeFromJsonElement(Json.kt:127) ~[?:?]
	at kotlinx.serialization.json.JsonTransformingSerializer.deserialize(JsonTransformingSerializer.kt:78) ~[?:?]
	at gg.essential.model.file.KeyframesSerializer.deserialize(AnimationFile.kt:105) ~[?:?]
	at gg.essential.model.file.KeyframesSerializer.deserialize(AnimationFile.kt:103) ~[?:?]
	at kotlinx.serialization.json.internal.StreamingJsonDecoder.decodeSerializableValue(StreamingJsonDecoder.kt:69) ~[?:?]
	at kotlinx.serialization.encoding.AbstractDecoder.decodeSerializableValue(AbstractDecoder.kt:43) ~[?:?]
	at kotlinx.serialization.encoding.AbstractDecoder.decodeNullableSerializableElement(AbstractDecoder.kt:78) ~[?:?]
	at gg.essential.model.Channels$$serializer.deserialize(Animation.kt:372) ~[?:?]
	at gg.essential.model.Channels$$serializer.deserialize(Animation.kt:372) ~[?:?]
	at kotlinx.serialization.json.internal.StreamingJsonDecoder.decodeSerializableValue(StreamingJsonDecoder.kt:69) ~[?:?]
	at kotlinx.serialization.encoding.AbstractDecoder.decodeSerializableValue(AbstractDecoder.kt:43) ~[?:?]
	at kotlinx.serialization.encoding.AbstractDecoder.decodeSerializableElement(AbstractDecoder.kt:70) ~[?:?]
	at kotlinx.serialization.json.internal.StreamingJsonDecoder.decodeSerializableElement(StreamingJsonDecoder.kt:168) ~[?:?]
	at kotlinx.serialization.encoding.CompositeDecoder$DefaultImpls.decodeSerializableElement$default(Decoding.kt:538) ~[?:?]
	at kotlinx.serialization.internal.MapLikeSerializer.readElement(CollectionSerializers.kt:111) ~[?:?]
	at kotlinx.serialization.internal.MapLikeSerializer.readElement(CollectionSerializers.kt:84) ~[?:?]
	at kotlinx.serialization.internal.AbstractCollectionSerializer.readElement$default(CollectionSerializers.kt:51) ~[?:?]
	at kotlinx.serialization.internal.AbstractCollectionSerializer.merge(CollectionSerializers.kt:36) ~[?:?]
	at kotlinx.serialization.internal.AbstractCollectionSerializer.deserialize(CollectionSerializers.kt:43) ~[?:?]
	at kotlinx.serialization.json.internal.StreamingJsonDecoder.decodeSerializableValue(StreamingJsonDecoder.kt:69) ~[?:?]
	at kotlinx.serialization.encoding.AbstractDecoder.decodeSerializableValue(AbstractDecoder.kt:43) ~[?:?]
	at kotlinx.serialization.encoding.AbstractDecoder.decodeSerializableElement(AbstractDecoder.kt:70) ~[?:?]
	at kotlinx.serialization.json.internal.StreamingJsonDecoder.decodeSerializableElement(StreamingJsonDecoder.kt:168) ~[?:?]
	at gg.essential.model.file.AnimationFile$Animation$$serializer.deserialize(AnimationFile.kt:48) ~[?:?]
	at gg.essential.model.file.AnimationFile$Animation$$serializer.deserialize(AnimationFile.kt:48) ~[?:?]
	at kotlinx.serialization.json.internal.StreamingJsonDecoder.decodeSerializableValue(StreamingJsonDecoder.kt:69) ~[?:?]
	at kotlinx.serialization.encoding.AbstractDecoder.decodeSerializableValue(AbstractDecoder.kt:43) ~[?:?]
	at kotlinx.serialization.encoding.AbstractDecoder.decodeSerializableElement(AbstractDecoder.kt:70) ~[?:?]
	at kotlinx.serialization.json.internal.StreamingJsonDecoder.decodeSerializableElement(StreamingJsonDecoder.kt:168) ~[?:?]
	at kotlinx.serialization.encoding.CompositeDecoder$DefaultImpls.decodeSerializableElement$default(Decoding.kt:538) ~[?:?]
	at kotlinx.serialization.internal.MapLikeSerializer.readElement(CollectionSerializers.kt:111) ~[?:?]
	at kotlinx.serialization.internal.MapLikeSerializer.readElement(CollectionSerializers.kt:84) ~[?:?]
	at kotlinx.serialization.internal.AbstractCollectionSerializer.readElement$default(CollectionSerializers.kt:51) ~[?:?]
	at kotlinx.serialization.internal.AbstractCollectionSerializer.merge(CollectionSerializers.kt:36) ~[?:?]
	at kotlinx.serialization.internal.AbstractCollectionSerializer.deserialize(CollectionSerializers.kt:43) ~[?:?]
	at kotlinx.serialization.json.internal.StreamingJsonDecoder.decodeSerializableValue(StreamingJsonDecoder.kt:69) ~[?:?]
	at kotlinx.serialization.encoding.AbstractDecoder.decodeSerializableValue(AbstractDecoder.kt:43) ~[?:?]
	at kotlinx.serialization.encoding.AbstractDecoder.decodeSerializableElement(AbstractDecoder.kt:70) ~[?:?]
	at kotlinx.serialization.json.internal.StreamingJsonDecoder.decodeSerializableElement(StreamingJsonDecoder.kt:168) ~[?:?]
	at gg.essential.model.file.AnimationFile$$serializer.deserialize(AnimationFile.kt:41) ~[?:?]
	at gg.essential.model.file.AnimationFile$$serializer.deserialize(AnimationFile.kt:41) ~[?:?]
	at kotlinx.serialization.json.internal.StreamingJsonDecoder.decodeSerializableValue(StreamingJsonDecoder.kt:69) ~[?:?]
	at kotlinx.serialization.json.Json.decodeFromString(Json.kt:107) ~[?:?]
	at gg.essential.network.connectionmanager.cosmetics.AssetLoader$JsonAssetType$3.invoke(AssetLoader.kt:337) ~[?:?]
	at gg.essential.network.connectionmanager.cosmetics.AssetLoader$JsonAssetType$3.invoke(AssetLoader.kt:336) ~[?:?]
	at gg.essential.network.connectionmanager.cosmetics.AssetLoader$getAsset$1$future$1.invoke(AssetLoader.kt:91) ~[?:?]
	at gg.essential.network.connectionmanager.cosmetics.AssetLoader$getAsset$1$future$1.invoke(AssetLoader.kt:89) ~[?:?]
	at gg.essential.network.connectionmanager.cosmetics.AssetLoader$getAsset$1.invoke$lambda$0(AssetLoader.kt:89) ~[?:?]
	at java.util.concurrent.CompletableFuture$UniApply.tryFire(Unknown Source) ~[?:?]
	at java.util.concurrent.CompletableFuture$Completion.exec(Unknown Source) ~[?:?]
	at java.util.concurrent.ForkJoinTask.doExec(Unknown Source) ~[?:?]
	at java.util.concurrent.ForkJoinPool$WorkQueue.topLevelExec(Unknown Source) ~[?:?]
	at java.util.concurrent.ForkJoinPool.scan(Unknown Source) ~[?:?]
	at java.util.concurrent.ForkJoinPool.runWorker(Unknown Source) ~[?:?]
	at java.util.concurrent.ForkJoinWorkerThread.run(Unknown Source) ~[?:?]
[17:08:28] [ForkJoinPool.commonPool-worker-6/ERROR]: Could not find parent kotlin/jvm/internal/Lambda for class gg/essential/model/molang/ComparisonExpr$Op$4 in classloader jdk.internal.loader.ClassLoaders$AppClassLoader@30c7da1e on thread Thread[ForkJoinPool.commonPool-worker-6,5,main]
[17:08:28] [ForkJoinPool.commonPool-worker-3/ERROR]: Could not find parent gg/essential/model/file/ParticleEffectComponents$ParticleAppearanceBillboard$Direction for class gg/essential/model/file/ParticleEffectComponents$ParticleAppearanceBillboard$Direction$Custom in classloader jdk.internal.loader.ClassLoaders$AppClassLoader@30c7da1e on thread Thread[ForkJoinPool.commonPool-worker-3,5,main]
[17:08:28] [ForkJoinPool.commonPool-worker-3/ERROR]: An error occurred building event handler
java.lang.ClassNotFoundException: gg.essential.model.file.ParticleEffectComponents$ParticleAppearanceBillboard$Direction
	at jdk.internal.loader.BuiltinClassLoader.loadClass(Unknown Source) ~[?:?]
	at jdk.internal.loader.ClassLoaders$AppClassLoader.loadClass(Unknown Source) ~[?:?]
	at java.lang.ClassLoader.loadClass(Unknown Source) ~[?:?]
	at net.minecraftforge.eventbus.EventSubclassTransformer.buildEvents(EventSubclassTransformer.java:97) ~[eventbus-6.0.5.jar:?]
	at net.minecraftforge.eventbus.EventSubclassTransformer.transform(EventSubclassTransformer.java:48) ~[eventbus-6.0.5.jar:?]
	at net.minecraftforge.eventbus.EventBusEngine.processClass(EventBusEngine.java:26) ~[eventbus-6.0.5.jar:?]
	at net.minecraftforge.eventbus.service.ModLauncherService.processClassWithFlags(ModLauncherService.java:32) ~[eventbus-6.0.5.jar:6.0.5+6.0.5+master.eb8e549b]
	at cpw.mods.modlauncher.LaunchPluginHandler.offerClassNodeToPlugins(LaunchPluginHandler.java:88) ~[modlauncher-10.0.9.jar:?]
	at cpw.mods.modlauncher.ClassTransformer.transform(ClassTransformer.java:120) ~[modlauncher-10.0.9.jar:?]
	at cpw.mods.modlauncher.TransformingClassLoader.maybeTransformClassBytes(TransformingClassLoader.java:50) ~[modlauncher-10.0.9.jar:?]
	at cpw.mods.cl.ModuleClassLoader.readerToClass(ModuleClassLoader.java:113) ~[securejarhandler-2.1.10.jar:?]
	at cpw.mods.cl.ModuleClassLoader.lambda$findClass$15(ModuleClassLoader.java:219) ~[securejarhandler-2.1.10.jar:?]
	at cpw.mods.cl.ModuleClassLoader.loadFromModule(ModuleClassLoader.java:229) ~[securejarhandler-2.1.10.jar:?]
	at cpw.mods.cl.ModuleClassLoader.findClass(ModuleClassLoader.java:219) ~[securejarhandler-2.1.10.jar:?]
	at cpw.mods.cl.ModuleClassLoader.loadClass(ModuleClassLoader.java:135) ~[securejarhandler-2.1.10.jar:?]
	at java.lang.ClassLoader.loadClass(Unknown Source) ~[?:?]
	at gg.essential.model.file.ParticleEffectComponents$ParticleAppearanceBillboard$Direction$Companion$1.invoke(ParticlesFile.kt:485) ~[?:?]
	at gg.essential.model.file.ParticleEffectComponents$ParticleAppearanceBillboard$Direction$Companion$1.invoke(ParticlesFile.kt:485) ~[?:?]
	at kotlin.SafePublicationLazyImpl.getValue(LazyJVM.kt:107) ~[?:?]
	at gg.essential.model.file.ParticleEffectComponents$ParticleAppearanceBillboard$Direction$Companion.get$cachedSerializer(ParticlesFile.kt:485) ~[?:?]
	at gg.essential.model.file.ParticleEffectComponents$ParticleAppearanceBillboard$Direction$Companion.serializer(ParticlesFile.kt:485) ~[?:?]
	at gg.essential.model.file.ParticleEffectComponents$ParticleAppearanceBillboard.<clinit>(ParticlesFile.kt:435) ~[?:?]
	at gg.essential.model.file.ParticleEffectComponents$ParticleAppearanceBillboard$$serializer.deserialize(ParticlesFile.kt:435) ~[?:?]
	at gg.essential.model.file.ParticleEffectComponents$ParticleAppearanceBillboard$$serializer.deserialize(ParticlesFile.kt:435) ~[?:?]
	at kotlinx.serialization.json.internal.StreamingJsonDecoder.decodeSerializableValue(StreamingJsonDecoder.kt:69) ~[?:?]
	at kotlinx.serialization.encoding.AbstractDecoder.decodeSerializableValue(AbstractDecoder.kt:43) ~[?:?]
	at kotlinx.serialization.encoding.AbstractDecoder.decodeNullableSerializableElement(AbstractDecoder.kt:78) ~[?:?]
	at gg.essential.model.file.ParticleEffectComponents$$serializer.deserialize(ParticlesFile.kt:178) ~[?:?]
	at gg.essential.model.file.ParticleEffectComponents$$serializer.deserialize(ParticlesFile.kt:178) ~[?:?]
	at kotlinx.serialization.json.internal.StreamingJsonDecoder.decodeSerializableValue(StreamingJsonDecoder.kt:69) ~[?:?]
	at kotlinx.serialization.encoding.AbstractDecoder.decodeSerializableValue(AbstractDecoder.kt:43) ~[?:?]
	at kotlinx.serialization.encoding.AbstractDecoder.decodeSerializableElement(AbstractDecoder.kt:70) ~[?:?]
	at kotlinx.serialization.json.internal.StreamingJsonDecoder.decodeSerializableElement(StreamingJsonDecoder.kt:168) ~[?:?]
	at gg.essential.model.file.ParticlesFile$ParticleEffect$$serializer.deserialize(ParticlesFile.kt:59) ~[?:?]
	at gg.essential.model.file.ParticlesFile$ParticleEffect$$serializer.deserialize(ParticlesFile.kt:59) ~[?:?]
	at kotlinx.serialization.json.internal.StreamingJsonDecoder.decodeSerializableValue(StreamingJsonDecoder.kt:69) ~[?:?]
	at kotlinx.serialization.encoding.AbstractDecoder.decodeSerializableValue(AbstractDecoder.kt:43) ~[?:?]
	at kotlinx.serialization.encoding.AbstractDecoder.decodeSerializableElement(AbstractDecoder.kt:70) ~[?:?]
	at kotlinx.serialization.json.internal.StreamingJsonDecoder.decodeSerializableElement(StreamingJsonDecoder.kt:168) ~[?:?]
	at gg.essential.model.file.ParticlesFile$$serializer.deserialize(ParticlesFile.kt:52) ~[?:?]
	at gg.essential.model.file.ParticlesFile$$serializer.deserialize(ParticlesFile.kt:52) ~[?:?]
	at kotlinx.serialization.json.internal.StreamingJsonDecoder.decodeSerializableValue(StreamingJsonDecoder.kt:69) ~[?:?]
	at kotlinx.serialization.json.Json.decodeFromString(Json.kt:107) ~[?:?]
	at gg.essential.network.connectionmanager.cosmetics.AssetLoader$JsonAssetType$3.invoke(AssetLoader.kt:337) ~[?:?]
	at gg.essential.network.connectionmanager.cosmetics.AssetLoader$JsonAssetType$3.invoke(AssetLoader.kt:336) ~[?:?]
	at gg.essential.network.connectionmanager.cosmetics.AssetLoader$getAsset$1$future$1.invoke(AssetLoader.kt:91) ~[?:?]
	at gg.essential.network.connectionmanager.cosmetics.AssetLoader$getAsset$1$future$1.invoke(AssetLoader.kt:89) ~[?:?]
	at gg.essential.network.connectionmanager.cosmetics.AssetLoader$getAsset$1.invoke$lambda$0(AssetLoader.kt:89) ~[?:?]
	at java.util.concurrent.CompletableFuture$UniApply.tryFire(Unknown Source) ~[?:?]
	at java.util.concurrent.CompletableFuture$Completion.exec(Unknown Source) ~[?:?]
	at java.util.concurrent.ForkJoinTask.doExec(Unknown Source) ~[?:?]
	at java.util.concurrent.ForkJoinPool$WorkQueue.topLevelExec(Unknown Source) ~[?:?]
	at java.util.concurrent.ForkJoinPool.scan(Unknown Source) ~[?:?]
	at java.util.concurrent.ForkJoinPool.runWorker(Unknown Source) ~[?:?]
	at java.util.concurrent.ForkJoinWorkerThread.run(Unknown Source) ~[?:?]
[17:08:28] [ForkJoinPool.commonPool-worker-3/ERROR]: Could not find parent gg/essential/model/file/ParticleEffectComponents$ParticleAppearanceBillboard$Direction for class gg/essential/model/file/ParticleEffectComponents$ParticleAppearanceBillboard$Direction$FromVelocity in classloader jdk.internal.loader.ClassLoaders$AppClassLoader@30c7da1e on thread Thread[ForkJoinPool.commonPool-worker-3,5,main]
[17:08:28] [ForkJoinPool.commonPool-worker-6/ERROR]: An error occurred building event handler
java.lang.ClassNotFoundException: kotlin.jvm.internal.Lambda
	at jdk.internal.loader.BuiltinClassLoader.loadClass(Unknown Source) ~[?:?]
	at jdk.internal.loader.ClassLoaders$AppClassLoader.loadClass(Unknown Source) ~[?:?]
	at java.lang.ClassLoader.loadClass(Unknown Source) ~[?:?]
	at net.minecraftforge.eventbus.EventSubclassTransformer.buildEvents(EventSubclassTransformer.java:97) ~[eventbus-6.0.5.jar:?]
	at net.minecraftforge.eventbus.EventSubclassTransformer.transform(EventSubclassTransformer.java:48) ~[eventbus-6.0.5.jar:?]
	at net.minecraftforge.eventbus.EventBusEngine.processClass(EventBusEngine.java:26) ~[eventbus-6.0.5.jar:?]
	at net.minecraftforge.eventbus.service.ModLauncherService.processClassWithFlags(ModLauncherService.java:32) ~[eventbus-6.0.5.jar:6.0.5+6.0.5+master.eb8e549b]
	at cpw.mods.modlauncher.LaunchPluginHandler.offerClassNodeToPlugins(LaunchPluginHandler.java:88) ~[modlauncher-10.0.9.jar:?]
	at cpw.mods.modlauncher.ClassTransformer.transform(ClassTransformer.java:120) ~[modlauncher-10.0.9.jar:?]
	at cpw.mods.modlauncher.TransformingClassLoader.maybeTransformClassBytes(TransformingClassLoader.java:50) ~[modlauncher-10.0.9.jar:?]
	at cpw.mods.cl.ModuleClassLoader.readerToClass(ModuleClassLoader.java:113) ~[securejarhandler-2.1.10.jar:?]
	at cpw.mods.cl.ModuleClassLoader.lambda$findClass$15(ModuleClassLoader.java:219) ~[securejarhandler-2.1.10.jar:?]
	at cpw.mods.cl.ModuleClassLoader.loadFromModule(ModuleClassLoader.java:229) ~[securejarhandler-2.1.10.jar:?]
	at cpw.mods.cl.ModuleClassLoader.findClass(ModuleClassLoader.java:219) ~[securejarhandler-2.1.10.jar:?]
	at cpw.mods.cl.ModuleClassLoader.loadClass(ModuleClassLoader.java:135) ~[securejarhandler-2.1.10.jar:?]
	at java.lang.ClassLoader.loadClass(Unknown Source) ~[?:?]
	at gg.essential.model.molang.ComparisonExpr$Op.<clinit>(MolangExpression.kt:125) ~[?:?]
	at gg.essential.model.molang.Parser.parseComparisons(MolangExpression.kt:303) ~[?:?]
	at gg.essential.model.molang.Parser.parseEqualityChecks(MolangExpression.kt:309) ~[?:?]
	at gg.essential.model.molang.Parser.parseLogicalAnds(MolangExpression.kt:318) ~[?:?]
	at gg.essential.model.molang.Parser.parseLogicalOrs(MolangExpression.kt:328) ~[?:?]
	at gg.essential.model.molang.Parser.parseTernary(MolangExpression.kt:338) ~[?:?]
	at gg.essential.model.molang.Parser.parseNullCoalescing(MolangExpression.kt:350) ~[?:?]
	at gg.essential.model.molang.Parser.parseExpression(MolangExpression.kt:359) ~[?:?]
	at gg.essential.model.molang.Parser.parseAssignment(MolangExpression.kt:364) ~[?:?]
	at gg.essential.model.molang.Parser.parseStatement(MolangExpression.kt:378) ~[?:?]
	at gg.essential.model.molang.Parser.parseStatements(MolangExpression.kt:383) ~[?:?]
	at gg.essential.model.molang.Parser.parseMolang(MolangExpression.kt:396) ~[?:?]
	at gg.essential.model.molang.Parser.fullyParseMolang(MolangExpression.kt:418) ~[?:?]
	at gg.essential.model.molang.Parser.tryFullyParseMolang(MolangExpression.kt:426) ~[?:?]
	at gg.essential.model.molang.MolangExpressionKt.parseMolangExpression(MolangExpression.kt:434) ~[?:?]
	at gg.essential.model.molang.MolangExpressionKt.parseMolangExpression(MolangExpression.kt:436) ~[?:?]
	at gg.essential.model.file.KeyframeSerializer.parse$lambda$3$parseMolangVector(AnimationFile.kt:123) ~[?:?]
	at gg.essential.model.file.KeyframeSerializer.parse(AnimationFile.kt:139) ~[?:?]
	at gg.essential.model.file.KeyframeSerializer.deserialize(AnimationFile.kt:116) ~[?:?]
	at gg.essential.model.file.KeyframeSerializer.deserialize(AnimationFile.kt:114) ~[?:?]
	at kotlinx.serialization.json.internal.PolymorphicKt.decodeSerializableValuePolymorphic(Polymorphic.kt:77) ~[?:?]
	at kotlinx.serialization.json.internal.AbstractJsonTreeDecoder.decodeSerializableValue(TreeJsonDecoder.kt:52) ~[?:?]
	at kotlinx.serialization.internal.TaggedDecoder.decodeSerializableValue(Tagged.kt:207) ~[?:?]
	at kotlinx.serialization.internal.TaggedDecoder$decodeSerializableElement$1.invoke(Tagged.kt:279) ~[?:?]
	at kotlinx.serialization.internal.TaggedDecoder.tagBlock(Tagged.kt:294) ~[?:?]
	at kotlinx.serialization.internal.TaggedDecoder.decodeSerializableElement(Tagged.kt:279) ~[?:?]
	at kotlinx.serialization.encoding.CompositeDecoder$DefaultImpls.decodeSerializableElement$default(Decoding.kt:538) ~[?:?]
	at kotlinx.serialization.internal.MapLikeSerializer.readElement(CollectionSerializers.kt:111) ~[?:?]
	at kotlinx.serialization.internal.MapLikeSerializer.readElement(CollectionSerializers.kt:84) ~[?:?]
	at kotlinx.serialization.internal.AbstractCollectionSerializer.readElement$default(CollectionSerializers.kt:51) ~[?:?]
	at kotlinx.serialization.internal.AbstractCollectionSerializer.merge(CollectionSerializers.kt:36) ~[?:?]
	at kotlinx.serialization.internal.AbstractCollectionSerializer.deserialize(CollectionSerializers.kt:43) ~[?:?]
	at kotlinx.serialization.json.internal.PolymorphicKt.decodeSerializableValuePolymorphic(Polymorphic.kt:77) ~[?:?]
	at kotlinx.serialization.json.internal.AbstractJsonTreeDecoder.decodeSerializableValue(TreeJsonDecoder.kt:52) ~[?:?]
	at gg.essential.model.util.TreeMapSerializer.deserialize(TreeMap.kt:73) ~[?:?]
	at gg.essential.model.util.TreeMapSerializer.deserialize(TreeMap.kt:69) ~[?:?]
	at kotlinx.serialization.json.internal.PolymorphicKt.decodeSerializableValuePolymorphic(Polymorphic.kt:77) ~[?:?]
	at kotlinx.serialization.json.internal.AbstractJsonTreeDecoder.decodeSerializableValue(TreeJsonDecoder.kt:52) ~[?:?]
	at kotlinx.serialization.json.internal.TreeJsonDecoderKt.readJson(TreeJsonDecoder.kt:25) ~[?:?]
	at kotlinx.serialization.json.Json.decodeFromJsonElement(Json.kt:127) ~[?:?]
	at kotlinx.serialization.json.JsonTransformingSerializer.deserialize(JsonTransformingSerializer.kt:78) ~[?:?]
	at gg.essential.model.file.KeyframesSerializer.deserialize(AnimationFile.kt:105) ~[?:?]
	at gg.essential.model.file.KeyframesSerializer.deserialize(AnimationFile.kt:103) ~[?:?]
	at kotlinx.serialization.json.internal.StreamingJsonDecoder.decodeSerializableValue(StreamingJsonDecoder.kt:69) ~[?:?]
	at kotlinx.serialization.encoding.AbstractDecoder.decodeSerializableValue(AbstractDecoder.kt:43) ~[?:?]
	at kotlinx.serialization.encoding.AbstractDecoder.decodeNullableSerializableElement(AbstractDecoder.kt:78) ~[?:?]
	at gg.essential.model.Channels$$serializer.deserialize(Animation.kt:372) ~[?:?]
	at gg.essential.model.Channels$$serializer.deserialize(Animation.kt:372) ~[?:?]
	at kotlinx.serialization.json.internal.StreamingJsonDecoder.decodeSerializableValue(StreamingJsonDecoder.kt:69) ~[?:?]
	at kotlinx.serialization.encoding.AbstractDecoder.decodeSerializableValue(AbstractDecoder.kt:43) ~[?:?]
	at kotlinx.serialization.encoding.AbstractDecoder.decodeSerializableElement(AbstractDecoder.kt:70) ~[?:?]
	at kotlinx.serialization.json.internal.StreamingJsonDecoder.decodeSerializableElement(StreamingJsonDecoder.kt:168) ~[?:?]
	at kotlinx.serialization.encoding.CompositeDecoder$DefaultImpls.decodeSerializableElement$default(Decoding.kt:538) ~[?:?]
	at kotlinx.serialization.internal.MapLikeSerializer.readElement(CollectionSerializers.kt:111) ~[?:?]
	at kotlinx.serialization.internal.MapLikeSerializer.readElement(CollectionSerializers.kt:84) ~[?:?]
	at kotlinx.serialization.internal.AbstractCollectionSerializer.readElement$default(CollectionSerializers.kt:51) ~[?:?]
	at kotlinx.serialization.internal.AbstractCollectionSerializer.merge(CollectionSerializers.kt:36) ~[?:?]
	at kotlinx.serialization.internal.AbstractCollectionSerializer.deserialize(CollectionSerializers.kt:43) ~[?:?]
	at kotlinx.serialization.json.internal.StreamingJsonDecoder.decodeSerializableValue(StreamingJsonDecoder.kt:69) ~[?:?]
	at kotlinx.serialization.encoding.AbstractDecoder.decodeSerializableValue(AbstractDecoder.kt:43) ~[?:?]
	at kotlinx.serialization.encoding.AbstractDecoder.decodeSerializableElement(AbstractDecoder.kt:70) ~[?:?]
	at kotlinx.serialization.json.internal.StreamingJsonDecoder.decodeSerializableElement(StreamingJsonDecoder.kt:168) ~[?:?]
	at gg.essential.model.file.AnimationFile$Animation$$serializer.deserialize(AnimationFile.kt:48) ~[?:?]
	at gg.essential.model.file.AnimationFile$Animation$$serializer.deserialize(AnimationFile.kt:48) ~[?:?]
	at kotlinx.serialization.json.internal.StreamingJsonDecoder.decodeSerializableValue(StreamingJsonDecoder.kt:69) ~[?:?]
	at kotlinx.serialization.encoding.AbstractDecoder.decodeSerializableValue(AbstractDecoder.kt:43) ~[?:?]
	at kotlinx.serialization.encoding.AbstractDecoder.decodeSerializableElement(AbstractDecoder.kt:70) ~[?:?]
	at kotlinx.serialization.json.internal.StreamingJsonDecoder.decodeSerializableElement(StreamingJsonDecoder.kt:168) ~[?:?]
	at kotlinx.serialization.encoding.CompositeDecoder$DefaultImpls.decodeSerializableElement$default(Decoding.kt:538) ~[?:?]
	at kotlinx.serialization.internal.MapLikeSerializer.readElement(CollectionSerializers.kt:111) ~[?:?]
	at kotlinx.serialization.internal.MapLikeSerializer.readElement(CollectionSerializers.kt:84) ~[?:?]
	at kotlinx.serialization.internal.AbstractCollectionSerializer.readElement$default(CollectionSerializers.kt:51) ~[?:?]
	at kotlinx.serialization.internal.AbstractCollectionSerializer.merge(CollectionSerializers.kt:36) ~[?:?]
	at kotlinx.serialization.internal.AbstractCollectionSerializer.deserialize(CollectionSerializers.kt:43) ~[?:?]
	at kotlinx.serialization.json.internal.StreamingJsonDecoder.decodeSerializableValue(StreamingJsonDecoder.kt:69) ~[?:?]
	at kotlinx.serialization.encoding.AbstractDecoder.decodeSerializableValue(AbstractDecoder.kt:43) ~[?:?]
	at kotlinx.serialization.encoding.AbstractDecoder.decodeSerializableElement(AbstractDecoder.kt:70) ~[?:?]
	at kotlinx.serialization.json.internal.StreamingJsonDecoder.decodeSerializableElement(StreamingJsonDecoder.kt:168) ~[?:?]
	at gg.essential.model.file.AnimationFile$$serializer.deserialize(AnimationFile.kt:41) ~[?:?]
	at gg.essential.model.file.AnimationFile$$serializer.deserialize(AnimationFile.kt:41) ~[?:?]
	at kotlinx.serialization.json.internal.StreamingJsonDecoder.decodeSerializableValue(StreamingJsonDecoder.kt:69) ~[?:?]
	at kotlinx.serialization.json.Json.decodeFromString(Json.kt:107) ~[?:?]
	at gg.essential.network.connectionmanager.cosmetics.AssetLoader$JsonAssetType$3.invoke(AssetLoader.kt:337) ~[?:?]
	at gg.essential.network.connectionmanager.cosmetics.AssetLoader$JsonAssetType$3.invoke(AssetLoader.kt:336) ~[?:?]
	at gg.essential.network.connectionmanager.cosmetics.AssetLoader$getAsset$1$future$1.invoke(AssetLoader.kt:91) ~[?:?]
	at gg.essential.network.connectionmanager.cosmetics.AssetLoader$getAsset$1$future$1.invoke(AssetLoader.kt:89) ~[?:?]
	at gg.essential.network.connectionmanager.cosmetics.AssetLoader$getAsset$1.invoke$lambda$0(AssetLoader.kt:89) ~[?:?]
	at java.util.concurrent.CompletableFuture$UniApply.tryFire(Unknown Source) ~[?:?]
	at java.util.concurrent.CompletableFuture$Completion.exec(Unknown Source) ~[?:?]
	at java.util.concurrent.ForkJoinTask.doExec(Unknown Source) ~[?:?]
	at java.util.concurrent.ForkJoinPool$WorkQueue.topLevelExec(Unknown Source) ~[?:?]
	at java.util.concurrent.ForkJoinPool.scan(Unknown Source) ~[?:?]
	at java.util.concurrent.ForkJoinPool.runWorker(Unknown Source) ~[?:?]
	at java.util.concurrent.ForkJoinWorkerThread.run(Unknown Source) ~[?:?]
[17:08:28] [ForkJoinPool.commonPool-worker-6/ERROR]: Could not find parent kotlin/jvm/internal/Lambda for class gg/essential/model/molang/ComparisonExpr$Op$5 in classloader jdk.internal.loader.ClassLoaders$AppClassLoader@30c7da1e on thread Thread[ForkJoinPool.commonPool-worker-6,5,main]
[17:08:28] [ForkJoinPool.commonPool-worker-3/ERROR]: An error occurred building event handler
java.lang.ClassNotFoundException: gg.essential.model.file.ParticleEffectComponents$ParticleAppearanceBillboard$Direction
	at jdk.internal.loader.BuiltinClassLoader.loadClass(Unknown Source) ~[?:?]
	at jdk.internal.loader.ClassLoaders$AppClassLoader.loadClass(Unknown Source) ~[?:?]
	at java.lang.ClassLoader.loadClass(Unknown Source) ~[?:?]
	at net.minecraftforge.eventbus.EventSubclassTransformer.buildEvents(EventSubclassTransformer.java:97) ~[eventbus-6.0.5.jar:?]
	at net.minecraftforge.eventbus.EventSubclassTransformer.transform(EventSubclassTransformer.java:48) ~[eventbus-6.0.5.jar:?]
	at net.minecraftforge.eventbus.EventBusEngine.processClass(EventBusEngine.java:26) ~[eventbus-6.0.5.jar:?]
	at net.minecraftforge.eventbus.service.ModLauncherService.processClassWithFlags(ModLauncherService.java:32) ~[eventbus-6.0.5.jar:6.0.5+6.0.5+master.eb8e549b]
	at cpw.mods.modlauncher.LaunchPluginHandler.offerClassNodeToPlugins(LaunchPluginHandler.java:88) ~[modlauncher-10.0.9.jar:?]
	at cpw.mods.modlauncher.ClassTransformer.transform(ClassTransformer.java:120) ~[modlauncher-10.0.9.jar:?]
	at cpw.mods.modlauncher.TransformingClassLoader.maybeTransformClassBytes(TransformingClassLoader.java:50) ~[modlauncher-10.0.9.jar:?]
	at cpw.mods.cl.ModuleClassLoader.readerToClass(ModuleClassLoader.java:113) ~[securejarhandler-2.1.10.jar:?]
	at cpw.mods.cl.ModuleClassLoader.lambda$findClass$15(ModuleClassLoader.java:219) ~[securejarhandler-2.1.10.jar:?]
	at cpw.mods.cl.ModuleClassLoader.loadFromModule(ModuleClassLoader.java:229) ~[securejarhandler-2.1.10.jar:?]
	at cpw.mods.cl.ModuleClassLoader.findClass(ModuleClassLoader.java:219) ~[securejarhandler-2.1.10.jar:?]
	at cpw.mods.cl.ModuleClassLoader.loadClass(ModuleClassLoader.java:135) ~[securejarhandler-2.1.10.jar:?]
	at java.lang.ClassLoader.loadClass(Unknown Source) ~[?:?]
	at gg.essential.model.file.ParticleEffectComponents$ParticleAppearanceBillboard$Direction$Companion$1.invoke(ParticlesFile.kt:485) ~[?:?]
	at gg.essential.model.file.ParticleEffectComponents$ParticleAppearanceBillboard$Direction$Companion$1.invoke(ParticlesFile.kt:485) ~[?:?]
	at kotlin.SafePublicationLazyImpl.getValue(LazyJVM.kt:107) ~[?:?]
	at gg.essential.model.file.ParticleEffectComponents$ParticleAppearanceBillboard$Direction$Companion.get$cachedSerializer(ParticlesFile.kt:485) ~[?:?]
	at gg.essential.model.file.ParticleEffectComponents$ParticleAppearanceBillboard$Direction$Companion.serializer(ParticlesFile.kt:485) ~[?:?]
	at gg.essential.model.file.ParticleEffectComponents$ParticleAppearanceBillboard.<clinit>(ParticlesFile.kt:435) ~[?:?]
	at gg.essential.model.file.ParticleEffectComponents$ParticleAppearanceBillboard$$serializer.deserialize(ParticlesFile.kt:435) ~[?:?]
	at gg.essential.model.file.ParticleEffectComponents$ParticleAppearanceBillboard$$serializer.deserialize(ParticlesFile.kt:435) ~[?:?]
	at kotlinx.serialization.json.internal.StreamingJsonDecoder.decodeSerializableValue(StreamingJsonDecoder.kt:69) ~[?:?]
	at kotlinx.serialization.encoding.AbstractDecoder.decodeSerializableValue(AbstractDecoder.kt:43) ~[?:?]
	at kotlinx.serialization.encoding.AbstractDecoder.decodeNullableSerializableElement(AbstractDecoder.kt:78) ~[?:?]
	at gg.essential.model.file.ParticleEffectComponents$$serializer.deserialize(ParticlesFile.kt:178) ~[?:?]
	at gg.essential.model.file.ParticleEffectComponents$$serializer.deserialize(ParticlesFile.kt:178) ~[?:?]
	at kotlinx.serialization.json.internal.StreamingJsonDecoder.decodeSerializableValue(StreamingJsonDecoder.kt:69) ~[?:?]
	at kotlinx.serialization.encoding.AbstractDecoder.decodeSerializableValue(AbstractDecoder.kt:43) ~[?:?]
	at kotlinx.serialization.encoding.AbstractDecoder.decodeSerializableElement(AbstractDecoder.kt:70) ~[?:?]
	at kotlinx.serialization.json.internal.StreamingJsonDecoder.decodeSerializableElement(StreamingJsonDecoder.kt:168) ~[?:?]
	at gg.essential.model.file.ParticlesFile$ParticleEffect$$serializer.deserialize(ParticlesFile.kt:59) ~[?:?]
	at gg.essential.model.file.ParticlesFile$ParticleEffect$$serializer.deserialize(ParticlesFile.kt:59) ~[?:?]
	at kotlinx.serialization.json.internal.StreamingJsonDecoder.decodeSerializableValue(StreamingJsonDecoder.kt:69) ~[?:?]
	at kotlinx.serialization.encoding.AbstractDecoder.decodeSerializableValue(AbstractDecoder.kt:43) ~[?:?]
	at kotlinx.serialization.encoding.AbstractDecoder.decodeSerializableElement(AbstractDecoder.kt:70) ~[?:?]
	at kotlinx.serialization.json.internal.StreamingJsonDecoder.decodeSerializableElement(StreamingJsonDecoder.kt:168) ~[?:?]
	at gg.essential.model.file.ParticlesFile$$serializer.deserialize(ParticlesFile.kt:52) ~[?:?]
	at gg.essential.model.file.ParticlesFile$$serializer.deserialize(ParticlesFile.kt:52) ~[?:?]
	at kotlinx.serialization.json.internal.StreamingJsonDecoder.decodeSerializableValue(StreamingJsonDecoder.kt:69) ~[?:?]
	at kotlinx.serialization.json.Json.decodeFromString(Json.kt:107) ~[?:?]
	at gg.essential.network.connectionmanager.cosmetics.AssetLoader$JsonAssetType$3.invoke(AssetLoader.kt:337) ~[?:?]
	at gg.essential.network.connectionmanager.cosmetics.AssetLoader$JsonAssetType$3.invoke(AssetLoader.kt:336) ~[?:?]
	at gg.essential.network.connectionmanager.cosmetics.AssetLoader$getAsset$1$future$1.invoke(AssetLoader.kt:91) ~[?:?]
	at gg.essential.network.connectionmanager.cosmetics.AssetLoader$getAsset$1$future$1.invoke(AssetLoader.kt:89) ~[?:?]
	at gg.essential.network.connectionmanager.cosmetics.AssetLoader$getAsset$1.invoke$lambda$0(AssetLoader.kt:89) ~[?:?]
	at java.util.concurrent.CompletableFuture$UniApply.tryFire(Unknown Source) ~[?:?]
	at java.util.concurrent.CompletableFuture$Completion.exec(Unknown Source) ~[?:?]
	at java.util.concurrent.ForkJoinTask.doExec(Unknown Source) ~[?:?]
	at java.util.concurrent.ForkJoinPool$WorkQueue.topLevelExec(Unknown Source) ~[?:?]
	at java.util.concurrent.ForkJoinPool.scan(Unknown Source) ~[?:?]
	at java.util.concurrent.ForkJoinPool.runWorker(Unknown Source) ~[?:?]
	at java.util.concurrent.ForkJoinWorkerThread.run(Unknown Source) ~[?:?]
[17:08:28] [ForkJoinPool.commonPool-worker-6/ERROR]: An error occurred building event handler
java.lang.ClassNotFoundException: kotlin.jvm.internal.Lambda
	at jdk.internal.loader.BuiltinClassLoader.loadClass(Unknown Source) ~[?:?]
	at jdk.internal.loader.ClassLoaders$AppClassLoader.loadClass(Unknown Source) ~[?:?]
	at java.lang.ClassLoader.loadClass(Unknown Source) ~[?:?]
	at net.minecraftforge.eventbus.EventSubclassTransformer.buildEvents(EventSubclassTransformer.java:97) ~[eventbus-6.0.5.jar:?]
	at net.minecraftforge.eventbus.EventSubclassTransformer.transform(EventSubclassTransformer.java:48) ~[eventbus-6.0.5.jar:?]
	at net.minecraftforge.eventbus.EventBusEngine.processClass(EventBusEngine.java:26) ~[eventbus-6.0.5.jar:?]
	at net.minecraftforge.eventbus.service.ModLauncherService.processClassWithFlags(ModLauncherService.java:32) ~[eventbus-6.0.5.jar:6.0.5+6.0.5+master.eb8e549b]
	at cpw.mods.modlauncher.LaunchPluginHandler.offerClassNodeToPlugins(LaunchPluginHandler.java:88) ~[modlauncher-10.0.9.jar:?]
	at cpw.mods.modlauncher.ClassTransformer.transform(ClassTransformer.java:120) ~[modlauncher-10.0.9.jar:?]
	at cpw.mods.modlauncher.TransformingClassLoader.maybeTransformClassBytes(TransformingClassLoader.java:50) ~[modlauncher-10.0.9.jar:?]
	at cpw.mods.cl.ModuleClassLoader.readerToClass(ModuleClassLoader.java:113) ~[securejarhandler-2.1.10.jar:?]
	at cpw.mods.cl.ModuleClassLoader.lambda$findClass$15(ModuleClassLoader.java:219) ~[securejarhandler-2.1.10.jar:?]
	at cpw.mods.cl.ModuleClassLoader.loadFromModule(ModuleClassLoader.java:229) ~[securejarhandler-2.1.10.jar:?]
	at cpw.mods.cl.ModuleClassLoader.findClass(ModuleClassLoader.java:219) ~[securejarhandler-2.1.10.jar:?]
	at cpw.mods.cl.ModuleClassLoader.loadClass(ModuleClassLoader.java:135) ~[securejarhandler-2.1.10.jar:?]
	at java.lang.ClassLoader.loadClass(Unknown Source) ~[?:?]
	at gg.essential.model.molang.ComparisonExpr$Op.<clinit>(MolangExpression.kt:126) ~[?:?]
	at gg.essential.model.molang.Parser.parseComparisons(MolangExpression.kt:303) ~[?:?]
	at gg.essential.model.molang.Parser.parseEqualityChecks(MolangExpression.kt:309) ~[?:?]
	at gg.essential.model.molang.Parser.parseLogicalAnds(MolangExpression.kt:318) ~[?:?]
	at gg.essential.model.molang.Parser.parseLogicalOrs(MolangExpression.kt:328) ~[?:?]
	at gg.essential.model.molang.Parser.parseTernary(MolangExpression.kt:338) ~[?:?]
	at gg.essential.model.molang.Parser.parseNullCoalescing(MolangExpression.kt:350) ~[?:?]
	at gg.essential.model.molang.Parser.parseExpression(MolangExpression.kt:359) ~[?:?]
	at gg.essential.model.molang.Parser.parseAssignment(MolangExpression.kt:364) ~[?:?]
	at gg.essential.model.molang.Parser.parseStatement(MolangExpression.kt:378) ~[?:?]
	at gg.essential.model.molang.Parser.parseStatements(MolangExpression.kt:383) ~[?:?]
	at gg.essential.model.molang.Parser.parseMolang(MolangExpression.kt:396) ~[?:?]
	at gg.essential.model.molang.Parser.fullyParseMolang(MolangExpression.kt:418) ~[?:?]
	at gg.essential.model.molang.Parser.tryFullyParseMolang(MolangExpression.kt:426) ~[?:?]
	at gg.essential.model.molang.MolangExpressionKt.parseMolangExpression(MolangExpression.kt:434) ~[?:?]
	at gg.essential.model.molang.MolangExpressionKt.parseMolangExpression(MolangExpression.kt:436) ~[?:?]
	at gg.essential.model.file.KeyframeSerializer.parse$lambda$3$parseMolangVector(AnimationFile.kt:123) ~[?:?]
	at gg.essential.model.file.KeyframeSerializer.parse(AnimationFile.kt:139) ~[?:?]
	at gg.essential.model.file.KeyframeSerializer.deserialize(AnimationFile.kt:116) ~[?:?]
	at gg.essential.model.file.KeyframeSerializer.deserialize(AnimationFile.kt:114) ~[?:?]
	at kotlinx.serialization.json.internal.PolymorphicKt.decodeSerializableValuePolymorphic(Polymorphic.kt:77) ~[?:?]
	at kotlinx.serialization.json.internal.AbstractJsonTreeDecoder.decodeSerializableValue(TreeJsonDecoder.kt:52) ~[?:?]
	at kotlinx.serialization.internal.TaggedDecoder.decodeSerializableValue(Tagged.kt:207) ~[?:?]
	at kotlinx.serialization.internal.TaggedDecoder$decodeSerializableElement$1.invoke(Tagged.kt:279) ~[?:?]
	at kotlinx.serialization.internal.TaggedDecoder.tagBlock(Tagged.kt:294) ~[?:?]
	at kotlinx.serialization.internal.TaggedDecoder.decodeSerializableElement(Tagged.kt:279) ~[?:?]
	at kotlinx.serialization.encoding.CompositeDecoder$DefaultImpls.decodeSerializableElement$default(Decoding.kt:538) ~[?:?]
	at kotlinx.serialization.internal.MapLikeSerializer.readElement(CollectionSerializers.kt:111) ~[?:?]
	at kotlinx.serialization.internal.MapLikeSerializer.readElement(CollectionSerializers.kt:84) ~[?:?]
	at kotlinx.serialization.internal.AbstractCollectionSerializer.readElement$default(CollectionSerializers.kt:51) ~[?:?]
	at kotlinx.serialization.internal.AbstractCollectionSerializer.merge(CollectionSerializers.kt:36) ~[?:?]
	at kotlinx.serialization.internal.AbstractCollectionSerializer.deserialize(CollectionSerializers.kt:43) ~[?:?]
	at kotlinx.serialization.json.internal.PolymorphicKt.decodeSerializableValuePolymorphic(Polymorphic.kt:77) ~[?:?]
	at kotlinx.serialization.json.internal.AbstractJsonTreeDecoder.decodeSerializableValue(TreeJsonDecoder.kt:52) ~[?:?]
	at gg.essential.model.util.TreeMapSerializer.deserialize(TreeMap.kt:73) ~[?:?]
	at gg.essential.model.util.TreeMapSerializer.deserialize(TreeMap.kt:69) ~[?:?]
	at kotlinx.serialization.json.internal.PolymorphicKt.decodeSerializableValuePolymorphic(Polymorphic.kt:77) ~[?:?]
	at kotlinx.serialization.json.internal.AbstractJsonTreeDecoder.decodeSerializableValue(TreeJsonDecoder.kt:52) ~[?:?]
	at kotlinx.serialization.json.internal.TreeJsonDecoderKt.readJson(TreeJsonDecoder.kt:25) ~[?:?]
	at kotlinx.serialization.json.Json.decodeFromJsonElement(Json.kt:127) ~[?:?]
	at kotlinx.serialization.json.JsonTransformingSerializer.deserialize(JsonTransformingSerializer.kt:78) ~[?:?]
	at gg.essential.model.file.KeyframesSerializer.deserialize(AnimationFile.kt:105) ~[?:?]
	at gg.essential.model.file.KeyframesSerializer.deserialize(AnimationFile.kt:103) ~[?:?]
	at kotlinx.serialization.json.internal.StreamingJsonDecoder.decodeSerializableValue(StreamingJsonDecoder.kt:69) ~[?:?]
	at kotlinx.serialization.encoding.AbstractDecoder.decodeSerializableValue(AbstractDecoder.kt:43) ~[?:?]
	at kotlinx.serialization.encoding.AbstractDecoder.decodeNullableSerializableElement(AbstractDecoder.kt:78) ~[?:?]
	at gg.essential.model.Channels$$serializer.deserialize(Animation.kt:372) ~[?:?]
	at gg.essential.model.Channels$$serializer.deserialize(Animation.kt:372) ~[?:?]
	at kotlinx.serialization.json.internal.StreamingJsonDecoder.decodeSerializableValue(StreamingJsonDecoder.kt:69) ~[?:?]
	at kotlinx.serialization.encoding.AbstractDecoder.decodeSerializableValue(AbstractDecoder.kt:43) ~[?:?]
	at kotlinx.serialization.encoding.AbstractDecoder.decodeSerializableElement(AbstractDecoder.kt:70) ~[?:?]
	at kotlinx.serialization.json.internal.StreamingJsonDecoder.decodeSerializableElement(StreamingJsonDecoder.kt:168) ~[?:?]
	at kotlinx.serialization.encoding.CompositeDecoder$DefaultImpls.decodeSerializableElement$default(Decoding.kt:538) ~[?:?]
	at kotlinx.serialization.internal.MapLikeSerializer.readElement(CollectionSerializers.kt:111) ~[?:?]
	at kotlinx.serialization.internal.MapLikeSerializer.readElement(CollectionSerializers.kt:84) ~[?:?]
	at kotlinx.serialization.internal.AbstractCollectionSerializer.readElement$default(CollectionSerializers.kt:51) ~[?:?]
	at kotlinx.serialization.internal.AbstractCollectionSerializer.merge(CollectionSerializers.kt:36) ~[?:?]
	at kotlinx.serialization.internal.AbstractCollectionSerializer.deserialize(CollectionSerializers.kt:43) ~[?:?]
	at kotlinx.serialization.json.internal.StreamingJsonDecoder.decodeSerializableValue(StreamingJsonDecoder.kt:69) ~[?:?]
	at kotlinx.serialization.encoding.AbstractDecoder.decodeSerializableValue(AbstractDecoder.kt:43) ~[?:?]
	at kotlinx.serialization.encoding.AbstractDecoder.decodeSerializableElement(AbstractDecoder.kt:70) ~[?:?]
	at kotlinx.serialization.json.internal.StreamingJsonDecoder.decodeSerializableElement(StreamingJsonDecoder.kt:168) ~[?:?]
	at gg.essential.model.file.AnimationFile$Animation$$serializer.deserialize(AnimationFile.kt:48) ~[?:?]
	at gg.essential.model.file.AnimationFile$Animation$$serializer.deserialize(AnimationFile.kt:48) ~[?:?]
	at kotlinx.serialization.json.internal.StreamingJsonDecoder.decodeSerializableValue(StreamingJsonDecoder.kt:69) ~[?:?]
	at kotlinx.serialization.encoding.AbstractDecoder.decodeSerializableValue(AbstractDecoder.kt:43) ~[?:?]
	at kotlinx.serialization.encoding.AbstractDecoder.decodeSerializableElement(AbstractDecoder.kt:70) ~[?:?]
	at kotlinx.serialization.json.internal.StreamingJsonDecoder.decodeSerializableElement(StreamingJsonDecoder.kt:168) ~[?:?]
	at kotlinx.serialization.encoding.CompositeDecoder$DefaultImpls.decodeSerializableElement$default(Decoding.kt:538) ~[?:?]
	at kotlinx.serialization.internal.MapLikeSerializer.readElement(CollectionSerializers.kt:111) ~[?:?]
	at kotlinx.serialization.internal.MapLikeSerializer.readElement(CollectionSerializers.kt:84) ~[?:?]
	at kotlinx.serialization.internal.AbstractCollectionSerializer.readElement$default(CollectionSerializers.kt:51) ~[?:?]
	at kotlinx.serialization.internal.AbstractCollectionSerializer.merge(CollectionSerializers.kt:36) ~[?:?]
	at kotlinx.serialization.internal.AbstractCollectionSerializer.deserialize(CollectionSerializers.kt:43) ~[?:?]
	at kotlinx.serialization.json.internal.StreamingJsonDecoder.decodeSerializableValue(StreamingJsonDecoder.kt:69) ~[?:?]
	at kotlinx.serialization.encoding.AbstractDecoder.decodeSerializableValue(AbstractDecoder.kt:43) ~[?:?]
	at kotlinx.serialization.encoding.AbstractDecoder.decodeSerializableElement(AbstractDecoder.kt:70) ~[?:?]
	at kotlinx.serialization.json.internal.StreamingJsonDecoder.decodeSerializableElement(StreamingJsonDecoder.kt:168) ~[?:?]
	at gg.essential.model.file.AnimationFile$$serializer.deserialize(AnimationFile.kt:41) ~[?:?]
	at gg.essential.model.file.AnimationFile$$serializer.deserialize(AnimationFile.kt:41) ~[?:?]
	at kotlinx.serialization.json.internal.StreamingJsonDecoder.decodeSerializableValue(StreamingJsonDecoder.kt:69) ~[?:?]
	at kotlinx.serialization.json.Json.decodeFromString(Json.kt:107) ~[?:?]
	at gg.essential.network.connectionmanager.cosmetics.AssetLoader$JsonAssetType$3.invoke(AssetLoader.kt:337) ~[?:?]
	at gg.essential.network.connectionmanager.cosmetics.AssetLoader$JsonAssetType$3.invoke(AssetLoader.kt:336) ~[?:?]
	at gg.essential.network.connectionmanager.cosmetics.AssetLoader$getAsset$1$future$1.invoke(AssetLoader.kt:91) ~[?:?]
	at gg.essential.network.connectionmanager.cosmetics.AssetLoader$getAsset$1$future$1.invoke(AssetLoader.kt:89) ~[?:?]
	at gg.essential.network.connectionmanager.cosmetics.AssetLoader$getAsset$1.invoke$lambda$0(AssetLoader.kt:89) ~[?:?]
	at java.util.concurrent.CompletableFuture$UniApply.tryFire(Unknown Source) ~[?:?]
	at java.util.concurrent.CompletableFuture$Completion.exec(Unknown Source) ~[?:?]
	at java.util.concurrent.ForkJoinTask.doExec(Unknown Source) ~[?:?]
	at java.util.concurrent.ForkJoinPool$WorkQueue.topLevelExec(Unknown Source) ~[?:?]
	at java.util.concurrent.ForkJoinPool.scan(Unknown Source) ~[?:?]
	at java.util.concurrent.ForkJoinPool.runWorker(Unknown Source) ~[?:?]
	at java.util.concurrent.ForkJoinWorkerThread.run(Unknown Source) ~[?:?]
[17:08:28] [ForkJoinPool.commonPool-worker-6/ERROR]: Could not find parent kotlin/jvm/internal/Lambda for class gg/essential/model/molang/ComparisonExpr$Op$6 in classloader jdk.internal.loader.ClassLoaders$AppClassLoader@30c7da1e on thread Thread[ForkJoinPool.commonPool-worker-6,5,main]
[17:08:28] [ForkJoinPool.commonPool-worker-6/ERROR]: An error occurred building event handler
java.lang.ClassNotFoundException: kotlin.jvm.internal.Lambda
	at jdk.internal.loader.BuiltinClassLoader.loadClass(Unknown Source) ~[?:?]
	at jdk.internal.loader.ClassLoaders$AppClassLoader.loadClass(Unknown Source) ~[?:?]
	at java.lang.ClassLoader.loadClass(Unknown Source) ~[?:?]
	at net.minecraftforge.eventbus.EventSubclassTransformer.buildEvents(EventSubclassTransformer.java:97) ~[eventbus-6.0.5.jar:?]
	at net.minecraftforge.eventbus.EventSubclassTransformer.transform(EventSubclassTransformer.java:48) ~[eventbus-6.0.5.jar:?]
	at net.minecraftforge.eventbus.EventBusEngine.processClass(EventBusEngine.java:26) ~[eventbus-6.0.5.jar:?]
	at net.minecraftforge.eventbus.service.ModLauncherService.processClassWithFlags(ModLauncherService.java:32) ~[eventbus-6.0.5.jar:6.0.5+6.0.5+master.eb8e549b]
	at cpw.mods.modlauncher.LaunchPluginHandler.offerClassNodeToPlugins(LaunchPluginHandler.java:88) ~[modlauncher-10.0.9.jar:?]
	at cpw.mods.modlauncher.ClassTransformer.transform(ClassTransformer.java:120) ~[modlauncher-10.0.9.jar:?]
	at cpw.mods.modlauncher.TransformingClassLoader.maybeTransformClassBytes(TransformingClassLoader.java:50) ~[modlauncher-10.0.9.jar:?]
	at cpw.mods.cl.ModuleClassLoader.readerToClass(ModuleClassLoader.java:113) ~[securejarhandler-2.1.10.jar:?]
	at cpw.mods.cl.ModuleClassLoader.lambda$findClass$15(ModuleClassLoader.java:219) ~[securejarhandler-2.1.10.jar:?]
	at cpw.mods.cl.ModuleClassLoader.loadFromModule(ModuleClassLoader.java:229) ~[securejarhandler-2.1.10.jar:?]
	at cpw.mods.cl.ModuleClassLoader.findClass(ModuleClassLoader.java:219) ~[securejarhandler-2.1.10.jar:?]
	at cpw.mods.cl.ModuleClassLoader.loadClass(ModuleClassLoader.java:135) ~[securejarhandler-2.1.10.jar:?]
	at java.lang.ClassLoader.loadClass(Unknown Source) ~[?:?]
	at gg.essential.model.molang.ComparisonExpr$Op.<clinit>(MolangExpression.kt:127) ~[?:?]
	at gg.essential.model.molang.Parser.parseComparisons(MolangExpression.kt:303) ~[?:?]
	at gg.essential.model.molang.Parser.parseEqualityChecks(MolangExpression.kt:309) ~[?:?]
	at gg.essential.model.molang.Parser.parseLogicalAnds(MolangExpression.kt:318) ~[?:?]
	at gg.essential.model.molang.Parser.parseLogicalOrs(MolangExpression.kt:328) ~[?:?]
	at gg.essential.model.molang.Parser.parseTernary(MolangExpression.kt:338) ~[?:?]
	at gg.essential.model.molang.Parser.parseNullCoalescing(MolangExpression.kt:350) ~[?:?]
	at gg.essential.model.molang.Parser.parseExpression(MolangExpression.kt:359) ~[?:?]
	at gg.essential.model.molang.Parser.parseAssignment(MolangExpression.kt:364) ~[?:?]
	at gg.essential.model.molang.Parser.parseStatement(MolangExpression.kt:378) ~[?:?]
	at gg.essential.model.molang.Parser.parseStatements(MolangExpression.kt:383) ~[?:?]
	at gg.essential.model.molang.Parser.parseMolang(MolangExpression.kt:396) ~[?:?]
	at gg.essential.model.molang.Parser.fullyParseMolang(MolangExpression.kt:418) ~[?:?]
	at gg.essential.model.molang.Parser.tryFullyParseMolang(MolangExpression.kt:426) ~[?:?]
	at gg.essential.model.molang.MolangExpressionKt.parseMolangExpression(MolangExpression.kt:434) ~[?:?]
	at gg.essential.model.molang.MolangExpressionKt.parseMolangExpression(MolangExpression.kt:436) ~[?:?]
	at gg.essential.model.file.KeyframeSerializer.parse$lambda$3$parseMolangVector(AnimationFile.kt:123) ~[?:?]
	at gg.essential.model.file.KeyframeSerializer.parse(AnimationFile.kt:139) ~[?:?]
	at gg.essential.model.file.KeyframeSerializer.deserialize(AnimationFile.kt:116) ~[?:?]
	at gg.essential.model.file.KeyframeSerializer.deserialize(AnimationFile.kt:114) ~[?:?]
	at kotlinx.serialization.json.internal.PolymorphicKt.decodeSerializableValuePolymorphic(Polymorphic.kt:77) ~[?:?]
	at kotlinx.serialization.json.internal.AbstractJsonTreeDecoder.decodeSerializableValue(TreeJsonDecoder.kt:52) ~[?:?]
	at kotlinx.serialization.internal.TaggedDecoder.decodeSerializableValue(Tagged.kt:207) ~[?:?]
	at kotlinx.serialization.internal.TaggedDecoder$decodeSerializableElement$1.invoke(Tagged.kt:279) ~[?:?]
	at kotlinx.serialization.internal.TaggedDecoder.tagBlock(Tagged.kt:294) ~[?:?]
	at kotlinx.serialization.internal.TaggedDecoder.decodeSerializableElement(Tagged.kt:279) ~[?:?]
	at kotlinx.serialization.encoding.CompositeDecoder$DefaultImpls.decodeSerializableElement$default(Decoding.kt:538) ~[?:?]
	at kotlinx.serialization.internal.MapLikeSerializer.readElement(CollectionSerializers.kt:111) ~[?:?]
	at kotlinx.serialization.internal.MapLikeSerializer.readElement(CollectionSerializers.kt:84) ~[?:?]
	at kotlinx.serialization.internal.AbstractCollectionSerializer.readElement$default(CollectionSerializers.kt:51) ~[?:?]
	at kotlinx.serialization.internal.AbstractCollectionSerializer.merge(CollectionSerializers.kt:36) ~[?:?]
	at kotlinx.serialization.internal.AbstractCollectionSerializer.deserialize(CollectionSerializers.kt:43) ~[?:?]
	at kotlinx.serialization.json.internal.PolymorphicKt.decodeSerializableValuePolymorphic(Polymorphic.kt:77) ~[?:?]
	at kotlinx.serialization.json.internal.AbstractJsonTreeDecoder.decodeSerializableValue(TreeJsonDecoder.kt:52) ~[?:?]
	at gg.essential.model.util.TreeMapSerializer.deserialize(TreeMap.kt:73) ~[?:?]
	at gg.essential.model.util.TreeMapSerializer.deserialize(TreeMap.kt:69) ~[?:?]
	at kotlinx.serialization.json.internal.PolymorphicKt.decodeSerializableValuePolymorphic(Polymorphic.kt:77) ~[?:?]
	at kotlinx.serialization.json.internal.AbstractJsonTreeDecoder.decodeSerializableValue(TreeJsonDecoder.kt:52) ~[?:?]
	at kotlinx.serialization.json.internal.TreeJsonDecoderKt.readJson(TreeJsonDecoder.kt:25) ~[?:?]
	at kotlinx.serialization.json.Json.decodeFromJsonElement(Json.kt:127) ~[?:?]
	at kotlinx.serialization.json.JsonTransformingSerializer.deserialize(JsonTransformingSerializer.kt:78) ~[?:?]
	at gg.essential.model.file.KeyframesSerializer.deserialize(AnimationFile.kt:105) ~[?:?]
	at gg.essential.model.file.KeyframesSerializer.deserialize(AnimationFile.kt:103) ~[?:?]
	at kotlinx.serialization.json.internal.StreamingJsonDecoder.decodeSerializableValue(StreamingJsonDecoder.kt:69) ~[?:?]
	at kotlinx.serialization.encoding.AbstractDecoder.decodeSerializableValue(AbstractDecoder.kt:43) ~[?:?]
	at kotlinx.serialization.encoding.AbstractDecoder.decodeNullableSerializableElement(AbstractDecoder.kt:78) ~[?:?]
	at gg.essential.model.Channels$$serializer.deserialize(Animation.kt:372) ~[?:?]
	at gg.essential.model.Channels$$serializer.deserialize(Animation.kt:372) ~[?:?]
	at kotlinx.serialization.json.internal.StreamingJsonDecoder.decodeSerializableValue(StreamingJsonDecoder.kt:69) ~[?:?]
	at kotlinx.serialization.encoding.AbstractDecoder.decodeSerializableValue(AbstractDecoder.kt:43) ~[?:?]
	at kotlinx.serialization.encoding.AbstractDecoder.decodeSerializableElement(AbstractDecoder.kt:70) ~[?:?]
	at kotlinx.serialization.json.internal.StreamingJsonDecoder.decodeSerializableElement(StreamingJsonDecoder.kt:168) ~[?:?]
	at kotlinx.serialization.encoding.CompositeDecoder$DefaultImpls.decodeSerializableElement$default(Decoding.kt:538) ~[?:?]
	at kotlinx.serialization.internal.MapLikeSerializer.readElement(CollectionSerializers.kt:111) ~[?:?]
	at kotlinx.serialization.internal.MapLikeSerializer.readElement(CollectionSerializers.kt:84) ~[?:?]
	at kotlinx.serialization.internal.AbstractCollectionSerializer.readElement$default(CollectionSerializers.kt:51) ~[?:?]
	at kotlinx.serialization.internal.AbstractCollectionSerializer.merge(CollectionSerializers.kt:36) ~[?:?]
	at kotlinx.serialization.internal.AbstractCollectionSerializer.deserialize(CollectionSerializers.kt:43) ~[?:?]
	at kotlinx.serialization.json.internal.StreamingJsonDecoder.decodeSerializableValue(StreamingJsonDecoder.kt:69) ~[?:?]
	at kotlinx.serialization.encoding.AbstractDecoder.decodeSerializableValue(AbstractDecoder.kt:43) ~[?:?]
	at kotlinx.serialization.encoding.AbstractDecoder.decodeSerializableElement(AbstractDecoder.kt:70) ~[?:?]
	at kotlinx.serialization.json.internal.StreamingJsonDecoder.decodeSerializableElement(StreamingJsonDecoder.kt:168) ~[?:?]
	at gg.essential.model.file.AnimationFile$Animation$$serializer.deserialize(AnimationFile.kt:48) ~[?:?]
	at gg.essential.model.file.AnimationFile$Animation$$serializer.deserialize(AnimationFile.kt:48) ~[?:?]
	at kotlinx.serialization.json.internal.StreamingJsonDecoder.decodeSerializableValue(StreamingJsonDecoder.kt:69) ~[?:?]
	at kotlinx.serialization.encoding.AbstractDecoder.decodeSerializableValue(AbstractDecoder.kt:43) ~[?:?]
	at kotlinx.serialization.encoding.AbstractDecoder.decodeSerializableElement(AbstractDecoder.kt:70) ~[?:?]
	at kotlinx.serialization.json.internal.StreamingJsonDecoder.decodeSerializableElement(StreamingJsonDecoder.kt:168) ~[?:?]
	at kotlinx.serialization.encoding.CompositeDecoder$DefaultImpls.decodeSerializableElement$default(Decoding.kt:538) ~[?:?]
	at kotlinx.serialization.internal.MapLikeSerializer.readElement(CollectionSerializers.kt:111) ~[?:?]
	at kotlinx.serialization.internal.MapLikeSerializer.readElement(CollectionSerializers.kt:84) ~[?:?]
	at kotlinx.serialization.internal.AbstractCollectionSerializer.readElement$default(CollectionSerializers.kt:51) ~[?:?]
	at kotlinx.serialization.internal.AbstractCollectionSerializer.merge(CollectionSerializers.kt:36) ~[?:?]
	at kotlinx.serialization.internal.AbstractCollectionSerializer.deserialize(CollectionSerializers.kt:43) ~[?:?]
	at kotlinx.serialization.json.internal.StreamingJsonDecoder.decodeSerializableValue(StreamingJsonDecoder.kt:69) ~[?:?]
	at kotlinx.serialization.encoding.AbstractDecoder.decodeSerializableValue(AbstractDecoder.kt:43) ~[?:?]
	at kotlinx.serialization.encoding.AbstractDecoder.decodeSerializableElement(AbstractDecoder.kt:70) ~[?:?]
	at kotlinx.serialization.json.internal.StreamingJsonDecoder.decodeSerializableElement(StreamingJsonDecoder.kt:168) ~[?:?]
	at gg.essential.model.file.AnimationFile$$serializer.deserialize(AnimationFile.kt:41) ~[?:?]
	at gg.essential.model.file.AnimationFile$$serializer.deserialize(AnimationFile.kt:41) ~[?:?]
	at kotlinx.serialization.json.internal.StreamingJsonDecoder.decodeSerializableValue(StreamingJsonDecoder.kt:69) ~[?:?]
	at kotlinx.serialization.json.Json.decodeFromString(Json.kt:107) ~[?:?]
	at gg.essential.network.connectionmanager.cosmetics.AssetLoader$JsonAssetType$3.invoke(AssetLoader.kt:337) ~[?:?]
	at gg.essential.network.connectionmanager.cosmetics.AssetLoader$JsonAssetType$3.invoke(AssetLoader.kt:336) ~[?:?]
	at gg.essential.network.connectionmanager.cosmetics.AssetLoader$getAsset$1$future$1.invoke(AssetLoader.kt:91) ~[?:?]
	at gg.essential.network.connectionmanager.cosmetics.AssetLoader$getAsset$1$future$1.invoke(AssetLoader.kt:89) ~[?:?]
	at gg.essential.network.connectionmanager.cosmetics.AssetLoader$getAsset$1.invoke$lambda$0(AssetLoader.kt:89) ~[?:?]
	at java.util.concurrent.CompletableFuture$UniApply.tryFire(Unknown Source) ~[?:?]
	at java.util.concurrent.CompletableFuture$Completion.exec(Unknown Source) ~[?:?]
	at java.util.concurrent.ForkJoinTask.doExec(Unknown Source) ~[?:?]
	at java.util.concurrent.ForkJoinPool$WorkQueue.topLevelExec(Unknown Source) ~[?:?]
	at java.util.concurrent.ForkJoinPool.scan(Unknown Source) ~[?:?]
	at java.util.concurrent.ForkJoinPool.runWorker(Unknown Source) ~[?:?]
	at java.util.concurrent.ForkJoinWorkerThread.run(Unknown Source) ~[?:?]
[17:08:28] [ForkJoinPool.commonPool-worker-9/ERROR]: Could not find parent kotlin/jvm/internal/Lambda for class gg/essential/model/file/ParticleEffectComponents$ParticleAppearanceBillboard$FacingCameraMode$Companion$1 in classloader jdk.internal.loader.ClassLoaders$AppClassLoader@30c7da1e on thread Thread[ForkJoinPool.commonPool-worker-9,5,main]
[17:08:28] [ForkJoinPool.commonPool-worker-6/ERROR]: Could not find parent kotlin/jvm/internal/Lambda for class gg/essential/model/molang/Parser$parseSimpleExpression$$inlined$invoke$1 in classloader jdk.internal.loader.ClassLoaders$AppClassLoader@30c7da1e on thread Thread[ForkJoinPool.commonPool-worker-6,5,main]
[17:08:28] [ForkJoinPool.commonPool-worker-9/ERROR]: An error occurred building event handler
java.lang.ClassNotFoundException: kotlin.jvm.internal.Lambda
	at jdk.internal.loader.BuiltinClassLoader.loadClass(Unknown Source) ~[?:?]
	at jdk.internal.loader.ClassLoaders$AppClassLoader.loadClass(Unknown Source) ~[?:?]
	at java.lang.ClassLoader.loadClass(Unknown Source) ~[?:?]
	at net.minecraftforge.eventbus.EventSubclassTransformer.buildEvents(EventSubclassTransformer.java:97) ~[eventbus-6.0.5.jar:?]
	at net.minecraftforge.eventbus.EventSubclassTransformer.transform(EventSubclassTransformer.java:48) ~[eventbus-6.0.5.jar:?]
	at net.minecraftforge.eventbus.EventBusEngine.processClass(EventBusEngine.java:26) ~[eventbus-6.0.5.jar:?]
	at net.minecraftforge.eventbus.service.ModLauncherService.processClassWithFlags(ModLauncherService.java:32) ~[eventbus-6.0.5.jar:6.0.5+6.0.5+master.eb8e549b]
	at cpw.mods.modlauncher.LaunchPluginHandler.offerClassNodeToPlugins(LaunchPluginHandler.java:88) ~[modlauncher-10.0.9.jar:?]
	at cpw.mods.modlauncher.ClassTransformer.transform(ClassTransformer.java:120) ~[modlauncher-10.0.9.jar:?]
	at cpw.mods.modlauncher.TransformingClassLoader.maybeTransformClassBytes(TransformingClassLoader.java:50) ~[modlauncher-10.0.9.jar:?]
	at cpw.mods.cl.ModuleClassLoader.readerToClass(ModuleClassLoader.java:113) ~[securejarhandler-2.1.10.jar:?]
	at cpw.mods.cl.ModuleClassLoader.lambda$findClass$15(ModuleClassLoader.java:219) ~[securejarhandler-2.1.10.jar:?]
	at cpw.mods.cl.ModuleClassLoader.loadFromModule(ModuleClassLoader.java:229) ~[securejarhandler-2.1.10.jar:?]
	at cpw.mods.cl.ModuleClassLoader.findClass(ModuleClassLoader.java:219) ~[securejarhandler-2.1.10.jar:?]
	at cpw.mods.cl.ModuleClassLoader.loadClass(ModuleClassLoader.java:135) ~[securejarhandler-2.1.10.jar:?]
	at java.lang.ClassLoader.loadClass(Unknown Source) ~[?:?]
	at gg.essential.model.file.ParticleEffectComponents$ParticleAppearanceBillboard$FacingCameraMode.<clinit>(ParticlesFile.kt:448) ~[?:?]
	at gg.essential.model.file.ParticleEffectComponents$ParticleAppearanceBillboard$FacingCameraMode$$serializer.deserialize(ParticlesFile.kt:448) ~[?:?]
	at gg.essential.model.file.ParticleEffectComponents$ParticleAppearanceBillboard$FacingCameraMode$$serializer.deserialize(ParticlesFile.kt:448) ~[?:?]
	at kotlinx.serialization.json.internal.StreamingJsonDecoder.decodeSerializableValue(StreamingJsonDecoder.kt:69) ~[?:?]
	at kotlinx.serialization.encoding.AbstractDecoder.decodeSerializableValue(AbstractDecoder.kt:43) ~[?:?]
	at kotlinx.serialization.encoding.AbstractDecoder.decodeSerializableElement(AbstractDecoder.kt:70) ~[?:?]
	at kotlinx.serialization.json.internal.StreamingJsonDecoder.decodeSerializableElement(StreamingJsonDecoder.kt:168) ~[?:?]
	at gg.essential.model.file.ParticleEffectComponents$ParticleAppearanceBillboard$$serializer.deserialize(ParticlesFile.kt:435) ~[?:?]
	at gg.essential.model.file.ParticleEffectComponents$ParticleAppearanceBillboard$$serializer.deserialize(ParticlesFile.kt:435) ~[?:?]
	at kotlinx.serialization.json.internal.StreamingJsonDecoder.decodeSerializableValue(StreamingJsonDecoder.kt:69) ~[?:?]
	at kotlinx.serialization.encoding.AbstractDecoder.decodeSerializableValue(AbstractDecoder.kt:43) ~[?:?]
	at kotlinx.serialization.encoding.AbstractDecoder.decodeNullableSerializableElement(AbstractDecoder.kt:78) ~[?:?]
	at gg.essential.model.file.ParticleEffectComponents$$serializer.deserialize(ParticlesFile.kt:178) ~[?:?]
	at gg.essential.model.file.ParticleEffectComponents$$serializer.deserialize(ParticlesFile.kt:178) ~[?:?]
	at kotlinx.serialization.json.internal.StreamingJsonDecoder.decodeSerializableValue(StreamingJsonDecoder.kt:69) ~[?:?]
	at kotlinx.serialization.encoding.AbstractDecoder.decodeSerializableValue(AbstractDecoder.kt:43) ~[?:?]
	at kotlinx.serialization.encoding.AbstractDecoder.decodeSerializableElement(AbstractDecoder.kt:70) ~[?:?]
	at kotlinx.serialization.json.internal.StreamingJsonDecoder.decodeSerializableElement(StreamingJsonDecoder.kt:168) ~[?:?]
	at gg.essential.model.file.ParticlesFile$ParticleEffect$$serializer.deserialize(ParticlesFile.kt:59) ~[?:?]
	at gg.essential.model.file.ParticlesFile$ParticleEffect$$serializer.deserialize(ParticlesFile.kt:59) ~[?:?]
	at kotlinx.serialization.json.internal.StreamingJsonDecoder.decodeSerializableValue(StreamingJsonDecoder.kt:69) ~[?:?]
	at kotlinx.serialization.encoding.AbstractDecoder.decodeSerializableValue(AbstractDecoder.kt:43) ~[?:?]
	at kotlinx.serialization.encoding.AbstractDecoder.decodeSerializableElement(AbstractDecoder.kt:70) ~[?:?]
	at kotlinx.serialization.json.internal.StreamingJsonDecoder.decodeSerializableElement(StreamingJsonDecoder.kt:168) ~[?:?]
	at gg.essential.model.file.ParticlesFile$$serializer.deserialize(ParticlesFile.kt:52) ~[?:?]
	at gg.essential.model.file.ParticlesFile$$serializer.deserialize(ParticlesFile.kt:52) ~[?:?]
	at kotlinx.serialization.json.internal.StreamingJsonDecoder.decodeSerializableValue(StreamingJsonDecoder.kt:69) ~[?:?]
	at kotlinx.serialization.json.Json.decodeFromString(Json.kt:107) ~[?:?]
	at gg.essential.network.connectionmanager.cosmetics.AssetLoader$JsonAssetType$3.invoke(AssetLoader.kt:337) ~[?:?]
	at gg.essential.network.connectionmanager.cosmetics.AssetLoader$JsonAssetType$3.invoke(AssetLoader.kt:336) ~[?:?]
	at gg.essential.network.connectionmanager.cosmetics.AssetLoader$getAsset$1$future$1.invoke(AssetLoader.kt:91) ~[?:?]
	at gg.essential.network.connectionmanager.cosmetics.AssetLoader$getAsset$1$future$1.invoke(AssetLoader.kt:89) ~[?:?]
	at gg.essential.network.connectionmanager.cosmetics.AssetLoader$getAsset$1.invoke$lambda$0(AssetLoader.kt:89) ~[?:?]
	at java.util.concurrent.CompletableFuture$UniApply.tryFire(Unknown Source) ~[?:?]
	at java.util.concurrent.CompletableFuture$Completion.exec(Unknown Source) ~[?:?]
	at java.util.concurrent.ForkJoinTask.doExec(Unknown Source) ~[?:?]
	at java.util.concurrent.ForkJoinPool$WorkQueue.topLevelExec(Unknown Source) ~[?:?]
	at java.util.concurrent.ForkJoinPool.scan(Unknown Source) ~[?:?]
	at java.util.concurrent.ForkJoinPool.runWorker(Unknown Source) ~[?:?]
	at java.util.concurrent.ForkJoinWorkerThread.run(Unknown Source) ~[?:?]
[17:08:28] [ForkJoinPool.commonPool-worker-6/ERROR]: An error occurred building event handler
java.lang.ClassNotFoundException: kotlin.jvm.internal.Lambda
	at jdk.internal.loader.BuiltinClassLoader.loadClass(Unknown Source) ~[?:?]
	at jdk.internal.loader.ClassLoaders$AppClassLoader.loadClass(Unknown Source) ~[?:?]
	at java.lang.ClassLoader.loadClass(Unknown Source) ~[?:?]
	at net.minecraftforge.eventbus.EventSubclassTransformer.buildEvents(EventSubclassTransformer.java:97) ~[eventbus-6.0.5.jar:?]
	at net.minecraftforge.eventbus.EventSubclassTransformer.transform(EventSubclassTransformer.java:48) ~[eventbus-6.0.5.jar:?]
	at net.minecraftforge.eventbus.EventBusEngine.processClass(EventBusEngine.java:26) ~[eventbus-6.0.5.jar:?]
	at net.minecraftforge.eventbus.service.ModLauncherService.processClassWithFlags(ModLauncherService.java:32) ~[eventbus-6.0.5.jar:6.0.5+6.0.5+master.eb8e549b]
	at cpw.mods.modlauncher.LaunchPluginHandler.offerClassNodeToPlugins(LaunchPluginHandler.java:88) ~[modlauncher-10.0.9.jar:?]
	at cpw.mods.modlauncher.ClassTransformer.transform(ClassTransformer.java:120) ~[modlauncher-10.0.9.jar:?]
	at cpw.mods.modlauncher.TransformingClassLoader.maybeTransformClassBytes(TransformingClassLoader.java:50) ~[modlauncher-10.0.9.jar:?]
	at cpw.mods.cl.ModuleClassLoader.readerToClass(ModuleClassLoader.java:113) ~[securejarhandler-2.1.10.jar:?]
	at cpw.mods.cl.ModuleClassLoader.lambda$findClass$15(ModuleClassLoader.java:219) ~[securejarhandler-2.1.10.jar:?]
	at cpw.mods.cl.ModuleClassLoader.loadFromModule(ModuleClassLoader.java:229) ~[securejarhandler-2.1.10.jar:?]
	at cpw.mods.cl.ModuleClassLoader.findClass(ModuleClassLoader.java:219) ~[securejarhandler-2.1.10.jar:?]
	at cpw.mods.cl.ModuleClassLoader.loadClass(ModuleClassLoader.java:135) ~[securejarhandler-2.1.10.jar:?]
	at java.lang.ClassLoader.loadClass(Unknown Source) ~[?:?]
	at gg.essential.model.molang.Parser.parseSimpleExpression(MolangExpression.kt:478) ~[?:?]
	at gg.essential.model.molang.Parser.parseProduct(MolangExpression.kt:276) ~[?:?]
	at gg.essential.model.molang.Parser.parseSum(MolangExpression.kt:287) ~[?:?]
	at gg.essential.model.molang.Parser.parseComparisons(MolangExpression.kt:298) ~[?:?]
	at gg.essential.model.molang.Parser.parseEqualityChecks(MolangExpression.kt:309) ~[?:?]
	at gg.essential.model.molang.Parser.parseLogicalAnds(MolangExpression.kt:318) ~[?:?]
	at gg.essential.model.molang.Parser.parseLogicalOrs(MolangExpression.kt:328) ~[?:?]
	at gg.essential.model.molang.Parser.parseTernary(MolangExpression.kt:338) ~[?:?]
	at gg.essential.model.molang.Parser.parseNullCoalescing(MolangExpression.kt:350) ~[?:?]
	at gg.essential.model.molang.Parser.parseExpression(MolangExpression.kt:359) ~[?:?]
	at gg.essential.model.molang.Parser.parseAssignment(MolangExpression.kt:371) ~[?:?]
	at gg.essential.model.molang.Parser.parseStatement(MolangExpression.kt:378) ~[?:?]
	at gg.essential.model.molang.Parser.parseStatements(MolangExpression.kt:383) ~[?:?]
	at gg.essential.model.molang.Parser.parseExpression(MolangExpression.kt:355) ~[?:?]
	at gg.essential.model.molang.Parser.parseSimpleExpression(MolangExpression.kt:247) ~[?:?]
	at gg.essential.model.molang.Parser.parseProduct(MolangExpression.kt:276) ~[?:?]
	at gg.essential.model.molang.Parser.parseSum(MolangExpression.kt:287) ~[?:?]
	at gg.essential.model.molang.Parser.parseComparisons(MolangExpression.kt:298) ~[?:?]
	at gg.essential.model.molang.Parser.parseEqualityChecks(MolangExpression.kt:309) ~[?:?]
	at gg.essential.model.molang.Parser.parseLogicalAnds(MolangExpression.kt:318) ~[?:?]
	at gg.essential.model.molang.Parser.parseLogicalOrs(MolangExpression.kt:328) ~[?:?]
	at gg.essential.model.molang.Parser.parseTernary(MolangExpression.kt:338) ~[?:?]
	at gg.essential.model.molang.Parser.parseTernary(MolangExpression.kt:340) ~[?:?]
	at gg.essential.model.molang.Parser.parseNullCoalescing(MolangExpression.kt:350) ~[?:?]
	at gg.essential.model.molang.Parser.parseExpression(MolangExpression.kt:359) ~[?:?]
	at gg.essential.model.molang.Parser.parseAssignment(MolangExpression.kt:364) ~[?:?]
	at gg.essential.model.molang.Parser.parseStatement(MolangExpression.kt:378) ~[?:?]
	at gg.essential.model.molang.Parser.parseStatements(MolangExpression.kt:383) ~[?:?]
	at gg.essential.model.molang.Parser.parseMolang(MolangExpression.kt:396) ~[?:?]
	at gg.essential.model.molang.Parser.fullyParseMolang(MolangExpression.kt:418) ~[?:?]
	at gg.essential.model.molang.Parser.tryFullyParseMolang(MolangExpression.kt:426) ~[?:?]
	at gg.essential.model.molang.MolangExpressionKt.parseMolangExpression(MolangExpression.kt:434) ~[?:?]
	at gg.essential.model.molang.MolangExpressionKt.parseMolangExpression(MolangExpression.kt:436) ~[?:?]
	at gg.essential.model.file.KeyframeSerializer.parse$lambda$3$parseMolangVector(AnimationFile.kt:123) ~[?:?]
	at gg.essential.model.file.KeyframeSerializer.parse(AnimationFile.kt:139) ~[?:?]
	at gg.essential.model.file.KeyframeSerializer.deserialize(AnimationFile.kt:116) ~[?:?]
	at gg.essential.model.file.KeyframeSerializer.deserialize(AnimationFile.kt:114) ~[?:?]
	at kotlinx.serialization.json.internal.PolymorphicKt.decodeSerializableValuePolymorphic(Polymorphic.kt:77) ~[?:?]
	at kotlinx.serialization.json.internal.AbstractJsonTreeDecoder.decodeSerializableValue(TreeJsonDecoder.kt:52) ~[?:?]
	at kotlinx.serialization.internal.TaggedDecoder.decodeSerializableValue(Tagged.kt:207) ~[?:?]
	at kotlinx.serialization.internal.TaggedDecoder$decodeSerializableElement$1.invoke(Tagged.kt:279) ~[?:?]
	at kotlinx.serialization.internal.TaggedDecoder.tagBlock(Tagged.kt:294) ~[?:?]
	at kotlinx.serialization.internal.TaggedDecoder.decodeSerializableElement(Tagged.kt:279) ~[?:?]
	at kotlinx.serialization.encoding.CompositeDecoder$DefaultImpls.decodeSerializableElement$default(Decoding.kt:538) ~[?:?]
	at kotlinx.serialization.internal.MapLikeSerializer.readElement(CollectionSerializers.kt:111) ~[?:?]
	at kotlinx.serialization.internal.MapLikeSerializer.readElement(CollectionSerializers.kt:84) ~[?:?]
	at kotlinx.serialization.internal.AbstractCollectionSerializer.readElement$default(CollectionSerializers.kt:51) ~[?:?]
	at kotlinx.serialization.internal.AbstractCollectionSerializer.merge(CollectionSerializers.kt:36) ~[?:?]
	at kotlinx.serialization.internal.AbstractCollectionSerializer.deserialize(CollectionSerializers.kt:43) ~[?:?]
	at kotlinx.serialization.json.internal.PolymorphicKt.decodeSerializableValuePolymorphic(Polymorphic.kt:77) ~[?:?]
	at kotlinx.serialization.json.internal.AbstractJsonTreeDecoder.decodeSerializableValue(TreeJsonDecoder.kt:52) ~[?:?]
	at gg.essential.model.util.TreeMapSerializer.deserialize(TreeMap.kt:73) ~[?:?]
	at gg.essential.model.util.TreeMapSerializer.deserialize(TreeMap.kt:69) ~[?:?]
	at kotlinx.serialization.json.internal.PolymorphicKt.decodeSerializableValuePolymorphic(Polymorphic.kt:77) ~[?:?]
	at kotlinx.serialization.json.internal.AbstractJsonTreeDecoder.decodeSerializableValue(TreeJsonDecoder.kt:52) ~[?:?]
	at kotlinx.serialization.json.internal.TreeJsonDecoderKt.readJson(TreeJsonDecoder.kt:25) ~[?:?]
	at kotlinx.serialization.json.Json.decodeFromJsonElement(Json.kt:127) ~[?:?]
	at kotlinx.serialization.json.JsonTransformingSerializer.deserialize(JsonTransformingSerializer.kt:78) ~[?:?]
	at gg.essential.model.file.KeyframesSerializer.deserialize(AnimationFile.kt:105) ~[?:?]
	at gg.essential.model.file.KeyframesSerializer.deserialize(AnimationFile.kt:103) ~[?:?]
	at kotlinx.serialization.json.internal.StreamingJsonDecoder.decodeSerializableValue(StreamingJsonDecoder.kt:69) ~[?:?]
	at kotlinx.serialization.encoding.AbstractDecoder.decodeSerializableValue(AbstractDecoder.kt:43) ~[?:?]
	at kotlinx.serialization.encoding.AbstractDecoder.decodeNullableSerializableElement(AbstractDecoder.kt:78) ~[?:?]
	at gg.essential.model.Channels$$serializer.deserialize(Animation.kt:372) ~[?:?]
	at gg.essential.model.Channels$$serializer.deserialize(Animation.kt:372) ~[?:?]
	at kotlinx.serialization.json.internal.StreamingJsonDecoder.decodeSerializableValue(StreamingJsonDecoder.kt:69) ~[?:?]
	at kotlinx.serialization.encoding.AbstractDecoder.decodeSerializableValue(AbstractDecoder.kt:43) ~[?:?]
	at kotlinx.serialization.encoding.AbstractDecoder.decodeSerializableElement(AbstractDecoder.kt:70) ~[?:?]
	at kotlinx.serialization.json.internal.StreamingJsonDecoder.decodeSerializableElement(StreamingJsonDecoder.kt:168) ~[?:?]
	at kotlinx.serialization.encoding.CompositeDecoder$DefaultImpls.decodeSerializableElement$default(Decoding.kt:538) ~[?:?]
	at kotlinx.serialization.internal.MapLikeSerializer.readElement(CollectionSerializers.kt:111) ~[?:?]
	at kotlinx.serialization.internal.MapLikeSerializer.readElement(CollectionSerializers.kt:84) ~[?:?]
	at kotlinx.serialization.internal.AbstractCollectionSerializer.readElement$default(CollectionSerializers.kt:51) ~[?:?]
	at kotlinx.serialization.internal.AbstractCollectionSerializer.merge(CollectionSerializers.kt:36) ~[?:?]
	at kotlinx.serialization.internal.AbstractCollectionSerializer.deserialize(CollectionSerializers.kt:43) ~[?:?]
	at kotlinx.serialization.json.internal.StreamingJsonDecoder.decodeSerializableValue(StreamingJsonDecoder.kt:69) ~[?:?]
	at kotlinx.serialization.encoding.AbstractDecoder.decodeSerializableValue(AbstractDecoder.kt:43) ~[?:?]
	at kotlinx.serialization.encoding.AbstractDecoder.decodeSerializableElement(AbstractDecoder.kt:70) ~[?:?]
	at kotlinx.serialization.json.internal.StreamingJsonDecoder.decodeSerializableElement(StreamingJsonDecoder.kt:168) ~[?:?]
	at gg.essential.model.file.AnimationFile$Animation$$serializer.deserialize(AnimationFile.kt:48) ~[?:?]
	at gg.essential.model.file.AnimationFile$Animation$$serializer.deserialize(AnimationFile.kt:48) ~[?:?]
	at kotlinx.serialization.json.internal.StreamingJsonDecoder.decodeSerializableValue(StreamingJsonDecoder.kt:69) ~[?:?]
	at kotlinx.serialization.encoding.AbstractDecoder.decodeSerializableValue(AbstractDecoder.kt:43) ~[?:?]
	at kotlinx.serialization.encoding.AbstractDecoder.decodeSerializableElement(AbstractDecoder.kt:70) ~[?:?]
	at kotlinx.serialization.json.internal.StreamingJsonDecoder.decodeSerializableElement(StreamingJsonDecoder.kt:168) ~[?:?]
	at kotlinx.serialization.encoding.CompositeDecoder$DefaultImpls.decodeSerializableElement$default(Decoding.kt:538) ~[?:?]
	at kotlinx.serialization.internal.MapLikeSerializer.readElement(CollectionSerializers.kt:111) ~[?:?]
	at kotlinx.serialization.internal.MapLikeSerializer.readElement(CollectionSerializers.kt:84) ~[?:?]
	at kotlinx.serialization.internal.AbstractCollectionSerializer.readElement$default(CollectionSerializers.kt:51) ~[?:?]
	at kotlinx.serialization.internal.AbstractCollectionSerializer.merge(CollectionSerializers.kt:36) ~[?:?]
	at kotlinx.serialization.internal.AbstractCollectionSerializer.deserialize(CollectionSerializers.kt:43) ~[?:?]
	at kotlinx.serialization.json.internal.StreamingJsonDecoder.decodeSerializableValue(StreamingJsonDecoder.kt:69) ~[?:?]
	at kotlinx.serialization.encoding.AbstractDecoder.decodeSerializableValue(AbstractDecoder.kt:43) ~[?:?]
	at kotlinx.serialization.encoding.AbstractDecoder.decodeSerializableElement(AbstractDecoder.kt:70) ~[?:?]
	at kotlinx.serialization.json.internal.StreamingJsonDecoder.decodeSerializableElement(StreamingJsonDecoder.kt:168) ~[?:?]
	at gg.essential.model.file.AnimationFile$$serializer.deserialize(AnimationFile.kt:41) ~[?:?]
	at gg.essential.model.file.AnimationFile$$serializer.deserialize(AnimationFile.kt:41) ~[?:?]
	at kotlinx.serialization.json.internal.StreamingJsonDecoder.decodeSerializableValue(StreamingJsonDecoder.kt:69) ~[?:?]
	at kotlinx.serialization.json.Json.decodeFromString(Json.kt:107) ~[?:?]
	at gg.essential.network.connectionmanager.cosmetics.AssetLoader$JsonAssetType$3.invoke(AssetLoader.kt:337) ~[?:?]
	at gg.essential.network.connectionmanager.cosmetics.AssetLoader$JsonAssetType$3.invoke(AssetLoader.kt:336) ~[?:?]
	at gg.essential.network.connectionmanager.cosmetics.AssetLoader$getAsset$1$future$1.invoke(AssetLoader.kt:91) ~[?:?]
	at gg.essential.network.connectionmanager.cosmetics.AssetLoader$getAsset$1$future$1.invoke(AssetLoader.kt:89) ~[?:?]
	at gg.essential.network.connectionmanager.cosmetics.AssetLoader$getAsset$1.invoke$lambda$0(AssetLoader.kt:89) ~[?:?]
	at java.util.concurrent.CompletableFuture$UniApply.tryFire(Unknown Source) ~[?:?]
	at java.util.concurrent.CompletableFuture$Completion.exec(Unknown Source) ~[?:?]
	at java.util.concurrent.ForkJoinTask.doExec(Unknown Source) ~[?:?]
	at java.util.concurrent.ForkJoinPool$WorkQueue.topLevelExec(Unknown Source) ~[?:?]
	at java.util.concurrent.ForkJoinPool.scan(Unknown Source) ~[?:?]
	at java.util.concurrent.ForkJoinPool.runWorker(Unknown Source) ~[?:?]
	at java.util.concurrent.ForkJoinWorkerThread.run(Unknown Source) ~[?:?]
[17:08:28] [ForkJoinPool.commonPool-worker-4/ERROR]: Could not find parent kotlinx/serialization/json/JsonContentPolymorphicSerializer for class gg/essential/model/file/MolangColorOrGradientSerializer in classloader jdk.internal.loader.ClassLoaders$AppClassLoader@30c7da1e on thread Thread[ForkJoinPool.commonPool-worker-4,5,main]
[17:08:28] [ForkJoinPool.commonPool-worker-4/ERROR]: An error occurred building event handler
java.lang.ClassNotFoundException: kotlinx.serialization.json.JsonContentPolymorphicSerializer
	at jdk.internal.loader.BuiltinClassLoader.loadClass(Unknown Source) ~[?:?]
	at jdk.internal.loader.ClassLoaders$AppClassLoader.loadClass(Unknown Source) ~[?:?]
	at java.lang.ClassLoader.loadClass(Unknown Source) ~[?:?]
	at net.minecraftforge.eventbus.EventSubclassTransformer.buildEvents(EventSubclassTransformer.java:97) ~[eventbus-6.0.5.jar:?]
	at net.minecraftforge.eventbus.EventSubclassTransformer.transform(EventSubclassTransformer.java:48) ~[eventbus-6.0.5.jar:?]
	at net.minecraftforge.eventbus.EventBusEngine.processClass(EventBusEngine.java:26) ~[eventbus-6.0.5.jar:?]
	at net.minecraftforge.eventbus.service.ModLauncherService.processClassWithFlags(ModLauncherService.java:32) ~[eventbus-6.0.5.jar:6.0.5+6.0.5+master.eb8e549b]
	at cpw.mods.modlauncher.LaunchPluginHandler.offerClassNodeToPlugins(LaunchPluginHandler.java:88) ~[modlauncher-10.0.9.jar:?]
	at cpw.mods.modlauncher.ClassTransformer.transform(ClassTransformer.java:120) ~[modlauncher-10.0.9.jar:?]
	at cpw.mods.modlauncher.TransformingClassLoader.maybeTransformClassBytes(TransformingClassLoader.java:50) ~[modlauncher-10.0.9.jar:?]
	at cpw.mods.cl.ModuleClassLoader.readerToClass(ModuleClassLoader.java:113) ~[securejarhandler-2.1.10.jar:?]
	at cpw.mods.cl.ModuleClassLoader.lambda$findClass$15(ModuleClassLoader.java:219) ~[securejarhandler-2.1.10.jar:?]
	at cpw.mods.cl.ModuleClassLoader.loadFromModule(ModuleClassLoader.java:229) ~[securejarhandler-2.1.10.jar:?]
	at cpw.mods.cl.ModuleClassLoader.findClass(ModuleClassLoader.java:219) ~[securejarhandler-2.1.10.jar:?]
	at cpw.mods.cl.ModuleClassLoader.loadClass(ModuleClassLoader.java:135) ~[securejarhandler-2.1.10.jar:?]
	at java.lang.ClassLoader.loadClass(Unknown Source) ~[?:?]
	at gg.essential.model.file.ParticleEffectComponents$ParticleAppearanceTinting$$serializer.deserialize(ParticlesFile.kt:552) ~[?:?]
	at gg.essential.model.file.ParticleEffectComponents$ParticleAppearanceTinting$$serializer.deserialize(ParticlesFile.kt:552) ~[?:?]
	at kotlinx.serialization.json.internal.StreamingJsonDecoder.decodeSerializableValue(StreamingJsonDecoder.kt:69) ~[?:?]
	at kotlinx.serialization.encoding.AbstractDecoder.decodeSerializableValue(AbstractDecoder.kt:43) ~[?:?]
	at kotlinx.serialization.encoding.AbstractDecoder.decodeNullableSerializableElement(AbstractDecoder.kt:78) ~[?:?]
	at gg.essential.model.file.ParticleEffectComponents$$serializer.deserialize(ParticlesFile.kt:178) ~[?:?]
	at gg.essential.model.file.ParticleEffectComponents$$serializer.deserialize(ParticlesFile.kt:178) ~[?:?]
	at kotlinx.serialization.json.internal.StreamingJsonDecoder.decodeSerializableValue(StreamingJsonDecoder.kt:69) ~[?:?]
	at kotlinx.serialization.encoding.AbstractDecoder.decodeSerializableValue(AbstractDecoder.kt:43) ~[?:?]
	at kotlinx.serialization.encoding.AbstractDecoder.decodeSerializableElement(AbstractDecoder.kt:70) ~[?:?]
	at kotlinx.serialization.json.internal.StreamingJsonDecoder.decodeSerializableElement(StreamingJsonDecoder.kt:168) ~[?:?]
	at gg.essential.model.file.ParticlesFile$ParticleEffect$$serializer.deserialize(ParticlesFile.kt:59) ~[?:?]
	at gg.essential.model.file.ParticlesFile$ParticleEffect$$serializer.deserialize(ParticlesFile.kt:59) ~[?:?]
	at kotlinx.serialization.json.internal.StreamingJsonDecoder.decodeSerializableValue(StreamingJsonDecoder.kt:69) ~[?:?]
	at kotlinx.serialization.encoding.AbstractDecoder.decodeSerializableValue(AbstractDecoder.kt:43) ~[?:?]
	at kotlinx.serialization.encoding.AbstractDecoder.decodeSerializableElement(AbstractDecoder.kt:70) ~[?:?]
	at kotlinx.serialization.json.internal.StreamingJsonDecoder.decodeSerializableElement(StreamingJsonDecoder.kt:168) ~[?:?]
	at gg.essential.model.file.ParticlesFile$$serializer.deserialize(ParticlesFile.kt:52) ~[?:?]
	at gg.essential.model.file.ParticlesFile$$serializer.deserialize(ParticlesFile.kt:52) ~[?:?]
	at kotlinx.serialization.json.internal.StreamingJsonDecoder.decodeSerializableValue(StreamingJsonDecoder.kt:69) ~[?:?]
	at kotlinx.serialization.json.Json.decodeFromString(Json.kt:107) ~[?:?]
	at gg.essential.network.connectionmanager.cosmetics.AssetLoader$JsonAssetType$3.invoke(AssetLoader.kt:337) ~[?:?]
	at gg.essential.network.connectionmanager.cosmetics.AssetLoader$JsonAssetType$3.invoke(AssetLoader.kt:336) ~[?:?]
	at gg.essential.network.connectionmanager.cosmetics.AssetLoader$getAsset$1$future$1.invoke(AssetLoader.kt:91) ~[?:?]
	at gg.essential.network.connectionmanager.cosmetics.AssetLoader$getAsset$1$future$1.invoke(AssetLoader.kt:89) ~[?:?]
	at gg.essential.network.connectionmanager.cosmetics.AssetLoader$getAsset$1.invoke$lambda$0(AssetLoader.kt:89) ~[?:?]
	at java.util.concurrent.CompletableFuture$UniApply.tryFire(Unknown Source) ~[?:?]
	at java.util.concurrent.CompletableFuture$Completion.exec(Unknown Source) ~[?:?]
	at java.util.concurrent.ForkJoinTask.doExec(Unknown Source) ~[?:?]
	at java.util.concurrent.ForkJoinPool$WorkQueue.topLevelExec(Unknown Source) ~[?:?]
	at java.util.concurrent.ForkJoinPool.scan(Unknown Source) ~[?:?]
	at java.util.concurrent.ForkJoinPool.runWorker(Unknown Source) ~[?:?]
	at java.util.concurrent.ForkJoinWorkerThread.run(Unknown Source) ~[?:?]
[17:08:28] [Finalizer/WARN]: One or more BufferBuilders have been leaked, ModernFix will attempt to correct this.
[17:08:28] [ForkJoinPool.commonPool-worker-9/ERROR]: Could not find parent kotlinx/serialization/json/JsonTransformingSerializer for class gg/essential/model/file/ParticlesFile$Event$WeightedEventSerializer in classloader jdk.internal.loader.ClassLoaders$AppClassLoader@30c7da1e on thread Thread[ForkJoinPool.commonPool-worker-9,5,main]
[17:08:28] [ForkJoinPool.commonPool-worker-5/ERROR]: Could not find parent kotlin/jvm/internal/Lambda for class gg/essential/model/Box3$Companion$points$2 in classloader jdk.internal.loader.ClassLoaders$AppClassLoader@30c7da1e on thread Thread[ForkJoinPool.commonPool-worker-5,5,main]
[17:08:28] [ForkJoinPool.commonPool-worker-5/ERROR]: An error occurred building event handler
java.lang.ClassNotFoundException: kotlin.jvm.internal.Lambda
	at jdk.internal.loader.BuiltinClassLoader.loadClass(Unknown Source) ~[?:?]
	at jdk.internal.loader.ClassLoaders$AppClassLoader.loadClass(Unknown Source) ~[?:?]
	at java.lang.ClassLoader.loadClass(Unknown Source) ~[?:?]
	at net.minecraftforge.eventbus.EventSubclassTransformer.buildEvents(EventSubclassTransformer.java:97) ~[eventbus-6.0.5.jar:?]
	at net.minecraftforge.eventbus.EventSubclassTransformer.transform(EventSubclassTransformer.java:48) ~[eventbus-6.0.5.jar:?]
	at net.minecraftforge.eventbus.EventBusEngine.processClass(EventBusEngine.java:26) ~[eventbus-6.0.5.jar:?]
	at net.minecraftforge.eventbus.service.ModLauncherService.processClassWithFlags(ModLauncherService.java:32) ~[eventbus-6.0.5.jar:6.0.5+6.0.5+master.eb8e549b]
	at cpw.mods.modlauncher.LaunchPluginHandler.offerClassNodeToPlugins(LaunchPluginHandler.java:88) ~[modlauncher-10.0.9.jar:?]
	at cpw.mods.modlauncher.ClassTransformer.transform(ClassTransformer.java:120) ~[modlauncher-10.0.9.jar:?]
	at cpw.mods.modlauncher.TransformingClassLoader.maybeTransformClassBytes(TransformingClassLoader.java:50) ~[modlauncher-10.0.9.jar:?]
	at cpw.mods.cl.ModuleClassLoader.readerToClass(ModuleClassLoader.java:113) ~[securejarhandler-2.1.10.jar:?]
	at cpw.mods.cl.ModuleClassLoader.lambda$findClass$15(ModuleClassLoader.java:219) ~[securejarhandler-2.1.10.jar:?]
	at cpw.mods.cl.ModuleClassLoader.loadFromModule(ModuleClassLoader.java:229) ~[securejarhandler-2.1.10.jar:?]
	at cpw.mods.cl.ModuleClassLoader.findClass(ModuleClassLoader.java:219) ~[securejarhandler-2.1.10.jar:?]
	at cpw.mods.cl.ModuleClassLoader.loadClass(ModuleClassLoader.java:135) ~[securejarhandler-2.1.10.jar:?]
	at java.lang.ClassLoader.loadClass(Unknown Source) ~[?:?]
	at gg.essential.model.Box3.<clinit>(Box3.kt:138) ~[?:?]
	at gg.essential.model.ModelParser.parse(ModelParser.kt:50) ~[?:?]
	at gg.essential.model.BedrockModel.<init>(BedrockModel.kt:72) ~[?:?]
	at gg.essential.network.connectionmanager.cosmetics.ModelLoader$ModelState$future$2.invoke(ModelLoader.kt:80) ~[?:?]
	at gg.essential.network.connectionmanager.cosmetics.ModelLoader$ModelState$future$2.invoke(ModelLoader.kt:79) ~[?:?]
	at gg.essential.network.connectionmanager.cosmetics.ModelLoader$ModelState.future$lambda$9(ModelLoader.kt:79) ~[?:?]
	at java.util.concurrent.CompletableFuture.uniHandle(Unknown Source) ~[?:?]
	at java.util.concurrent.CompletableFuture$UniHandle.tryFire(Unknown Source) ~[?:?]
	at java.util.concurrent.CompletableFuture$Completion.exec(Unknown Source) ~[?:?]
	at java.util.concurrent.ForkJoinTask.doExec(Unknown Source) ~[?:?]
	at java.util.concurrent.ForkJoinPool$WorkQueue.topLevelExec(Unknown Source) ~[?:?]
	at java.util.concurrent.ForkJoinPool.scan(Unknown Source) ~[?:?]
	at java.util.concurrent.ForkJoinPool.runWorker(Unknown Source) ~[?:?]
	at java.util.concurrent.ForkJoinWorkerThread.run(Unknown Source) ~[?:?]
[17:08:28] [ForkJoinPool.commonPool-worker-7/ERROR]: Could not find parent kotlin/jvm/internal/Lambda for class gg/essential/model/BedrockModel$referencedAnimations$1$1 in classloader jdk.internal.loader.ClassLoaders$AppClassLoader@30c7da1e on thread Thread[ForkJoinPool.commonPool-worker-7,5,main]
[17:08:28] [ForkJoinPool.commonPool-worker-9/ERROR]: An error occurred building event handler
java.lang.ClassNotFoundException: kotlinx.serialization.json.JsonTransformingSerializer
	at jdk.internal.loader.BuiltinClassLoader.loadClass(Unknown Source) ~[?:?]
	at jdk.internal.loader.ClassLoaders$AppClassLoader.loadClass(Unknown Source) ~[?:?]
	at java.lang.ClassLoader.loadClass(Unknown Source) ~[?:?]
	at net.minecraftforge.eventbus.EventSubclassTransformer.buildEvents(EventSubclassTransformer.java:97) ~[eventbus-6.0.5.jar:?]
	at net.minecraftforge.eventbus.EventSubclassTransformer.transform(EventSubclassTransformer.java:48) ~[eventbus-6.0.5.jar:?]
	at net.minecraftforge.eventbus.EventBusEngine.processClass(EventBusEngine.java:26) ~[eventbus-6.0.5.jar:?]
	at net.minecraftforge.eventbus.service.ModLauncherService.processClassWithFlags(ModLauncherService.java:32) ~[eventbus-6.0.5.jar:6.0.5+6.0.5+master.eb8e549b]
	at cpw.mods.modlauncher.LaunchPluginHandler.offerClassNodeToPlugins(LaunchPluginHandler.java:88) ~[modlauncher-10.0.9.jar:?]
	at cpw.mods.modlauncher.ClassTransformer.transform(ClassTransformer.java:120) ~[modlauncher-10.0.9.jar:?]
	at cpw.mods.modlauncher.TransformingClassLoader.maybeTransformClassBytes(TransformingClassLoader.java:50) ~[modlauncher-10.0.9.jar:?]
	at cpw.mods.cl.ModuleClassLoader.readerToClass(ModuleClassLoader.java:113) ~[securejarhandler-2.1.10.jar:?]
	at cpw.mods.cl.ModuleClassLoader.lambda$findClass$15(ModuleClassLoader.java:219) ~[securejarhandler-2.1.10.jar:?]
	at cpw.mods.cl.ModuleClassLoader.loadFromModule(ModuleClassLoader.java:229) ~[securejarhandler-2.1.10.jar:?]
	at cpw.mods.cl.ModuleClassLoader.findClass(ModuleClassLoader.java:219) ~[securejarhandler-2.1.10.jar:?]
	at cpw.mods.cl.ModuleClassLoader.loadClass(ModuleClassLoader.java:135) ~[securejarhandler-2.1.10.jar:?]
	at java.lang.ClassLoader.loadClass(Unknown Source) ~[?:?]
	at gg.essential.model.file.ParticlesFile$Event.<clinit>(ParticlesFile.kt:111) ~[?:?]
	at gg.essential.model.file.ParticlesFile$Event$$serializer.deserialize(ParticlesFile.kt:111) ~[?:?]
	at gg.essential.model.file.ParticlesFile$Event$$serializer.deserialize(ParticlesFile.kt:111) ~[?:?]
	at kotlinx.serialization.json.internal.StreamingJsonDecoder.decodeSerializableValue(StreamingJsonDecoder.kt:69) ~[?:?]
	at kotlinx.serialization.encoding.AbstractDecoder.decodeSerializableValue(AbstractDecoder.kt:43) ~[?:?]
	at kotlinx.serialization.encoding.AbstractDecoder.decodeSerializableElement(AbstractDecoder.kt:70) ~[?:?]
	at kotlinx.serialization.json.internal.StreamingJsonDecoder.decodeSerializableElement(StreamingJsonDecoder.kt:168) ~[?:?]
	at kotlinx.serialization.encoding.CompositeDecoder$DefaultImpls.decodeSerializableElement$default(Decoding.kt:538) ~[?:?]
	at kotlinx.serialization.internal.MapLikeSerializer.readElement(CollectionSerializers.kt:111) ~[?:?]
	at kotlinx.serialization.internal.MapLikeSerializer.readElement(CollectionSerializers.kt:84) ~[?:?]
	at kotlinx.serialization.internal.AbstractCollectionSerializer.readElement$default(CollectionSerializers.kt:51) ~[?:?]
	at kotlinx.serialization.internal.AbstractCollectionSerializer.merge(CollectionSerializers.kt:36) ~[?:?]
	at kotlinx.serialization.internal.AbstractCollectionSerializer.deserialize(CollectionSerializers.kt:43) ~[?:?]
	at kotlinx.serialization.json.internal.StreamingJsonDecoder.decodeSerializableValue(StreamingJsonDecoder.kt:69) ~[?:?]
	at kotlinx.serialization.encoding.AbstractDecoder.decodeSerializableValue(AbstractDecoder.kt:43) ~[?:?]
	at kotlinx.serialization.encoding.AbstractDecoder.decodeSerializableElement(AbstractDecoder.kt:70) ~[?:?]
	at kotlinx.serialization.json.internal.StreamingJsonDecoder.decodeSerializableElement(StreamingJsonDecoder.kt:168) ~[?:?]
	at gg.essential.model.file.ParticlesFile$ParticleEffect$$serializer.deserialize(ParticlesFile.kt:59) ~[?:?]
	at gg.essential.model.file.ParticlesFile$ParticleEffect$$serializer.deserialize(ParticlesFile.kt:59) ~[?:?]
	at kotlinx.serialization.json.internal.StreamingJsonDecoder.decodeSerializableValue(StreamingJsonDecoder.kt:69) ~[?:?]
	at kotlinx.serialization.encoding.AbstractDecoder.decodeSerializableValue(AbstractDecoder.kt:43) ~[?:?]
	at kotlinx.serialization.encoding.AbstractDecoder.decodeSerializableElement(AbstractDecoder.kt:70) ~[?:?]
	at kotlinx.serialization.json.internal.StreamingJsonDecoder.decodeSerializableElement(StreamingJsonDecoder.kt:168) ~[?:?]
	at gg.essential.model.file.ParticlesFile$$serializer.deserialize(ParticlesFile.kt:52) ~[?:?]
	at gg.essential.model.file.ParticlesFile$$serializer.deserialize(ParticlesFile.kt:52) ~[?:?]
	at kotlinx.serialization.json.internal.StreamingJsonDecoder.decodeSerializableValue(StreamingJsonDecoder.kt:69) ~[?:?]
	at kotlinx.serialization.json.Json.decodeFromString(Json.kt:107) ~[?:?]
	at gg.essential.network.connectionmanager.cosmetics.AssetLoader$JsonAssetType$3.invoke(AssetLoader.kt:337) ~[?:?]
	at gg.essential.network.connectionmanager.cosmetics.AssetLoader$JsonAssetType$3.invoke(AssetLoader.kt:336) ~[?:?]
	at gg.essential.network.connectionmanager.cosmetics.AssetLoader$getAsset$1$future$1.invoke(AssetLoader.kt:91) ~[?:?]
	at gg.essential.network.connectionmanager.cosmetics.AssetLoader$getAsset$1$future$1.invoke(AssetLoader.kt:89) ~[?:?]
	at gg.essential.network.connectionmanager.cosmetics.AssetLoader$getAsset$1.invoke$lambda$0(AssetLoader.kt:89) ~[?:?]
	at java.util.concurrent.CompletableFuture$UniApply.tryFire(Unknown Source) ~[?:?]
	at java.util.concurrent.CompletableFuture$Completion.exec(Unknown Source) ~[?:?]
	at java.util.concurrent.ForkJoinTask.doExec(Unknown Source) ~[?:?]
	at java.util.concurrent.ForkJoinPool$WorkQueue.topLevelExec(Unknown Source) ~[?:?]
	at java.util.concurrent.ForkJoinPool.scan(Unknown Source) ~[?:?]
	at java.util.concurrent.ForkJoinPool.runWorker(Unknown Source) ~[?:?]
	at java.util.concurrent.ForkJoinWorkerThread.run(Unknown Source) ~[?:?]
[17:08:28] [ForkJoinPool.commonPool-worker-7/ERROR]: An error occurred building event handler
java.lang.ClassNotFoundException: kotlin.jvm.internal.Lambda
	at jdk.internal.loader.BuiltinClassLoader.loadClass(Unknown Source) ~[?:?]
	at jdk.internal.loader.ClassLoaders$AppClassLoader.loadClass(Unknown Source) ~[?:?]
	at java.lang.ClassLoader.loadClass(Unknown Source) ~[?:?]
	at net.minecraftforge.eventbus.EventSubclassTransformer.buildEvents(EventSubclassTransformer.java:97) ~[eventbus-6.0.5.jar:?]
	at net.minecraftforge.eventbus.EventSubclassTransformer.transform(EventSubclassTransformer.java:48) ~[eventbus-6.0.5.jar:?]
	at net.minecraftforge.eventbus.EventBusEngine.processClass(EventBusEngine.java:26) ~[eventbus-6.0.5.jar:?]
	at net.minecraftforge.eventbus.service.ModLauncherService.processClassWithFlags(ModLauncherService.java:32) ~[eventbus-6.0.5.jar:6.0.5+6.0.5+master.eb8e549b]
	at cpw.mods.modlauncher.LaunchPluginHandler.offerClassNodeToPlugins(LaunchPluginHandler.java:88) ~[modlauncher-10.0.9.jar:?]
	at cpw.mods.modlauncher.ClassTransformer.transform(ClassTransformer.java:120) ~[modlauncher-10.0.9.jar:?]
	at cpw.mods.modlauncher.TransformingClassLoader.maybeTransformClassBytes(TransformingClassLoader.java:50) ~[modlauncher-10.0.9.jar:?]
	at cpw.mods.cl.ModuleClassLoader.readerToClass(ModuleClassLoader.java:113) ~[securejarhandler-2.1.10.jar:?]
	at cpw.mods.cl.ModuleClassLoader.lambda$findClass$15(ModuleClassLoader.java:219) ~[securejarhandler-2.1.10.jar:?]
	at cpw.mods.cl.ModuleClassLoader.loadFromModule(ModuleClassLoader.java:229) ~[securejarhandler-2.1.10.jar:?]
	at cpw.mods.cl.ModuleClassLoader.findClass(ModuleClassLoader.java:219) ~[securejarhandler-2.1.10.jar:?]
	at cpw.mods.cl.ModuleClassLoader.loadClass(ModuleClassLoader.java:135) ~[securejarhandler-2.1.10.jar:?]
	at java.lang.ClassLoader.loadClass(Unknown Source) ~[?:?]
	at gg.essential.model.BedrockModel.<init>(BedrockModel.kt:167) ~[?:?]
	at gg.essential.network.connectionmanager.cosmetics.ModelLoader$ModelState$future$2.invoke(ModelLoader.kt:80) ~[?:?]
	at gg.essential.network.connectionmanager.cosmetics.ModelLoader$ModelState$future$2.invoke(ModelLoader.kt:79) ~[?:?]
	at gg.essential.network.connectionmanager.cosmetics.ModelLoader$ModelState.future$lambda$9(ModelLoader.kt:79) ~[?:?]
	at java.util.concurrent.CompletableFuture.uniHandle(Unknown Source) ~[?:?]
	at java.util.concurrent.CompletableFuture$UniHandle.tryFire(Unknown Source) ~[?:?]
	at java.util.concurrent.CompletableFuture$Completion.exec(Unknown Source) ~[?:?]
	at java.util.concurrent.ForkJoinTask.doExec(Unknown Source) ~[?:?]
	at java.util.concurrent.ForkJoinPool$WorkQueue.topLevelExec(Unknown Source) ~[?:?]
	at java.util.concurrent.ForkJoinPool.scan(Unknown Source) ~[?:?]
	at java.util.concurrent.ForkJoinPool.runWorker(Unknown Source) ~[?:?]
	at java.util.concurrent.ForkJoinWorkerThread.run(Unknown Source) ~[?:?]
[17:08:28] [ForkJoinPool.commonPool-worker-7/ERROR]: Could not find parent kotlin/jvm/internal/Lambda for class gg/essential/model/BedrockModel$referencedAnimations$1$2 in classloader jdk.internal.loader.ClassLoaders$AppClassLoader@30c7da1e on thread Thread[ForkJoinPool.commonPool-worker-7,5,main]
[17:08:28] [ForkJoinPool.commonPool-worker-7/ERROR]: An error occurred building event handler
java.lang.ClassNotFoundException: kotlin.jvm.internal.Lambda
	at jdk.internal.loader.BuiltinClassLoader.loadClass(Unknown Source) ~[?:?]
	at jdk.internal.loader.ClassLoaders$AppClassLoader.loadClass(Unknown Source) ~[?:?]
	at java.lang.ClassLoader.loadClass(Unknown Source) ~[?:?]
	at net.minecraftforge.eventbus.EventSubclassTransformer.buildEvents(EventSubclassTransformer.java:97) ~[eventbus-6.0.5.jar:?]
	at net.minecraftforge.eventbus.EventSubclassTransformer.transform(EventSubclassTransformer.java:48) ~[eventbus-6.0.5.jar:?]
	at net.minecraftforge.eventbus.EventBusEngine.processClass(EventBusEngine.java:26) ~[eventbus-6.0.5.jar:?]
	at net.minecraftforge.eventbus.service.ModLauncherService.processClassWithFlags(ModLauncherService.java:32) ~[eventbus-6.0.5.jar:6.0.5+6.0.5+master.eb8e549b]
	at cpw.mods.modlauncher.LaunchPluginHandler.offerClassNodeToPlugins(LaunchPluginHandler.java:88) ~[modlauncher-10.0.9.jar:?]
	at cpw.mods.modlauncher.ClassTransformer.transform(ClassTransformer.java:120) ~[modlauncher-10.0.9.jar:?]
	at cpw.mods.modlauncher.TransformingClassLoader.maybeTransformClassBytes(TransformingClassLoader.java:50) ~[modlauncher-10.0.9.jar:?]
	at cpw.mods.cl.ModuleClassLoader.readerToClass(ModuleClassLoader.java:113) ~[securejarhandler-2.1.10.jar:?]
	at cpw.mods.cl.ModuleClassLoader.lambda$findClass$15(ModuleClassLoader.java:219) ~[securejarhandler-2.1.10.jar:?]
	at cpw.mods.cl.ModuleClassLoader.loadFromModule(ModuleClassLoader.java:229) ~[securejarhandler-2.1.10.jar:?]
	at cpw.mods.cl.ModuleClassLoader.findClass(ModuleClassLoader.java:219) ~[securejarhandler-2.1.10.jar:?]
	at cpw.mods.cl.ModuleClassLoader.loadClass(ModuleClassLoader.java:135) ~[securejarhandler-2.1.10.jar:?]
	at java.lang.ClassLoader.loadClass(Unknown Source) ~[?:?]
	at gg.essential.model.BedrockModel.<init>(BedrockModel.kt:167) ~[?:?]
	at gg.essential.network.connectionmanager.cosmetics.ModelLoader$ModelState$future$2.invoke(ModelLoader.kt:80) ~[?:?]
	at gg.essential.network.connectionmanager.cosmetics.ModelLoader$ModelState$future$2.invoke(ModelLoader.kt:79) ~[?:?]
	at gg.essential.network.connectionmanager.cosmetics.ModelLoader$ModelState.future$lambda$9(ModelLoader.kt:79) ~[?:?]
	at java.util.concurrent.CompletableFuture.uniHandle(Unknown Source) ~[?:?]
	at java.util.concurrent.CompletableFuture$UniHandle.tryFire(Unknown Source) ~[?:?]
	at java.util.concurrent.CompletableFuture$Completion.exec(Unknown Source) ~[?:?]
	at java.util.concurrent.ForkJoinTask.doExec(Unknown Source) ~[?:?]
	at java.util.concurrent.ForkJoinPool$WorkQueue.topLevelExec(Unknown Source) ~[?:?]
	at java.util.concurrent.ForkJoinPool.scan(Unknown Source) ~[?:?]
	at java.util.concurrent.ForkJoinPool.runWorker(Unknown Source) ~[?:?]
	at java.util.concurrent.ForkJoinWorkerThread.run(Unknown Source) ~[?:?]
[17:08:28] [ForkJoinPool.commonPool-worker-5/ERROR]: Could not find parent kotlin/jvm/internal/Lambda for class gg/essential/model/Box3$intersectsTriangleHelper$2 in classloader jdk.internal.loader.ClassLoaders$AppClassLoader@30c7da1e on thread Thread[ForkJoinPool.commonPool-worker-5,5,main]
[17:08:28] [ForkJoinPool.commonPool-worker-5/ERROR]: An error occurred building event handler
java.lang.ClassNotFoundException: kotlin.jvm.internal.Lambda
	at jdk.internal.loader.BuiltinClassLoader.loadClass(Unknown Source) ~[?:?]
	at jdk.internal.loader.ClassLoaders$AppClassLoader.loadClass(Unknown Source) ~[?:?]
	at java.lang.ClassLoader.loadClass(Unknown Source) ~[?:?]
	at net.minecraftforge.eventbus.EventSubclassTransformer.buildEvents(EventSubclassTransformer.java:97) ~[eventbus-6.0.5.jar:?]
	at net.minecraftforge.eventbus.EventSubclassTransformer.transform(EventSubclassTransformer.java:48) ~[eventbus-6.0.5.jar:?]
	at net.minecraftforge.eventbus.EventBusEngine.processClass(EventBusEngine.java:26) ~[eventbus-6.0.5.jar:?]
	at net.minecraftforge.eventbus.service.ModLauncherService.processClassWithFlags(ModLauncherService.java:32) ~[eventbus-6.0.5.jar:6.0.5+6.0.5+master.eb8e549b]
	at cpw.mods.modlauncher.LaunchPluginHandler.offerClassNodeToPlugins(LaunchPluginHandler.java:88) ~[modlauncher-10.0.9.jar:?]
	at cpw.mods.modlauncher.ClassTransformer.transform(ClassTransformer.java:120) ~[modlauncher-10.0.9.jar:?]
	at cpw.mods.modlauncher.TransformingClassLoader.maybeTransformClassBytes(TransformingClassLoader.java:50) ~[modlauncher-10.0.9.jar:?]
	at cpw.mods.cl.ModuleClassLoader.readerToClass(ModuleClassLoader.java:113) ~[securejarhandler-2.1.10.jar:?]
	at cpw.mods.cl.ModuleClassLoader.lambda$findClass$15(ModuleClassLoader.java:219) ~[securejarhandler-2.1.10.jar:?]
	at cpw.mods.cl.ModuleClassLoader.loadFromModule(ModuleClassLoader.java:229) ~[securejarhandler-2.1.10.jar:?]
	at cpw.mods.cl.ModuleClassLoader.findClass(ModuleClassLoader.java:219) ~[securejarhandler-2.1.10.jar:?]
	at cpw.mods.cl.ModuleClassLoader.loadClass(ModuleClassLoader.java:135) ~[securejarhandler-2.1.10.jar:?]
	at java.lang.ClassLoader.loadClass(Unknown Source) ~[?:?]
	at gg.essential.model.Box3.<init>(Box3.kt:24) ~[?:?]
	at gg.essential.model.Box3.<init>(Box3.kt:19) ~[?:?]
	at gg.essential.model.ModelParser.parse(ModelParser.kt:50) ~[?:?]
	at gg.essential.model.BedrockModel.<init>(BedrockModel.kt:72) ~[?:?]
	at gg.essential.network.connectionmanager.cosmetics.ModelLoader$ModelState$future$2.invoke(ModelLoader.kt:80) ~[?:?]
	at gg.essential.network.connectionmanager.cosmetics.ModelLoader$ModelState$future$2.invoke(ModelLoader.kt:79) ~[?:?]
	at gg.essential.network.connectionmanager.cosmetics.ModelLoader$ModelState.future$lambda$9(ModelLoader.kt:79) ~[?:?]
	at java.util.concurrent.CompletableFuture.uniHandle(Unknown Source) ~[?:?]
	at java.util.concurrent.CompletableFuture$UniHandle.tryFire(Unknown Source) ~[?:?]
	at java.util.concurrent.CompletableFuture$Completion.exec(Unknown Source) ~[?:?]
	at java.util.concurrent.ForkJoinTask.doExec(Unknown Source) ~[?:?]
	at java.util.concurrent.ForkJoinPool$WorkQueue.topLevelExec(Unknown Source) ~[?:?]
	at java.util.concurrent.ForkJoinPool.scan(Unknown Source) ~[?:?]
	at java.util.concurrent.ForkJoinPool.runWorker(Unknown Source) ~[?:?]
	at java.util.concurrent.ForkJoinWorkerThread.run(Unknown Source) ~[?:?]
[17:08:28] [ForkJoinPool.commonPool-worker-9/ERROR]: Could not find parent kotlin/jvm/internal/Lambda for class gg/essential/model/file/ParticlesFile$Event$Particle$Type$Companion$1 in classloader jdk.internal.loader.ClassLoaders$AppClassLoader@30c7da1e on thread Thread[ForkJoinPool.commonPool-worker-9,5,main]
[17:08:28] [ForkJoinPool.commonPool-worker-9/ERROR]: An error occurred building event handler
java.lang.ClassNotFoundException: kotlin.jvm.internal.Lambda
	at jdk.internal.loader.BuiltinClassLoader.loadClass(Unknown Source) ~[?:?]
	at jdk.internal.loader.ClassLoaders$AppClassLoader.loadClass(Unknown Source) ~[?:?]
	at java.lang.ClassLoader.loadClass(Unknown Source) ~[?:?]
	at net.minecraftforge.eventbus.EventSubclassTransformer.buildEvents(EventSubclassTransformer.java:97) ~[eventbus-6.0.5.jar:?]
	at net.minecraftforge.eventbus.EventSubclassTransformer.transform(EventSubclassTransformer.java:48) ~[eventbus-6.0.5.jar:?]
	at net.minecraftforge.eventbus.EventBusEngine.processClass(EventBusEngine.java:26) ~[eventbus-6.0.5.jar:?]
	at net.minecraftforge.eventbus.service.ModLauncherService.processClassWithFlags(ModLauncherService.java:32) ~[eventbus-6.0.5.jar:6.0.5+6.0.5+master.eb8e549b]
	at cpw.mods.modlauncher.LaunchPluginHandler.offerClassNodeToPlugins(LaunchPluginHandler.java:88) ~[modlauncher-10.0.9.jar:?]
	at cpw.mods.modlauncher.ClassTransformer.transform(ClassTransformer.java:120) ~[modlauncher-10.0.9.jar:?]
	at cpw.mods.modlauncher.TransformingClassLoader.maybeTransformClassBytes(TransformingClassLoader.java:50) ~[modlauncher-10.0.9.jar:?]
	at cpw.mods.cl.ModuleClassLoader.readerToClass(ModuleClassLoader.java:113) ~[securejarhandler-2.1.10.jar:?]
	at cpw.mods.cl.ModuleClassLoader.lambda$findClass$15(ModuleClassLoader.java:219) ~[securejarhandler-2.1.10.jar:?]
	at cpw.mods.cl.ModuleClassLoader.loadFromModule(ModuleClassLoader.java:229) ~[securejarhandler-2.1.10.jar:?]
	at cpw.mods.cl.ModuleClassLoader.findClass(ModuleClassLoader.java:219) ~[securejarhandler-2.1.10.jar:?]
	at cpw.mods.cl.ModuleClassLoader.loadClass(ModuleClassLoader.java:135) ~[securejarhandler-2.1.10.jar:?]
	at java.lang.ClassLoader.loadClass(Unknown Source) ~[?:?]
	at gg.essential.model.file.ParticlesFile$Event$Particle$Type.<clinit>(ParticlesFile.kt:134) ~[?:?]
	at gg.essential.model.file.ParticlesFile$Event$Particle$Type$$serializer.deserialize(ParticlesFile.kt:134) ~[?:?]
	at gg.essential.model.file.ParticlesFile$Event$Particle$Type$$serializer.deserialize(ParticlesFile.kt:134) ~[?:?]
	at kotlinx.serialization.json.internal.StreamingJsonDecoder.decodeSerializableValue(StreamingJsonDecoder.kt:69) ~[?:?]
	at kotlinx.serialization.encoding.AbstractDecoder.decodeSerializableValue(AbstractDecoder.kt:43) ~[?:?]
	at kotlinx.serialization.encoding.AbstractDecoder.decodeSerializableElement(AbstractDecoder.kt:70) ~[?:?]
	at kotlinx.serialization.json.internal.StreamingJsonDecoder.decodeSerializableElement(StreamingJsonDecoder.kt:168) ~[?:?]
	at gg.essential.model.file.ParticlesFile$Event$Particle$$serializer.deserialize(ParticlesFile.kt:127) ~[?:?]
	at gg.essential.model.file.ParticlesFile$Event$Particle$$serializer.deserialize(ParticlesFile.kt:127) ~[?:?]
	at kotlinx.serialization.json.internal.StreamingJsonDecoder.decodeSerializableValue(StreamingJsonDecoder.kt:69) ~[?:?]
	at kotlinx.serialization.encoding.AbstractDecoder.decodeSerializableValue(AbstractDecoder.kt:43) ~[?:?]
	at kotlinx.serialization.encoding.AbstractDecoder.decodeNullableSerializableElement(AbstractDecoder.kt:78) ~[?:?]
	at gg.essential.model.file.ParticlesFile$Event$$serializer.deserialize(ParticlesFile.kt:111) ~[?:?]
	at gg.essential.model.file.ParticlesFile$Event$$serializer.deserialize(ParticlesFile.kt:111) ~[?:?]
	at kotlinx.serialization.json.internal.StreamingJsonDecoder.decodeSerializableValue(StreamingJsonDecoder.kt:69) ~[?:?]
	at kotlinx.serialization.encoding.AbstractDecoder.decodeSerializableValue(AbstractDecoder.kt:43) ~[?:?]
	at kotlinx.serialization.encoding.AbstractDecoder.decodeSerializableElement(AbstractDecoder.kt:70) ~[?:?]
	at kotlinx.serialization.json.internal.StreamingJsonDecoder.decodeSerializableElement(StreamingJsonDecoder.kt:168) ~[?:?]
	at kotlinx.serialization.encoding.CompositeDecoder$DefaultImpls.decodeSerializableElement$default(Decoding.kt:538) ~[?:?]
	at kotlinx.serialization.internal.MapLikeSerializer.readElement(CollectionSerializers.kt:111) ~[?:?]
	at kotlinx.serialization.internal.MapLikeSerializer.readElement(CollectionSerializers.kt:84) ~[?:?]
	at kotlinx.serialization.internal.AbstractCollectionSerializer.readElement$default(CollectionSerializers.kt:51) ~[?:?]
	at kotlinx.serialization.internal.AbstractCollectionSerializer.merge(CollectionSerializers.kt:36) ~[?:?]
	at kotlinx.serialization.internal.AbstractCollectionSerializer.deserialize(CollectionSerializers.kt:43) ~[?:?]
	at kotlinx.serialization.json.internal.StreamingJsonDecoder.decodeSerializableValue(StreamingJsonDecoder.kt:69) ~[?:?]
	at kotlinx.serialization.encoding.AbstractDecoder.decodeSerializableValue(AbstractDecoder.kt:43) ~[?:?]
	at kotlinx.serialization.encoding.AbstractDecoder.decodeSerializableElement(AbstractDecoder.kt:70) ~[?:?]
	at kotlinx.serialization.json.internal.StreamingJsonDecoder.decodeSerializableElement(StreamingJsonDecoder.kt:168) ~[?:?]
	at gg.essential.model.file.ParticlesFile$ParticleEffect$$serializer.deserialize(ParticlesFile.kt:59) ~[?:?]
	at gg.essential.model.file.ParticlesFile$ParticleEffect$$serializer.deserialize(ParticlesFile.kt:59) ~[?:?]
	at kotlinx.serialization.json.internal.StreamingJsonDecoder.decodeSerializableValue(StreamingJsonDecoder.kt:69) ~[?:?]
	at kotlinx.serialization.encoding.AbstractDecoder.decodeSerializableValue(AbstractDecoder.kt:43) ~[?:?]
	at kotlinx.serialization.encoding.AbstractDecoder.decodeSerializableElement(AbstractDecoder.kt:70) ~[?:?]
	at kotlinx.serialization.json.internal.StreamingJsonDecoder.decodeSerializableElement(StreamingJsonDecoder.kt:168) ~[?:?]
	at gg.essential.model.file.ParticlesFile$$serializer.deserialize(ParticlesFile.kt:52) ~[?:?]
	at gg.essential.model.file.ParticlesFile$$serializer.deserialize(ParticlesFile.kt:52) ~[?:?]
	at kotlinx.serialization.json.internal.StreamingJsonDecoder.decodeSerializableValue(StreamingJsonDecoder.kt:69) ~[?:?]
	at kotlinx.serialization.json.Json.decodeFromString(Json.kt:107) ~[?:?]
	at gg.essential.network.connectionmanager.cosmetics.AssetLoader$JsonAssetType$3.invoke(AssetLoader.kt:337) ~[?:?]
	at gg.essential.network.connectionmanager.cosmetics.AssetLoader$JsonAssetType$3.invoke(AssetLoader.kt:336) ~[?:?]
	at gg.essential.network.connectionmanager.cosmetics.AssetLoader$getAsset$1$future$1.invoke(AssetLoader.kt:91) ~[?:?]
	at gg.essential.network.connectionmanager.cosmetics.AssetLoader$getAsset$1$future$1.invoke(AssetLoader.kt:89) ~[?:?]
	at gg.essential.network.connectionmanager.cosmetics.AssetLoader$getAsset$1.invoke$lambda$0(AssetLoader.kt:89) ~[?:?]
	at java.util.concurrent.CompletableFuture$UniApply.tryFire(Unknown Source) ~[?:?]
	at java.util.concurrent.CompletableFuture$Completion.exec(Unknown Source) ~[?:?]
	at java.util.concurrent.ForkJoinTask.doExec(Unknown Source) ~[?:?]
	at java.util.concurrent.ForkJoinPool$WorkQueue.topLevelExec(Unknown Source) ~[?:?]
	at java.util.concurrent.ForkJoinPool.scan(Unknown Source) ~[?:?]
	at java.util.concurrent.ForkJoinPool.runWorker(Unknown Source) ~[?:?]
	at java.util.concurrent.ForkJoinWorkerThread.run(Unknown Source) ~[?:?]
[17:08:28] [ForkJoinPool.commonPool-worker-8/ERROR]: Could not find parent kotlin/jvm/internal/Lambda for class gg/essential/network/cosmetics/Cosmetic$Diagnostic$Type$Companion$1 in classloader jdk.internal.loader.ClassLoaders$AppClassLoader@30c7da1e on thread Thread[ForkJoinPool.commonPool-worker-8,5,main]
[17:08:28] [ForkJoinPool.commonPool-worker-8/ERROR]: An error occurred building event handler
java.lang.ClassNotFoundException: kotlin.jvm.internal.Lambda
	at jdk.internal.loader.BuiltinClassLoader.loadClass(Unknown Source) ~[?:?]
	at jdk.internal.loader.ClassLoaders$AppClassLoader.loadClass(Unknown Source) ~[?:?]
	at java.lang.ClassLoader.loadClass(Unknown Source) ~[?:?]
	at net.minecraftforge.eventbus.EventSubclassTransformer.buildEvents(EventSubclassTransformer.java:97) ~[eventbus-6.0.5.jar:?]
	at net.minecraftforge.eventbus.EventSubclassTransformer.transform(EventSubclassTransformer.java:48) ~[eventbus-6.0.5.jar:?]
	at net.minecraftforge.eventbus.EventBusEngine.processClass(EventBusEngine.java:26) ~[eventbus-6.0.5.jar:?]
	at net.minecraftforge.eventbus.service.ModLauncherService.processClassWithFlags(ModLauncherService.java:32) ~[eventbus-6.0.5.jar:6.0.5+6.0.5+master.eb8e549b]
	at cpw.mods.modlauncher.LaunchPluginHandler.offerClassNodeToPlugins(LaunchPluginHandler.java:88) ~[modlauncher-10.0.9.jar:?]
	at cpw.mods.modlauncher.ClassTransformer.transform(ClassTransformer.java:120) ~[modlauncher-10.0.9.jar:?]
	at cpw.mods.modlauncher.TransformingClassLoader.maybeTransformClassBytes(TransformingClassLoader.java:50) ~[modlauncher-10.0.9.jar:?]
	at cpw.mods.cl.ModuleClassLoader.readerToClass(ModuleClassLoader.java:113) ~[securejarhandler-2.1.10.jar:?]
	at cpw.mods.cl.ModuleClassLoader.lambda$findClass$15(ModuleClassLoader.java:219) ~[securejarhandler-2.1.10.jar:?]
	at cpw.mods.cl.ModuleClassLoader.loadFromModule(ModuleClassLoader.java:229) ~[securejarhandler-2.1.10.jar:?]
	at cpw.mods.cl.ModuleClassLoader.findClass(ModuleClassLoader.java:219) ~[securejarhandler-2.1.10.jar:?]
	at cpw.mods.cl.ModuleClassLoader.loadClass(ModuleClassLoader.java:135) ~[securejarhandler-2.1.10.jar:?]
	at java.lang.ClassLoader.loadClass(Unknown Source) ~[?:?]
	at gg.essential.network.cosmetics.Cosmetic$Diagnostic$Type.<clinit>(Cosmetic.kt:178) ~[?:?]
	at gg.essential.network.cosmetics.Cosmetic$Diagnostic$Companion.error(Cosmetic.kt:202) ~[?:?]
	at gg.essential.network.cosmetics.Cosmetic$Diagnostic$Companion.error$default(Cosmetic.kt:195) ~[?:?]
	at gg.essential.model.BedrockModel.<init>(BedrockModel.kt:176) ~[?:?]
	at gg.essential.network.connectionmanager.cosmetics.ModelLoader$ModelState$future$2.invoke(ModelLoader.kt:80) ~[?:?]
	at gg.essential.network.connectionmanager.cosmetics.ModelLoader$ModelState$future$2.invoke(ModelLoader.kt:79) ~[?:?]
	at gg.essential.network.connectionmanager.cosmetics.ModelLoader$ModelState.future$lambda$9(ModelLoader.kt:79) ~[?:?]
	at java.util.concurrent.CompletableFuture.uniHandle(Unknown Source) ~[?:?]
	at java.util.concurrent.CompletableFuture$UniHandle.tryFire(Unknown Source) ~[?:?]
	at java.util.concurrent.CompletableFuture$Completion.exec(Unknown Source) ~[?:?]
	at java.util.concurrent.ForkJoinTask.doExec(Unknown Source) ~[?:?]
	at java.util.concurrent.ForkJoinPool$WorkQueue.topLevelExec(Unknown Source) ~[?:?]
	at java.util.concurrent.ForkJoinPool.scan(Unknown Source) ~[?:?]
	at java.util.concurrent.ForkJoinPool.runWorker(Unknown Source) ~[?:?]
	at java.util.concurrent.ForkJoinWorkerThread.run(Unknown Source) ~[?:?]
[17:08:28] [Render thread/INFO]: Hardware information:
[17:08:28] [Render thread/INFO]: CPU: 10x Apple M1 Pro
[17:08:28] [Render thread/INFO]: GPU: Apple M1 Pro (Supports OpenGL 4.1 Metal - 89.4)
[17:08:28] [Render thread/INFO]: OS: Mac OS X (15.5)
[17:08:28] [Render thread/WARN]: Mod(s) [oculus] are modifying Embeddium class me.jellysquid.mods.sodium.client.render.vertex.VertexFormatDescriptionImpl, which may cause instability.
[17:08:28] [Render thread/WARN]: Mod(s) [entity_texture_features, oculus] are modifying Embeddium class me.jellysquid.mods.sodium.client.render.vertex.buffer.SodiumBufferBuilder, which may cause instability.
[17:08:28] [Render thread/WARN]: Mod(s) [oculus] are modifying Embeddium class me.jellysquid.mods.sodium.client.render.SodiumWorldRenderer, which may cause instability.
[17:08:30] [Render thread/INFO]: Reloading ResourceManager: vanilla, mod_resources, Moonlight Mods Dynamic Assets, fabric, diagonalblocks:default_block_models, Essential Assets, essential, KubeJS Resource Pack [assets]
[17:08:30] [Render thread/INFO]: Data generation for dynamic pack resources provided by 'diagonalblocks' took 75ms
[17:08:31] [Render thread/INFO]: Generated runtime resources for 4 packs in a total of: 832 ms
[17:08:31] [modloading-worker-0/INFO]: Loading client config for easyanvils
[17:08:31] [Worker-ResourceReload-5/WARN]: Failed to find block entries for tag key: minecraft:cauldrons
[17:08:31] [Worker-ResourceReload-8/INFO]: Found unifont_all_no_pua-15.0.06.hex, loading
[17:08:31] [Worker-ResourceReload-1/WARN]: File supplementaries:sounds/item/awning_bounce_1.ogg does not exist, cannot add it to event supplementaries:block.awning.bounce
[17:08:31] [Worker-ResourceReload-1/WARN]: File supplementaries:sounds/item/awning_bounce_2.ogg does not exist, cannot add it to event supplementaries:block.awning.bounce
[17:08:31] [Worker-ResourceReload-1/WARN]: File supplementaries:sounds/item/awning_bounce_3.ogg does not exist, cannot add it to event supplementaries:block.awning.bounce
[17:08:31] [Render thread/INFO]: Client resource reload complete!
[17:08:31] [Render thread/INFO]: Starting DragonLib Network Manager (Client) worker thread...
[17:08:31] [DragonLib Network Manager (Client)/INFO]: DragonLib Network Manager (Client) worker thread has been started.
[17:08:31] [modloading-worker-0/WARN]: Configuration file /Users/ycar/Documents/curseforge/minecraft/Instances/Create_ Hell's Kitchen/config/guardvillagers-common.toml is not correct. Correcting
[17:08:32] [Worker-ResourceReload-1/WARN]: File mmlib:sounds/presented_by_zaia.ogg does not exist, cannot add it to event mysterious_mountain_lib:presented_by_zaia
[17:08:32] [DefaultDispatcher-worker-4/INFO]: Connected to Discord as ycar
[17:08:34] [Thread-0/INFO]: Please use /mfrc to reload any changed mod config files
[17:08:34] [Worker-ResourceReload-4/ERROR]: Failed to load blockstate tfmg:blockstates/sulfuric_acid.json from pack mod_resources
com.google.gson.JsonParseException: java.io.EOFException: End of input at line 1 column 1 path $
	at net.minecraft.util.GsonHelper.m_13780_(GsonHelper.java:526) ~[client-1.20.1-20230612.114412-srg.jar%23587!/:?]
	at net.minecraft.util.GsonHelper.m_263475_(GsonHelper.java:531) ~[client-1.20.1-20230612.114412-srg.jar%23587!/:?]
	at net.minecraft.util.GsonHelper.m_13861_(GsonHelper.java:593) ~[client-1.20.1-20230612.114412-srg.jar%23587!/:?]
	at net.minecraft.util.GsonHelper.m_13859_(GsonHelper.java:601) ~[client-1.20.1-20230612.114412-srg.jar%23587!/:?]
	at net.minecraft.client.resources.model.ModelManager.m_246264_(ModelManager.java:137) ~[client-1.20.1-20230612.114412-srg.jar%23587!/:?]
	at java.util.concurrent.CompletableFuture$AsyncSupply.run(Unknown Source) ~[?:?]
	at java.util.concurrent.CompletableFuture$AsyncSupply.exec(Unknown Source) ~[?:?]
	at java.util.concurrent.ForkJoinTask.doExec(Unknown Source) ~[?:?]
	at java.util.concurrent.ForkJoinPool$WorkQueue.topLevelExec(Unknown Source) ~[?:?]
	at java.util.concurrent.ForkJoinPool.scan(Unknown Source) ~[?:?]
	at java.util.concurrent.ForkJoinPool.runWorker(Unknown Source) ~[?:?]
	at java.util.concurrent.ForkJoinWorkerThread.run(Unknown Source) ~[?:?]
Caused by: java.io.EOFException: End of input at line 1 column 1 path $
	at com.google.gson.stream.JsonReader.nextNonWhitespace(JsonReader.java:1455) ~[gson-2.10.jar%23102!/:?]
	at com.google.gson.stream.JsonReader.doPeek(JsonReader.java:558) ~[gson-2.10.jar%23102!/:?]
	at com.google.gson.stream.JsonReader.peek(JsonReader.java:433) ~[gson-2.10.jar%23102!/:?]
	at com.google.gson.internal.bind.TypeAdapters$28.read(TypeAdapters.java:769) ~[gson-2.10.jar%23102!/:?]
	at com.google.gson.internal.bind.TypeAdapters$28.read(TypeAdapters.java:725) ~[gson-2.10.jar%23102!/:?]
	at com.google.gson.internal.bind.TypeAdapters$34$1.read(TypeAdapters.java:1007) ~[gson-2.10.jar%23102!/:?]
	at net.minecraft.util.GsonHelper.m_13780_(GsonHelper.java:524) ~[client-1.20.1-20230612.114412-srg.jar%23587!/:?]
	... 11 more
[17:08:35] [Worker-ResourceReload-1/INFO]: ConstructionWand says hello - may the odds be ever in your favor.
[17:08:35] [Forge Version Check/INFO]: [easyanvils] Starting version check at https://raw.githubusercontent.com/Fuzss/modresources/main/update/easyanvils.json
[17:08:35] [Forge Version Check/INFO]: [easyanvils] Found status: UP_TO_DATE Current: 8.0.2 Target: null
[17:08:35] [Forge Version Check/INFO]: [mcwwindows] Starting version check at https://raw.githubusercontent.com/sketchmacaw/macawsmods/master/window.json
[17:08:35] [Worker-ResourceReload-1/INFO]: Giving mobs a fresh coat of paint...
[17:08:35] [Forge Version Check/INFO]: [mcwwindows] Found status: OUTDATED Current: 2.3.0 Target: 2.4.0
[17:08:35] [Forge Version Check/INFO]: [guardvillagers] Starting version check at https://raw.githubusercontent.com/seymourimadeit/guardvillagers/master/update.json
[17:08:35] [Forge Version Check/INFO]: [guardvillagers] Found status: BETA Current: 1.20.1-1.6.10 Target: 1.20-1.6.5
[17:08:35] [Forge Version Check/INFO]: [sound_physics_remastered] Starting version check at https://update.maxhenkel.de/forge/sound_physics_remastered
[17:08:35] [Worker-ResourceReload-1/INFO]: HELLO FROM COMMON SETUP
[17:08:35] [Worker-ResourceReload-1/INFO]: DIRT BLOCK >> minecraft:dirt
[17:08:35] [Forge Version Check/INFO]: [sound_physics_remastered] Found status: AHEAD Current: 1.20.1-1.4.13 Target: null
[17:08:35] [Forge Version Check/INFO]: [ctov] Starting version check at https://api.modrinth.com/updates/fgmhI8kH/forge_updates.json
[17:08:35] [Worker-ResourceReload-1/INFO]: [toni.lib.TxniLib:onInitialize:75]: TxniLib onInitialize!
[17:08:35] [Worker-ResourceReload-8/INFO]: Welcome to the CREATE RAILWAYS NAVIGATOR mod by MRJULSEN.
[17:08:35] [Worker-ResourceReload-1/INFO]: Presented by Zaia
[17:08:35] [Worker-ResourceReload-8/INFO]: Setting game stages provider implementation to: KubeJS Stages
[17:08:35] [Worker-ResourceReload-8/INFO]: Chose [KubeJS Stages] as the active game stages implementation
[17:08:35] [Worker-ResourceReload-8/INFO]: Chose [FALLBACK] as the active permissions implementation
[17:08:35] [Worker-ResourceReload-8/INFO]: [FTB Quests] recipe helper provider is [JEI]
[17:08:35] [Worker-ResourceReload-8/INFO]: [FTB Quests] Enabled FTB Filter System integration
[17:08:35] [Worker-ResourceReload-8/INFO]: [FTB Quests] Enabled Item Filters integration
[17:08:35] [Forge Version Check/INFO]: [ctov] Found status: UP_TO_DATE Current: 3.4.14 Target: null
[17:08:35] [Forge Version Check/INFO]: [leavesbegone] Starting version check at https://raw.githubusercontent.com/Fuzss/modresources/main/update/leavesbegone.json
[17:08:35] [Worker-ResourceReload-8/INFO]: New compacting rule 4 clay_ball = 1 clay
[17:08:35] [Worker-ResourceReload-8/INFO]: New compacting rule 4 snowball = 1 snow_block
[17:08:35] [Worker-ResourceReload-8/INFO]: New compacting rule 4 glowstone_dust = 1 glowstone
[17:08:35] [Worker-ResourceReload-8/INFO]: New compacting rule 4 brick = 1 bricks
[17:08:35] [Worker-ResourceReload-8/INFO]: New compacting rule 4 nether_brick = 1 nether_bricks
[17:08:35] [Worker-ResourceReload-8/INFO]: New compacting rule 9 nether_wart = 1 nether_wart_block
[17:08:35] [Worker-ResourceReload-8/INFO]: New compacting rule 4 quartz = 1 quartz_block
[17:08:35] [Worker-ResourceReload-8/INFO]: New compacting rule 9 melon_slice = 1 melon
[17:08:35] [Worker-ResourceReload-8/INFO]: New compacting rule 4 sand = 1 sandstone
[17:08:35] [Worker-ResourceReload-8/INFO]: New compacting rule 4 red_sand = 1 red_sandstone
[17:08:35] [Forge Version Check/INFO]: [leavesbegone] Found status: UP_TO_DATE Current: 8.0.0 Target: null
[17:08:35] [Forge Version Check/INFO]: [advancementplaques] Starting version check at https://mc-update-check.anthonyhilyard.com/499826
[17:08:35] [Worker-ResourceReload-8/INFO]: New compacting rule 4 clay_ball = 1 clay
[17:08:36] [Forge Version Check/INFO]: [advancementplaques] Found status: UP_TO_DATE Current: 1.6.9 Target: null
[17:08:36] [Forge Version Check/INFO]: [mcwtrpdoors] Starting version check at https://raw.githubusercontent.com/sketchmacaw/macawsmods/master/trapdoors.json
[17:08:36] [Forge Version Check/INFO]: [mcwtrpdoors] Found status: UP_TO_DATE Current: 1.1.4 Target: null
[17:08:36] [Forge Version Check/INFO]: [highlighter] Starting version check at https://mc-update-check.anthonyhilyard.com/521590
[17:08:36] [Worker-ResourceReload-3/ERROR]: Failed to load model tfmg:models/block/encased_shaft/item.json
com.google.gson.JsonParseException: JSON data was null or empty
	at net.minecraft.util.GsonHelper.m_263475_(GsonHelper.java:533) ~[client-1.20.1-20230612.114412-srg.jar%23587!/:?]
	at net.minecraft.util.GsonHelper.m_13776_(GsonHelper.java:581) ~[client-1.20.1-20230612.114412-srg.jar%23587!/:?]
	at net.minecraft.client.renderer.block.model.BlockModel.m_111461_(BlockModel.java:74) ~[client-1.20.1-20230612.114412-srg.jar%23587!/:?]
	at net.minecraft.client.resources.model.ModelManager.m_246478_(ModelManager.java:110) ~[client-1.20.1-20230612.114412-srg.jar%23587!/:?]
	at java.util.concurrent.CompletableFuture$AsyncSupply.run(Unknown Source) ~[?:?]
	at java.util.concurrent.CompletableFuture$AsyncSupply.exec(Unknown Source) ~[?:?]
	at java.util.concurrent.ForkJoinTask.doExec(Unknown Source) ~[?:?]
	at java.util.concurrent.ForkJoinPool$WorkQueue.topLevelExec(Unknown Source) ~[?:?]
	at java.util.concurrent.ForkJoinPool.scan(Unknown Source) ~[?:?]
	at java.util.concurrent.ForkJoinPool.runWorker(Unknown Source) ~[?:?]
	at java.util.concurrent.ForkJoinWorkerThread.run(Unknown Source) ~[?:?]
[17:08:36] [Worker-ResourceReload-8/ERROR]: Failed to load model tfmg:models/block/encased_shaft/block.json
com.google.gson.JsonParseException: JSON data was null or empty
	at net.minecraft.util.GsonHelper.m_263475_(GsonHelper.java:533) ~[client-1.20.1-20230612.114412-srg.jar%23587!/:?]
	at net.minecraft.util.GsonHelper.m_13776_(GsonHelper.java:581) ~[client-1.20.1-20230612.114412-srg.jar%23587!/:?]
	at net.minecraft.client.renderer.block.model.BlockModel.m_111461_(BlockModel.java:74) ~[client-1.20.1-20230612.114412-srg.jar%23587!/:?]
	at net.minecraft.client.resources.model.ModelManager.m_246478_(ModelManager.java:110) ~[client-1.20.1-20230612.114412-srg.jar%23587!/:?]
	at java.util.concurrent.CompletableFuture$AsyncSupply.run(Unknown Source) ~[?:?]
	at java.util.concurrent.CompletableFuture$AsyncSupply.exec(Unknown Source) ~[?:?]
	at java.util.concurrent.ForkJoinTask.doExec(Unknown Source) ~[?:?]
	at java.util.concurrent.ForkJoinPool$WorkQueue.topLevelExec(Unknown Source) ~[?:?]
	at java.util.concurrent.ForkJoinPool.scan(Unknown Source) ~[?:?]
	at java.util.concurrent.ForkJoinPool.runWorker(Unknown Source) ~[?:?]
	at java.util.concurrent.ForkJoinWorkerThread.run(Unknown Source) ~[?:?]
[17:08:36] [Worker-ResourceReload-3/ERROR]: Failed to load model tfmg:models/block/engine_block.json
com.google.gson.JsonParseException: JSON data was null or empty
	at net.minecraft.util.GsonHelper.m_263475_(GsonHelper.java:533) ~[client-1.20.1-20230612.114412-srg.jar%23587!/:?]
	at net.minecraft.util.GsonHelper.m_13776_(GsonHelper.java:581) ~[client-1.20.1-20230612.114412-srg.jar%23587!/:?]
	at net.minecraft.client.renderer.block.model.BlockModel.m_111461_(BlockModel.java:74) ~[client-1.20.1-20230612.114412-srg.jar%23587!/:?]
	at net.minecraft.client.resources.model.ModelManager.m_246478_(ModelManager.java:110) ~[client-1.20.1-20230612.114412-srg.jar%23587!/:?]
	at java.util.concurrent.CompletableFuture$AsyncSupply.run(Unknown Source) ~[?:?]
	at java.util.concurrent.CompletableFuture$AsyncSupply.exec(Unknown Source) ~[?:?]
	at java.util.concurrent.ForkJoinTask.doExec(Unknown Source) ~[?:?]
	at java.util.concurrent.ForkJoinPool$WorkQueue.topLevelExec(Unknown Source) ~[?:?]
	at java.util.concurrent.ForkJoinPool.scan(Unknown Source) ~[?:?]
	at java.util.concurrent.ForkJoinPool.runWorker(Unknown Source) ~[?:?]
	at java.util.concurrent.ForkJoinWorkerThread.run(Unknown Source) ~[?:?]
[17:08:36] [Worker-ResourceReload-3/ERROR]: Failed to load model tfmg:models/block/fireproof_brick_reinforcement.json
com.google.gson.JsonParseException: JSON data was null or empty
	at net.minecraft.util.GsonHelper.m_263475_(GsonHelper.java:533) ~[client-1.20.1-20230612.114412-srg.jar%23587!/:?]
	at net.minecraft.util.GsonHelper.m_13776_(GsonHelper.java:581) ~[client-1.20.1-20230612.114412-srg.jar%23587!/:?]
	at net.minecraft.client.renderer.block.model.BlockModel.m_111461_(BlockModel.java:74) ~[client-1.20.1-20230612.114412-srg.jar%23587!/:?]
	at net.minecraft.client.resources.model.ModelManager.m_246478_(ModelManager.java:110) ~[client-1.20.1-20230612.114412-srg.jar%23587!/:?]
	at java.util.concurrent.CompletableFuture$AsyncSupply.run(Unknown Source) ~[?:?]
	at java.util.concurrent.CompletableFuture$AsyncSupply.exec(Unknown Source) ~[?:?]
	at java.util.concurrent.ForkJoinTask.doExec(Unknown Source) ~[?:?]
	at java.util.concurrent.ForkJoinPool$WorkQueue.topLevelExec(Unknown Source) ~[?:?]
	at java.util.concurrent.ForkJoinPool.scan(Unknown Source) ~[?:?]
	at java.util.concurrent.ForkJoinPool.runWorker(Unknown Source) ~[?:?]
	at java.util.concurrent.ForkJoinWorkerThread.run(Unknown Source) ~[?:?]
[17:08:36] [Worker-ResourceReload-3/ERROR]: Failed to load model tfmg:models/block/formwork_block/block_base.json
com.google.gson.JsonParseException: JSON data was null or empty
	at net.minecraft.util.GsonHelper.m_263475_(GsonHelper.java:533) ~[client-1.20.1-20230612.114412-srg.jar%23587!/:?]
	at net.minecraft.util.GsonHelper.m_13776_(GsonHelper.java:581) ~[client-1.20.1-20230612.114412-srg.jar%23587!/:?]
	at net.minecraft.client.renderer.block.model.BlockModel.m_111461_(BlockModel.java:74) ~[client-1.20.1-20230612.114412-srg.jar%23587!/:?]
	at net.minecraft.client.resources.model.ModelManager.m_246478_(ModelManager.java:110) ~[client-1.20.1-20230612.114412-srg.jar%23587!/:?]
	at java.util.concurrent.CompletableFuture$AsyncSupply.run(Unknown Source) ~[?:?]
	at java.util.concurrent.CompletableFuture$AsyncSupply.exec(Unknown Source) ~[?:?]
	at java.util.concurrent.ForkJoinTask.doExec(Unknown Source) ~[?:?]
	at java.util.concurrent.ForkJoinPool$WorkQueue.topLevelExec(Unknown Source) ~[?:?]
	at java.util.concurrent.ForkJoinPool.scan(Unknown Source) ~[?:?]
	at java.util.concurrent.ForkJoinPool.runWorker(Unknown Source) ~[?:?]
	at java.util.concurrent.ForkJoinWorkerThread.run(Unknown Source) ~[?:?]
[17:08:36] [Forge Version Check/INFO]: [highlighter] Found status: UP_TO_DATE Current: 1.1.9 Target: null
[17:08:36] [Forge Version Check/INFO]: [trading_floor] Starting version check at https://raw.githubusercontent.com/cakeGit/Create-Trading-Floor/refs/heads/1.20.1/forge_updates.json
[17:08:36] [Forge Version Check/INFO]: [trading_floor] Found status: AHEAD Current: 2.0.4 Target: null
[17:08:36] [Forge Version Check/INFO]: [searchables] Starting version check at https://updates.blamejared.com/get?n=searchables&gv=1.20.1
[17:08:36] [Forge Version Check/INFO]: [searchables] Found status: BETA Current: 1.0.3 Target: 1.0.3
[17:08:36] [Forge Version Check/INFO]: [mr_storage_drawerscreatecompat] Starting version check at https://api.modrinth.com/updates/c8JYP4m3/forge_updates.json
[17:08:37] [Forge Version Check/INFO]: [mr_storage_drawerscreatecompat] Found status: OUTDATED Current: 1.0.1 Target: 1.0.1+mod
[17:08:37] [Forge Version Check/INFO]: [mcwroofs] Starting version check at https://raw.githubusercontent.com/sketchmacaw/macawsmods/master/roofs.json
[17:08:37] [Forge Version Check/INFO]: [mcwroofs] Found status: UP_TO_DATE Current: 2.3.2 Target: null
[17:08:37] [Forge Version Check/INFO]: [mcwfurnitures] Starting version check at https://raw.githubusercontent.com/sketchmacaw/macawsmods/master/furniture.json
[17:08:37] [Forge Version Check/INFO]: [mcwfurnitures] Found status: UP_TO_DATE Current: 3.3.0 Target: null
[17:08:37] [Forge Version Check/INFO]: [dynamic_fps] Starting version check at https://api.lostluma.net/updates/dynamic-fps?platform=forge
[17:08:37] [Forge Version Check/INFO]: [dynamic_fps] Found status: UP_TO_DATE Current: 3.9.5 Target: null
[17:08:37] [Forge Version Check/INFO]: [sliceanddice] Starting version check at https://api.modrinth.com/updates/slice-and-dice/forge_updates.json
[17:08:37] [Forge Version Check/INFO]: [sliceanddice] Found status: UP_TO_DATE Current: 3.4.1 Target: null
[17:08:37] [Forge Version Check/INFO]: [mcwlights] Starting version check at https://raw.githubusercontent.com/sketchmacaw/macawsmods/master/lights.json
[17:08:37] [Forge Version Check/INFO]: [mcwlights] Found status: UP_TO_DATE Current: 1.1.2 Target: null
[17:08:37] [Forge Version Check/INFO]: [fastload] Starting version check at https://github.com/BumbleSoftware/Fastload/raw/Forge-1.20.1/updates.json
[17:08:37] [Worker-ResourceReload-6/WARN]: Texture delightful:block/coaster/upgrade_aquatic/cooked_pike with size 40x40 limits mip level from 4 to 3
[17:08:37] [Worker-ResourceReload-6/WARN]: Texture delightful:block/cantaloupe_plant with size 12x10 limits mip level from 3 to 1
[17:08:37] [Worker-ResourceReload-6/WARN]: Texture tfmg:item/copper_spool with size 15x16 limits mip level from 1 to 0
[17:08:38] [Forge Version Check/INFO]: [fastload] Found status: UP_TO_DATE Current: 3.4.0 Target: null
[17:08:38] [Forge Version Check/INFO]: [attributefix] Starting version check at https://updates.blamejared.com/get?n=attributefix&gv=1.20.1
[17:08:38] [Forge Version Check/INFO]: [attributefix] Found status: BETA Current: 21.0.4 Target: 21.0.4
[17:08:38] [Forge Version Check/INFO]: [puzzlesaccessapi] Starting version check at https://raw.githubusercontent.com/Fuzss/modresources/main/update/puzzlesaccessapi.json
[17:08:38] [Forge Version Check/INFO]: [puzzlesaccessapi] Found status: BETA Current: 20.1.1 Target: null
[17:08:38] [Forge Version Check/INFO]: [forge] Starting version check at https://files.minecraftforge.net/net/minecraftforge/forge/promotions_slim.json
[17:08:38] [Worker-ResourceReload-7/ERROR]: Failed to load model tfmg:models/block/sulfuric_acid.json
com.google.gson.JsonParseException: JSON data was null or empty
	at net.minecraft.util.GsonHelper.m_263475_(GsonHelper.java:533) ~[client-1.20.1-20230612.114412-srg.jar%23587!/:?]
	at net.minecraft.util.GsonHelper.m_13776_(GsonHelper.java:581) ~[client-1.20.1-20230612.114412-srg.jar%23587!/:?]
	at net.minecraft.client.renderer.block.model.BlockModel.m_111461_(BlockModel.java:74) ~[client-1.20.1-20230612.114412-srg.jar%23587!/:?]
	at net.minecraft.client.resources.model.ModelManager.m_246478_(ModelManager.java:110) ~[client-1.20.1-20230612.114412-srg.jar%23587!/:?]
	at java.util.concurrent.CompletableFuture$AsyncSupply.run(Unknown Source) ~[?:?]
	at java.util.concurrent.CompletableFuture$AsyncSupply.exec(Unknown Source) ~[?:?]
	at java.util.concurrent.ForkJoinTask.doExec(Unknown Source) ~[?:?]
	at java.util.concurrent.ForkJoinPool$WorkQueue.topLevelExec(Unknown Source) ~[?:?]
	at java.util.concurrent.ForkJoinPool.scan(Unknown Source) ~[?:?]
	at java.util.concurrent.ForkJoinPool.runWorker(Unknown Source) ~[?:?]
	at java.util.concurrent.ForkJoinWorkerThread.run(Unknown Source) ~[?:?]
[17:08:38] [Forge Version Check/INFO]: [forge] Found status: UP_TO_DATE Current: 47.4.0 Target: null
[17:08:38] [Forge Version Check/INFO]: [mcwpaths] Starting version check at https://raw.githubusercontent.com/sketchmacaw/macawsmods/master/paths.json
[17:08:38] [Forge Version Check/INFO]: [mcwpaths] Found status: UP_TO_DATE Current: 1.1.0 Target: null
[17:08:38] [Forge Version Check/INFO]: [simplebackups] Starting version check at https://assets.melanx.de/updates/simple-backups.json
[17:08:38] [Forge Version Check/INFO]: [simplebackups] Found status: AHEAD Current: 1.20.1-3.1.12 Target: null
[17:08:38] [Forge Version Check/INFO]: [ambientenvironment] Starting version check at https://updates.blamejared.com/get?n=AmbientEnvironment&gv=1.20.1
[17:08:38] [Render thread/ERROR]: Injection error: LVT in net/minecraft/world/entity/npc/VillagerTrades$EmeraldsForVillagerTypeItem::m_213663_(Lnet/minecraft/world/entity/Entity;Lnet/minecraft/util/RandomSource;)Lnet/minecraft/world/item/trading/MerchantOffer; has incompatible changes at opcode 34 in callback fabric-object-builder-v1.mixins.json:TradeOffersTypeAwareBuyForOneEmeraldFactoryMixin->@Inject::failOnNullItem(Lnet/minecraft/world/entity/Entity;Lnet/minecraft/util/RandomSource;Lorg/spongepowered/asm/mixin/injection/callback/CallbackInfoReturnable;Lnet/minecraft/world/item/ItemStack;)V.
 Expected: [Lnet/minecraft/world/item/ItemStack;]
    Found: [Lnet/minecraft/world/item/Item;]
Available: [Lnet/minecraft/world/item/Item;, Lnet/minecraft/world/item/ItemStack;]
[17:08:38] [Forge Version Check/INFO]: [ambientenvironment] Found status: BETA Current: 11.0.0.1 Target: 11.0.0.1
[17:08:38] [Forge Version Check/INFO]: [puzzleslib] Starting version check at https://raw.githubusercontent.com/Fuzss/modresources/main/update/puzzleslib.json
[17:08:38] [Render thread/INFO]: Registering Advancements for: Create: Trading Floor
[17:08:38] [Forge Version Check/INFO]: [puzzleslib] Found status: UP_TO_DATE Current: 8.1.32 Target: null
[17:08:38] [Forge Version Check/INFO]: [controlling] Starting version check at https://updates.blamejared.com/get?n=controlling&gv=1.20.1
[17:08:38] [Worker-ResourceReload-7/ERROR]: Failed to load model tfmg:models/block/welding_machine/item.json
com.google.gson.JsonParseException: JSON data was null or empty
	at net.minecraft.util.GsonHelper.m_263475_(GsonHelper.java:533) ~[client-1.20.1-20230612.114412-srg.jar%23587!/:?]
	at net.minecraft.util.GsonHelper.m_13776_(GsonHelper.java:581) ~[client-1.20.1-20230612.114412-srg.jar%23587!/:?]
	at net.minecraft.client.renderer.block.model.BlockModel.m_111461_(BlockModel.java:74) ~[client-1.20.1-20230612.114412-srg.jar%23587!/:?]
	at net.minecraft.client.resources.model.ModelManager.m_246478_(ModelManager.java:110) ~[client-1.20.1-20230612.114412-srg.jar%23587!/:?]
	at java.util.concurrent.CompletableFuture$AsyncSupply.run(Unknown Source) ~[?:?]
	at java.util.concurrent.CompletableFuture$AsyncSupply.exec(Unknown Source) ~[?:?]
	at java.util.concurrent.ForkJoinTask.doExec(Unknown Source) ~[?:?]
	at java.util.concurrent.ForkJoinPool$WorkQueue.topLevelExec(Unknown Source) ~[?:?]
	at java.util.concurrent.ForkJoinPool.scan(Unknown Source) ~[?:?]
	at java.util.concurrent.ForkJoinPool.runWorker(Unknown Source) ~[?:?]
	at java.util.concurrent.ForkJoinWorkerThread.run(Unknown Source) ~[?:?]
[17:08:38] [Forge Version Check/INFO]: [controlling] Found status: BETA Current: 12.0.2 Target: 12.0.2
[17:08:38] [Forge Version Check/INFO]: [mcwdoors] Starting version check at https://raw.githubusercontent.com/sketchmacaw/macawsmods/master/doors.json
[17:08:38] [Forge Version Check/INFO]: [mcwdoors] Found status: UP_TO_DATE Current: 1.1.2 Target: null
[17:08:38] [Forge Version Check/INFO]: [diagonalblocks] Starting version check at https://raw.githubusercontent.com/Fuzss/modresources/main/update/diagonalblocks.json
[17:08:38] [Forge Version Check/INFO]: [diagonalblocks] Found status: BETA Current: 8.0.6 Target: null
[17:08:38] [Forge Version Check/INFO]: [create_connected] Starting version check at https://raw.githubusercontent.com/hlysine/create_connected/main/update.json
[17:08:38] [Forge Version Check/INFO]: [create_connected] Found status: UP_TO_DATE Current: 1.1.7-mc1.20.1 Target: null
[17:08:38] [Forge Version Check/INFO]: [mcwbridges] Starting version check at https://raw.githubusercontent.com/sketchmacaw/macawsmods/master/bridges.json
[17:08:38] [Forge Version Check/INFO]: [mcwbridges] Found status: UP_TO_DATE Current: 3.1.0 Target: null
[17:08:38] [Forge Version Check/INFO]: [mcwfences] Starting version check at https://raw.githubusercontent.com/sketchmacaw/macawsmods/master/fences.json
[17:08:38] [Forge Version Check/INFO]: [mcwfences] Found status: UP_TO_DATE Current: 1.2.0 Target: null
[17:08:38] [Forge Version Check/INFO]: [computercraft] Starting version check at https://api.modrinth.com/updates/cc-tweaked/forge_updates.json
[17:08:38] [Render thread/INFO]: Finished mod setup in: [2, 41, 0, 0, 0, 0, 15, 18, 2] ms
[17:08:39] [Forge Version Check/INFO]: [computercraft] Found status: UP_TO_DATE Current: 1.116.0 Target: null
[17:08:39] [Forge Version Check/INFO]: [copycats] Starting version check at https://raw.githubusercontent.com/copycats-plus/copycats/multiloader/update.json
[17:08:39] [Forge Version Check/INFO]: [copycats] Found status: AHEAD Current: 3.0.2+mc.1.20.1-forge Target: null
[17:08:39] [Forge Version Check/INFO]: [createcasing] Starting version check at https://api.modrinth.com/updates/create-encased/forge_updates.json
[17:08:39] [Render thread/INFO]: Initialized color sets in 114ms
[17:08:39] [Worker-ResourceReload-2/INFO]: Reloading reverb parameters
[17:08:39] [Forge Version Check/INFO]: [createcasing] Found status: UP_TO_DATE Current: 1.7.2 Target: null
[17:08:39] [Forge Version Check/INFO]: [supplementaries] Starting version check at https://raw.githubusercontent.com/MehVahdJukaar/Supplementaries/1.20/forge/update.json
[17:08:39] [Worker-ResourceReload-2/INFO]: Unknown sound in allowed sound config: brewery:cabinet_open
[17:08:39] [Worker-ResourceReload-2/INFO]: Unknown sound in allowed sound config: brewery:brewstation_kettle
[17:08:39] [Worker-ResourceReload-2/INFO]: Unknown sound in allowed sound config: bakery:drawer_open
[17:08:39] [Worker-ResourceReload-2/INFO]: Unknown sound in allowed sound config: candlelight:dinner_bell_ring
[17:08:39] [Worker-ResourceReload-2/INFO]: Unknown sound in allowed sound config: bakery:cake_cut
[17:08:39] [Worker-ResourceReload-2/INFO]: Unknown sound in allowed sound config: creeperoverhaul:entity.sand.creeper.explosion
[17:08:39] [Worker-ResourceReload-2/INFO]: Unknown sound in allowed sound config: creeperoverhaul:entity.stone.creeper.explosion
[17:08:39] [Worker-ResourceReload-2/INFO]: Unknown sound in allowed sound config: farm_and_charm:cart_moving
[17:08:39] [Worker-ResourceReload-2/INFO]: Unknown sound in allowed sound config: bakery:cabinet_open
[17:08:39] [Worker-ResourceReload-2/INFO]: Unknown sound in allowed sound config: creeperoverhaul:entity.ocean.creeper.hurt_deflated
[17:08:39] [Forge Version Check/INFO]: [supplementaries] Found status: BETA Current: 1.20-3.1.31 Target: null
[17:08:39] [Forge Version Check/INFO]: [mr_lithosphere] Starting version check at https://api.modrinth.com/updates/iv9jp2k9/forge_updates.json
[17:08:39] [Worker-ResourceReload-2/INFO]: Unknown sound in allowed sound config: creeperoverhaul:entity.sand.creeper.hurt
[17:08:39] [Worker-ResourceReload-2/INFO]: Unknown sound in allowed sound config: creeperoverhaul:entity.stone.creeper.prime
[17:08:39] [Worker-ResourceReload-2/INFO]: Unknown sound in allowed sound config: creeperoverhaul:entity.stone.creeper.hurt
[17:08:39] [Worker-ResourceReload-2/INFO]: Unknown sound in allowed sound config: creeperoverhaul:entity.wood.creeper.prime
[17:08:39] [Worker-ResourceReload-2/INFO]: Unknown sound in allowed sound config: brewery:brewstation_oven
[17:08:39] [Worker-ResourceReload-2/INFO]: Unknown sound in allowed sound config: creeperoverhaul:entity.stone.creeper.death
[17:08:39] [Worker-ResourceReload-2/INFO]: Unknown sound in allowed sound config: creeperoverhaul:entity.wood.creeper.death
[17:08:39] [Worker-ResourceReload-2/INFO]: Unknown sound in allowed sound config: farm_and_charm:stove_crackling
[17:08:39] [Worker-ResourceReload-2/INFO]: Unknown sound in allowed sound config: candlelight:drawer_open
[17:08:39] [Worker-ResourceReload-2/INFO]: Unknown sound in allowed sound config: candlelight:cooking_pot_hit
[17:08:39] [Worker-ResourceReload-2/INFO]: Unknown sound in allowed sound config: candlelight:cabinet_open
[17:08:39] [Worker-ResourceReload-2/INFO]: Unknown sound in allowed sound config: creeperoverhaul:entity.plant.creeper.hit
[17:08:39] [Worker-ResourceReload-2/INFO]: Unknown sound in allowed sound config: candlelight:cabinet_close
[17:08:39] [Worker-ResourceReload-2/INFO]: Unknown sound in allowed sound config: creeperoverhaul:entity.ocean.creeper.inflate
[17:08:39] [Worker-ResourceReload-2/INFO]: Unknown sound in allowed sound config: creeperoverhaul:entity.wood.creeper.explosion
[17:08:39] [Worker-ResourceReload-2/INFO]: Unknown sound in allowed sound config: etched:ui.etching_table.take_result
[17:08:39] [Worker-ResourceReload-2/INFO]: Unknown sound in allowed sound config: brewery:breath
[17:08:39] [Worker-ResourceReload-2/INFO]: Unknown sound in allowed sound config: creeperoverhaul:entity.plant.creeper.explosion
[17:08:39] [Worker-ResourceReload-2/INFO]: Unknown sound in allowed sound config: brewery:beer_elemental_death
[17:08:39] [Worker-ResourceReload-2/INFO]: Unknown sound in allowed sound config: creeperoverhaul:entity.wood.creeper.hit
[17:08:39] [Worker-ResourceReload-2/INFO]: Unknown sound in allowed sound config: creeperoverhaul:entity.ocean.creeper.death
[17:08:39] [Worker-ResourceReload-2/INFO]: Unknown sound in allowed sound config: brewery:beer_elemental_hurt
[17:08:39] [Worker-ResourceReload-2/INFO]: Unknown sound in allowed sound config: bakery:cooking_pot_hit
[17:08:39] [Worker-ResourceReload-2/INFO]: Unknown sound in allowed sound config: bakery:drawer_close
[17:08:39] [Worker-ResourceReload-2/INFO]: Unknown sound in allowed sound config: farm_and_charm:mincer_cranking
[17:08:39] [Worker-ResourceReload-2/INFO]: Unknown sound in allowed sound config: farm_and_charm:crafting_bowl_stirring
[17:08:39] [Worker-ResourceReload-2/INFO]: Unknown sound in allowed sound config: candlelight:typewriter
[17:08:39] [Worker-ResourceReload-2/INFO]: Unknown sound in allowed sound config: creeperoverhaul:entity.sand.creeper.prime
[17:08:39] [Worker-ResourceReload-2/INFO]: Unknown sound in allowed sound config: creeperoverhaul:entity.ocean.creeper.hurt_inflated
[17:08:39] [Worker-ResourceReload-2/INFO]: Unknown sound in allowed sound config: brewery:brewstation_process_failed
[17:08:39] [Worker-ResourceReload-2/INFO]: Unknown sound in allowed sound config: candlelight:drawer_close
[17:08:39] [Worker-ResourceReload-2/INFO]: Unknown sound in allowed sound config: creeperoverhaul:entity.sand.creeper.death
[17:08:39] [Worker-ResourceReload-2/INFO]: Unknown sound in allowed sound config: brewery:drawer_open
[17:08:39] [Worker-ResourceReload-2/INFO]: Unknown sound in allowed sound config: bakery:cabinet_close
[17:08:39] [Worker-ResourceReload-2/INFO]: Unknown sound in allowed sound config: creeperoverhaul:entity.ocean.creeper.deflate
[17:08:39] [Worker-ResourceReload-2/INFO]: Unknown sound in allowed sound config: farm_and_charm:water_sprinkler
[17:08:39] [Worker-ResourceReload-2/INFO]: Unknown sound in allowed sound config: creeperoverhaul:entity.wood.creeper.hurt
[17:08:39] [Worker-ResourceReload-2/INFO]: Unknown sound in allowed sound config: brewery:brewstation_ambient
[17:08:39] [Worker-ResourceReload-2/INFO]: Unknown sound in allowed sound config: creeperoverhaul:entity.plant.creeper.prime
[17:08:39] [Worker-ResourceReload-2/INFO]: Unknown sound in allowed sound config: brewery:beer_elemental_ambient
[17:08:39] [Worker-ResourceReload-2/INFO]: Unknown sound in allowed sound config: creeperoverhaul:entity.plant.creeper.hurt
[17:08:39] [Worker-ResourceReload-2/INFO]: Unknown sound in allowed sound config: brewery:drawer_close
[17:08:39] [Worker-ResourceReload-2/INFO]: Unknown sound in allowed sound config: creeperoverhaul:entity.plant.creeper.death
[17:08:39] [Worker-ResourceReload-2/INFO]: Unknown sound in allowed sound config: brewery:beer_elemental_attack
[17:08:39] [Worker-ResourceReload-2/INFO]: Unknown sound in allowed sound config: farm_and_charm:cooking_pot_boiling
[17:08:39] [Worker-ResourceReload-2/INFO]: Unknown sound in allowed sound config: brewery:cabinet_close
[17:08:39] [Worker-ResourceReload-2/INFO]: Unknown sound in allowed sound config: brewery:brewstation_timer_loop
[17:08:39] [Worker-ResourceReload-2/INFO]: Unknown sound in allowed sound config: farm_and_charm:roaster_cooking
[17:08:39] [Worker-ResourceReload-2/INFO]: Unknown sound in allowed sound config: brewery:brewstation_whistle
[17:08:39] [Worker-ResourceReload-8/INFO]: Registering config screens for mod comforts with 1 config(s)
[17:08:39] [Worker-ResourceReload-7/INFO]: [EMI] Discovered Sodium
[17:08:39] [Worker-ResourceReload-2/INFO]: Using Cloth Config GUI
[17:08:39] [Worker-ResourceReload-0/INFO]: Loading Xaero's Minimap - Stage 1/2
[17:08:39] [Forge Version Check/INFO]: [mr_lithosphere] Found status: OUTDATED Current: 1.5 Target: 1.6+mod
[17:08:39] [Forge Version Check/INFO]: [moonlight] Starting version check at https://raw.githubusercontent.com/MehVahdJukaar/Moonlight/multi-loader/forge/update.json
[17:08:39] [Forge Version Check/INFO]: [moonlight] Found status: BETA Current: 1.20-2.14.13 Target: null
[17:08:39] [Forge Version Check/INFO]: [magnumtorch] Starting version check at https://raw.githubusercontent.com/Fuzss/modresources/main/update/magnumtorch.json
[17:08:39] [Worker-ResourceReload-1/INFO]: Loading Xaero's World Map - Stage 1/2
[17:08:39] [Forge Version Check/INFO]: [magnumtorch] Found status: UP_TO_DATE Current: 8.0.2 Target: null
[17:08:39] [Forge Version Check/INFO]: [mr_create_compatbetterendbetternether] Starting version check at https://api.modrinth.com/updates/tcb6Gs0z/forge_updates.json
[17:08:39] [Forge Version Check/INFO]: [mr_create_compatbetterendbetternether] Found status: OUTDATED Current: 1.1 Target: 1.1+mod
[17:08:39] [Forge Version Check/INFO]: [iceberg] Starting version check at https://mc-update-check.anthonyhilyard.com/520110
[17:08:39] [Worker-ResourceReload-2/INFO]: [LambDynLights] Initializing SodiumDynamicLights...
[17:08:39] [Worker-ResourceReload-8/INFO]: Deserializing BridgingConfig from '/Users/ycar/Documents/curseforge/minecraft/Instances/Create_ Hell's Kitchen/config/bridgingmod.json'
[17:08:39] [Forge Version Check/INFO]: [iceberg] Found status: UP_TO_DATE Current: 1.1.25 Target: null
[17:08:39] [Forge Version Check/INFO]: [diagonalfences] Starting version check at https://raw.githubusercontent.com/Fuzss/modresources/main/update/diagonalfences.json
[17:08:39] [Forge Version Check/INFO]: [diagonalfences] Found status: UP_TO_DATE Current: 8.1.5 Target: null
[17:08:39] [Forge Version Check/INFO]: [delightful] Starting version check at https://raw.githubusercontent.com/brnbrd/Delightful/1.20.1/update/update.json
[17:08:39] [Forge Version Check/INFO]: [delightful] Found status: UP_TO_DATE Current: 3.7.3 Target: null
[17:08:39] [Forge Version Check/INFO]: [create_pattern_schematics] Starting version check at https://raw.githubusercontent.com/cakeGit/Pattern-Schematics-Multiloader/1.20.1/forge-updates.json
[17:08:39] [Forge Version Check/INFO]: [create_pattern_schematics] Found status: AHEAD Current: 1.2.3+forge-1.20.1 Target: null
[17:08:39] [Forge Version Check/INFO]: [betterf3] Starting version check at https://api.modrinth.com/updates/betterf3/forge_updates.json
[17:08:39] [Worker-ResourceReload-8/INFO]: Running YACL version check on v3.6.6 (3.6.6+1.20.1-forge)
[17:08:39] [Worker-ResourceReload-3/ERROR]: Failed to load model tfmg:models/large_steel_cogwheel_shaftless.json
com.google.gson.JsonParseException: JSON data was null or empty
	at net.minecraft.util.GsonHelper.m_263475_(GsonHelper.java:533) ~[client-1.20.1-20230612.114412-srg.jar%23587!/:?]
	at net.minecraft.util.GsonHelper.m_13776_(GsonHelper.java:581) ~[client-1.20.1-20230612.114412-srg.jar%23587!/:?]
	at net.minecraft.client.renderer.block.model.BlockModel.m_111461_(BlockModel.java:74) ~[client-1.20.1-20230612.114412-srg.jar%23587!/:?]
	at net.minecraft.client.resources.model.ModelManager.m_246478_(ModelManager.java:110) ~[client-1.20.1-20230612.114412-srg.jar%23587!/:?]
	at java.util.concurrent.CompletableFuture$AsyncSupply.run(Unknown Source) ~[?:?]
	at java.util.concurrent.CompletableFuture$AsyncSupply.exec(Unknown Source) ~[?:?]
	at java.util.concurrent.ForkJoinTask.doExec(Unknown Source) ~[?:?]
	at java.util.concurrent.ForkJoinPool$WorkQueue.topLevelExec(Unknown Source) ~[?:?]
	at java.util.concurrent.ForkJoinPool.scan(Unknown Source) ~[?:?]
	at java.util.concurrent.ForkJoinPool.runWorker(Unknown Source) ~[?:?]
	at java.util.concurrent.ForkJoinWorkerThread.run(Unknown Source) ~[?:?]
[17:08:39] [Worker-ResourceReload-7/INFO]: HELLO FROM CLIENT SETUP
[17:08:39] [Worker-ResourceReload-7/INFO]: MINECRAFT NAME >> Ycar_
[17:08:39] [Forge Version Check/INFO]: [betterf3] Found status: UP_TO_DATE Current: 7.0.2 Target: null
[17:08:39] [Worker-ResourceReload-1/WARN]: io exception while checking patreon: Online mod data expired! Date: Sat Jul 12 12:01:34 CEST 2025
[17:08:39] [Worker-ResourceReload-0/INFO]: LOADED CHLORIDE
[17:08:39] [Worker-ResourceReload-7/WARN]: Key mapping key.createrailwaysnavigator.route_overlay_options registered after event
java.lang.RuntimeException: null
	at dev.architectury.registry.client.keymappings.forge.KeyMappingRegistryImpl.register(KeyMappingRegistryImpl.java:47) ~[architectury-9.2.14-forge.jar%23386!/:?]
	at dev.architectury.registry.client.keymappings.KeyMappingRegistry.register(KeyMappingRegistry.java) ~[architectury-9.2.14-forge.jar%23386!/:?]
	at de.mrjulsen.crn.client.input.ModKeys.init(ModKeys.java:24) ~[createrailwaysnavigator-forge-1.20.1-beta-0.8.4-C6.jar%23429!/:1.20.1-beta-0.8.4-C6]
	at de.mrjulsen.crn.event.ModClientEvents.lambda$init$0(ModClientEvents.java:32) ~[createrailwaysnavigator-forge-1.20.1-beta-0.8.4-C6.jar%23429!/:1.20.1-beta-0.8.4-C6]
	at java.lang.invoke.MethodHandle.invokeWithArguments(Unknown Source) ~[?:?]
	at dev.architectury.event.EventFactory.invokeMethod(EventFactory.java:53) ~[architectury-9.2.14-forge.jar%23386!/:?]
	at dev.architectury.event.EventFactory$1.handleInvocation(EventFactory.java:62) ~[architectury-9.2.14-forge.jar%23386!/:?]
	at com.google.common.reflect.AbstractInvocationHandler.invoke(AbstractInvocationHandler.java:87) ~[guava-31.1-jre.jar%23104!/:?]
	at jdk.proxy3.$Proxy110.stateChanged(Unknown Source) ~[?:?]
	at dev.architectury.event.forge.EventHandlerImplClient$ModBasedEventHandler.event(EventHandlerImplClient.java:342) ~[architectury-9.2.14-forge.jar%23386!/:?]
	at dev.architectury.event.forge.__ModBasedEventHandler_event_FMLClientSetupEvent.invoke(.dynamic) ~[architectury-9.2.14-forge.jar%23386!/:?]
	at net.minecraftforge.eventbus.ASMEventHandler.invoke(ASMEventHandler.java:73) ~[eventbus-6.0.5.jar%2381!/:?]
	at net.minecraftforge.eventbus.EventBus.post(EventBus.java:315) ~[eventbus-6.0.5.jar%2381!/:?]
	at net.minecraftforge.eventbus.EventBus.post(EventBus.java:296) ~[eventbus-6.0.5.jar%2381!/:?]
	at net.minecraftforge.fml.javafmlmod.FMLModContainer.acceptEvent(FMLModContainer.java:121) ~[javafmllanguage-1.20.1-47.4.0.jar%23589!/:?]
	at net.minecraftforge.fml.ModContainer.lambda$buildTransitionHandler$5(ModContainer.java:127) ~[fmlcore-1.20.1-47.4.0.jar%23588!/:?]
	at java.util.concurrent.CompletableFuture$AsyncRun.run(Unknown Source) ~[?:?]
	at java.util.concurrent.CompletableFuture$AsyncRun.exec(Unknown Source) ~[?:?]
	at java.util.concurrent.ForkJoinTask.doExec(Unknown Source) ~[?:?]
	at java.util.concurrent.ForkJoinPool$WorkQueue.topLevelExec(Unknown Source) ~[?:?]
	at java.util.concurrent.ForkJoinPool.scan(Unknown Source) ~[?:?]
	at java.util.concurrent.ForkJoinPool.runWorker(Unknown Source) ~[?:?]
	at java.util.concurrent.ForkJoinWorkerThread.run(Unknown Source) ~[?:?]
[17:08:39] [Worker-ResourceReload-1/ERROR]: io exception while checking versions: Online mod data expired! Date: Sat Jul 12 12:01:34 CEST 2025
[17:08:40] [Worker-ResourceReload-1/INFO]: Registering S2C receiver with id brewery:alcohol_sync
[17:08:40] [Worker-ResourceReload-1/INFO]: Registering S2C receiver with id brewery:drink_alcohol
[17:08:40] [Worker-ResourceReload-1/INFO]: Registering S2C receiver with id brewery:attach_rope
[17:08:40] [Worker-ResourceReload-1/INFO]: Registering S2C receiver with id brewery:detach_rope
[17:08:40] [Worker-ResourceReload-1/INFO]: Registering S2C receiver with id brewery:sync_rope
[17:08:40] [Worker-ResourceReload-1/INFO]: Registering S2C receiver with id brewery:change_hanging_rope
[17:08:40] [Worker-ResourceReload-0/WARN]: Key mapping key.observable.profile registered after event
java.lang.RuntimeException: null
	at dev.architectury.registry.client.keymappings.forge.KeyMappingRegistryImpl.register(KeyMappingRegistryImpl.java:47) ~[architectury-9.2.14-forge.jar%23386!/:?]
	at dev.architectury.registry.client.keymappings.KeyMappingRegistry.register(KeyMappingRegistry.java) ~[architectury-9.2.14-forge.jar%23386!/:?]
	at observable.Observable.clientInit(Observable.java:151) ~[observable-4.4.2.jar%23535!/:?]
	at observable.forge.ObservableForge.onClientInit(ObservableForge.java:28) ~[observable-4.4.2.jar%23535!/:?]
	at net.minecraftforge.eventbus.EventBus.doCastFilter(EventBus.java:260) ~[eventbus-6.0.5.jar%2381!/:?]
	at net.minecraftforge.eventbus.EventBus.lambda$addListener$11(EventBus.java:252) ~[eventbus-6.0.5.jar%2381!/:?]
	at net.minecraftforge.eventbus.EventBus.post(EventBus.java:315) ~[eventbus-6.0.5.jar%2381!/:?]
	at net.minecraftforge.eventbus.EventBus.post(EventBus.java:296) ~[eventbus-6.0.5.jar%2381!/:?]
	at net.minecraftforge.fml.javafmlmod.FMLModContainer.acceptEvent(FMLModContainer.java:121) ~[javafmllanguage-1.20.1-47.4.0.jar%23589!/:?]
	at net.minecraftforge.fml.ModContainer.lambda$buildTransitionHandler$5(ModContainer.java:127) ~[fmlcore-1.20.1-47.4.0.jar%23588!/:?]
	at java.util.concurrent.CompletableFuture$AsyncRun.run(Unknown Source) ~[?:?]
	at java.util.concurrent.CompletableFuture$AsyncRun.exec(Unknown Source) ~[?:?]
	at java.util.concurrent.ForkJoinTask.doExec(Unknown Source) ~[?:?]
	at java.util.concurrent.ForkJoinPool$WorkQueue.topLevelExec(Unknown Source) ~[?:?]
	at java.util.concurrent.ForkJoinPool.scan(Unknown Source) ~[?:?]
	at java.util.concurrent.ForkJoinPool.runWorker(Unknown Source) ~[?:?]
	at java.util.concurrent.ForkJoinWorkerThread.run(Unknown Source) ~[?:?]
[17:08:40] [Render thread/INFO]: Loading Xaero's Minimap - Stage 2/2
[17:08:41] [Render thread/WARN]: io exception while checking versions: Online mod data expired! Date: Sat Jul 12 12:01:34 CEST 2025
[17:08:41] [Render thread/INFO]: Registered player tracker system: minimap_synced
[17:08:41] [Render thread/INFO]: Xaero's Minimap: World Map found!
[17:08:41] [Render thread/INFO]: No Optifine!
[17:08:41] [Render thread/INFO]: Xaero's Minimap: No Vivecraft!
[17:08:41] [Render thread/INFO]: Xaero's Minimap: Framed Blocks found!
[17:08:41] [Render thread/INFO]: Xaero's Minimap: Iris found!
[17:08:41] [Render thread/INFO]: Loading Xaero's World Map - Stage 2/2
[17:08:41] [Render thread/INFO]: New world map region cache hash code: -2078200016
[17:08:41] [Render thread/INFO]: Registered player tracker system: map_synced
[17:08:41] [Render thread/INFO]: Xaero's WorldMap Mod: Xaero's minimap found!
[17:08:41] [Render thread/INFO]: Registered player tracker system: minimap_synced
[17:08:41] [Render thread/INFO]: No Optifine!
[17:08:41] [Render thread/INFO]: Xaero's World Map: No Vivecraft!
[17:08:41] [Render thread/INFO]: Xaero's World Map: Framed Blocks found!
[17:08:41] [Render thread/INFO]: Xaero's World Map: Iris found!
[17:08:47] [Worker-ResourceReload-3/WARN]: Exception loading blockstate definition: 'delightfulcreators:blockstates/tomato_sauce_block.json' missing model for variant: 'delightfulcreators:tomato_sauce_block#level=15'
[17:08:47] [Worker-ResourceReload-3/WARN]: Exception loading blockstate definition: 'delightfulcreators:blockstates/tomato_sauce_block.json' missing model for variant: 'delightfulcreators:tomato_sauce_block#level=14'
[17:08:47] [Worker-ResourceReload-3/WARN]: Exception loading blockstate definition: 'delightfulcreators:blockstates/tomato_sauce_block.json' missing model for variant: 'delightfulcreators:tomato_sauce_block#level=13'
[17:08:47] [Worker-ResourceReload-3/WARN]: Exception loading blockstate definition: 'delightfulcreators:blockstates/tomato_sauce_block.json' missing model for variant: 'delightfulcreators:tomato_sauce_block#level=3'
[17:08:47] [Worker-ResourceReload-3/WARN]: Exception loading blockstate definition: 'delightfulcreators:blockstates/tomato_sauce_block.json' missing model for variant: 'delightfulcreators:tomato_sauce_block#level=2'
[17:08:47] [Worker-ResourceReload-3/WARN]: Exception loading blockstate definition: 'delightfulcreators:blockstates/tomato_sauce_block.json' missing model for variant: 'delightfulcreators:tomato_sauce_block#level=1'
[17:08:47] [Worker-ResourceReload-3/WARN]: Exception loading blockstate definition: 'delightfulcreators:blockstates/tomato_sauce_block.json' missing model for variant: 'delightfulcreators:tomato_sauce_block#level=0'
[17:08:47] [Worker-ResourceReload-3/WARN]: Exception loading blockstate definition: 'delightfulcreators:blockstates/tomato_sauce_block.json' missing model for variant: 'delightfulcreators:tomato_sauce_block#level=7'
[17:08:47] [Worker-ResourceReload-3/WARN]: Exception loading blockstate definition: 'delightfulcreators:blockstates/tomato_sauce_block.json' missing model for variant: 'delightfulcreators:tomato_sauce_block#level=6'
[17:08:47] [Worker-ResourceReload-3/WARN]: Exception loading blockstate definition: 'delightfulcreators:blockstates/tomato_sauce_block.json' missing model for variant: 'delightfulcreators:tomato_sauce_block#level=5'
[17:08:47] [Worker-ResourceReload-3/WARN]: Exception loading blockstate definition: 'delightfulcreators:blockstates/tomato_sauce_block.json' missing model for variant: 'delightfulcreators:tomato_sauce_block#level=4'
[17:08:47] [Worker-ResourceReload-3/WARN]: Exception loading blockstate definition: 'delightfulcreators:blockstates/tomato_sauce_block.json' missing model for variant: 'delightfulcreators:tomato_sauce_block#level=12'
[17:08:47] [Worker-ResourceReload-3/WARN]: Exception loading blockstate definition: 'delightfulcreators:blockstates/tomato_sauce_block.json' missing model for variant: 'delightfulcreators:tomato_sauce_block#level=11'
[17:08:47] [Worker-ResourceReload-3/WARN]: Exception loading blockstate definition: 'delightfulcreators:blockstates/tomato_sauce_block.json' missing model for variant: 'delightfulcreators:tomato_sauce_block#level=9'
[17:08:47] [Worker-ResourceReload-3/WARN]: Exception loading blockstate definition: 'delightfulcreators:blockstates/tomato_sauce_block.json' missing model for variant: 'delightfulcreators:tomato_sauce_block#level=10'
[17:08:47] [Worker-ResourceReload-3/WARN]: Exception loading blockstate definition: 'delightfulcreators:blockstates/tomato_sauce_block.json' missing model for variant: 'delightfulcreators:tomato_sauce_block#level=8'
[17:08:47] [Worker-ResourceReload-3/WARN]: Exception loading blockstate definition: 'delightfulcreators:blockstates/hot_cocoa_block.json' missing model for variant: 'delightfulcreators:hot_cocoa_block#level=0'
[17:08:47] [Worker-ResourceReload-3/WARN]: Exception loading blockstate definition: 'delightfulcreators:blockstates/hot_cocoa_block.json' missing model for variant: 'delightfulcreators:hot_cocoa_block#level=2'
[17:08:47] [Worker-ResourceReload-3/WARN]: Exception loading blockstate definition: 'delightfulcreators:blockstates/hot_cocoa_block.json' missing model for variant: 'delightfulcreators:hot_cocoa_block#level=1'
[17:08:47] [Worker-ResourceReload-3/WARN]: Exception loading blockstate definition: 'delightfulcreators:blockstates/hot_cocoa_block.json' missing model for variant: 'delightfulcreators:hot_cocoa_block#level=4'
[17:08:47] [Worker-ResourceReload-3/WARN]: Exception loading blockstate definition: 'delightfulcreators:blockstates/hot_cocoa_block.json' missing model for variant: 'delightfulcreators:hot_cocoa_block#level=3'
[17:08:47] [Worker-ResourceReload-3/WARN]: Exception loading blockstate definition: 'delightfulcreators:blockstates/hot_cocoa_block.json' missing model for variant: 'delightfulcreators:hot_cocoa_block#level=6'
[17:08:47] [Worker-ResourceReload-3/WARN]: Exception loading blockstate definition: 'delightfulcreators:blockstates/hot_cocoa_block.json' missing model for variant: 'delightfulcreators:hot_cocoa_block#level=5'
[17:08:47] [Worker-ResourceReload-3/WARN]: Exception loading blockstate definition: 'delightfulcreators:blockstates/hot_cocoa_block.json' missing model for variant: 'delightfulcreators:hot_cocoa_block#level=8'
[17:08:47] [Worker-ResourceReload-3/WARN]: Exception loading blockstate definition: 'delightfulcreators:blockstates/hot_cocoa_block.json' missing model for variant: 'delightfulcreators:hot_cocoa_block#level=7'
[17:08:47] [Worker-ResourceReload-3/WARN]: Exception loading blockstate definition: 'delightfulcreators:blockstates/hot_cocoa_block.json' missing model for variant: 'delightfulcreators:hot_cocoa_block#level=11'
[17:08:47] [Worker-ResourceReload-3/WARN]: Exception loading blockstate definition: 'delightfulcreators:blockstates/hot_cocoa_block.json' missing model for variant: 'delightfulcreators:hot_cocoa_block#level=9'
[17:08:47] [Worker-ResourceReload-3/WARN]: Exception loading blockstate definition: 'delightfulcreators:blockstates/hot_cocoa_block.json' missing model for variant: 'delightfulcreators:hot_cocoa_block#level=10'
[17:08:47] [Worker-ResourceReload-3/WARN]: Exception loading blockstate definition: 'delightfulcreators:blockstates/hot_cocoa_block.json' missing model for variant: 'delightfulcreators:hot_cocoa_block#level=13'
[17:08:47] [Worker-ResourceReload-3/WARN]: Exception loading blockstate definition: 'delightfulcreators:blockstates/hot_cocoa_block.json' missing model for variant: 'delightfulcreators:hot_cocoa_block#level=12'
[17:08:47] [Worker-ResourceReload-3/WARN]: Exception loading blockstate definition: 'delightfulcreators:blockstates/hot_cocoa_block.json' missing model for variant: 'delightfulcreators:hot_cocoa_block#level=15'
[17:08:47] [Worker-ResourceReload-3/WARN]: Exception loading blockstate definition: 'delightfulcreators:blockstates/hot_cocoa_block.json' missing model for variant: 'delightfulcreators:hot_cocoa_block#level=14'
[17:08:47] [Worker-ResourceReload-3/WARN]: Exception loading blockstate definition: 'delightfulcreators:blockstates/apple_cider_block.json' missing model for variant: 'delightfulcreators:apple_cider_block#level=9'
[17:08:47] [Worker-ResourceReload-3/WARN]: Exception loading blockstate definition: 'delightfulcreators:blockstates/apple_cider_block.json' missing model for variant: 'delightfulcreators:apple_cider_block#level=8'
[17:08:47] [Worker-ResourceReload-3/WARN]: Exception loading blockstate definition: 'delightfulcreators:blockstates/apple_cider_block.json' missing model for variant: 'delightfulcreators:apple_cider_block#level=7'
[17:08:47] [Worker-ResourceReload-3/WARN]: Exception loading blockstate definition: 'delightfulcreators:blockstates/apple_cider_block.json' missing model for variant: 'delightfulcreators:apple_cider_block#level=6'
[17:08:47] [Worker-ResourceReload-3/WARN]: Exception loading blockstate definition: 'delightfulcreators:blockstates/apple_cider_block.json' missing model for variant: 'delightfulcreators:apple_cider_block#level=1'
[17:08:47] [Worker-ResourceReload-3/WARN]: Exception loading blockstate definition: 'delightfulcreators:blockstates/apple_cider_block.json' missing model for variant: 'delightfulcreators:apple_cider_block#level=0'
[17:08:47] [Worker-ResourceReload-3/WARN]: Exception loading blockstate definition: 'delightfulcreators:blockstates/apple_cider_block.json' missing model for variant: 'delightfulcreators:apple_cider_block#level=5'
[17:08:47] [Worker-ResourceReload-3/WARN]: Exception loading blockstate definition: 'delightfulcreators:blockstates/apple_cider_block.json' missing model for variant: 'delightfulcreators:apple_cider_block#level=4'
[17:08:47] [Worker-ResourceReload-3/WARN]: Exception loading blockstate definition: 'delightfulcreators:blockstates/apple_cider_block.json' missing model for variant: 'delightfulcreators:apple_cider_block#level=3'
[17:08:47] [Worker-ResourceReload-3/WARN]: Exception loading blockstate definition: 'delightfulcreators:blockstates/apple_cider_block.json' missing model for variant: 'delightfulcreators:apple_cider_block#level=2'
[17:08:47] [Worker-ResourceReload-3/WARN]: Exception loading blockstate definition: 'delightfulcreators:blockstates/apple_cider_block.json' missing model for variant: 'delightfulcreators:apple_cider_block#level=11'
[17:08:47] [Worker-ResourceReload-3/WARN]: Exception loading blockstate definition: 'delightfulcreators:blockstates/apple_cider_block.json' missing model for variant: 'delightfulcreators:apple_cider_block#level=12'
[17:08:47] [Worker-ResourceReload-3/WARN]: Exception loading blockstate definition: 'delightfulcreators:blockstates/apple_cider_block.json' missing model for variant: 'delightfulcreators:apple_cider_block#level=13'
[17:08:47] [Worker-ResourceReload-3/WARN]: Exception loading blockstate definition: 'delightfulcreators:blockstates/apple_cider_block.json' missing model for variant: 'delightfulcreators:apple_cider_block#level=14'
[17:08:47] [Worker-ResourceReload-3/WARN]: Exception loading blockstate definition: 'delightfulcreators:blockstates/apple_cider_block.json' missing model for variant: 'delightfulcreators:apple_cider_block#level=10'
[17:08:47] [Worker-ResourceReload-3/WARN]: Exception loading blockstate definition: 'delightfulcreators:blockstates/apple_cider_block.json' missing model for variant: 'delightfulcreators:apple_cider_block#level=15'
[17:08:47] [Worker-ResourceReload-3/WARN]: Exception loading blockstate definition: 'delightfulcreators:blockstates/melon_juice_block.json' missing model for variant: 'delightfulcreators:melon_juice_block#level=3'
[17:08:47] [Worker-ResourceReload-3/WARN]: Exception loading blockstate definition: 'delightfulcreators:blockstates/melon_juice_block.json' missing model for variant: 'delightfulcreators:melon_juice_block#level=2'
[17:08:47] [Worker-ResourceReload-3/WARN]: Exception loading blockstate definition: 'delightfulcreators:blockstates/melon_juice_block.json' missing model for variant: 'delightfulcreators:melon_juice_block#level=1'
[17:08:47] [Worker-ResourceReload-3/WARN]: Exception loading blockstate definition: 'delightfulcreators:blockstates/melon_juice_block.json' missing model for variant: 'delightfulcreators:melon_juice_block#level=0'
[17:08:47] [Worker-ResourceReload-3/WARN]: Exception loading blockstate definition: 'delightfulcreators:blockstates/melon_juice_block.json' missing model for variant: 'delightfulcreators:melon_juice_block#level=9'
[17:08:47] [Worker-ResourceReload-3/WARN]: Exception loading blockstate definition: 'delightfulcreators:blockstates/melon_juice_block.json' missing model for variant: 'delightfulcreators:melon_juice_block#level=8'
[17:08:47] [Worker-ResourceReload-3/WARN]: Exception loading blockstate definition: 'delightfulcreators:blockstates/melon_juice_block.json' missing model for variant: 'delightfulcreators:melon_juice_block#level=7'
[17:08:47] [Worker-ResourceReload-3/WARN]: Exception loading blockstate definition: 'delightfulcreators:blockstates/melon_juice_block.json' missing model for variant: 'delightfulcreators:melon_juice_block#level=6'
[17:08:47] [Worker-ResourceReload-3/WARN]: Exception loading blockstate definition: 'delightfulcreators:blockstates/melon_juice_block.json' missing model for variant: 'delightfulcreators:melon_juice_block#level=5'
[17:08:47] [Worker-ResourceReload-3/WARN]: Exception loading blockstate definition: 'delightfulcreators:blockstates/melon_juice_block.json' missing model for variant: 'delightfulcreators:melon_juice_block#level=4'
[17:08:47] [Worker-ResourceReload-3/WARN]: Exception loading blockstate definition: 'delightfulcreators:blockstates/melon_juice_block.json' missing model for variant: 'delightfulcreators:melon_juice_block#level=10'
[17:08:47] [Worker-ResourceReload-3/WARN]: Exception loading blockstate definition: 'delightfulcreators:blockstates/melon_juice_block.json' missing model for variant: 'delightfulcreators:melon_juice_block#level=11'
[17:08:47] [Worker-ResourceReload-3/WARN]: Exception loading blockstate definition: 'delightfulcreators:blockstates/melon_juice_block.json' missing model for variant: 'delightfulcreators:melon_juice_block#level=12'
[17:08:47] [Worker-ResourceReload-3/WARN]: Exception loading blockstate definition: 'delightfulcreators:blockstates/melon_juice_block.json' missing model for variant: 'delightfulcreators:melon_juice_block#level=13'
[17:08:47] [Worker-ResourceReload-3/WARN]: Exception loading blockstate definition: 'delightfulcreators:blockstates/melon_juice_block.json' missing model for variant: 'delightfulcreators:melon_juice_block#level=14'
[17:08:47] [Worker-ResourceReload-3/WARN]: Exception loading blockstate definition: 'delightfulcreators:blockstates/melon_juice_block.json' missing model for variant: 'delightfulcreators:melon_juice_block#level=15'
[17:08:47] [Worker-ResourceReload-3/WARN]: Exception loading blockstate definition: 'delightfulcreators:blockstates/beetroot_soup_block.json' missing model for variant: 'delightfulcreators:beetroot_soup_block#level=10'
[17:08:47] [Worker-ResourceReload-3/WARN]: Exception loading blockstate definition: 'delightfulcreators:blockstates/beetroot_soup_block.json' missing model for variant: 'delightfulcreators:beetroot_soup_block#level=15'
[17:08:47] [Worker-ResourceReload-3/WARN]: Exception loading blockstate definition: 'delightfulcreators:blockstates/beetroot_soup_block.json' missing model for variant: 'delightfulcreators:beetroot_soup_block#level=11'
[17:08:47] [Worker-ResourceReload-3/WARN]: Exception loading blockstate definition: 'delightfulcreators:blockstates/beetroot_soup_block.json' missing model for variant: 'delightfulcreators:beetroot_soup_block#level=12'
[17:08:47] [Worker-ResourceReload-3/WARN]: Exception loading blockstate definition: 'delightfulcreators:blockstates/beetroot_soup_block.json' missing model for variant: 'delightfulcreators:beetroot_soup_block#level=13'
[17:08:47] [Worker-ResourceReload-3/WARN]: Exception loading blockstate definition: 'delightfulcreators:blockstates/beetroot_soup_block.json' missing model for variant: 'delightfulcreators:beetroot_soup_block#level=14'
[17:08:47] [Worker-ResourceReload-3/WARN]: Exception loading blockstate definition: 'delightfulcreators:blockstates/beetroot_soup_block.json' missing model for variant: 'delightfulcreators:beetroot_soup_block#level=5'
[17:08:47] [Worker-ResourceReload-3/WARN]: Exception loading blockstate definition: 'delightfulcreators:blockstates/beetroot_soup_block.json' missing model for variant: 'delightfulcreators:beetroot_soup_block#level=4'
[17:08:47] [Worker-ResourceReload-3/WARN]: Exception loading blockstate definition: 'delightfulcreators:blockstates/beetroot_soup_block.json' missing model for variant: 'delightfulcreators:beetroot_soup_block#level=3'
[17:08:47] [Worker-ResourceReload-3/WARN]: Exception loading blockstate definition: 'delightfulcreators:blockstates/beetroot_soup_block.json' missing model for variant: 'delightfulcreators:beetroot_soup_block#level=2'
[17:08:47] [Worker-ResourceReload-3/WARN]: Exception loading blockstate definition: 'delightfulcreators:blockstates/beetroot_soup_block.json' missing model for variant: 'delightfulcreators:beetroot_soup_block#level=9'
[17:08:47] [Worker-ResourceReload-3/WARN]: Exception loading blockstate definition: 'delightfulcreators:blockstates/beetroot_soup_block.json' missing model for variant: 'delightfulcreators:beetroot_soup_block#level=8'
[17:08:47] [Worker-ResourceReload-3/WARN]: Exception loading blockstate definition: 'delightfulcreators:blockstates/beetroot_soup_block.json' missing model for variant: 'delightfulcreators:beetroot_soup_block#level=7'
[17:08:47] [Worker-ResourceReload-3/WARN]: Exception loading blockstate definition: 'delightfulcreators:blockstates/beetroot_soup_block.json' missing model for variant: 'delightfulcreators:beetroot_soup_block#level=6'
[17:08:47] [Worker-ResourceReload-3/WARN]: Exception loading blockstate definition: 'delightfulcreators:blockstates/beetroot_soup_block.json' missing model for variant: 'delightfulcreators:beetroot_soup_block#level=1'
[17:08:47] [Worker-ResourceReload-3/WARN]: Exception loading blockstate definition: 'delightfulcreators:blockstates/beetroot_soup_block.json' missing model for variant: 'delightfulcreators:beetroot_soup_block#level=0'
[17:08:47] [Worker-ResourceReload-3/WARN]: Exception loading blockstate definition: 'delightfulcreators:blockstates/chicken_soup_block.json' missing model for variant: 'delightfulcreators:chicken_soup_block#level=0'
[17:08:47] [Worker-ResourceReload-3/WARN]: Exception loading blockstate definition: 'delightfulcreators:blockstates/chicken_soup_block.json' missing model for variant: 'delightfulcreators:chicken_soup_block#level=14'
[17:08:47] [Worker-ResourceReload-3/WARN]: Exception loading blockstate definition: 'delightfulcreators:blockstates/chicken_soup_block.json' missing model for variant: 'delightfulcreators:chicken_soup_block#level=15'
[17:08:47] [Worker-ResourceReload-3/WARN]: Exception loading blockstate definition: 'delightfulcreators:blockstates/chicken_soup_block.json' missing model for variant: 'delightfulcreators:chicken_soup_block#level=12'
[17:08:47] [Worker-ResourceReload-3/WARN]: Exception loading blockstate definition: 'delightfulcreators:blockstates/chicken_soup_block.json' missing model for variant: 'delightfulcreators:chicken_soup_block#level=13'
[17:08:47] [Worker-ResourceReload-3/WARN]: Exception loading blockstate definition: 'delightfulcreators:blockstates/chicken_soup_block.json' missing model for variant: 'delightfulcreators:chicken_soup_block#level=10'
[17:08:47] [Worker-ResourceReload-3/WARN]: Exception loading blockstate definition: 'delightfulcreators:blockstates/chicken_soup_block.json' missing model for variant: 'delightfulcreators:chicken_soup_block#level=11'
[17:08:47] [Worker-ResourceReload-3/WARN]: Exception loading blockstate definition: 'delightfulcreators:blockstates/chicken_soup_block.json' missing model for variant: 'delightfulcreators:chicken_soup_block#level=7'
[17:08:47] [Worker-ResourceReload-3/WARN]: Exception loading blockstate definition: 'delightfulcreators:blockstates/chicken_soup_block.json' missing model for variant: 'delightfulcreators:chicken_soup_block#level=8'
[17:08:47] [Worker-ResourceReload-3/WARN]: Exception loading blockstate definition: 'delightfulcreators:blockstates/chicken_soup_block.json' missing model for variant: 'delightfulcreators:chicken_soup_block#level=5'
[17:08:47] [Worker-ResourceReload-3/WARN]: Exception loading blockstate definition: 'delightfulcreators:blockstates/chicken_soup_block.json' missing model for variant: 'delightfulcreators:chicken_soup_block#level=6'
[17:08:47] [Worker-ResourceReload-3/WARN]: Exception loading blockstate definition: 'delightfulcreators:blockstates/chicken_soup_block.json' missing model for variant: 'delightfulcreators:chicken_soup_block#level=3'
[17:08:47] [Worker-ResourceReload-3/WARN]: Exception loading blockstate definition: 'delightfulcreators:blockstates/chicken_soup_block.json' missing model for variant: 'delightfulcreators:chicken_soup_block#level=4'
[17:08:47] [Worker-ResourceReload-3/WARN]: Exception loading blockstate definition: 'delightfulcreators:blockstates/chicken_soup_block.json' missing model for variant: 'delightfulcreators:chicken_soup_block#level=1'
[17:08:47] [Worker-ResourceReload-3/WARN]: Exception loading blockstate definition: 'delightfulcreators:blockstates/chicken_soup_block.json' missing model for variant: 'delightfulcreators:chicken_soup_block#level=2'
[17:08:47] [Worker-ResourceReload-3/WARN]: Exception loading blockstate definition: 'delightfulcreators:blockstates/chicken_soup_block.json' missing model for variant: 'delightfulcreators:chicken_soup_block#level=9'
[17:08:47] [Worker-ResourceReload-3/WARN]: Exception loading blockstate definition: 'delightfulcreators:blockstates/noodle_soup_block.json' missing model for variant: 'delightfulcreators:noodle_soup_block#level=3'
[17:08:47] [Worker-ResourceReload-3/WARN]: Exception loading blockstate definition: 'delightfulcreators:blockstates/noodle_soup_block.json' missing model for variant: 'delightfulcreators:noodle_soup_block#level=4'
[17:08:47] [Worker-ResourceReload-3/WARN]: Exception loading blockstate definition: 'delightfulcreators:blockstates/noodle_soup_block.json' missing model for variant: 'delightfulcreators:noodle_soup_block#level=5'
[17:08:47] [Worker-ResourceReload-3/WARN]: Exception loading blockstate definition: 'delightfulcreators:blockstates/noodle_soup_block.json' missing model for variant: 'delightfulcreators:noodle_soup_block#level=6'
[17:08:47] [Worker-ResourceReload-3/WARN]: Exception loading blockstate definition: 'delightfulcreators:blockstates/noodle_soup_block.json' missing model for variant: 'delightfulcreators:noodle_soup_block#level=0'
[17:08:47] [Worker-ResourceReload-3/WARN]: Exception loading blockstate definition: 'delightfulcreators:blockstates/noodle_soup_block.json' missing model for variant: 'delightfulcreators:noodle_soup_block#level=1'
[17:08:47] [Worker-ResourceReload-3/WARN]: Exception loading blockstate definition: 'delightfulcreators:blockstates/noodle_soup_block.json' missing model for variant: 'delightfulcreators:noodle_soup_block#level=2'
[17:08:47] [Worker-ResourceReload-3/WARN]: Exception loading blockstate definition: 'delightfulcreators:blockstates/noodle_soup_block.json' missing model for variant: 'delightfulcreators:noodle_soup_block#level=13'
[17:08:47] [Worker-ResourceReload-3/WARN]: Exception loading blockstate definition: 'delightfulcreators:blockstates/noodle_soup_block.json' missing model for variant: 'delightfulcreators:noodle_soup_block#level=12'
[17:08:47] [Worker-ResourceReload-3/WARN]: Exception loading blockstate definition: 'delightfulcreators:blockstates/noodle_soup_block.json' missing model for variant: 'delightfulcreators:noodle_soup_block#level=15'
[17:08:47] [Worker-ResourceReload-3/WARN]: Exception loading blockstate definition: 'delightfulcreators:blockstates/noodle_soup_block.json' missing model for variant: 'delightfulcreators:noodle_soup_block#level=14'
[17:08:47] [Worker-ResourceReload-3/WARN]: Exception loading blockstate definition: 'delightfulcreators:blockstates/noodle_soup_block.json' missing model for variant: 'delightfulcreators:noodle_soup_block#level=7'
[17:08:47] [Worker-ResourceReload-3/WARN]: Exception loading blockstate definition: 'delightfulcreators:blockstates/noodle_soup_block.json' missing model for variant: 'delightfulcreators:noodle_soup_block#level=8'
[17:08:47] [Worker-ResourceReload-3/WARN]: Exception loading blockstate definition: 'delightfulcreators:blockstates/noodle_soup_block.json' missing model for variant: 'delightfulcreators:noodle_soup_block#level=9'
[17:08:47] [Worker-ResourceReload-3/WARN]: Exception loading blockstate definition: 'delightfulcreators:blockstates/noodle_soup_block.json' missing model for variant: 'delightfulcreators:noodle_soup_block#level=11'
[17:08:47] [Worker-ResourceReload-3/WARN]: Exception loading blockstate definition: 'delightfulcreators:blockstates/noodle_soup_block.json' missing model for variant: 'delightfulcreators:noodle_soup_block#level=10'
[17:08:47] [Worker-ResourceReload-3/WARN]: Exception loading blockstate definition: 'delightfulcreators:blockstates/pumpkin_soup_block.json' missing model for variant: 'delightfulcreators:pumpkin_soup_block#level=2'
[17:08:47] [Worker-ResourceReload-3/WARN]: Exception loading blockstate definition: 'delightfulcreators:blockstates/pumpkin_soup_block.json' missing model for variant: 'delightfulcreators:pumpkin_soup_block#level=3'
[17:08:47] [Worker-ResourceReload-3/WARN]: Exception loading blockstate definition: 'delightfulcreators:blockstates/pumpkin_soup_block.json' missing model for variant: 'delightfulcreators:pumpkin_soup_block#level=4'
[17:08:47] [Worker-ResourceReload-3/WARN]: Exception loading blockstate definition: 'delightfulcreators:blockstates/pumpkin_soup_block.json' missing model for variant: 'delightfulcreators:pumpkin_soup_block#level=5'
[17:08:47] [Worker-ResourceReload-3/WARN]: Exception loading blockstate definition: 'delightfulcreators:blockstates/pumpkin_soup_block.json' missing model for variant: 'delightfulcreators:pumpkin_soup_block#level=15'
[17:08:47] [Worker-ResourceReload-3/WARN]: Exception loading blockstate definition: 'delightfulcreators:blockstates/pumpkin_soup_block.json' missing model for variant: 'delightfulcreators:pumpkin_soup_block#level=0'
[17:08:47] [Worker-ResourceReload-3/WARN]: Exception loading blockstate definition: 'delightfulcreators:blockstates/pumpkin_soup_block.json' missing model for variant: 'delightfulcreators:pumpkin_soup_block#level=1'
[17:08:47] [Worker-ResourceReload-3/WARN]: Exception loading blockstate definition: 'delightfulcreators:blockstates/pumpkin_soup_block.json' missing model for variant: 'delightfulcreators:pumpkin_soup_block#level=12'
[17:08:47] [Worker-ResourceReload-3/WARN]: Exception loading blockstate definition: 'delightfulcreators:blockstates/pumpkin_soup_block.json' missing model for variant: 'delightfulcreators:pumpkin_soup_block#level=11'
[17:08:47] [Worker-ResourceReload-3/WARN]: Exception loading blockstate definition: 'delightfulcreators:blockstates/pumpkin_soup_block.json' missing model for variant: 'delightfulcreators:pumpkin_soup_block#level=14'
[17:08:47] [Worker-ResourceReload-3/WARN]: Exception loading blockstate definition: 'delightfulcreators:blockstates/pumpkin_soup_block.json' missing model for variant: 'delightfulcreators:pumpkin_soup_block#level=13'
[17:08:47] [Worker-ResourceReload-3/WARN]: Exception loading blockstate definition: 'delightfulcreators:blockstates/pumpkin_soup_block.json' missing model for variant: 'delightfulcreators:pumpkin_soup_block#level=6'
[17:08:47] [Worker-ResourceReload-3/WARN]: Exception loading blockstate definition: 'delightfulcreators:blockstates/pumpkin_soup_block.json' missing model for variant: 'delightfulcreators:pumpkin_soup_block#level=7'
[17:08:47] [Worker-ResourceReload-3/WARN]: Exception loading blockstate definition: 'delightfulcreators:blockstates/pumpkin_soup_block.json' missing model for variant: 'delightfulcreators:pumpkin_soup_block#level=8'
[17:08:47] [Worker-ResourceReload-3/WARN]: Exception loading blockstate definition: 'delightfulcreators:blockstates/pumpkin_soup_block.json' missing model for variant: 'delightfulcreators:pumpkin_soup_block#level=10'
[17:08:47] [Worker-ResourceReload-3/WARN]: Exception loading blockstate definition: 'delightfulcreators:blockstates/pumpkin_soup_block.json' missing model for variant: 'delightfulcreators:pumpkin_soup_block#level=9'
[17:08:47] [Worker-ResourceReload-3/WARN]: Exception loading blockstate definition: 'delightfulcreators:blockstates/vegetable_soup_block.json' missing model for variant: 'delightfulcreators:vegetable_soup_block#level=9'
[17:08:47] [Worker-ResourceReload-3/WARN]: Exception loading blockstate definition: 'delightfulcreators:blockstates/vegetable_soup_block.json' missing model for variant: 'delightfulcreators:vegetable_soup_block#level=5'
[17:08:47] [Worker-ResourceReload-3/WARN]: Exception loading blockstate definition: 'delightfulcreators:blockstates/vegetable_soup_block.json' missing model for variant: 'delightfulcreators:vegetable_soup_block#level=6'
[17:08:47] [Worker-ResourceReload-3/WARN]: Exception loading blockstate definition: 'delightfulcreators:blockstates/vegetable_soup_block.json' missing model for variant: 'delightfulcreators:vegetable_soup_block#level=7'
[17:08:47] [Worker-ResourceReload-3/WARN]: Exception loading blockstate definition: 'delightfulcreators:blockstates/vegetable_soup_block.json' missing model for variant: 'delightfulcreators:vegetable_soup_block#level=8'
[17:08:47] [Worker-ResourceReload-3/WARN]: Exception loading blockstate definition: 'delightfulcreators:blockstates/vegetable_soup_block.json' missing model for variant: 'delightfulcreators:vegetable_soup_block#level=1'
[17:08:47] [Worker-ResourceReload-3/WARN]: Exception loading blockstate definition: 'delightfulcreators:blockstates/vegetable_soup_block.json' missing model for variant: 'delightfulcreators:vegetable_soup_block#level=2'
[17:08:47] [Worker-ResourceReload-3/WARN]: Exception loading blockstate definition: 'delightfulcreators:blockstates/vegetable_soup_block.json' missing model for variant: 'delightfulcreators:vegetable_soup_block#level=3'
[17:08:47] [Worker-ResourceReload-3/WARN]: Exception loading blockstate definition: 'delightfulcreators:blockstates/vegetable_soup_block.json' missing model for variant: 'delightfulcreators:vegetable_soup_block#level=4'
[17:08:47] [Worker-ResourceReload-3/WARN]: Exception loading blockstate definition: 'delightfulcreators:blockstates/vegetable_soup_block.json' missing model for variant: 'delightfulcreators:vegetable_soup_block#level=0'
[17:08:47] [Worker-ResourceReload-3/WARN]: Exception loading blockstate definition: 'delightfulcreators:blockstates/vegetable_soup_block.json' missing model for variant: 'delightfulcreators:vegetable_soup_block#level=10'
[17:08:47] [Worker-ResourceReload-3/WARN]: Exception loading blockstate definition: 'delightfulcreators:blockstates/vegetable_soup_block.json' missing model for variant: 'delightfulcreators:vegetable_soup_block#level=11'
[17:08:47] [Worker-ResourceReload-3/WARN]: Exception loading blockstate definition: 'delightfulcreators:blockstates/vegetable_soup_block.json' missing model for variant: 'delightfulcreators:vegetable_soup_block#level=12'
[17:08:47] [Worker-ResourceReload-3/WARN]: Exception loading blockstate definition: 'delightfulcreators:blockstates/vegetable_soup_block.json' missing model for variant: 'delightfulcreators:vegetable_soup_block#level=13'
[17:08:47] [Worker-ResourceReload-3/WARN]: Exception loading blockstate definition: 'delightfulcreators:blockstates/vegetable_soup_block.json' missing model for variant: 'delightfulcreators:vegetable_soup_block#level=14'
[17:08:47] [Worker-ResourceReload-3/WARN]: Exception loading blockstate definition: 'delightfulcreators:blockstates/vegetable_soup_block.json' missing model for variant: 'delightfulcreators:vegetable_soup_block#level=15'
[17:08:47] [Worker-ResourceReload-3/WARN]: Exception loading blockstate definition: 'delightfulcreators:blockstates/fish_stew_block.json' missing model for variant: 'delightfulcreators:fish_stew_block#level=2'
[17:08:47] [Worker-ResourceReload-3/WARN]: Exception loading blockstate definition: 'delightfulcreators:blockstates/fish_stew_block.json' missing model for variant: 'delightfulcreators:fish_stew_block#level=3'
[17:08:47] [Worker-ResourceReload-3/WARN]: Exception loading blockstate definition: 'delightfulcreators:blockstates/fish_stew_block.json' missing model for variant: 'delightfulcreators:fish_stew_block#level=4'
[17:08:47] [Worker-ResourceReload-3/WARN]: Exception loading blockstate definition: 'delightfulcreators:blockstates/fish_stew_block.json' missing model for variant: 'delightfulcreators:fish_stew_block#level=5'
[17:08:47] [Worker-ResourceReload-3/WARN]: Exception loading blockstate definition: 'delightfulcreators:blockstates/fish_stew_block.json' missing model for variant: 'delightfulcreators:fish_stew_block#level=6'
[17:08:47] [Worker-ResourceReload-3/WARN]: Exception loading blockstate definition: 'delightfulcreators:blockstates/fish_stew_block.json' missing model for variant: 'delightfulcreators:fish_stew_block#level=7'
[17:08:47] [Worker-ResourceReload-3/WARN]: Exception loading blockstate definition: 'delightfulcreators:blockstates/fish_stew_block.json' missing model for variant: 'delightfulcreators:fish_stew_block#level=8'
[17:08:47] [Worker-ResourceReload-3/WARN]: Exception loading blockstate definition: 'delightfulcreators:blockstates/fish_stew_block.json' missing model for variant: 'delightfulcreators:fish_stew_block#level=9'
[17:08:47] [Worker-ResourceReload-3/WARN]: Exception loading blockstate definition: 'delightfulcreators:blockstates/fish_stew_block.json' missing model for variant: 'delightfulcreators:fish_stew_block#level=12'
[17:08:47] [Worker-ResourceReload-3/WARN]: Exception loading blockstate definition: 'delightfulcreators:blockstates/fish_stew_block.json' missing model for variant: 'delightfulcreators:fish_stew_block#level=11'
[17:08:47] [Worker-ResourceReload-3/WARN]: Exception loading blockstate definition: 'delightfulcreators:blockstates/fish_stew_block.json' missing model for variant: 'delightfulcreators:fish_stew_block#level=14'
[17:08:47] [Worker-ResourceReload-3/WARN]: Exception loading blockstate definition: 'delightfulcreators:blockstates/fish_stew_block.json' missing model for variant: 'delightfulcreators:fish_stew_block#level=13'
[17:08:47] [Worker-ResourceReload-3/WARN]: Exception loading blockstate definition: 'delightfulcreators:blockstates/fish_stew_block.json' missing model for variant: 'delightfulcreators:fish_stew_block#level=15'
[17:08:47] [Worker-ResourceReload-3/WARN]: Exception loading blockstate definition: 'delightfulcreators:blockstates/fish_stew_block.json' missing model for variant: 'delightfulcreators:fish_stew_block#level=10'
[17:08:47] [Worker-ResourceReload-3/WARN]: Exception loading blockstate definition: 'delightfulcreators:blockstates/fish_stew_block.json' missing model for variant: 'delightfulcreators:fish_stew_block#level=0'
[17:08:47] [Worker-ResourceReload-3/WARN]: Exception loading blockstate definition: 'delightfulcreators:blockstates/fish_stew_block.json' missing model for variant: 'delightfulcreators:fish_stew_block#level=1'
[17:08:47] [Worker-ResourceReload-3/WARN]: Exception loading blockstate definition: 'delightfulcreators:blockstates/beef_stew_block.json' missing model for variant: 'delightfulcreators:beef_stew_block#level=12'
[17:08:47] [Worker-ResourceReload-3/WARN]: Exception loading blockstate definition: 'delightfulcreators:blockstates/beef_stew_block.json' missing model for variant: 'delightfulcreators:beef_stew_block#level=11'
[17:08:47] [Worker-ResourceReload-3/WARN]: Exception loading blockstate definition: 'delightfulcreators:blockstates/beef_stew_block.json' missing model for variant: 'delightfulcreators:beef_stew_block#level=14'
[17:08:47] [Worker-ResourceReload-3/WARN]: Exception loading blockstate definition: 'delightfulcreators:blockstates/beef_stew_block.json' missing model for variant: 'delightfulcreators:beef_stew_block#level=13'
[17:08:47] [Worker-ResourceReload-3/WARN]: Exception loading blockstate definition: 'delightfulcreators:blockstates/beef_stew_block.json' missing model for variant: 'delightfulcreators:beef_stew_block#level=10'
[17:08:47] [Worker-ResourceReload-3/WARN]: Exception loading blockstate definition: 'delightfulcreators:blockstates/beef_stew_block.json' missing model for variant: 'delightfulcreators:beef_stew_block#level=2'
[17:08:47] [Worker-ResourceReload-3/WARN]: Exception loading blockstate definition: 'delightfulcreators:blockstates/beef_stew_block.json' missing model for variant: 'delightfulcreators:beef_stew_block#level=3'
[17:08:47] [Worker-ResourceReload-3/WARN]: Exception loading blockstate definition: 'delightfulcreators:blockstates/beef_stew_block.json' missing model for variant: 'delightfulcreators:beef_stew_block#level=4'
[17:08:47] [Worker-ResourceReload-3/WARN]: Exception loading blockstate definition: 'delightfulcreators:blockstates/beef_stew_block.json' missing model for variant: 'delightfulcreators:beef_stew_block#level=5'
[17:08:47] [Worker-ResourceReload-3/WARN]: Exception loading blockstate definition: 'delightfulcreators:blockstates/beef_stew_block.json' missing model for variant: 'delightfulcreators:beef_stew_block#level=0'
[17:08:47] [Worker-ResourceReload-3/WARN]: Exception loading blockstate definition: 'delightfulcreators:blockstates/beef_stew_block.json' missing model for variant: 'delightfulcreators:beef_stew_block#level=1'
[17:08:47] [Worker-ResourceReload-3/WARN]: Exception loading blockstate definition: 'delightfulcreators:blockstates/beef_stew_block.json' missing model for variant: 'delightfulcreators:beef_stew_block#level=6'
[17:08:47] [Worker-ResourceReload-3/WARN]: Exception loading blockstate definition: 'delightfulcreators:blockstates/beef_stew_block.json' missing model for variant: 'delightfulcreators:beef_stew_block#level=7'
[17:08:47] [Worker-ResourceReload-3/WARN]: Exception loading blockstate definition: 'delightfulcreators:blockstates/beef_stew_block.json' missing model for variant: 'delightfulcreators:beef_stew_block#level=8'
[17:08:47] [Worker-ResourceReload-3/WARN]: Exception loading blockstate definition: 'delightfulcreators:blockstates/beef_stew_block.json' missing model for variant: 'delightfulcreators:beef_stew_block#level=9'
[17:08:47] [Worker-ResourceReload-3/WARN]: Exception loading blockstate definition: 'delightfulcreators:blockstates/beef_stew_block.json' missing model for variant: 'delightfulcreators:beef_stew_block#level=15'
[17:08:47] [Worker-ResourceReload-3/WARN]: Exception loading blockstate definition: 'delightfulcreators:blockstates/rabbit_stew_block.json' missing model for variant: 'delightfulcreators:rabbit_stew_block#level=7'
[17:08:47] [Worker-ResourceReload-3/WARN]: Exception loading blockstate definition: 'delightfulcreators:blockstates/rabbit_stew_block.json' missing model for variant: 'delightfulcreators:rabbit_stew_block#level=6'
[17:08:47] [Worker-ResourceReload-3/WARN]: Exception loading blockstate definition: 'delightfulcreators:blockstates/rabbit_stew_block.json' missing model for variant: 'delightfulcreators:rabbit_stew_block#level=5'
[17:08:47] [Worker-ResourceReload-3/WARN]: Exception loading blockstate definition: 'delightfulcreators:blockstates/rabbit_stew_block.json' missing model for variant: 'delightfulcreators:rabbit_stew_block#level=4'
[17:08:47] [Worker-ResourceReload-3/WARN]: Exception loading blockstate definition: 'delightfulcreators:blockstates/rabbit_stew_block.json' missing model for variant: 'delightfulcreators:rabbit_stew_block#level=3'
[17:08:47] [Worker-ResourceReload-3/WARN]: Exception loading blockstate definition: 'delightfulcreators:blockstates/rabbit_stew_block.json' missing model for variant: 'delightfulcreators:rabbit_stew_block#level=2'
[17:08:47] [Worker-ResourceReload-3/WARN]: Exception loading blockstate definition: 'delightfulcreators:blockstates/rabbit_stew_block.json' missing model for variant: 'delightfulcreators:rabbit_stew_block#level=1'
[17:08:47] [Worker-ResourceReload-3/WARN]: Exception loading blockstate definition: 'delightfulcreators:blockstates/rabbit_stew_block.json' missing model for variant: 'delightfulcreators:rabbit_stew_block#level=0'
[17:08:47] [Worker-ResourceReload-3/WARN]: Exception loading blockstate definition: 'delightfulcreators:blockstates/rabbit_stew_block.json' missing model for variant: 'delightfulcreators:rabbit_stew_block#level=9'
[17:08:47] [Worker-ResourceReload-3/WARN]: Exception loading blockstate definition: 'delightfulcreators:blockstates/rabbit_stew_block.json' missing model for variant: 'delightfulcreators:rabbit_stew_block#level=8'
[17:08:47] [Worker-ResourceReload-3/WARN]: Exception loading blockstate definition: 'delightfulcreators:blockstates/rabbit_stew_block.json' missing model for variant: 'delightfulcreators:rabbit_stew_block#level=10'
[17:08:47] [Worker-ResourceReload-3/WARN]: Exception loading blockstate definition: 'delightfulcreators:blockstates/rabbit_stew_block.json' missing model for variant: 'delightfulcreators:rabbit_stew_block#level=11'
[17:08:47] [Worker-ResourceReload-3/WARN]: Exception loading blockstate definition: 'delightfulcreators:blockstates/rabbit_stew_block.json' missing model for variant: 'delightfulcreators:rabbit_stew_block#level=12'
[17:08:47] [Worker-ResourceReload-3/WARN]: Exception loading blockstate definition: 'delightfulcreators:blockstates/rabbit_stew_block.json' missing model for variant: 'delightfulcreators:rabbit_stew_block#level=13'
[17:08:47] [Worker-ResourceReload-3/WARN]: Exception loading blockstate definition: 'delightfulcreators:blockstates/rabbit_stew_block.json' missing model for variant: 'delightfulcreators:rabbit_stew_block#level=14'
[17:08:47] [Worker-ResourceReload-3/WARN]: Exception loading blockstate definition: 'delightfulcreators:blockstates/rabbit_stew_block.json' missing model for variant: 'delightfulcreators:rabbit_stew_block#level=15'
[17:08:47] [Worker-ResourceReload-3/WARN]: Exception loading blockstate definition: 'delightfulcreators:blockstates/mushroom_stew_block.json' missing model for variant: 'delightfulcreators:mushroom_stew_block#level=7'
[17:08:47] [Worker-ResourceReload-3/WARN]: Exception loading blockstate definition: 'delightfulcreators:blockstates/mushroom_stew_block.json' missing model for variant: 'delightfulcreators:mushroom_stew_block#level=6'
[17:08:47] [Worker-ResourceReload-3/WARN]: Exception loading blockstate definition: 'delightfulcreators:blockstates/mushroom_stew_block.json' missing model for variant: 'delightfulcreators:mushroom_stew_block#level=9'
[17:08:47] [Worker-ResourceReload-3/WARN]: Exception loading blockstate definition: 'delightfulcreators:blockstates/mushroom_stew_block.json' missing model for variant: 'delightfulcreators:mushroom_stew_block#level=8'
[17:08:47] [Worker-ResourceReload-3/WARN]: Exception loading blockstate definition: 'delightfulcreators:blockstates/mushroom_stew_block.json' missing model for variant: 'delightfulcreators:mushroom_stew_block#level=3'
[17:08:47] [Worker-ResourceReload-3/WARN]: Exception loading blockstate definition: 'delightfulcreators:blockstates/mushroom_stew_block.json' missing model for variant: 'delightfulcreators:mushroom_stew_block#level=2'
[17:08:47] [Worker-ResourceReload-3/WARN]: Exception loading blockstate definition: 'delightfulcreators:blockstates/mushroom_stew_block.json' missing model for variant: 'delightfulcreators:mushroom_stew_block#level=5'
[17:08:47] [Worker-ResourceReload-3/WARN]: Exception loading blockstate definition: 'delightfulcreators:blockstates/mushroom_stew_block.json' missing model for variant: 'delightfulcreators:mushroom_stew_block#level=4'
[17:08:47] [Worker-ResourceReload-3/WARN]: Exception loading blockstate definition: 'delightfulcreators:blockstates/mushroom_stew_block.json' missing model for variant: 'delightfulcreators:mushroom_stew_block#level=15'
[17:08:47] [Worker-ResourceReload-3/WARN]: Exception loading blockstate definition: 'delightfulcreators:blockstates/mushroom_stew_block.json' missing model for variant: 'delightfulcreators:mushroom_stew_block#level=12'
[17:08:47] [Worker-ResourceReload-3/WARN]: Exception loading blockstate definition: 'delightfulcreators:blockstates/mushroom_stew_block.json' missing model for variant: 'delightfulcreators:mushroom_stew_block#level=11'
[17:08:47] [Worker-ResourceReload-3/WARN]: Exception loading blockstate definition: 'delightfulcreators:blockstates/mushroom_stew_block.json' missing model for variant: 'delightfulcreators:mushroom_stew_block#level=14'
[17:08:47] [Worker-ResourceReload-3/WARN]: Exception loading blockstate definition: 'delightfulcreators:blockstates/mushroom_stew_block.json' missing model for variant: 'delightfulcreators:mushroom_stew_block#level=13'
[17:08:47] [Worker-ResourceReload-3/WARN]: Exception loading blockstate definition: 'delightfulcreators:blockstates/mushroom_stew_block.json' missing model for variant: 'delightfulcreators:mushroom_stew_block#level=10'
[17:08:47] [Worker-ResourceReload-3/WARN]: Exception loading blockstate definition: 'delightfulcreators:blockstates/mushroom_stew_block.json' missing model for variant: 'delightfulcreators:mushroom_stew_block#level=1'
[17:08:47] [Worker-ResourceReload-3/WARN]: Exception loading blockstate definition: 'delightfulcreators:blockstates/mushroom_stew_block.json' missing model for variant: 'delightfulcreators:mushroom_stew_block#level=0'
[17:08:47] [Worker-ResourceReload-3/WARN]: Exception loading blockstate definition: 'delightfulcreators:blockstates/glow_berry_custard_block.json' missing model for variant: 'delightfulcreators:glow_berry_custard_block#level=14'
[17:08:47] [Worker-ResourceReload-3/WARN]: Exception loading blockstate definition: 'delightfulcreators:blockstates/glow_berry_custard_block.json' missing model for variant: 'delightfulcreators:glow_berry_custard_block#level=15'
[17:08:47] [Worker-ResourceReload-3/WARN]: Exception loading blockstate definition: 'delightfulcreators:blockstates/glow_berry_custard_block.json' missing model for variant: 'delightfulcreators:glow_berry_custard_block#level=0'
[17:08:47] [Worker-ResourceReload-3/WARN]: Exception loading blockstate definition: 'delightfulcreators:blockstates/glow_berry_custard_block.json' missing model for variant: 'delightfulcreators:glow_berry_custard_block#level=1'
[17:08:47] [Worker-ResourceReload-3/WARN]: Exception loading blockstate definition: 'delightfulcreators:blockstates/glow_berry_custard_block.json' missing model for variant: 'delightfulcreators:glow_berry_custard_block#level=2'
[17:08:47] [Worker-ResourceReload-3/WARN]: Exception loading blockstate definition: 'delightfulcreators:blockstates/glow_berry_custard_block.json' missing model for variant: 'delightfulcreators:glow_berry_custard_block#level=3'
[17:08:47] [Worker-ResourceReload-3/WARN]: Exception loading blockstate definition: 'delightfulcreators:blockstates/glow_berry_custard_block.json' missing model for variant: 'delightfulcreators:glow_berry_custard_block#level=4'
[17:08:47] [Worker-ResourceReload-3/WARN]: Exception loading blockstate definition: 'delightfulcreators:blockstates/glow_berry_custard_block.json' missing model for variant: 'delightfulcreators:glow_berry_custard_block#level=5'
[17:08:47] [Worker-ResourceReload-3/WARN]: Exception loading blockstate definition: 'delightfulcreators:blockstates/glow_berry_custard_block.json' missing model for variant: 'delightfulcreators:glow_berry_custard_block#level=6'
[17:08:47] [Worker-ResourceReload-3/WARN]: Exception loading blockstate definition: 'delightfulcreators:blockstates/glow_berry_custard_block.json' missing model for variant: 'delightfulcreators:glow_berry_custard_block#level=7'
[17:08:47] [Worker-ResourceReload-3/WARN]: Exception loading blockstate definition: 'delightfulcreators:blockstates/glow_berry_custard_block.json' missing model for variant: 'delightfulcreators:glow_berry_custard_block#level=8'
[17:08:47] [Worker-ResourceReload-3/WARN]: Exception loading blockstate definition: 'delightfulcreators:blockstates/glow_berry_custard_block.json' missing model for variant: 'delightfulcreators:glow_berry_custard_block#level=9'
[17:08:47] [Worker-ResourceReload-3/WARN]: Exception loading blockstate definition: 'delightfulcreators:blockstates/glow_berry_custard_block.json' missing model for variant: 'delightfulcreators:glow_berry_custard_block#level=10'
[17:08:47] [Worker-ResourceReload-3/WARN]: Exception loading blockstate definition: 'delightfulcreators:blockstates/glow_berry_custard_block.json' missing model for variant: 'delightfulcreators:glow_berry_custard_block#level=11'
[17:08:47] [Worker-ResourceReload-3/WARN]: Exception loading blockstate definition: 'delightfulcreators:blockstates/glow_berry_custard_block.json' missing model for variant: 'delightfulcreators:glow_berry_custard_block#level=12'
[17:08:47] [Worker-ResourceReload-3/WARN]: Exception loading blockstate definition: 'delightfulcreators:blockstates/glow_berry_custard_block.json' missing model for variant: 'delightfulcreators:glow_berry_custard_block#level=13'
[17:08:47] [Worker-ResourceReload-3/WARN]: Exception loading blockstate definition: 'delightfulcreators:blockstates/ratatouille_block.json' missing model for variant: 'delightfulcreators:ratatouille_block#level=13'
[17:08:47] [Worker-ResourceReload-3/WARN]: Exception loading blockstate definition: 'delightfulcreators:blockstates/ratatouille_block.json' missing model for variant: 'delightfulcreators:ratatouille_block#level=14'
[17:08:47] [Worker-ResourceReload-3/WARN]: Exception loading blockstate definition: 'delightfulcreators:blockstates/ratatouille_block.json' missing model for variant: 'delightfulcreators:ratatouille_block#level=11'
[17:08:47] [Worker-ResourceReload-3/WARN]: Exception loading blockstate definition: 'delightfulcreators:blockstates/ratatouille_block.json' missing model for variant: 'delightfulcreators:ratatouille_block#level=12'
[17:08:47] [Worker-ResourceReload-3/WARN]: Exception loading blockstate definition: 'delightfulcreators:blockstates/ratatouille_block.json' missing model for variant: 'delightfulcreators:ratatouille_block#level=1'
[17:08:47] [Worker-ResourceReload-3/WARN]: Exception loading blockstate definition: 'delightfulcreators:blockstates/ratatouille_block.json' missing model for variant: 'delightfulcreators:ratatouille_block#level=15'
[17:08:47] [Worker-ResourceReload-3/WARN]: Exception loading blockstate definition: 'delightfulcreators:blockstates/ratatouille_block.json' missing model for variant: 'delightfulcreators:ratatouille_block#level=0'
[17:08:47] [Worker-ResourceReload-3/WARN]: Exception loading blockstate definition: 'delightfulcreators:blockstates/ratatouille_block.json' missing model for variant: 'delightfulcreators:ratatouille_block#level=3'
[17:08:47] [Worker-ResourceReload-3/WARN]: Exception loading blockstate definition: 'delightfulcreators:blockstates/ratatouille_block.json' missing model for variant: 'delightfulcreators:ratatouille_block#level=2'
[17:08:47] [Worker-ResourceReload-3/WARN]: Exception loading blockstate definition: 'delightfulcreators:blockstates/ratatouille_block.json' missing model for variant: 'delightfulcreators:ratatouille_block#level=5'
[17:08:47] [Worker-ResourceReload-3/WARN]: Exception loading blockstate definition: 'delightfulcreators:blockstates/ratatouille_block.json' missing model for variant: 'delightfulcreators:ratatouille_block#level=4'
[17:08:47] [Worker-ResourceReload-3/WARN]: Exception loading blockstate definition: 'delightfulcreators:blockstates/ratatouille_block.json' missing model for variant: 'delightfulcreators:ratatouille_block#level=7'
[17:08:47] [Worker-ResourceReload-3/WARN]: Exception loading blockstate definition: 'delightfulcreators:blockstates/ratatouille_block.json' missing model for variant: 'delightfulcreators:ratatouille_block#level=6'
[17:08:47] [Worker-ResourceReload-3/WARN]: Exception loading blockstate definition: 'delightfulcreators:blockstates/ratatouille_block.json' missing model for variant: 'delightfulcreators:ratatouille_block#level=10'
[17:08:47] [Worker-ResourceReload-3/WARN]: Exception loading blockstate definition: 'delightfulcreators:blockstates/ratatouille_block.json' missing model for variant: 'delightfulcreators:ratatouille_block#level=9'
[17:08:47] [Worker-ResourceReload-3/WARN]: Exception loading blockstate definition: 'delightfulcreators:blockstates/ratatouille_block.json' missing model for variant: 'delightfulcreators:ratatouille_block#level=8'
[17:08:47] [Worker-ResourceReload-3/WARN]: Exception loading blockstate definition: 'delightfulcreators:blockstates/dog_food_block.json' missing model for variant: 'delightfulcreators:dog_food_block#level=9'
[17:08:47] [Worker-ResourceReload-3/WARN]: Exception loading blockstate definition: 'delightfulcreators:blockstates/dog_food_block.json' missing model for variant: 'delightfulcreators:dog_food_block#level=11'
[17:08:47] [Worker-ResourceReload-3/WARN]: Exception loading blockstate definition: 'delightfulcreators:blockstates/dog_food_block.json' missing model for variant: 'delightfulcreators:dog_food_block#level=10'
[17:08:47] [Worker-ResourceReload-3/WARN]: Exception loading blockstate definition: 'delightfulcreators:blockstates/dog_food_block.json' missing model for variant: 'delightfulcreators:dog_food_block#level=13'
[17:08:47] [Worker-ResourceReload-3/WARN]: Exception loading blockstate definition: 'delightfulcreators:blockstates/dog_food_block.json' missing model for variant: 'delightfulcreators:dog_food_block#level=12'
[17:08:47] [Worker-ResourceReload-3/WARN]: Exception loading blockstate definition: 'delightfulcreators:blockstates/dog_food_block.json' missing model for variant: 'delightfulcreators:dog_food_block#level=15'
[17:08:47] [Worker-ResourceReload-3/WARN]: Exception loading blockstate definition: 'delightfulcreators:blockstates/dog_food_block.json' missing model for variant: 'delightfulcreators:dog_food_block#level=14'
[17:08:47] [Worker-ResourceReload-3/WARN]: Exception loading blockstate definition: 'delightfulcreators:blockstates/dog_food_block.json' missing model for variant: 'delightfulcreators:dog_food_block#level=1'
[17:08:47] [Worker-ResourceReload-3/WARN]: Exception loading blockstate definition: 'delightfulcreators:blockstates/dog_food_block.json' missing model for variant: 'delightfulcreators:dog_food_block#level=2'
[17:08:47] [Worker-ResourceReload-3/WARN]: Exception loading blockstate definition: 'delightfulcreators:blockstates/dog_food_block.json' missing model for variant: 'delightfulcreators:dog_food_block#level=3'
[17:08:47] [Worker-ResourceReload-3/WARN]: Exception loading blockstate definition: 'delightfulcreators:blockstates/dog_food_block.json' missing model for variant: 'delightfulcreators:dog_food_block#level=4'
[17:08:47] [Worker-ResourceReload-3/WARN]: Exception loading blockstate definition: 'delightfulcreators:blockstates/dog_food_block.json' missing model for variant: 'delightfulcreators:dog_food_block#level=5'
[17:08:47] [Worker-ResourceReload-3/WARN]: Exception loading blockstate definition: 'delightfulcreators:blockstates/dog_food_block.json' missing model for variant: 'delightfulcreators:dog_food_block#level=6'
[17:08:47] [Worker-ResourceReload-3/WARN]: Exception loading blockstate definition: 'delightfulcreators:blockstates/dog_food_block.json' missing model for variant: 'delightfulcreators:dog_food_block#level=7'
[17:08:47] [Worker-ResourceReload-3/WARN]: Exception loading blockstate definition: 'delightfulcreators:blockstates/dog_food_block.json' missing model for variant: 'delightfulcreators:dog_food_block#level=8'
[17:08:47] [Worker-ResourceReload-3/WARN]: Exception loading blockstate definition: 'delightfulcreators:blockstates/dog_food_block.json' missing model for variant: 'delightfulcreators:dog_food_block#level=0'
[17:08:47] [Worker-ResourceReload-3/WARN]: Exception loading blockstate definition: 'delightfulcreators:blockstates/baked_cod_stew_block.json' missing model for variant: 'delightfulcreators:baked_cod_stew_block#level=9'
[17:08:47] [Worker-ResourceReload-3/WARN]: Exception loading blockstate definition: 'delightfulcreators:blockstates/baked_cod_stew_block.json' missing model for variant: 'delightfulcreators:baked_cod_stew_block#level=11'
[17:08:47] [Worker-ResourceReload-3/WARN]: Exception loading blockstate definition: 'delightfulcreators:blockstates/baked_cod_stew_block.json' missing model for variant: 'delightfulcreators:baked_cod_stew_block#level=8'
[17:08:47] [Worker-ResourceReload-3/WARN]: Exception loading blockstate definition: 'delightfulcreators:blockstates/baked_cod_stew_block.json' missing model for variant: 'delightfulcreators:baked_cod_stew_block#level=12'
[17:08:47] [Worker-ResourceReload-3/WARN]: Exception loading blockstate definition: 'delightfulcreators:blockstates/baked_cod_stew_block.json' missing model for variant: 'delightfulcreators:baked_cod_stew_block#level=7'
[17:08:47] [Worker-ResourceReload-3/WARN]: Exception loading blockstate definition: 'delightfulcreators:blockstates/baked_cod_stew_block.json' missing model for variant: 'delightfulcreators:baked_cod_stew_block#level=13'
[17:08:47] [Worker-ResourceReload-3/WARN]: Exception loading blockstate definition: 'delightfulcreators:blockstates/baked_cod_stew_block.json' missing model for variant: 'delightfulcreators:baked_cod_stew_block#level=6'
[17:08:47] [Worker-ResourceReload-3/WARN]: Exception loading blockstate definition: 'delightfulcreators:blockstates/baked_cod_stew_block.json' missing model for variant: 'delightfulcreators:baked_cod_stew_block#level=14'
[17:08:47] [Worker-ResourceReload-3/WARN]: Exception loading blockstate definition: 'delightfulcreators:blockstates/baked_cod_stew_block.json' missing model for variant: 'delightfulcreators:baked_cod_stew_block#level=10'
[17:08:47] [Worker-ResourceReload-3/WARN]: Exception loading blockstate definition: 'delightfulcreators:blockstates/baked_cod_stew_block.json' missing model for variant: 'delightfulcreators:baked_cod_stew_block#level=1'
[17:08:47] [Worker-ResourceReload-3/WARN]: Exception loading blockstate definition: 'delightfulcreators:blockstates/baked_cod_stew_block.json' missing model for variant: 'delightfulcreators:baked_cod_stew_block#level=0'
[17:08:47] [Worker-ResourceReload-3/WARN]: Exception loading blockstate definition: 'delightfulcreators:blockstates/baked_cod_stew_block.json' missing model for variant: 'delightfulcreators:baked_cod_stew_block#level=5'
[17:08:47] [Worker-ResourceReload-3/WARN]: Exception loading blockstate definition: 'delightfulcreators:blockstates/baked_cod_stew_block.json' missing model for variant: 'delightfulcreators:baked_cod_stew_block#level=15'
[17:08:47] [Worker-ResourceReload-3/WARN]: Exception loading blockstate definition: 'delightfulcreators:blockstates/baked_cod_stew_block.json' missing model for variant: 'delightfulcreators:baked_cod_stew_block#level=4'
[17:08:47] [Worker-ResourceReload-3/WARN]: Exception loading blockstate definition: 'delightfulcreators:blockstates/baked_cod_stew_block.json' missing model for variant: 'delightfulcreators:baked_cod_stew_block#level=3'
[17:08:47] [Worker-ResourceReload-3/WARN]: Exception loading blockstate definition: 'delightfulcreators:blockstates/baked_cod_stew_block.json' missing model for variant: 'delightfulcreators:baked_cod_stew_block#level=2'
[17:08:47] [Worker-ResourceReload-3/WARN]: Exception loading blockstate definition: 'delightfulcreators:blockstates/bone_broth_block.json' missing model for variant: 'delightfulcreators:bone_broth_block#level=7'
[17:08:47] [Worker-ResourceReload-3/WARN]: Exception loading blockstate definition: 'delightfulcreators:blockstates/bone_broth_block.json' missing model for variant: 'delightfulcreators:bone_broth_block#level=6'
[17:08:47] [Worker-ResourceReload-3/WARN]: Exception loading blockstate definition: 'delightfulcreators:blockstates/bone_broth_block.json' missing model for variant: 'delightfulcreators:bone_broth_block#level=5'
[17:08:47] [Worker-ResourceReload-3/WARN]: Exception loading blockstate definition: 'delightfulcreators:blockstates/bone_broth_block.json' missing model for variant: 'delightfulcreators:bone_broth_block#level=4'
[17:08:47] [Worker-ResourceReload-3/WARN]: Exception loading blockstate definition: 'delightfulcreators:blockstates/bone_broth_block.json' missing model for variant: 'delightfulcreators:bone_broth_block#level=3'
[17:08:47] [Worker-ResourceReload-3/WARN]: Exception loading blockstate definition: 'delightfulcreators:blockstates/bone_broth_block.json' missing model for variant: 'delightfulcreators:bone_broth_block#level=2'
[17:08:47] [Worker-ResourceReload-3/WARN]: Exception loading blockstate definition: 'delightfulcreators:blockstates/bone_broth_block.json' missing model for variant: 'delightfulcreators:bone_broth_block#level=1'
[17:08:47] [Worker-ResourceReload-3/WARN]: Exception loading blockstate definition: 'delightfulcreators:blockstates/bone_broth_block.json' missing model for variant: 'delightfulcreators:bone_broth_block#level=0'
[17:08:47] [Worker-ResourceReload-3/WARN]: Exception loading blockstate definition: 'delightfulcreators:blockstates/bone_broth_block.json' missing model for variant: 'delightfulcreators:bone_broth_block#level=15'
[17:08:47] [Worker-ResourceReload-3/WARN]: Exception loading blockstate definition: 'delightfulcreators:blockstates/bone_broth_block.json' missing model for variant: 'delightfulcreators:bone_broth_block#level=14'
[17:08:47] [Worker-ResourceReload-3/WARN]: Exception loading blockstate definition: 'delightfulcreators:blockstates/bone_broth_block.json' missing model for variant: 'delightfulcreators:bone_broth_block#level=13'
[17:08:47] [Worker-ResourceReload-3/WARN]: Exception loading blockstate definition: 'delightfulcreators:blockstates/bone_broth_block.json' missing model for variant: 'delightfulcreators:bone_broth_block#level=12'
[17:08:47] [Worker-ResourceReload-3/WARN]: Exception loading blockstate definition: 'delightfulcreators:blockstates/bone_broth_block.json' missing model for variant: 'delightfulcreators:bone_broth_block#level=11'
[17:08:47] [Worker-ResourceReload-3/WARN]: Exception loading blockstate definition: 'delightfulcreators:blockstates/bone_broth_block.json' missing model for variant: 'delightfulcreators:bone_broth_block#level=9'
[17:08:47] [Worker-ResourceReload-3/WARN]: Exception loading blockstate definition: 'delightfulcreators:blockstates/bone_broth_block.json' missing model for variant: 'delightfulcreators:bone_broth_block#level=10'
[17:08:47] [Worker-ResourceReload-3/WARN]: Exception loading blockstate definition: 'delightfulcreators:blockstates/bone_broth_block.json' missing model for variant: 'delightfulcreators:bone_broth_block#level=8'
[17:08:47] [Worker-ResourceReload-3/WARN]: Exception loading blockstate definition: 'delightfulcreators:blockstates/cooked_rice_block.json' missing model for variant: 'delightfulcreators:cooked_rice_block#level=9'
[17:08:47] [Worker-ResourceReload-3/WARN]: Exception loading blockstate definition: 'delightfulcreators:blockstates/cooked_rice_block.json' missing model for variant: 'delightfulcreators:cooked_rice_block#level=12'
[17:08:47] [Worker-ResourceReload-3/WARN]: Exception loading blockstate definition: 'delightfulcreators:blockstates/cooked_rice_block.json' missing model for variant: 'delightfulcreators:cooked_rice_block#level=13'
[17:08:47] [Worker-ResourceReload-3/WARN]: Exception loading blockstate definition: 'delightfulcreators:blockstates/cooked_rice_block.json' missing model for variant: 'delightfulcreators:cooked_rice_block#level=10'
[17:08:47] [Worker-ResourceReload-3/WARN]: Exception loading blockstate definition: 'delightfulcreators:blockstates/cooked_rice_block.json' missing model for variant: 'delightfulcreators:cooked_rice_block#level=11'
[17:08:47] [Worker-ResourceReload-3/WARN]: Exception loading blockstate definition: 'delightfulcreators:blockstates/cooked_rice_block.json' missing model for variant: 'delightfulcreators:cooked_rice_block#level=0'
[17:08:47] [Worker-ResourceReload-3/WARN]: Exception loading blockstate definition: 'delightfulcreators:blockstates/cooked_rice_block.json' missing model for variant: 'delightfulcreators:cooked_rice_block#level=14'
[17:08:47] [Worker-ResourceReload-3/WARN]: Exception loading blockstate definition: 'delightfulcreators:blockstates/cooked_rice_block.json' missing model for variant: 'delightfulcreators:cooked_rice_block#level=15'
[17:08:47] [Worker-ResourceReload-3/WARN]: Exception loading blockstate definition: 'delightfulcreators:blockstates/cooked_rice_block.json' missing model for variant: 'delightfulcreators:cooked_rice_block#level=3'
[17:08:47] [Worker-ResourceReload-3/WARN]: Exception loading blockstate definition: 'delightfulcreators:blockstates/cooked_rice_block.json' missing model for variant: 'delightfulcreators:cooked_rice_block#level=4'
[17:08:47] [Worker-ResourceReload-3/WARN]: Exception loading blockstate definition: 'delightfulcreators:blockstates/cooked_rice_block.json' missing model for variant: 'delightfulcreators:cooked_rice_block#level=1'
[17:08:47] [Worker-ResourceReload-3/WARN]: Exception loading blockstate definition: 'delightfulcreators:blockstates/cooked_rice_block.json' missing model for variant: 'delightfulcreators:cooked_rice_block#level=2'
[17:08:47] [Worker-ResourceReload-3/WARN]: Exception loading blockstate definition: 'delightfulcreators:blockstates/cooked_rice_block.json' missing model for variant: 'delightfulcreators:cooked_rice_block#level=7'
[17:08:47] [Worker-ResourceReload-3/WARN]: Exception loading blockstate definition: 'delightfulcreators:blockstates/cooked_rice_block.json' missing model for variant: 'delightfulcreators:cooked_rice_block#level=8'
[17:08:47] [Worker-ResourceReload-3/WARN]: Exception loading blockstate definition: 'delightfulcreators:blockstates/cooked_rice_block.json' missing model for variant: 'delightfulcreators:cooked_rice_block#level=5'
[17:08:47] [Worker-ResourceReload-3/WARN]: Exception loading blockstate definition: 'delightfulcreators:blockstates/cooked_rice_block.json' missing model for variant: 'delightfulcreators:cooked_rice_block#level=6'
[17:08:48] [Worker-ResourceReload-3/WARN]: Exception loading blockstate definition: 'createfood:blockstates/bacon_pizza.json' missing model for variant: 'createfood:bacon_pizza#bites=6,facing=west'
[17:08:48] [Worker-ResourceReload-3/WARN]: Exception loading blockstate definition: 'createfood:blockstates/bacon_pizza.json' missing model for variant: 'createfood:bacon_pizza#bites=5,facing=west'
[17:08:48] [Worker-ResourceReload-3/WARN]: Exception loading blockstate definition: 'createfood:blockstates/bacon_pizza.json' missing model for variant: 'createfood:bacon_pizza#bites=4,facing=west'
[17:08:48] [Worker-ResourceReload-3/WARN]: Exception loading blockstate definition: 'createfood:blockstates/bacon_pizza.json' missing model for variant: 'createfood:bacon_pizza#bites=6,facing=east'
[17:08:48] [Worker-ResourceReload-3/WARN]: Exception loading blockstate definition: 'createfood:blockstates/bacon_pizza.json' missing model for variant: 'createfood:bacon_pizza#bites=4,facing=east'
[17:08:48] [Worker-ResourceReload-3/WARN]: Exception loading blockstate definition: 'createfood:blockstates/bacon_pizza.json' missing model for variant: 'createfood:bacon_pizza#bites=5,facing=east'
[17:08:48] [Worker-ResourceReload-3/WARN]: Exception loading blockstate definition: 'createfood:blockstates/bacon_pizza.json' missing model for variant: 'createfood:bacon_pizza#bites=6,facing=south'
[17:08:48] [Worker-ResourceReload-3/WARN]: Exception loading blockstate definition: 'createfood:blockstates/bacon_pizza.json' missing model for variant: 'createfood:bacon_pizza#bites=5,facing=south'
[17:08:48] [Worker-ResourceReload-3/WARN]: Exception loading blockstate definition: 'createfood:blockstates/bacon_pizza.json' missing model for variant: 'createfood:bacon_pizza#bites=4,facing=south'
[17:08:48] [Worker-ResourceReload-3/WARN]: Exception loading blockstate definition: 'createfood:blockstates/bacon_pizza.json' missing model for variant: 'createfood:bacon_pizza#bites=6,facing=north'
[17:08:48] [Worker-ResourceReload-3/WARN]: Exception loading blockstate definition: 'createfood:blockstates/bacon_pizza.json' missing model for variant: 'createfood:bacon_pizza#bites=4,facing=north'
[17:08:48] [Worker-ResourceReload-3/WARN]: Exception loading blockstate definition: 'createfood:blockstates/bacon_pizza.json' missing model for variant: 'createfood:bacon_pizza#bites=5,facing=north'
[17:08:48] [Worker-ResourceReload-3/WARN]: Exception loading blockstate definition: 'createfood:blockstates/cheese_pizza.json' missing model for variant: 'createfood:cheese_pizza#bites=6,facing=north'
[17:08:48] [Worker-ResourceReload-3/WARN]: Exception loading blockstate definition: 'createfood:blockstates/cheese_pizza.json' missing model for variant: 'createfood:cheese_pizza#bites=4,facing=south'
[17:08:48] [Worker-ResourceReload-3/WARN]: Exception loading blockstate definition: 'createfood:blockstates/cheese_pizza.json' missing model for variant: 'createfood:cheese_pizza#bites=5,facing=south'
[17:08:48] [Worker-ResourceReload-3/WARN]: Exception loading blockstate definition: 'createfood:blockstates/cheese_pizza.json' missing model for variant: 'createfood:cheese_pizza#bites=4,facing=east'
[17:08:48] [Worker-ResourceReload-3/WARN]: Exception loading blockstate definition: 'createfood:blockstates/cheese_pizza.json' missing model for variant: 'createfood:cheese_pizza#bites=5,facing=north'
[17:08:48] [Worker-ResourceReload-3/WARN]: Exception loading blockstate definition: 'createfood:blockstates/cheese_pizza.json' missing model for variant: 'createfood:cheese_pizza#bites=5,facing=east'
[17:08:48] [Worker-ResourceReload-3/WARN]: Exception loading blockstate definition: 'createfood:blockstates/cheese_pizza.json' missing model for variant: 'createfood:cheese_pizza#bites=6,facing=south'
[17:08:48] [Worker-ResourceReload-3/WARN]: Exception loading blockstate definition: 'createfood:blockstates/cheese_pizza.json' missing model for variant: 'createfood:cheese_pizza#bites=6,facing=east'
[17:08:48] [Worker-ResourceReload-3/WARN]: Exception loading blockstate definition: 'createfood:blockstates/cheese_pizza.json' missing model for variant: 'createfood:cheese_pizza#bites=4,facing=north'
[17:08:48] [Worker-ResourceReload-3/WARN]: Exception loading blockstate definition: 'createfood:blockstates/cheese_pizza.json' missing model for variant: 'createfood:cheese_pizza#bites=6,facing=west'
[17:08:48] [Worker-ResourceReload-3/WARN]: Exception loading blockstate definition: 'createfood:blockstates/cheese_pizza.json' missing model for variant: 'createfood:cheese_pizza#bites=4,facing=west'
[17:08:48] [Worker-ResourceReload-3/WARN]: Exception loading blockstate definition: 'createfood:blockstates/cheese_pizza.json' missing model for variant: 'createfood:cheese_pizza#bites=5,facing=west'
[17:08:48] [Worker-ResourceReload-3/WARN]: Exception loading blockstate definition: 'createfood:blockstates/fish_bacon_pizza.json' missing model for variant: 'createfood:fish_bacon_pizza#bites=6,facing=east'
[17:08:48] [Worker-ResourceReload-3/WARN]: Exception loading blockstate definition: 'createfood:blockstates/fish_bacon_pizza.json' missing model for variant: 'createfood:fish_bacon_pizza#bites=4,facing=south'
[17:08:48] [Worker-ResourceReload-3/WARN]: Exception loading blockstate definition: 'createfood:blockstates/fish_bacon_pizza.json' missing model for variant: 'createfood:fish_bacon_pizza#bites=5,facing=north'
[17:08:48] [Worker-ResourceReload-3/WARN]: Exception loading blockstate definition: 'createfood:blockstates/fish_bacon_pizza.json' missing model for variant: 'createfood:fish_bacon_pizza#bites=6,facing=south'
[17:08:48] [Worker-ResourceReload-3/WARN]: Exception loading blockstate definition: 'createfood:blockstates/fish_bacon_pizza.json' missing model for variant: 'createfood:fish_bacon_pizza#bites=4,facing=north'
[17:08:48] [Worker-ResourceReload-3/WARN]: Exception loading blockstate definition: 'createfood:blockstates/fish_bacon_pizza.json' missing model for variant: 'createfood:fish_bacon_pizza#bites=5,facing=east'
[17:08:48] [Worker-ResourceReload-3/WARN]: Exception loading blockstate definition: 'createfood:blockstates/fish_bacon_pizza.json' missing model for variant: 'createfood:fish_bacon_pizza#bites=6,facing=west'
[17:08:48] [Worker-ResourceReload-3/WARN]: Exception loading blockstate definition: 'createfood:blockstates/fish_bacon_pizza.json' missing model for variant: 'createfood:fish_bacon_pizza#bites=4,facing=east'
[17:08:48] [Worker-ResourceReload-3/WARN]: Exception loading blockstate definition: 'createfood:blockstates/fish_bacon_pizza.json' missing model for variant: 'createfood:fish_bacon_pizza#bites=4,facing=west'
[17:08:48] [Worker-ResourceReload-3/WARN]: Exception loading blockstate definition: 'createfood:blockstates/fish_bacon_pizza.json' missing model for variant: 'createfood:fish_bacon_pizza#bites=5,facing=west'
[17:08:48] [Worker-ResourceReload-3/WARN]: Exception loading blockstate definition: 'createfood:blockstates/fish_bacon_pizza.json' missing model for variant: 'createfood:fish_bacon_pizza#bites=5,facing=south'
[17:08:48] [Worker-ResourceReload-3/WARN]: Exception loading blockstate definition: 'createfood:blockstates/fish_bacon_pizza.json' missing model for variant: 'createfood:fish_bacon_pizza#bites=6,facing=north'
[17:08:48] [Worker-ResourceReload-3/WARN]: Exception loading blockstate definition: 'createfood:blockstates/fish_onion_pizza.json' missing model for variant: 'createfood:fish_onion_pizza#bites=4,facing=west'
[17:08:48] [Worker-ResourceReload-3/WARN]: Exception loading blockstate definition: 'createfood:blockstates/fish_onion_pizza.json' missing model for variant: 'createfood:fish_onion_pizza#bites=5,facing=south'
[17:08:48] [Worker-ResourceReload-3/WARN]: Exception loading blockstate definition: 'createfood:blockstates/fish_onion_pizza.json' missing model for variant: 'createfood:fish_onion_pizza#bites=6,facing=south'
[17:08:48] [Worker-ResourceReload-3/WARN]: Exception loading blockstate definition: 'createfood:blockstates/fish_onion_pizza.json' missing model for variant: 'createfood:fish_onion_pizza#bites=4,facing=east'
[17:08:48] [Worker-ResourceReload-3/WARN]: Exception loading blockstate definition: 'createfood:blockstates/fish_onion_pizza.json' missing model for variant: 'createfood:fish_onion_pizza#bites=4,facing=south'
[17:08:48] [Worker-ResourceReload-3/WARN]: Exception loading blockstate definition: 'createfood:blockstates/fish_onion_pizza.json' missing model for variant: 'createfood:fish_onion_pizza#bites=6,facing=east'
[17:08:48] [Worker-ResourceReload-3/WARN]: Exception loading blockstate definition: 'createfood:blockstates/fish_onion_pizza.json' missing model for variant: 'createfood:fish_onion_pizza#bites=5,facing=west'
[17:08:48] [Worker-ResourceReload-3/WARN]: Exception loading blockstate definition: 'createfood:blockstates/fish_onion_pizza.json' missing model for variant: 'createfood:fish_onion_pizza#bites=5,facing=east'
[17:08:48] [Worker-ResourceReload-3/WARN]: Exception loading blockstate definition: 'createfood:blockstates/fish_onion_pizza.json' missing model for variant: 'createfood:fish_onion_pizza#bites=6,facing=west'
[17:08:48] [Worker-ResourceReload-3/WARN]: Exception loading blockstate definition: 'createfood:blockstates/fish_onion_pizza.json' missing model for variant: 'createfood:fish_onion_pizza#bites=6,facing=north'
[17:08:48] [Worker-ResourceReload-3/WARN]: Exception loading blockstate definition: 'createfood:blockstates/fish_onion_pizza.json' missing model for variant: 'createfood:fish_onion_pizza#bites=5,facing=north'
[17:08:48] [Worker-ResourceReload-3/WARN]: Exception loading blockstate definition: 'createfood:blockstates/fish_onion_pizza.json' missing model for variant: 'createfood:fish_onion_pizza#bites=4,facing=north'
[17:08:48] [Worker-ResourceReload-3/WARN]: Exception loading blockstate definition: 'createfood:blockstates/fish_pizza.json' missing model for variant: 'createfood:fish_pizza#bites=4,facing=east'
[17:08:48] [Worker-ResourceReload-3/WARN]: Exception loading blockstate definition: 'createfood:blockstates/fish_pizza.json' missing model for variant: 'createfood:fish_pizza#bites=5,facing=south'
[17:08:48] [Worker-ResourceReload-3/WARN]: Exception loading blockstate definition: 'createfood:blockstates/fish_pizza.json' missing model for variant: 'createfood:fish_pizza#bites=6,facing=south'
[17:08:48] [Worker-ResourceReload-3/WARN]: Exception loading blockstate definition: 'createfood:blockstates/fish_pizza.json' missing model for variant: 'createfood:fish_pizza#bites=4,facing=south'
[17:08:48] [Worker-ResourceReload-3/WARN]: Exception loading blockstate definition: 'createfood:blockstates/fish_pizza.json' missing model for variant: 'createfood:fish_pizza#bites=6,facing=north'
[17:08:48] [Worker-ResourceReload-3/WARN]: Exception loading blockstate definition: 'createfood:blockstates/fish_pizza.json' missing model for variant: 'createfood:fish_pizza#bites=5,facing=north'
[17:08:48] [Worker-ResourceReload-3/WARN]: Exception loading blockstate definition: 'createfood:blockstates/fish_pizza.json' missing model for variant: 'createfood:fish_pizza#bites=4,facing=north'
[17:08:48] [Worker-ResourceReload-3/WARN]: Exception loading blockstate definition: 'createfood:blockstates/fish_pizza.json' missing model for variant: 'createfood:fish_pizza#bites=4,facing=west'
[17:08:48] [Worker-ResourceReload-3/WARN]: Exception loading blockstate definition: 'createfood:blockstates/fish_pizza.json' missing model for variant: 'createfood:fish_pizza#bites=6,facing=west'
[17:08:48] [Worker-ResourceReload-3/WARN]: Exception loading blockstate definition: 'createfood:blockstates/fish_pizza.json' missing model for variant: 'createfood:fish_pizza#bites=5,facing=west'
[17:08:48] [Worker-ResourceReload-3/WARN]: Exception loading blockstate definition: 'createfood:blockstates/fish_pizza.json' missing model for variant: 'createfood:fish_pizza#bites=5,facing=east'
[17:08:48] [Worker-ResourceReload-3/WARN]: Exception loading blockstate definition: 'createfood:blockstates/fish_pizza.json' missing model for variant: 'createfood:fish_pizza#bites=6,facing=east'
[17:08:48] [Worker-ResourceReload-3/WARN]: Exception loading blockstate definition: 'createfood:blockstates/mushroom_bacon_pizza.json' missing model for variant: 'createfood:mushroom_bacon_pizza#bites=6,facing=west'
[17:08:48] [Worker-ResourceReload-3/WARN]: Exception loading blockstate definition: 'createfood:blockstates/mushroom_bacon_pizza.json' missing model for variant: 'createfood:mushroom_bacon_pizza#bites=5,facing=west'
[17:08:48] [Worker-ResourceReload-3/WARN]: Exception loading blockstate definition: 'createfood:blockstates/mushroom_bacon_pizza.json' missing model for variant: 'createfood:mushroom_bacon_pizza#bites=4,facing=west'
[17:08:48] [Worker-ResourceReload-3/WARN]: Exception loading blockstate definition: 'createfood:blockstates/mushroom_bacon_pizza.json' missing model for variant: 'createfood:mushroom_bacon_pizza#bites=6,facing=east'
[17:08:48] [Worker-ResourceReload-3/WARN]: Exception loading blockstate definition: 'createfood:blockstates/mushroom_bacon_pizza.json' missing model for variant: 'createfood:mushroom_bacon_pizza#bites=4,facing=north'
[17:08:48] [Worker-ResourceReload-3/WARN]: Exception loading blockstate definition: 'createfood:blockstates/mushroom_bacon_pizza.json' missing model for variant: 'createfood:mushroom_bacon_pizza#bites=4,facing=east'
[17:08:48] [Worker-ResourceReload-3/WARN]: Exception loading blockstate definition: 'createfood:blockstates/mushroom_bacon_pizza.json' missing model for variant: 'createfood:mushroom_bacon_pizza#bites=5,facing=east'
[17:08:48] [Worker-ResourceReload-3/WARN]: Exception loading blockstate definition: 'createfood:blockstates/mushroom_bacon_pizza.json' missing model for variant: 'createfood:mushroom_bacon_pizza#bites=6,facing=north'
[17:08:48] [Worker-ResourceReload-3/WARN]: Exception loading blockstate definition: 'createfood:blockstates/mushroom_bacon_pizza.json' missing model for variant: 'createfood:mushroom_bacon_pizza#bites=6,facing=south'
[17:08:48] [Worker-ResourceReload-3/WARN]: Exception loading blockstate definition: 'createfood:blockstates/mushroom_bacon_pizza.json' missing model for variant: 'createfood:mushroom_bacon_pizza#bites=5,facing=south'
[17:08:48] [Worker-ResourceReload-3/WARN]: Exception loading blockstate definition: 'createfood:blockstates/mushroom_bacon_pizza.json' missing model for variant: 'createfood:mushroom_bacon_pizza#bites=4,facing=south'
[17:08:48] [Worker-ResourceReload-3/WARN]: Exception loading blockstate definition: 'createfood:blockstates/mushroom_bacon_pizza.json' missing model for variant: 'createfood:mushroom_bacon_pizza#bites=5,facing=north'
[17:08:48] [Worker-ResourceReload-3/WARN]: Exception loading blockstate definition: 'createfood:blockstates/mushroom_fish_pizza.json' missing model for variant: 'createfood:mushroom_fish_pizza#bites=5,facing=west'
[17:08:48] [Worker-ResourceReload-3/WARN]: Exception loading blockstate definition: 'createfood:blockstates/mushroom_fish_pizza.json' missing model for variant: 'createfood:mushroom_fish_pizza#bites=4,facing=west'
[17:08:48] [Worker-ResourceReload-3/WARN]: Exception loading blockstate definition: 'createfood:blockstates/mushroom_fish_pizza.json' missing model for variant: 'createfood:mushroom_fish_pizza#bites=6,facing=east'
[17:08:48] [Worker-ResourceReload-3/WARN]: Exception loading blockstate definition: 'createfood:blockstates/mushroom_fish_pizza.json' missing model for variant: 'createfood:mushroom_fish_pizza#bites=4,facing=south'
[17:08:48] [Worker-ResourceReload-3/WARN]: Exception loading blockstate definition: 'createfood:blockstates/mushroom_fish_pizza.json' missing model for variant: 'createfood:mushroom_fish_pizza#bites=4,facing=east'
[17:08:48] [Worker-ResourceReload-3/WARN]: Exception loading blockstate definition: 'createfood:blockstates/mushroom_fish_pizza.json' missing model for variant: 'createfood:mushroom_fish_pizza#bites=6,facing=west'
[17:08:48] [Worker-ResourceReload-3/WARN]: Exception loading blockstate definition: 'createfood:blockstates/mushroom_fish_pizza.json' missing model for variant: 'createfood:mushroom_fish_pizza#bites=5,facing=east'
[17:08:48] [Worker-ResourceReload-3/WARN]: Exception loading blockstate definition: 'createfood:blockstates/mushroom_fish_pizza.json' missing model for variant: 'createfood:mushroom_fish_pizza#bites=6,facing=south'
[17:08:48] [Worker-ResourceReload-3/WARN]: Exception loading blockstate definition: 'createfood:blockstates/mushroom_fish_pizza.json' missing model for variant: 'createfood:mushroom_fish_pizza#bites=5,facing=south'
[17:08:48] [Worker-ResourceReload-3/WARN]: Exception loading blockstate definition: 'createfood:blockstates/mushroom_fish_pizza.json' missing model for variant: 'createfood:mushroom_fish_pizza#bites=4,facing=north'
[17:08:48] [Worker-ResourceReload-3/WARN]: Exception loading blockstate definition: 'createfood:blockstates/mushroom_fish_pizza.json' missing model for variant: 'createfood:mushroom_fish_pizza#bites=6,facing=north'
[17:08:48] [Worker-ResourceReload-3/WARN]: Exception loading blockstate definition: 'createfood:blockstates/mushroom_fish_pizza.json' missing model for variant: 'createfood:mushroom_fish_pizza#bites=5,facing=north'
[17:08:48] [Worker-ResourceReload-3/WARN]: Exception loading blockstate definition: 'createfood:blockstates/mushroom_onion_pizza.json' missing model for variant: 'createfood:mushroom_onion_pizza#bites=5,facing=west'
[17:08:48] [Worker-ResourceReload-3/WARN]: Exception loading blockstate definition: 'createfood:blockstates/mushroom_onion_pizza.json' missing model for variant: 'createfood:mushroom_onion_pizza#bites=6,facing=west'
[17:08:48] [Worker-ResourceReload-3/WARN]: Exception loading blockstate definition: 'createfood:blockstates/mushroom_onion_pizza.json' missing model for variant: 'createfood:mushroom_onion_pizza#bites=4,facing=east'
[17:08:48] [Worker-ResourceReload-3/WARN]: Exception loading blockstate definition: 'createfood:blockstates/mushroom_onion_pizza.json' missing model for variant: 'createfood:mushroom_onion_pizza#bites=5,facing=north'
[17:08:48] [Worker-ResourceReload-3/WARN]: Exception loading blockstate definition: 'createfood:blockstates/mushroom_onion_pizza.json' missing model for variant: 'createfood:mushroom_onion_pizza#bites=4,facing=south'
[17:08:48] [Worker-ResourceReload-3/WARN]: Exception loading blockstate definition: 'createfood:blockstates/mushroom_onion_pizza.json' missing model for variant: 'createfood:mushroom_onion_pizza#bites=5,facing=south'
[17:08:48] [Worker-ResourceReload-3/WARN]: Exception loading blockstate definition: 'createfood:blockstates/mushroom_onion_pizza.json' missing model for variant: 'createfood:mushroom_onion_pizza#bites=4,facing=north'
[17:08:48] [Worker-ResourceReload-3/WARN]: Exception loading blockstate definition: 'createfood:blockstates/mushroom_onion_pizza.json' missing model for variant: 'createfood:mushroom_onion_pizza#bites=6,facing=east'
[17:08:48] [Worker-ResourceReload-3/WARN]: Exception loading blockstate definition: 'createfood:blockstates/mushroom_onion_pizza.json' missing model for variant: 'createfood:mushroom_onion_pizza#bites=5,facing=east'
[17:08:48] [Worker-ResourceReload-3/WARN]: Exception loading blockstate definition: 'createfood:blockstates/mushroom_onion_pizza.json' missing model for variant: 'createfood:mushroom_onion_pizza#bites=6,facing=north'
[17:08:48] [Worker-ResourceReload-3/WARN]: Exception loading blockstate definition: 'createfood:blockstates/mushroom_onion_pizza.json' missing model for variant: 'createfood:mushroom_onion_pizza#bites=4,facing=west'
[17:08:48] [Worker-ResourceReload-3/WARN]: Exception loading blockstate definition: 'createfood:blockstates/mushroom_onion_pizza.json' missing model for variant: 'createfood:mushroom_onion_pizza#bites=6,facing=south'
[17:08:48] [Worker-ResourceReload-3/WARN]: Exception loading blockstate definition: 'createfood:blockstates/mushroom_pizza.json' missing model for variant: 'createfood:mushroom_pizza#bites=5,facing=east'
[17:08:48] [Worker-ResourceReload-3/WARN]: Exception loading blockstate definition: 'createfood:blockstates/mushroom_pizza.json' missing model for variant: 'createfood:mushroom_pizza#bites=6,facing=east'
[17:08:48] [Worker-ResourceReload-3/WARN]: Exception loading blockstate definition: 'createfood:blockstates/mushroom_pizza.json' missing model for variant: 'createfood:mushroom_pizza#bites=4,facing=west'
[17:08:48] [Worker-ResourceReload-3/WARN]: Exception loading blockstate definition: 'createfood:blockstates/mushroom_pizza.json' missing model for variant: 'createfood:mushroom_pizza#bites=5,facing=west'
[17:08:48] [Worker-ResourceReload-3/WARN]: Exception loading blockstate definition: 'createfood:blockstates/mushroom_pizza.json' missing model for variant: 'createfood:mushroom_pizza#bites=6,facing=west'
[17:08:48] [Worker-ResourceReload-3/WARN]: Exception loading blockstate definition: 'createfood:blockstates/mushroom_pizza.json' missing model for variant: 'createfood:mushroom_pizza#bites=4,facing=north'
[17:08:48] [Worker-ResourceReload-3/WARN]: Exception loading blockstate definition: 'createfood:blockstates/mushroom_pizza.json' missing model for variant: 'createfood:mushroom_pizza#bites=4,facing=east'
[17:08:48] [Worker-ResourceReload-3/WARN]: Exception loading blockstate definition: 'createfood:blockstates/mushroom_pizza.json' missing model for variant: 'createfood:mushroom_pizza#bites=4,facing=south'
[17:08:48] [Worker-ResourceReload-3/WARN]: Exception loading blockstate definition: 'createfood:blockstates/mushroom_pizza.json' missing model for variant: 'createfood:mushroom_pizza#bites=6,facing=north'
[17:08:48] [Worker-ResourceReload-3/WARN]: Exception loading blockstate definition: 'createfood:blockstates/mushroom_pizza.json' missing model for variant: 'createfood:mushroom_pizza#bites=5,facing=south'
[17:08:48] [Worker-ResourceReload-3/WARN]: Exception loading blockstate definition: 'createfood:blockstates/mushroom_pizza.json' missing model for variant: 'createfood:mushroom_pizza#bites=5,facing=north'
[17:08:48] [Worker-ResourceReload-3/WARN]: Exception loading blockstate definition: 'createfood:blockstates/mushroom_pizza.json' missing model for variant: 'createfood:mushroom_pizza#bites=6,facing=south'
[17:08:48] [Worker-ResourceReload-3/WARN]: Exception loading blockstate definition: 'createfood:blockstates/onion_bacon_pizza.json' missing model for variant: 'createfood:onion_bacon_pizza#bites=5,facing=west'
[17:08:48] [Worker-ResourceReload-3/WARN]: Exception loading blockstate definition: 'createfood:blockstates/onion_bacon_pizza.json' missing model for variant: 'createfood:onion_bacon_pizza#bites=6,facing=west'
[17:08:48] [Worker-ResourceReload-3/WARN]: Exception loading blockstate definition: 'createfood:blockstates/onion_bacon_pizza.json' missing model for variant: 'createfood:onion_bacon_pizza#bites=4,facing=west'
[17:08:48] [Worker-ResourceReload-3/WARN]: Exception loading blockstate definition: 'createfood:blockstates/onion_bacon_pizza.json' missing model for variant: 'createfood:onion_bacon_pizza#bites=4,facing=south'
[17:08:48] [Worker-ResourceReload-3/WARN]: Exception loading blockstate definition: 'createfood:blockstates/onion_bacon_pizza.json' missing model for variant: 'createfood:onion_bacon_pizza#bites=4,facing=north'
[17:08:48] [Worker-ResourceReload-3/WARN]: Exception loading blockstate definition: 'createfood:blockstates/onion_bacon_pizza.json' missing model for variant: 'createfood:onion_bacon_pizza#bites=5,facing=south'
[17:08:48] [Worker-ResourceReload-3/WARN]: Exception loading blockstate definition: 'createfood:blockstates/onion_bacon_pizza.json' missing model for variant: 'createfood:onion_bacon_pizza#bites=6,facing=south'
[17:08:48] [Worker-ResourceReload-3/WARN]: Exception loading blockstate definition: 'createfood:blockstates/onion_bacon_pizza.json' missing model for variant: 'createfood:onion_bacon_pizza#bites=5,facing=north'
[17:08:48] [Worker-ResourceReload-3/WARN]: Exception loading blockstate definition: 'createfood:blockstates/onion_bacon_pizza.json' missing model for variant: 'createfood:onion_bacon_pizza#bites=4,facing=east'
[17:08:48] [Worker-ResourceReload-3/WARN]: Exception loading blockstate definition: 'createfood:blockstates/onion_bacon_pizza.json' missing model for variant: 'createfood:onion_bacon_pizza#bites=6,facing=east'
[17:08:48] [Worker-ResourceReload-3/WARN]: Exception loading blockstate definition: 'createfood:blockstates/onion_bacon_pizza.json' missing model for variant: 'createfood:onion_bacon_pizza#bites=6,facing=north'
[17:08:48] [Worker-ResourceReload-3/WARN]: Exception loading blockstate definition: 'createfood:blockstates/onion_bacon_pizza.json' missing model for variant: 'createfood:onion_bacon_pizza#bites=5,facing=east'
[17:08:48] [Worker-ResourceReload-3/WARN]: Exception loading blockstate definition: 'createfood:blockstates/onion_pizza.json' missing model for variant: 'createfood:onion_pizza#bites=4,facing=west'
[17:08:48] [Worker-ResourceReload-3/WARN]: Exception loading blockstate definition: 'createfood:blockstates/onion_pizza.json' missing model for variant: 'createfood:onion_pizza#bites=5,facing=west'
[17:08:48] [Worker-ResourceReload-3/WARN]: Exception loading blockstate definition: 'createfood:blockstates/onion_pizza.json' missing model for variant: 'createfood:onion_pizza#bites=6,facing=west'
[17:08:48] [Worker-ResourceReload-3/WARN]: Exception loading blockstate definition: 'createfood:blockstates/onion_pizza.json' missing model for variant: 'createfood:onion_pizza#bites=6,facing=east'
[17:08:48] [Worker-ResourceReload-3/WARN]: Exception loading blockstate definition: 'createfood:blockstates/onion_pizza.json' missing model for variant: 'createfood:onion_pizza#bites=5,facing=north'
[17:08:48] [Worker-ResourceReload-3/WARN]: Exception loading blockstate definition: 'createfood:blockstates/onion_pizza.json' missing model for variant: 'createfood:onion_pizza#bites=6,facing=north'
[17:08:48] [Worker-ResourceReload-3/WARN]: Exception loading blockstate definition: 'createfood:blockstates/onion_pizza.json' missing model for variant: 'createfood:onion_pizza#bites=5,facing=east'
[17:08:48] [Worker-ResourceReload-3/WARN]: Exception loading blockstate definition: 'createfood:blockstates/onion_pizza.json' missing model for variant: 'createfood:onion_pizza#bites=4,facing=south'
[17:08:48] [Worker-ResourceReload-3/WARN]: Exception loading blockstate definition: 'createfood:blockstates/onion_pizza.json' missing model for variant: 'createfood:onion_pizza#bites=4,facing=north'
[17:08:48] [Worker-ResourceReload-3/WARN]: Exception loading blockstate definition: 'createfood:blockstates/onion_pizza.json' missing model for variant: 'createfood:onion_pizza#bites=4,facing=east'
[17:08:48] [Worker-ResourceReload-3/WARN]: Exception loading blockstate definition: 'createfood:blockstates/onion_pizza.json' missing model for variant: 'createfood:onion_pizza#bites=6,facing=south'
[17:08:48] [Worker-ResourceReload-3/WARN]: Exception loading blockstate definition: 'createfood:blockstates/onion_pizza.json' missing model for variant: 'createfood:onion_pizza#bites=5,facing=south'
[17:08:48] [Worker-ResourceReload-3/WARN]: Exception loading blockstate definition: 'createfood:blockstates/sausage_bacon_pizza.json' missing model for variant: 'createfood:sausage_bacon_pizza#bites=4,facing=west'
[17:08:48] [Worker-ResourceReload-3/WARN]: Exception loading blockstate definition: 'createfood:blockstates/sausage_bacon_pizza.json' missing model for variant: 'createfood:sausage_bacon_pizza#bites=5,facing=west'
[17:08:48] [Worker-ResourceReload-3/WARN]: Exception loading blockstate definition: 'createfood:blockstates/sausage_bacon_pizza.json' missing model for variant: 'createfood:sausage_bacon_pizza#bites=6,facing=west'
[17:08:48] [Worker-ResourceReload-3/WARN]: Exception loading blockstate definition: 'createfood:blockstates/sausage_bacon_pizza.json' missing model for variant: 'createfood:sausage_bacon_pizza#bites=4,facing=north'
[17:08:48] [Worker-ResourceReload-3/WARN]: Exception loading blockstate definition: 'createfood:blockstates/sausage_bacon_pizza.json' missing model for variant: 'createfood:sausage_bacon_pizza#bites=4,facing=south'
[17:08:48] [Worker-ResourceReload-3/WARN]: Exception loading blockstate definition: 'createfood:blockstates/sausage_bacon_pizza.json' missing model for variant: 'createfood:sausage_bacon_pizza#bites=5,facing=south'
[17:08:48] [Worker-ResourceReload-3/WARN]: Exception loading blockstate definition: 'createfood:blockstates/sausage_bacon_pizza.json' missing model for variant: 'createfood:sausage_bacon_pizza#bites=6,facing=south'
[17:08:48] [Worker-ResourceReload-3/WARN]: Exception loading blockstate definition: 'createfood:blockstates/sausage_bacon_pizza.json' missing model for variant: 'createfood:sausage_bacon_pizza#bites=6,facing=north'
[17:08:48] [Worker-ResourceReload-3/WARN]: Exception loading blockstate definition: 'createfood:blockstates/sausage_bacon_pizza.json' missing model for variant: 'createfood:sausage_bacon_pizza#bites=4,facing=east'
[17:08:48] [Worker-ResourceReload-3/WARN]: Exception loading blockstate definition: 'createfood:blockstates/sausage_bacon_pizza.json' missing model for variant: 'createfood:sausage_bacon_pizza#bites=5,facing=north'
[17:08:48] [Worker-ResourceReload-3/WARN]: Exception loading blockstate definition: 'createfood:blockstates/sausage_bacon_pizza.json' missing model for variant: 'createfood:sausage_bacon_pizza#bites=5,facing=east'
[17:08:48] [Worker-ResourceReload-3/WARN]: Exception loading blockstate definition: 'createfood:blockstates/sausage_bacon_pizza.json' missing model for variant: 'createfood:sausage_bacon_pizza#bites=6,facing=east'
[17:08:48] [Worker-ResourceReload-3/WARN]: Exception loading blockstate definition: 'createfood:blockstates/sausage_fish_pizza.json' missing model for variant: 'createfood:sausage_fish_pizza#bites=4,facing=east'
[17:08:48] [Worker-ResourceReload-3/WARN]: Exception loading blockstate definition: 'createfood:blockstates/sausage_fish_pizza.json' missing model for variant: 'createfood:sausage_fish_pizza#bites=6,facing=east'
[17:08:48] [Worker-ResourceReload-3/WARN]: Exception loading blockstate definition: 'createfood:blockstates/sausage_fish_pizza.json' missing model for variant: 'createfood:sausage_fish_pizza#bites=6,facing=north'
[17:08:48] [Worker-ResourceReload-3/WARN]: Exception loading blockstate definition: 'createfood:blockstates/sausage_fish_pizza.json' missing model for variant: 'createfood:sausage_fish_pizza#bites=6,facing=south'
[17:08:48] [Worker-ResourceReload-3/WARN]: Exception loading blockstate definition: 'createfood:blockstates/sausage_fish_pizza.json' missing model for variant: 'createfood:sausage_fish_pizza#bites=5,facing=east'
[17:08:48] [Worker-ResourceReload-3/WARN]: Exception loading blockstate definition: 'createfood:blockstates/sausage_fish_pizza.json' missing model for variant: 'createfood:sausage_fish_pizza#bites=5,facing=north'
[17:08:48] [Worker-ResourceReload-3/WARN]: Exception loading blockstate definition: 'createfood:blockstates/sausage_fish_pizza.json' missing model for variant: 'createfood:sausage_fish_pizza#bites=4,facing=north'
[17:08:48] [Worker-ResourceReload-3/WARN]: Exception loading blockstate definition: 'createfood:blockstates/sausage_fish_pizza.json' missing model for variant: 'createfood:sausage_fish_pizza#bites=6,facing=west'
[17:08:48] [Worker-ResourceReload-3/WARN]: Exception loading blockstate definition: 'createfood:blockstates/sausage_fish_pizza.json' missing model for variant: 'createfood:sausage_fish_pizza#bites=5,facing=south'
[17:08:48] [Worker-ResourceReload-3/WARN]: Exception loading blockstate definition: 'createfood:blockstates/sausage_fish_pizza.json' missing model for variant: 'createfood:sausage_fish_pizza#bites=4,facing=south'
[17:08:48] [Worker-ResourceReload-3/WARN]: Exception loading blockstate definition: 'createfood:blockstates/sausage_fish_pizza.json' missing model for variant: 'createfood:sausage_fish_pizza#bites=4,facing=west'
[17:08:48] [Worker-ResourceReload-3/WARN]: Exception loading blockstate definition: 'createfood:blockstates/sausage_fish_pizza.json' missing model for variant: 'createfood:sausage_fish_pizza#bites=5,facing=west'
[17:08:48] [Worker-ResourceReload-3/WARN]: Exception loading blockstate definition: 'createfood:blockstates/sausage_mushroom_pizza.json' missing model for variant: 'createfood:sausage_mushroom_pizza#bites=4,facing=west'
[17:08:48] [Worker-ResourceReload-3/WARN]: Exception loading blockstate definition: 'createfood:blockstates/sausage_mushroom_pizza.json' missing model for variant: 'createfood:sausage_mushroom_pizza#bites=4,facing=south'
[17:08:48] [Worker-ResourceReload-3/WARN]: Exception loading blockstate definition: 'createfood:blockstates/sausage_mushroom_pizza.json' missing model for variant: 'createfood:sausage_mushroom_pizza#bites=6,facing=west'
[17:08:48] [Worker-ResourceReload-3/WARN]: Exception loading blockstate definition: 'createfood:blockstates/sausage_mushroom_pizza.json' missing model for variant: 'createfood:sausage_mushroom_pizza#bites=4,facing=east'
[17:08:48] [Worker-ResourceReload-3/WARN]: Exception loading blockstate definition: 'createfood:blockstates/sausage_mushroom_pizza.json' missing model for variant: 'createfood:sausage_mushroom_pizza#bites=5,facing=west'
[17:08:48] [Worker-ResourceReload-3/WARN]: Exception loading blockstate definition: 'createfood:blockstates/sausage_mushroom_pizza.json' missing model for variant: 'createfood:sausage_mushroom_pizza#bites=5,facing=east'
[17:08:48] [Worker-ResourceReload-3/WARN]: Exception loading blockstate definition: 'createfood:blockstates/sausage_mushroom_pizza.json' missing model for variant: 'createfood:sausage_mushroom_pizza#bites=6,facing=east'
[17:08:48] [Worker-ResourceReload-3/WARN]: Exception loading blockstate definition: 'createfood:blockstates/sausage_mushroom_pizza.json' missing model for variant: 'createfood:sausage_mushroom_pizza#bites=5,facing=south'
[17:08:48] [Worker-ResourceReload-3/WARN]: Exception loading blockstate definition: 'createfood:blockstates/sausage_mushroom_pizza.json' missing model for variant: 'createfood:sausage_mushroom_pizza#bites=6,facing=north'
[17:08:48] [Worker-ResourceReload-3/WARN]: Exception loading blockstate definition: 'createfood:blockstates/sausage_mushroom_pizza.json' missing model for variant: 'createfood:sausage_mushroom_pizza#bites=5,facing=north'
[17:08:48] [Worker-ResourceReload-3/WARN]: Exception loading blockstate definition: 'createfood:blockstates/sausage_mushroom_pizza.json' missing model for variant: 'createfood:sausage_mushroom_pizza#bites=4,facing=north'
[17:08:48] [Worker-ResourceReload-3/WARN]: Exception loading blockstate definition: 'createfood:blockstates/sausage_mushroom_pizza.json' missing model for variant: 'createfood:sausage_mushroom_pizza#bites=6,facing=south'
[17:08:48] [Worker-ResourceReload-3/WARN]: Exception loading blockstate definition: 'createfood:blockstates/sausage_onion_pizza.json' missing model for variant: 'createfood:sausage_onion_pizza#bites=4,facing=west'
[17:08:48] [Worker-ResourceReload-3/WARN]: Exception loading blockstate definition: 'createfood:blockstates/sausage_onion_pizza.json' missing model for variant: 'createfood:sausage_onion_pizza#bites=5,facing=east'
[17:08:48] [Worker-ResourceReload-3/WARN]: Exception loading blockstate definition: 'createfood:blockstates/sausage_onion_pizza.json' missing model for variant: 'createfood:sausage_onion_pizza#bites=5,facing=south'
[17:08:48] [Worker-ResourceReload-3/WARN]: Exception loading blockstate definition: 'createfood:blockstates/sausage_onion_pizza.json' missing model for variant: 'createfood:sausage_onion_pizza#bites=6,facing=east'
[17:08:48] [Worker-ResourceReload-3/WARN]: Exception loading blockstate definition: 'createfood:blockstates/sausage_onion_pizza.json' missing model for variant: 'createfood:sausage_onion_pizza#bites=4,facing=south'
[17:08:48] [Worker-ResourceReload-3/WARN]: Exception loading blockstate definition: 'createfood:blockstates/sausage_onion_pizza.json' missing model for variant: 'createfood:sausage_onion_pizza#bites=5,facing=west'
[17:08:48] [Worker-ResourceReload-3/WARN]: Exception loading blockstate definition: 'createfood:blockstates/sausage_onion_pizza.json' missing model for variant: 'createfood:sausage_onion_pizza#bites=6,facing=west'
[17:08:48] [Worker-ResourceReload-3/WARN]: Exception loading blockstate definition: 'createfood:blockstates/sausage_onion_pizza.json' missing model for variant: 'createfood:sausage_onion_pizza#bites=4,facing=east'
[17:08:48] [Worker-ResourceReload-3/WARN]: Exception loading blockstate definition: 'createfood:blockstates/sausage_onion_pizza.json' missing model for variant: 'createfood:sausage_onion_pizza#bites=4,facing=north'
[17:08:48] [Worker-ResourceReload-3/WARN]: Exception loading blockstate definition: 'createfood:blockstates/sausage_onion_pizza.json' missing model for variant: 'createfood:sausage_onion_pizza#bites=6,facing=south'
[17:08:48] [Worker-ResourceReload-3/WARN]: Exception loading blockstate definition: 'createfood:blockstates/sausage_onion_pizza.json' missing model for variant: 'createfood:sausage_onion_pizza#bites=5,facing=north'
[17:08:48] [Worker-ResourceReload-3/WARN]: Exception loading blockstate definition: 'createfood:blockstates/sausage_onion_pizza.json' missing model for variant: 'createfood:sausage_onion_pizza#bites=6,facing=north'
[17:08:48] [Worker-ResourceReload-3/WARN]: Exception loading blockstate definition: 'createfood:blockstates/sausage_pizza.json' missing model for variant: 'createfood:sausage_pizza#bites=6,facing=south'
[17:08:48] [Worker-ResourceReload-3/WARN]: Exception loading blockstate definition: 'createfood:blockstates/sausage_pizza.json' missing model for variant: 'createfood:sausage_pizza#bites=6,facing=north'
[17:08:48] [Worker-ResourceReload-3/WARN]: Exception loading blockstate definition: 'createfood:blockstates/sausage_pizza.json' missing model for variant: 'createfood:sausage_pizza#bites=4,facing=south'
[17:08:48] [Worker-ResourceReload-3/WARN]: Exception loading blockstate definition: 'createfood:blockstates/sausage_pizza.json' missing model for variant: 'createfood:sausage_pizza#bites=5,facing=south'
[17:08:48] [Worker-ResourceReload-3/WARN]: Exception loading blockstate definition: 'createfood:blockstates/sausage_pizza.json' missing model for variant: 'createfood:sausage_pizza#bites=5,facing=north'
[17:08:48] [Worker-ResourceReload-3/WARN]: Exception loading blockstate definition: 'createfood:blockstates/sausage_pizza.json' missing model for variant: 'createfood:sausage_pizza#bites=5,facing=east'
[17:08:48] [Worker-ResourceReload-3/WARN]: Exception loading blockstate definition: 'createfood:blockstates/sausage_pizza.json' missing model for variant: 'createfood:sausage_pizza#bites=4,facing=east'
[17:08:48] [Worker-ResourceReload-3/WARN]: Exception loading blockstate definition: 'createfood:blockstates/sausage_pizza.json' missing model for variant: 'createfood:sausage_pizza#bites=6,facing=east'
[17:08:48] [Worker-ResourceReload-3/WARN]: Exception loading blockstate definition: 'createfood:blockstates/sausage_pizza.json' missing model for variant: 'createfood:sausage_pizza#bites=6,facing=west'
[17:08:48] [Worker-ResourceReload-3/WARN]: Exception loading blockstate definition: 'createfood:blockstates/sausage_pizza.json' missing model for variant: 'createfood:sausage_pizza#bites=5,facing=west'
[17:08:48] [Worker-ResourceReload-3/WARN]: Exception loading blockstate definition: 'createfood:blockstates/sausage_pizza.json' missing model for variant: 'createfood:sausage_pizza#bites=4,facing=west'
[17:08:48] [Worker-ResourceReload-3/WARN]: Exception loading blockstate definition: 'createfood:blockstates/sausage_pizza.json' missing model for variant: 'createfood:sausage_pizza#bites=4,facing=north'
[17:08:48] [Worker-ResourceReload-3/WARN]: Exception loading blockstate definition: 'createfood:blockstates/apple_cheesecake.json' missing model for variant: 'createfood:apple_cheesecake#bites=5,facing=west'
[17:08:48] [Worker-ResourceReload-3/WARN]: Exception loading blockstate definition: 'createfood:blockstates/apple_cheesecake.json' missing model for variant: 'createfood:apple_cheesecake#bites=6,facing=west'
[17:08:48] [Worker-ResourceReload-3/WARN]: Exception loading blockstate definition: 'createfood:blockstates/apple_cheesecake.json' missing model for variant: 'createfood:apple_cheesecake#bites=4,facing=west'
[17:08:48] [Worker-ResourceReload-3/WARN]: Exception loading blockstate definition: 'createfood:blockstates/apple_cheesecake.json' missing model for variant: 'createfood:apple_cheesecake#bites=6,facing=south'
[17:08:48] [Worker-ResourceReload-3/WARN]: Exception loading blockstate definition: 'createfood:blockstates/apple_cheesecake.json' missing model for variant: 'createfood:apple_cheesecake#bites=5,facing=south'
[17:08:48] [Worker-ResourceReload-3/WARN]: Exception loading blockstate definition: 'createfood:blockstates/apple_cheesecake.json' missing model for variant: 'createfood:apple_cheesecake#bites=6,facing=north'
[17:08:48] [Worker-ResourceReload-3/WARN]: Exception loading blockstate definition: 'createfood:blockstates/apple_cheesecake.json' missing model for variant: 'createfood:apple_cheesecake#bites=5,facing=north'
[17:08:48] [Worker-ResourceReload-3/WARN]: Exception loading blockstate definition: 'createfood:blockstates/apple_cheesecake.json' missing model for variant: 'createfood:apple_cheesecake#bites=4,facing=north'
[17:08:48] [Worker-ResourceReload-3/WARN]: Exception loading blockstate definition: 'createfood:blockstates/apple_cheesecake.json' missing model for variant: 'createfood:apple_cheesecake#bites=6,facing=east'
[17:08:48] [Worker-ResourceReload-3/WARN]: Exception loading blockstate definition: 'createfood:blockstates/apple_cheesecake.json' missing model for variant: 'createfood:apple_cheesecake#bites=4,facing=south'
[17:08:48] [Worker-ResourceReload-3/WARN]: Exception loading blockstate definition: 'createfood:blockstates/apple_cheesecake.json' missing model for variant: 'createfood:apple_cheesecake#bites=5,facing=east'
[17:08:48] [Worker-ResourceReload-3/WARN]: Exception loading blockstate definition: 'createfood:blockstates/apple_cheesecake.json' missing model for variant: 'createfood:apple_cheesecake#bites=4,facing=east'
[17:08:48] [Worker-ResourceReload-3/WARN]: Exception loading blockstate definition: 'createfood:blockstates/berry_pie.json' missing model for variant: 'createfood:berry_pie#bites=6,facing=south'
[17:08:48] [Worker-ResourceReload-3/WARN]: Exception loading blockstate definition: 'createfood:blockstates/berry_pie.json' missing model for variant: 'createfood:berry_pie#bites=5,facing=north'
[17:08:48] [Worker-ResourceReload-3/WARN]: Exception loading blockstate definition: 'createfood:blockstates/berry_pie.json' missing model for variant: 'createfood:berry_pie#bites=6,facing=north'
[17:08:48] [Worker-ResourceReload-3/WARN]: Exception loading blockstate definition: 'createfood:blockstates/berry_pie.json' missing model for variant: 'createfood:berry_pie#bites=4,facing=north'
[17:08:48] [Worker-ResourceReload-3/WARN]: Exception loading blockstate definition: 'createfood:blockstates/berry_pie.json' missing model for variant: 'createfood:berry_pie#bites=4,facing=west'
[17:08:48] [Worker-ResourceReload-3/WARN]: Exception loading blockstate definition: 'createfood:blockstates/berry_pie.json' missing model for variant: 'createfood:berry_pie#bites=5,facing=west'
[17:08:48] [Worker-ResourceReload-3/WARN]: Exception loading blockstate definition: 'createfood:blockstates/berry_pie.json' missing model for variant: 'createfood:berry_pie#bites=6,facing=west'
[17:08:48] [Worker-ResourceReload-3/WARN]: Exception loading blockstate definition: 'createfood:blockstates/berry_pie.json' missing model for variant: 'createfood:berry_pie#bites=6,facing=east'
[17:08:48] [Worker-ResourceReload-3/WARN]: Exception loading blockstate definition: 'createfood:blockstates/berry_pie.json' missing model for variant: 'createfood:berry_pie#bites=5,facing=east'
[17:08:48] [Worker-ResourceReload-3/WARN]: Exception loading blockstate definition: 'createfood:blockstates/berry_pie.json' missing model for variant: 'createfood:berry_pie#bites=4,facing=south'
[17:08:48] [Worker-ResourceReload-3/WARN]: Exception loading blockstate definition: 'createfood:blockstates/berry_pie.json' missing model for variant: 'createfood:berry_pie#bites=5,facing=south'
[17:08:48] [Worker-ResourceReload-3/WARN]: Exception loading blockstate definition: 'createfood:blockstates/berry_pie.json' missing model for variant: 'createfood:berry_pie#bites=4,facing=east'
[17:08:48] [Worker-ResourceReload-3/WARN]: Exception loading blockstate definition: 'createfood:blockstates/cheesecake.json' missing model for variant: 'createfood:cheesecake#bites=6,facing=west'
[17:08:48] [Worker-ResourceReload-3/WARN]: Exception loading blockstate definition: 'createfood:blockstates/cheesecake.json' missing model for variant: 'createfood:cheesecake#bites=5,facing=west'
[17:08:48] [Worker-ResourceReload-3/WARN]: Exception loading blockstate definition: 'createfood:blockstates/cheesecake.json' missing model for variant: 'createfood:cheesecake#bites=4,facing=east'
[17:08:48] [Worker-ResourceReload-3/WARN]: Exception loading blockstate definition: 'createfood:blockstates/cheesecake.json' missing model for variant: 'createfood:cheesecake#bites=5,facing=east'
[17:08:48] [Worker-ResourceReload-3/WARN]: Exception loading blockstate definition: 'createfood:blockstates/cheesecake.json' missing model for variant: 'createfood:cheesecake#bites=4,facing=north'
[17:08:48] [Worker-ResourceReload-3/WARN]: Exception loading blockstate definition: 'createfood:blockstates/cheesecake.json' missing model for variant: 'createfood:cheesecake#bites=6,facing=north'
[17:08:48] [Worker-ResourceReload-3/WARN]: Exception loading blockstate definition: 'createfood:blockstates/cheesecake.json' missing model for variant: 'createfood:cheesecake#bites=5,facing=north'
[17:08:48] [Worker-ResourceReload-3/WARN]: Exception loading blockstate definition: 'createfood:blockstates/cheesecake.json' missing model for variant: 'createfood:cheesecake#bites=6,facing=east'
[17:08:48] [Worker-ResourceReload-3/WARN]: Exception loading blockstate definition: 'createfood:blockstates/cheesecake.json' missing model for variant: 'createfood:cheesecake#bites=4,facing=south'
[17:08:48] [Worker-ResourceReload-3/WARN]: Exception loading blockstate definition: 'createfood:blockstates/cheesecake.json' missing model for variant: 'createfood:cheesecake#bites=4,facing=west'
[17:08:48] [Worker-ResourceReload-3/WARN]: Exception loading blockstate definition: 'createfood:blockstates/cheesecake.json' missing model for variant: 'createfood:cheesecake#bites=5,facing=south'
[17:08:48] [Worker-ResourceReload-3/WARN]: Exception loading blockstate definition: 'createfood:blockstates/cheesecake.json' missing model for variant: 'createfood:cheesecake#bites=6,facing=south'
[17:08:48] [Worker-ResourceReload-3/WARN]: Exception loading blockstate definition: 'createfood:blockstates/chocolate_pie_graham_cracker.json' missing model for variant: 'createfood:chocolate_pie_graham_cracker#bites=5,facing=west'
[17:08:48] [Worker-ResourceReload-3/WARN]: Exception loading blockstate definition: 'createfood:blockstates/chocolate_pie_graham_cracker.json' missing model for variant: 'createfood:chocolate_pie_graham_cracker#bites=4,facing=west'
[17:08:48] [Worker-ResourceReload-3/WARN]: Exception loading blockstate definition: 'createfood:blockstates/chocolate_pie_graham_cracker.json' missing model for variant: 'createfood:chocolate_pie_graham_cracker#bites=4,facing=north'
[17:08:48] [Worker-ResourceReload-3/WARN]: Exception loading blockstate definition: 'createfood:blockstates/chocolate_pie_graham_cracker.json' missing model for variant: 'createfood:chocolate_pie_graham_cracker#bites=5,facing=north'
[17:08:48] [Worker-ResourceReload-3/WARN]: Exception loading blockstate definition: 'createfood:blockstates/chocolate_pie_graham_cracker.json' missing model for variant: 'createfood:chocolate_pie_graham_cracker#bites=6,facing=north'
[17:08:48] [Worker-ResourceReload-3/WARN]: Exception loading blockstate definition: 'createfood:blockstates/chocolate_pie_graham_cracker.json' missing model for variant: 'createfood:chocolate_pie_graham_cracker#bites=6,facing=south'
[17:08:48] [Worker-ResourceReload-3/WARN]: Exception loading blockstate definition: 'createfood:blockstates/chocolate_pie_graham_cracker.json' missing model for variant: 'createfood:chocolate_pie_graham_cracker#bites=5,facing=south'
[17:08:48] [Worker-ResourceReload-3/WARN]: Exception loading blockstate definition: 'createfood:blockstates/chocolate_pie_graham_cracker.json' missing model for variant: 'createfood:chocolate_pie_graham_cracker#bites=4,facing=east'
[17:08:48] [Worker-ResourceReload-3/WARN]: Exception loading blockstate definition: 'createfood:blockstates/chocolate_pie_graham_cracker.json' missing model for variant: 'createfood:chocolate_pie_graham_cracker#bites=5,facing=east'
[17:08:48] [Worker-ResourceReload-3/WARN]: Exception loading blockstate definition: 'createfood:blockstates/chocolate_pie_graham_cracker.json' missing model for variant: 'createfood:chocolate_pie_graham_cracker#bites=4,facing=south'
[17:08:48] [Worker-ResourceReload-3/WARN]: Exception loading blockstate definition: 'createfood:blockstates/chocolate_pie_graham_cracker.json' missing model for variant: 'createfood:chocolate_pie_graham_cracker#bites=6,facing=west'
[17:08:48] [Worker-ResourceReload-3/WARN]: Exception loading blockstate definition: 'createfood:blockstates/chocolate_pie_graham_cracker.json' missing model for variant: 'createfood:chocolate_pie_graham_cracker#bites=6,facing=east'
[17:08:48] [Worker-ResourceReload-3/WARN]: Exception loading blockstate definition: 'createfood:blockstates/chorus_fruit_cheesecake.json' missing model for variant: 'createfood:chorus_fruit_cheesecake#bites=6,facing=south'
[17:08:48] [Worker-ResourceReload-3/WARN]: Exception loading blockstate definition: 'createfood:blockstates/chorus_fruit_cheesecake.json' missing model for variant: 'createfood:chorus_fruit_cheesecake#bites=4,facing=south'
[17:08:48] [Worker-ResourceReload-3/WARN]: Exception loading blockstate definition: 'createfood:blockstates/chorus_fruit_cheesecake.json' missing model for variant: 'createfood:chorus_fruit_cheesecake#bites=4,facing=west'
[17:08:48] [Worker-ResourceReload-3/WARN]: Exception loading blockstate definition: 'createfood:blockstates/chorus_fruit_cheesecake.json' missing model for variant: 'createfood:chorus_fruit_cheesecake#bites=5,facing=north'
[17:08:48] [Worker-ResourceReload-3/WARN]: Exception loading blockstate definition: 'createfood:blockstates/chorus_fruit_cheesecake.json' missing model for variant: 'createfood:chorus_fruit_cheesecake#bites=6,facing=north'
[17:08:48] [Worker-ResourceReload-3/WARN]: Exception loading blockstate definition: 'createfood:blockstates/chorus_fruit_cheesecake.json' missing model for variant: 'createfood:chorus_fruit_cheesecake#bites=5,facing=south'
[17:08:48] [Worker-ResourceReload-3/WARN]: Exception loading blockstate definition: 'createfood:blockstates/chorus_fruit_cheesecake.json' missing model for variant: 'createfood:chorus_fruit_cheesecake#bites=4,facing=north'
[17:08:48] [Worker-ResourceReload-3/WARN]: Exception loading blockstate definition: 'createfood:blockstates/chorus_fruit_cheesecake.json' missing model for variant: 'createfood:chorus_fruit_cheesecake#bites=6,facing=east'
[17:08:48] [Worker-ResourceReload-3/WARN]: Exception loading blockstate definition: 'createfood:blockstates/chorus_fruit_cheesecake.json' missing model for variant: 'createfood:chorus_fruit_cheesecake#bites=5,facing=east'
[17:08:48] [Worker-ResourceReload-3/WARN]: Exception loading blockstate definition: 'createfood:blockstates/chorus_fruit_cheesecake.json' missing model for variant: 'createfood:chorus_fruit_cheesecake#bites=4,facing=east'
[17:08:48] [Worker-ResourceReload-3/WARN]: Exception loading blockstate definition: 'createfood:blockstates/chorus_fruit_cheesecake.json' missing model for variant: 'createfood:chorus_fruit_cheesecake#bites=5,facing=west'
[17:08:48] [Worker-ResourceReload-3/WARN]: Exception loading blockstate definition: 'createfood:blockstates/chorus_fruit_cheesecake.json' missing model for variant: 'createfood:chorus_fruit_cheesecake#bites=6,facing=west'
[17:08:48] [Worker-ResourceReload-3/WARN]: Exception loading blockstate definition: 'createfood:blockstates/chorus_fruit_pie.json' missing model for variant: 'createfood:chorus_fruit_pie#bites=4,facing=north'
[17:08:48] [Worker-ResourceReload-3/WARN]: Exception loading blockstate definition: 'createfood:blockstates/chorus_fruit_pie.json' missing model for variant: 'createfood:chorus_fruit_pie#bites=4,facing=east'
[17:08:48] [Worker-ResourceReload-3/WARN]: Exception loading blockstate definition: 'createfood:blockstates/chorus_fruit_pie.json' missing model for variant: 'createfood:chorus_fruit_pie#bites=5,facing=north'
[17:08:48] [Worker-ResourceReload-3/WARN]: Exception loading blockstate definition: 'createfood:blockstates/chorus_fruit_pie.json' missing model for variant: 'createfood:chorus_fruit_pie#bites=5,facing=east'
[17:08:48] [Worker-ResourceReload-3/WARN]: Exception loading blockstate definition: 'createfood:blockstates/chorus_fruit_pie.json' missing model for variant: 'createfood:chorus_fruit_pie#bites=6,facing=east'
[17:08:48] [Worker-ResourceReload-3/WARN]: Exception loading blockstate definition: 'createfood:blockstates/chorus_fruit_pie.json' missing model for variant: 'createfood:chorus_fruit_pie#bites=6,facing=north'
[17:08:48] [Worker-ResourceReload-3/WARN]: Exception loading blockstate definition: 'createfood:blockstates/chorus_fruit_pie.json' missing model for variant: 'createfood:chorus_fruit_pie#bites=5,facing=west'
[17:08:48] [Worker-ResourceReload-3/WARN]: Exception loading blockstate definition: 'createfood:blockstates/chorus_fruit_pie.json' missing model for variant: 'createfood:chorus_fruit_pie#bites=4,facing=west'
[17:08:48] [Worker-ResourceReload-3/WARN]: Exception loading blockstate definition: 'createfood:blockstates/chorus_fruit_pie.json' missing model for variant: 'createfood:chorus_fruit_pie#bites=6,facing=west'
[17:08:48] [Worker-ResourceReload-3/WARN]: Exception loading blockstate definition: 'createfood:blockstates/chorus_fruit_pie.json' missing model for variant: 'createfood:chorus_fruit_pie#bites=4,facing=south'
[17:08:48] [Worker-ResourceReload-3/WARN]: Exception loading blockstate definition: 'createfood:blockstates/chorus_fruit_pie.json' missing model for variant: 'createfood:chorus_fruit_pie#bites=6,facing=south'
[17:08:48] [Worker-ResourceReload-3/WARN]: Exception loading blockstate definition: 'createfood:blockstates/chorus_fruit_pie.json' missing model for variant: 'createfood:chorus_fruit_pie#bites=5,facing=south'
[17:08:48] [Worker-ResourceReload-3/WARN]: Exception loading blockstate definition: 'createfood:blockstates/cookie_cream_pie.json' missing model for variant: 'createfood:cookie_cream_pie#bites=5,facing=south'
[17:08:48] [Worker-ResourceReload-3/WARN]: Exception loading blockstate definition: 'createfood:blockstates/cookie_cream_pie.json' missing model for variant: 'createfood:cookie_cream_pie#bites=6,facing=north'
[17:08:48] [Worker-ResourceReload-3/WARN]: Exception loading blockstate definition: 'createfood:blockstates/cookie_cream_pie.json' missing model for variant: 'createfood:cookie_cream_pie#bites=4,facing=south'
[17:08:48] [Worker-ResourceReload-3/WARN]: Exception loading blockstate definition: 'createfood:blockstates/cookie_cream_pie.json' missing model for variant: 'createfood:cookie_cream_pie#bites=4,facing=east'
[17:08:48] [Worker-ResourceReload-3/WARN]: Exception loading blockstate definition: 'createfood:blockstates/cookie_cream_pie.json' missing model for variant: 'createfood:cookie_cream_pie#bites=5,facing=north'
[17:08:48] [Worker-ResourceReload-3/WARN]: Exception loading blockstate definition: 'createfood:blockstates/cookie_cream_pie.json' missing model for variant: 'createfood:cookie_cream_pie#bites=4,facing=north'
[17:08:48] [Worker-ResourceReload-3/WARN]: Exception loading blockstate definition: 'createfood:blockstates/cookie_cream_pie.json' missing model for variant: 'createfood:cookie_cream_pie#bites=6,facing=south'
[17:08:48] [Worker-ResourceReload-3/WARN]: Exception loading blockstate definition: 'createfood:blockstates/cookie_cream_pie.json' missing model for variant: 'createfood:cookie_cream_pie#bites=6,facing=east'
[17:08:48] [Worker-ResourceReload-3/WARN]: Exception loading blockstate definition: 'createfood:blockstates/cookie_cream_pie.json' missing model for variant: 'createfood:cookie_cream_pie#bites=5,facing=east'
[17:08:48] [Worker-ResourceReload-3/WARN]: Exception loading blockstate definition: 'createfood:blockstates/cookie_cream_pie.json' missing model for variant: 'createfood:cookie_cream_pie#bites=6,facing=west'
[17:08:48] [Worker-ResourceReload-3/WARN]: Exception loading blockstate definition: 'createfood:blockstates/cookie_cream_pie.json' missing model for variant: 'createfood:cookie_cream_pie#bites=5,facing=west'
[17:08:48] [Worker-ResourceReload-3/WARN]: Exception loading blockstate definition: 'createfood:blockstates/cookie_cream_pie.json' missing model for variant: 'createfood:cookie_cream_pie#bites=4,facing=west'
[17:08:48] [Worker-ResourceReload-3/WARN]: Exception loading blockstate definition: 'createfood:blockstates/cream_pie_chocolate_graham_cracker.json' missing model for variant: 'createfood:cream_pie_chocolate_graham_cracker#bites=4,facing=east'
[17:08:48] [Worker-ResourceReload-3/WARN]: Exception loading blockstate definition: 'createfood:blockstates/cream_pie_chocolate_graham_cracker.json' missing model for variant: 'createfood:cream_pie_chocolate_graham_cracker#bites=4,facing=south'
[17:08:48] [Worker-ResourceReload-3/WARN]: Exception loading blockstate definition: 'createfood:blockstates/cream_pie_chocolate_graham_cracker.json' missing model for variant: 'createfood:cream_pie_chocolate_graham_cracker#bites=5,facing=east'
[17:08:48] [Worker-ResourceReload-3/WARN]: Exception loading blockstate definition: 'createfood:blockstates/cream_pie_chocolate_graham_cracker.json' missing model for variant: 'createfood:cream_pie_chocolate_graham_cracker#bites=6,facing=south'
[17:08:48] [Worker-ResourceReload-3/WARN]: Exception loading blockstate definition: 'createfood:blockstates/cream_pie_chocolate_graham_cracker.json' missing model for variant: 'createfood:cream_pie_chocolate_graham_cracker#bites=6,facing=east'
[17:08:48] [Worker-ResourceReload-3/WARN]: Exception loading blockstate definition: 'createfood:blockstates/cream_pie_chocolate_graham_cracker.json' missing model for variant: 'createfood:cream_pie_chocolate_graham_cracker#bites=5,facing=south'
[17:08:48] [Worker-ResourceReload-3/WARN]: Exception loading blockstate definition: 'createfood:blockstates/cream_pie_chocolate_graham_cracker.json' missing model for variant: 'createfood:cream_pie_chocolate_graham_cracker#bites=5,facing=west'
[17:08:48] [Worker-ResourceReload-3/WARN]: Exception loading blockstate definition: 'createfood:blockstates/cream_pie_chocolate_graham_cracker.json' missing model for variant: 'createfood:cream_pie_chocolate_graham_cracker#bites=6,facing=west'
[17:08:48] [Worker-ResourceReload-3/WARN]: Exception loading blockstate definition: 'createfood:blockstates/cream_pie_chocolate_graham_cracker.json' missing model for variant: 'createfood:cream_pie_chocolate_graham_cracker#bites=4,facing=west'
[17:08:48] [Worker-ResourceReload-3/WARN]: Exception loading blockstate definition: 'createfood:blockstates/cream_pie_chocolate_graham_cracker.json' missing model for variant: 'createfood:cream_pie_chocolate_graham_cracker#bites=4,facing=north'
[17:08:48] [Worker-ResourceReload-3/WARN]: Exception loading blockstate definition: 'createfood:blockstates/cream_pie_chocolate_graham_cracker.json' missing model for variant: 'createfood:cream_pie_chocolate_graham_cracker#bites=6,facing=north'
[17:08:48] [Worker-ResourceReload-3/WARN]: Exception loading blockstate definition: 'createfood:blockstates/cream_pie_chocolate_graham_cracker.json' missing model for variant: 'createfood:cream_pie_chocolate_graham_cracker#bites=5,facing=north'
[17:08:48] [Worker-ResourceReload-3/WARN]: Exception loading blockstate definition: 'createfood:blockstates/cream_pie_graham_cracker.json' missing model for variant: 'createfood:cream_pie_graham_cracker#bites=4,facing=north'
[17:08:48] [Worker-ResourceReload-3/WARN]: Exception loading blockstate definition: 'createfood:blockstates/cream_pie_graham_cracker.json' missing model for variant: 'createfood:cream_pie_graham_cracker#bites=4,facing=east'
[17:08:48] [Worker-ResourceReload-3/WARN]: Exception loading blockstate definition: 'createfood:blockstates/cream_pie_graham_cracker.json' missing model for variant: 'createfood:cream_pie_graham_cracker#bites=5,facing=south'
[17:08:48] [Worker-ResourceReload-3/WARN]: Exception loading blockstate definition: 'createfood:blockstates/cream_pie_graham_cracker.json' missing model for variant: 'createfood:cream_pie_graham_cracker#bites=6,facing=east'
[17:08:48] [Worker-ResourceReload-3/WARN]: Exception loading blockstate definition: 'createfood:blockstates/cream_pie_graham_cracker.json' missing model for variant: 'createfood:cream_pie_graham_cracker#bites=6,facing=south'
[17:08:48] [Worker-ResourceReload-3/WARN]: Exception loading blockstate definition: 'createfood:blockstates/cream_pie_graham_cracker.json' missing model for variant: 'createfood:cream_pie_graham_cracker#bites=5,facing=east'
[17:08:48] [Worker-ResourceReload-3/WARN]: Exception loading blockstate definition: 'createfood:blockstates/cream_pie_graham_cracker.json' missing model for variant: 'createfood:cream_pie_graham_cracker#bites=5,facing=west'
[17:08:48] [Worker-ResourceReload-3/WARN]: Exception loading blockstate definition: 'createfood:blockstates/cream_pie_graham_cracker.json' missing model for variant: 'createfood:cream_pie_graham_cracker#bites=6,facing=west'
[17:08:48] [Worker-ResourceReload-3/WARN]: Exception loading blockstate definition: 'createfood:blockstates/cream_pie_graham_cracker.json' missing model for variant: 'createfood:cream_pie_graham_cracker#bites=4,facing=west'
[17:08:48] [Worker-ResourceReload-3/WARN]: Exception loading blockstate definition: 'createfood:blockstates/cream_pie_graham_cracker.json' missing model for variant: 'createfood:cream_pie_graham_cracker#bites=4,facing=south'
[17:08:48] [Worker-ResourceReload-3/WARN]: Exception loading blockstate definition: 'createfood:blockstates/cream_pie_graham_cracker.json' missing model for variant: 'createfood:cream_pie_graham_cracker#bites=5,facing=north'
[17:08:48] [Worker-ResourceReload-3/WARN]: Exception loading blockstate definition: 'createfood:blockstates/cream_pie_graham_cracker.json' missing model for variant: 'createfood:cream_pie_graham_cracker#bites=6,facing=north'
[17:08:48] [Worker-ResourceReload-3/WARN]: Exception loading blockstate definition: 'createfood:blockstates/glow_berry_cheesecake.json' missing model for variant: 'createfood:glow_berry_cheesecake#bites=4,facing=east'
[17:08:48] [Worker-ResourceReload-3/WARN]: Exception loading blockstate definition: 'createfood:blockstates/glow_berry_cheesecake.json' missing model for variant: 'createfood:glow_berry_cheesecake#bites=4,facing=north'
[17:08:48] [Worker-ResourceReload-3/WARN]: Exception loading blockstate definition: 'createfood:blockstates/glow_berry_cheesecake.json' missing model for variant: 'createfood:glow_berry_cheesecake#bites=5,facing=north'
[17:08:48] [Worker-ResourceReload-3/WARN]: Exception loading blockstate definition: 'createfood:blockstates/glow_berry_cheesecake.json' missing model for variant: 'createfood:glow_berry_cheesecake#bites=5,facing=south'
[17:08:48] [Worker-ResourceReload-3/WARN]: Exception loading blockstate definition: 'createfood:blockstates/glow_berry_cheesecake.json' missing model for variant: 'createfood:glow_berry_cheesecake#bites=6,facing=north'
[17:08:48] [Worker-ResourceReload-3/WARN]: Exception loading blockstate definition: 'createfood:blockstates/glow_berry_cheesecake.json' missing model for variant: 'createfood:glow_berry_cheesecake#bites=6,facing=east'
[17:08:48] [Worker-ResourceReload-3/WARN]: Exception loading blockstate definition: 'createfood:blockstates/glow_berry_cheesecake.json' missing model for variant: 'createfood:glow_berry_cheesecake#bites=4,facing=south'
[17:08:48] [Worker-ResourceReload-3/WARN]: Exception loading blockstate definition: 'createfood:blockstates/glow_berry_cheesecake.json' missing model for variant: 'createfood:glow_berry_cheesecake#bites=5,facing=east'
[17:08:48] [Worker-ResourceReload-3/WARN]: Exception loading blockstate definition: 'createfood:blockstates/glow_berry_cheesecake.json' missing model for variant: 'createfood:glow_berry_cheesecake#bites=4,facing=west'
[17:08:48] [Worker-ResourceReload-3/WARN]: Exception loading blockstate definition: 'createfood:blockstates/glow_berry_cheesecake.json' missing model for variant: 'createfood:glow_berry_cheesecake#bites=6,facing=south'
[17:08:48] [Worker-ResourceReload-3/WARN]: Exception loading blockstate definition: 'createfood:blockstates/glow_berry_cheesecake.json' missing model for variant: 'createfood:glow_berry_cheesecake#bites=5,facing=west'
[17:08:48] [Worker-ResourceReload-3/WARN]: Exception loading blockstate definition: 'createfood:blockstates/glow_berry_cheesecake.json' missing model for variant: 'createfood:glow_berry_cheesecake#bites=6,facing=west'
[17:08:48] [Worker-ResourceReload-3/WARN]: Exception loading blockstate definition: 'createfood:blockstates/glow_berry_pie.json' missing model for variant: 'createfood:glow_berry_pie#bites=4,facing=west'
[17:08:48] [Worker-ResourceReload-3/WARN]: Exception loading blockstate definition: 'createfood:blockstates/glow_berry_pie.json' missing model for variant: 'createfood:glow_berry_pie#bites=6,facing=west'
[17:08:48] [Worker-ResourceReload-3/WARN]: Exception loading blockstate definition: 'createfood:blockstates/glow_berry_pie.json' missing model for variant: 'createfood:glow_berry_pie#bites=4,facing=east'
[17:08:48] [Worker-ResourceReload-3/WARN]: Exception loading blockstate definition: 'createfood:blockstates/glow_berry_pie.json' missing model for variant: 'createfood:glow_berry_pie#bites=5,facing=west'
[17:08:48] [Worker-ResourceReload-3/WARN]: Exception loading blockstate definition: 'createfood:blockstates/glow_berry_pie.json' missing model for variant: 'createfood:glow_berry_pie#bites=5,facing=east'
[17:08:48] [Worker-ResourceReload-3/WARN]: Exception loading blockstate definition: 'createfood:blockstates/glow_berry_pie.json' missing model for variant: 'createfood:glow_berry_pie#bites=6,facing=east'
[17:08:48] [Worker-ResourceReload-3/WARN]: Exception loading blockstate definition: 'createfood:blockstates/glow_berry_pie.json' missing model for variant: 'createfood:glow_berry_pie#bites=4,facing=south'
[17:08:48] [Worker-ResourceReload-3/WARN]: Exception loading blockstate definition: 'createfood:blockstates/glow_berry_pie.json' missing model for variant: 'createfood:glow_berry_pie#bites=6,facing=north'
[17:08:48] [Worker-ResourceReload-3/WARN]: Exception loading blockstate definition: 'createfood:blockstates/glow_berry_pie.json' missing model for variant: 'createfood:glow_berry_pie#bites=5,facing=north'
[17:08:48] [Worker-ResourceReload-3/WARN]: Exception loading blockstate definition: 'createfood:blockstates/glow_berry_pie.json' missing model for variant: 'createfood:glow_berry_pie#bites=4,facing=north'
[17:08:48] [Worker-ResourceReload-3/WARN]: Exception loading blockstate definition: 'createfood:blockstates/glow_berry_pie.json' missing model for variant: 'createfood:glow_berry_pie#bites=6,facing=south'
[17:08:48] [Worker-ResourceReload-3/WARN]: Exception loading blockstate definition: 'createfood:blockstates/glow_berry_pie.json' missing model for variant: 'createfood:glow_berry_pie#bites=5,facing=south'
[17:08:48] [Worker-ResourceReload-3/WARN]: Exception loading blockstate definition: 'createfood:blockstates/smores_pie.json' missing model for variant: 'createfood:smores_pie#bites=5,facing=west'
[17:08:48] [Worker-ResourceReload-3/WARN]: Exception loading blockstate definition: 'createfood:blockstates/smores_pie.json' missing model for variant: 'createfood:smores_pie#bites=4,facing=west'
[17:08:48] [Worker-ResourceReload-3/WARN]: Exception loading blockstate definition: 'createfood:blockstates/smores_pie.json' missing model for variant: 'createfood:smores_pie#bites=6,facing=west'
[17:08:48] [Worker-ResourceReload-3/WARN]: Exception loading blockstate definition: 'createfood:blockstates/smores_pie.json' missing model for variant: 'createfood:smores_pie#bites=4,facing=east'
[17:08:48] [Worker-ResourceReload-3/WARN]: Exception loading blockstate definition: 'createfood:blockstates/smores_pie.json' missing model for variant: 'createfood:smores_pie#bites=4,facing=north'
[17:08:48] [Worker-ResourceReload-3/WARN]: Exception loading blockstate definition: 'createfood:blockstates/smores_pie.json' missing model for variant: 'createfood:smores_pie#bites=5,facing=north'
[17:08:48] [Worker-ResourceReload-3/WARN]: Exception loading blockstate definition: 'createfood:blockstates/smores_pie.json' missing model for variant: 'createfood:smores_pie#bites=5,facing=east'
[17:08:48] [Worker-ResourceReload-3/WARN]: Exception loading blockstate definition: 'createfood:blockstates/smores_pie.json' missing model for variant: 'createfood:smores_pie#bites=4,facing=south'
[17:08:48] [Worker-ResourceReload-3/WARN]: Exception loading blockstate definition: 'createfood:blockstates/smores_pie.json' missing model for variant: 'createfood:smores_pie#bites=6,facing=east'
[17:08:48] [Worker-ResourceReload-3/WARN]: Exception loading blockstate definition: 'createfood:blockstates/smores_pie.json' missing model for variant: 'createfood:smores_pie#bites=6,facing=south'
[17:08:48] [Worker-ResourceReload-3/WARN]: Exception loading blockstate definition: 'createfood:blockstates/smores_pie.json' missing model for variant: 'createfood:smores_pie#bites=5,facing=south'
[17:08:48] [Worker-ResourceReload-3/WARN]: Exception loading blockstate definition: 'createfood:blockstates/smores_pie.json' missing model for variant: 'createfood:smores_pie#bites=6,facing=north'
[17:08:48] [Worker-ResourceReload-3/WARN]: Exception loading blockstate definition: 'createfood:blockstates/waffle.json' missing model for variant: 'createfood:waffle#bites=5,facing=west'
[17:08:48] [Worker-ResourceReload-3/WARN]: Exception loading blockstate definition: 'createfood:blockstates/waffle.json' missing model for variant: 'createfood:waffle#bites=6,facing=west'
[17:08:48] [Worker-ResourceReload-3/WARN]: Exception loading blockstate definition: 'createfood:blockstates/waffle.json' missing model for variant: 'createfood:waffle#bites=6,facing=east'
[17:08:48] [Worker-ResourceReload-3/WARN]: Exception loading blockstate definition: 'createfood:blockstates/waffle.json' missing model for variant: 'createfood:waffle#bites=4,facing=north'
[17:08:48] [Worker-ResourceReload-3/WARN]: Exception loading blockstate definition: 'createfood:blockstates/waffle.json' missing model for variant: 'createfood:waffle#bites=4,facing=east'
[17:08:48] [Worker-ResourceReload-3/WARN]: Exception loading blockstate definition: 'createfood:blockstates/waffle.json' missing model for variant: 'createfood:waffle#bites=5,facing=east'
[17:08:48] [Worker-ResourceReload-3/WARN]: Exception loading blockstate definition: 'createfood:blockstates/waffle.json' missing model for variant: 'createfood:waffle#bites=4,facing=south'
[17:08:48] [Worker-ResourceReload-3/WARN]: Exception loading blockstate definition: 'createfood:blockstates/waffle.json' missing model for variant: 'createfood:waffle#bites=5,facing=north'
[17:08:48] [Worker-ResourceReload-3/WARN]: Exception loading blockstate definition: 'createfood:blockstates/waffle.json' missing model for variant: 'createfood:waffle#bites=4,facing=west'
[17:08:48] [Worker-ResourceReload-3/WARN]: Exception loading blockstate definition: 'createfood:blockstates/waffle.json' missing model for variant: 'createfood:waffle#bites=5,facing=south'
[17:08:48] [Worker-ResourceReload-3/WARN]: Exception loading blockstate definition: 'createfood:blockstates/waffle.json' missing model for variant: 'createfood:waffle#bites=6,facing=south'
[17:08:48] [Worker-ResourceReload-3/WARN]: Exception loading blockstate definition: 'createfood:blockstates/waffle.json' missing model for variant: 'createfood:waffle#bites=6,facing=north'
[17:08:48] [Worker-ResourceReload-3/WARN]: Exception loading blockstate definition: 'createfood:blockstates/butterscotch_chip_waffle.json' missing model for variant: 'createfood:butterscotch_chip_waffle#bites=4,facing=north'
[17:08:48] [Worker-ResourceReload-3/WARN]: Exception loading blockstate definition: 'createfood:blockstates/butterscotch_chip_waffle.json' missing model for variant: 'createfood:butterscotch_chip_waffle#bites=4,facing=east'
[17:08:48] [Worker-ResourceReload-3/WARN]: Exception loading blockstate definition: 'createfood:blockstates/butterscotch_chip_waffle.json' missing model for variant: 'createfood:butterscotch_chip_waffle#bites=6,facing=north'
[17:08:48] [Worker-ResourceReload-3/WARN]: Exception loading blockstate definition: 'createfood:blockstates/butterscotch_chip_waffle.json' missing model for variant: 'createfood:butterscotch_chip_waffle#bites=5,facing=south'
[17:08:48] [Worker-ResourceReload-3/WARN]: Exception loading blockstate definition: 'createfood:blockstates/butterscotch_chip_waffle.json' missing model for variant: 'createfood:butterscotch_chip_waffle#bites=4,facing=south'
[17:08:48] [Worker-ResourceReload-3/WARN]: Exception loading blockstate definition: 'createfood:blockstates/butterscotch_chip_waffle.json' missing model for variant: 'createfood:butterscotch_chip_waffle#bites=5,facing=north'
[17:08:48] [Worker-ResourceReload-3/WARN]: Exception loading blockstate definition: 'createfood:blockstates/butterscotch_chip_waffle.json' missing model for variant: 'createfood:butterscotch_chip_waffle#bites=6,facing=south'
[17:08:48] [Worker-ResourceReload-3/WARN]: Exception loading blockstate definition: 'createfood:blockstates/butterscotch_chip_waffle.json' missing model for variant: 'createfood:butterscotch_chip_waffle#bites=4,facing=west'
[17:08:48] [Worker-ResourceReload-3/WARN]: Exception loading blockstate definition: 'createfood:blockstates/butterscotch_chip_waffle.json' missing model for variant: 'createfood:butterscotch_chip_waffle#bites=5,facing=west'
[17:08:48] [Worker-ResourceReload-3/WARN]: Exception loading blockstate definition: 'createfood:blockstates/butterscotch_chip_waffle.json' missing model for variant: 'createfood:butterscotch_chip_waffle#bites=6,facing=west'
[17:08:48] [Worker-ResourceReload-3/WARN]: Exception loading blockstate definition: 'createfood:blockstates/butterscotch_chip_waffle.json' missing model for variant: 'createfood:butterscotch_chip_waffle#bites=5,facing=east'
[17:08:48] [Worker-ResourceReload-3/WARN]: Exception loading blockstate definition: 'createfood:blockstates/butterscotch_chip_waffle.json' missing model for variant: 'createfood:butterscotch_chip_waffle#bites=6,facing=east'
[17:08:48] [Worker-ResourceReload-3/WARN]: Exception loading blockstate definition: 'createfood:blockstates/caramel_chip_waffle.json' missing model for variant: 'createfood:caramel_chip_waffle#bites=4,facing=west'
[17:08:48] [Worker-ResourceReload-3/WARN]: Exception loading blockstate definition: 'createfood:blockstates/caramel_chip_waffle.json' missing model for variant: 'createfood:caramel_chip_waffle#bites=4,facing=south'
[17:08:48] [Worker-ResourceReload-3/WARN]: Exception loading blockstate definition: 'createfood:blockstates/caramel_chip_waffle.json' missing model for variant: 'createfood:caramel_chip_waffle#bites=5,facing=west'
[17:08:48] [Worker-ResourceReload-3/WARN]: Exception loading blockstate definition: 'createfood:blockstates/caramel_chip_waffle.json' missing model for variant: 'createfood:caramel_chip_waffle#bites=6,facing=west'
[17:08:48] [Worker-ResourceReload-3/WARN]: Exception loading blockstate definition: 'createfood:blockstates/caramel_chip_waffle.json' missing model for variant: 'createfood:caramel_chip_waffle#bites=4,facing=east'
[17:08:48] [Worker-ResourceReload-3/WARN]: Exception loading blockstate definition: 'createfood:blockstates/caramel_chip_waffle.json' missing model for variant: 'createfood:caramel_chip_waffle#bites=5,facing=east'
[17:08:48] [Worker-ResourceReload-3/WARN]: Exception loading blockstate definition: 'createfood:blockstates/caramel_chip_waffle.json' missing model for variant: 'createfood:caramel_chip_waffle#bites=5,facing=north'
[17:08:48] [Worker-ResourceReload-3/WARN]: Exception loading blockstate definition: 'createfood:blockstates/caramel_chip_waffle.json' missing model for variant: 'createfood:caramel_chip_waffle#bites=6,facing=east'
[17:08:48] [Worker-ResourceReload-3/WARN]: Exception loading blockstate definition: 'createfood:blockstates/caramel_chip_waffle.json' missing model for variant: 'createfood:caramel_chip_waffle#bites=5,facing=south'
[17:08:48] [Worker-ResourceReload-3/WARN]: Exception loading blockstate definition: 'createfood:blockstates/caramel_chip_waffle.json' missing model for variant: 'createfood:caramel_chip_waffle#bites=4,facing=north'
[17:08:48] [Worker-ResourceReload-3/WARN]: Exception loading blockstate definition: 'createfood:blockstates/caramel_chip_waffle.json' missing model for variant: 'createfood:caramel_chip_waffle#bites=6,facing=south'
[17:08:48] [Worker-ResourceReload-3/WARN]: Exception loading blockstate definition: 'createfood:blockstates/caramel_chip_waffle.json' missing model for variant: 'createfood:caramel_chip_waffle#bites=6,facing=north'
[17:08:48] [Worker-ResourceReload-3/WARN]: Exception loading blockstate definition: 'createfood:blockstates/chocolate_chip_waffle.json' missing model for variant: 'createfood:chocolate_chip_waffle#bites=4,facing=west'
[17:08:48] [Worker-ResourceReload-3/WARN]: Exception loading blockstate definition: 'createfood:blockstates/chocolate_chip_waffle.json' missing model for variant: 'createfood:chocolate_chip_waffle#bites=6,facing=north'
[17:08:48] [Worker-ResourceReload-3/WARN]: Exception loading blockstate definition: 'createfood:blockstates/chocolate_chip_waffle.json' missing model for variant: 'createfood:chocolate_chip_waffle#bites=4,facing=east'
[17:08:48] [Worker-ResourceReload-3/WARN]: Exception loading blockstate definition: 'createfood:blockstates/chocolate_chip_waffle.json' missing model for variant: 'createfood:chocolate_chip_waffle#bites=5,facing=north'
[17:08:48] [Worker-ResourceReload-3/WARN]: Exception loading blockstate definition: 'createfood:blockstates/chocolate_chip_waffle.json' missing model for variant: 'createfood:chocolate_chip_waffle#bites=4,facing=south'
[17:08:48] [Worker-ResourceReload-3/WARN]: Exception loading blockstate definition: 'createfood:blockstates/chocolate_chip_waffle.json' missing model for variant: 'createfood:chocolate_chip_waffle#bites=5,facing=south'
[17:08:48] [Worker-ResourceReload-3/WARN]: Exception loading blockstate definition: 'createfood:blockstates/chocolate_chip_waffle.json' missing model for variant: 'createfood:chocolate_chip_waffle#bites=4,facing=north'
[17:08:48] [Worker-ResourceReload-3/WARN]: Exception loading blockstate definition: 'createfood:blockstates/chocolate_chip_waffle.json' missing model for variant: 'createfood:chocolate_chip_waffle#bites=6,facing=south'
[17:08:48] [Worker-ResourceReload-3/WARN]: Exception loading blockstate definition: 'createfood:blockstates/chocolate_chip_waffle.json' missing model for variant: 'createfood:chocolate_chip_waffle#bites=5,facing=west'
[17:08:48] [Worker-ResourceReload-3/WARN]: Exception loading blockstate definition: 'createfood:blockstates/chocolate_chip_waffle.json' missing model for variant: 'createfood:chocolate_chip_waffle#bites=6,facing=east'
[17:08:48] [Worker-ResourceReload-3/WARN]: Exception loading blockstate definition: 'createfood:blockstates/chocolate_chip_waffle.json' missing model for variant: 'createfood:chocolate_chip_waffle#bites=6,facing=west'
[17:08:48] [Worker-ResourceReload-3/WARN]: Exception loading blockstate definition: 'createfood:blockstates/chocolate_chip_waffle.json' missing model for variant: 'createfood:chocolate_chip_waffle#bites=5,facing=east'
[17:08:48] [Worker-ResourceReload-3/WARN]: Exception loading blockstate definition: 'createfood:blockstates/dark_chocolate_chip_waffle.json' missing model for variant: 'createfood:dark_chocolate_chip_waffle#bites=6,facing=south'
[17:08:48] [Worker-ResourceReload-3/WARN]: Exception loading blockstate definition: 'createfood:blockstates/dark_chocolate_chip_waffle.json' missing model for variant: 'createfood:dark_chocolate_chip_waffle#bites=4,facing=south'
[17:08:48] [Worker-ResourceReload-3/WARN]: Exception loading blockstate definition: 'createfood:blockstates/dark_chocolate_chip_waffle.json' missing model for variant: 'createfood:dark_chocolate_chip_waffle#bites=5,facing=south'
[17:08:48] [Worker-ResourceReload-3/WARN]: Exception loading blockstate definition: 'createfood:blockstates/dark_chocolate_chip_waffle.json' missing model for variant: 'createfood:dark_chocolate_chip_waffle#bites=4,facing=north'
[17:08:48] [Worker-ResourceReload-3/WARN]: Exception loading blockstate definition: 'createfood:blockstates/dark_chocolate_chip_waffle.json' missing model for variant: 'createfood:dark_chocolate_chip_waffle#bites=6,facing=north'
[17:08:48] [Worker-ResourceReload-3/WARN]: Exception loading blockstate definition: 'createfood:blockstates/dark_chocolate_chip_waffle.json' missing model for variant: 'createfood:dark_chocolate_chip_waffle#bites=5,facing=north'
[17:08:48] [Worker-ResourceReload-3/WARN]: Exception loading blockstate definition: 'createfood:blockstates/dark_chocolate_chip_waffle.json' missing model for variant: 'createfood:dark_chocolate_chip_waffle#bites=4,facing=west'
[17:08:48] [Worker-ResourceReload-3/WARN]: Exception loading blockstate definition: 'createfood:blockstates/dark_chocolate_chip_waffle.json' missing model for variant: 'createfood:dark_chocolate_chip_waffle#bites=5,facing=west'
[17:08:48] [Worker-ResourceReload-3/WARN]: Exception loading blockstate definition: 'createfood:blockstates/dark_chocolate_chip_waffle.json' missing model for variant: 'createfood:dark_chocolate_chip_waffle#bites=5,facing=east'
[17:08:48] [Worker-ResourceReload-3/WARN]: Exception loading blockstate definition: 'createfood:blockstates/dark_chocolate_chip_waffle.json' missing model for variant: 'createfood:dark_chocolate_chip_waffle#bites=4,facing=east'
[17:08:48] [Worker-ResourceReload-3/WARN]: Exception loading blockstate definition: 'createfood:blockstates/dark_chocolate_chip_waffle.json' missing model for variant: 'createfood:dark_chocolate_chip_waffle#bites=6,facing=west'
[17:08:48] [Worker-ResourceReload-3/WARN]: Exception loading blockstate definition: 'createfood:blockstates/dark_chocolate_chip_waffle.json' missing model for variant: 'createfood:dark_chocolate_chip_waffle#bites=6,facing=east'
[17:08:48] [Worker-ResourceReload-3/WARN]: Exception loading blockstate definition: 'createfood:blockstates/white_chocolate_chip_waffle.json' missing model for variant: 'createfood:white_chocolate_chip_waffle#bites=5,facing=west'
[17:08:48] [Worker-ResourceReload-3/WARN]: Exception loading blockstate definition: 'createfood:blockstates/white_chocolate_chip_waffle.json' missing model for variant: 'createfood:white_chocolate_chip_waffle#bites=4,facing=west'
[17:08:48] [Worker-ResourceReload-3/WARN]: Exception loading blockstate definition: 'createfood:blockstates/white_chocolate_chip_waffle.json' missing model for variant: 'createfood:white_chocolate_chip_waffle#bites=4,facing=north'
[17:08:48] [Worker-ResourceReload-3/WARN]: Exception loading blockstate definition: 'createfood:blockstates/white_chocolate_chip_waffle.json' missing model for variant: 'createfood:white_chocolate_chip_waffle#bites=6,facing=north'
[17:08:48] [Worker-ResourceReload-3/WARN]: Exception loading blockstate definition: 'createfood:blockstates/white_chocolate_chip_waffle.json' missing model for variant: 'createfood:white_chocolate_chip_waffle#bites=6,facing=south'
[17:08:48] [Worker-ResourceReload-3/WARN]: Exception loading blockstate definition: 'createfood:blockstates/white_chocolate_chip_waffle.json' missing model for variant: 'createfood:white_chocolate_chip_waffle#bites=5,facing=north'
[17:08:48] [Worker-ResourceReload-3/WARN]: Exception loading blockstate definition: 'createfood:blockstates/white_chocolate_chip_waffle.json' missing model for variant: 'createfood:white_chocolate_chip_waffle#bites=5,facing=south'
[17:08:48] [Worker-ResourceReload-3/WARN]: Exception loading blockstate definition: 'createfood:blockstates/white_chocolate_chip_waffle.json' missing model for variant: 'createfood:white_chocolate_chip_waffle#bites=4,facing=south'
[17:08:48] [Worker-ResourceReload-3/WARN]: Exception loading blockstate definition: 'createfood:blockstates/white_chocolate_chip_waffle.json' missing model for variant: 'createfood:white_chocolate_chip_waffle#bites=4,facing=east'
[17:08:48] [Worker-ResourceReload-3/WARN]: Exception loading blockstate definition: 'createfood:blockstates/white_chocolate_chip_waffle.json' missing model for variant: 'createfood:white_chocolate_chip_waffle#bites=5,facing=east'
[17:08:48] [Worker-ResourceReload-3/WARN]: Exception loading blockstate definition: 'createfood:blockstates/white_chocolate_chip_waffle.json' missing model for variant: 'createfood:white_chocolate_chip_waffle#bites=6,facing=west'
[17:08:48] [Worker-ResourceReload-3/WARN]: Exception loading blockstate definition: 'createfood:blockstates/white_chocolate_chip_waffle.json' missing model for variant: 'createfood:white_chocolate_chip_waffle#bites=6,facing=east'
[17:08:48] [Worker-ResourceReload-3/WARN]: Exception loading blockstate definition: 'createfood:blockstates/toffee_chip_waffle.json' missing model for variant: 'createfood:toffee_chip_waffle#bites=4,facing=west'
[17:08:48] [Worker-ResourceReload-3/WARN]: Exception loading blockstate definition: 'createfood:blockstates/toffee_chip_waffle.json' missing model for variant: 'createfood:toffee_chip_waffle#bites=5,facing=west'
[17:08:48] [Worker-ResourceReload-3/WARN]: Exception loading blockstate definition: 'createfood:blockstates/toffee_chip_waffle.json' missing model for variant: 'createfood:toffee_chip_waffle#bites=6,facing=west'
[17:08:48] [Worker-ResourceReload-3/WARN]: Exception loading blockstate definition: 'createfood:blockstates/toffee_chip_waffle.json' missing model for variant: 'createfood:toffee_chip_waffle#bites=6,facing=east'
[17:08:48] [Worker-ResourceReload-3/WARN]: Exception loading blockstate definition: 'createfood:blockstates/toffee_chip_waffle.json' missing model for variant: 'createfood:toffee_chip_waffle#bites=5,facing=north'
[17:08:48] [Worker-ResourceReload-3/WARN]: Exception loading blockstate definition: 'createfood:blockstates/toffee_chip_waffle.json' missing model for variant: 'createfood:toffee_chip_waffle#bites=6,facing=north'
[17:08:48] [Worker-ResourceReload-3/WARN]: Exception loading blockstate definition: 'createfood:blockstates/toffee_chip_waffle.json' missing model for variant: 'createfood:toffee_chip_waffle#bites=5,facing=east'
[17:08:48] [Worker-ResourceReload-3/WARN]: Exception loading blockstate definition: 'createfood:blockstates/toffee_chip_waffle.json' missing model for variant: 'createfood:toffee_chip_waffle#bites=4,facing=north'
[17:08:48] [Worker-ResourceReload-3/WARN]: Exception loading blockstate definition: 'createfood:blockstates/toffee_chip_waffle.json' missing model for variant: 'createfood:toffee_chip_waffle#bites=4,facing=east'
[17:08:48] [Worker-ResourceReload-3/WARN]: Exception loading blockstate definition: 'createfood:blockstates/toffee_chip_waffle.json' missing model for variant: 'createfood:toffee_chip_waffle#bites=6,facing=south'
[17:08:48] [Worker-ResourceReload-3/WARN]: Exception loading blockstate definition: 'createfood:blockstates/toffee_chip_waffle.json' missing model for variant: 'createfood:toffee_chip_waffle#bites=4,facing=south'
[17:08:48] [Worker-ResourceReload-3/WARN]: Exception loading blockstate definition: 'createfood:blockstates/toffee_chip_waffle.json' missing model for variant: 'createfood:toffee_chip_waffle#bites=5,facing=south'
[17:08:48] [Worker-ResourceReload-3/WARN]: Unable to load model: 'minecraft:block_block' referenced from: tfmg:electric_diode#facing=north: java.io.FileNotFoundException: minecraft:models/block_block.json
[17:08:49] [Worker-ResourceReload-3/WARN]: Exception loading blockstate definition: 'tfmg:blockstates/sulfuric_acid.json' missing model for variant: 'tfmg:sulfuric_acid#level=10'
[17:08:49] [Worker-ResourceReload-3/WARN]: Exception loading blockstate definition: 'tfmg:blockstates/sulfuric_acid.json' missing model for variant: 'tfmg:sulfuric_acid#level=11'
[17:08:49] [Worker-ResourceReload-3/WARN]: Exception loading blockstate definition: 'tfmg:blockstates/sulfuric_acid.json' missing model for variant: 'tfmg:sulfuric_acid#level=12'
[17:08:49] [Worker-ResourceReload-3/WARN]: Exception loading blockstate definition: 'tfmg:blockstates/sulfuric_acid.json' missing model for variant: 'tfmg:sulfuric_acid#level=13'
[17:08:49] [Worker-ResourceReload-3/WARN]: Exception loading blockstate definition: 'tfmg:blockstates/sulfuric_acid.json' missing model for variant: 'tfmg:sulfuric_acid#level=14'
[17:08:49] [Worker-ResourceReload-3/WARN]: Exception loading blockstate definition: 'tfmg:blockstates/sulfuric_acid.json' missing model for variant: 'tfmg:sulfuric_acid#level=0'
[17:08:49] [Worker-ResourceReload-3/WARN]: Exception loading blockstate definition: 'tfmg:blockstates/sulfuric_acid.json' missing model for variant: 'tfmg:sulfuric_acid#level=1'
[17:08:49] [Worker-ResourceReload-3/WARN]: Exception loading blockstate definition: 'tfmg:blockstates/sulfuric_acid.json' missing model for variant: 'tfmg:sulfuric_acid#level=2'
[17:08:49] [Worker-ResourceReload-3/WARN]: Exception loading blockstate definition: 'tfmg:blockstates/sulfuric_acid.json' missing model for variant: 'tfmg:sulfuric_acid#level=3'
[17:08:49] [Worker-ResourceReload-3/WARN]: Exception loading blockstate definition: 'tfmg:blockstates/sulfuric_acid.json' missing model for variant: 'tfmg:sulfuric_acid#level=4'
[17:08:49] [Worker-ResourceReload-3/WARN]: Exception loading blockstate definition: 'tfmg:blockstates/sulfuric_acid.json' missing model for variant: 'tfmg:sulfuric_acid#level=5'
[17:08:49] [Worker-ResourceReload-3/WARN]: Exception loading blockstate definition: 'tfmg:blockstates/sulfuric_acid.json' missing model for variant: 'tfmg:sulfuric_acid#level=6'
[17:08:49] [Worker-ResourceReload-3/WARN]: Exception loading blockstate definition: 'tfmg:blockstates/sulfuric_acid.json' missing model for variant: 'tfmg:sulfuric_acid#level=7'
[17:08:49] [Worker-ResourceReload-3/WARN]: Exception loading blockstate definition: 'tfmg:blockstates/sulfuric_acid.json' missing model for variant: 'tfmg:sulfuric_acid#level=8'
[17:08:49] [Worker-ResourceReload-3/WARN]: Exception loading blockstate definition: 'tfmg:blockstates/sulfuric_acid.json' missing model for variant: 'tfmg:sulfuric_acid#level=9'
[17:08:49] [Worker-ResourceReload-3/WARN]: Exception loading blockstate definition: 'tfmg:blockstates/sulfuric_acid.json' missing model for variant: 'tfmg:sulfuric_acid#level=15'
[17:09:03] [Worker-ResourceReload-3/WARN]: Exception loading blockstate definition: 'storagedrawers:blockstates/compacting_drawers_2.json' missing model for variant: 'storagedrawers:compacting_drawers_2#facing=north,slots=open3'
[17:09:03] [Worker-ResourceReload-3/WARN]: Exception loading blockstate definition: 'storagedrawers:blockstates/compacting_drawers_2.json' missing model for variant: 'storagedrawers:compacting_drawers_2#facing=west,slots=open3'
[17:09:03] [Worker-ResourceReload-3/WARN]: Exception loading blockstate definition: 'storagedrawers:blockstates/compacting_drawers_2.json' missing model for variant: 'storagedrawers:compacting_drawers_2#facing=east,slots=open3'
[17:09:03] [Worker-ResourceReload-3/WARN]: Exception loading blockstate definition: 'storagedrawers:blockstates/compacting_drawers_2.json' missing model for variant: 'storagedrawers:compacting_drawers_2#facing=south,slots=open3'
[17:09:03] [Worker-ResourceReload-3/WARN]: Exception loading blockstate definition: 'storagedrawers:blockstates/compacting_half_drawers_2.json' missing model for variant: 'storagedrawers:compacting_half_drawers_2#facing=west,slots=open3'
[17:09:03] [Worker-ResourceReload-3/WARN]: Exception loading blockstate definition: 'storagedrawers:blockstates/compacting_half_drawers_2.json' missing model for variant: 'storagedrawers:compacting_half_drawers_2#facing=north,slots=open3'
[17:09:03] [Worker-ResourceReload-3/WARN]: Exception loading blockstate definition: 'storagedrawers:blockstates/compacting_half_drawers_2.json' missing model for variant: 'storagedrawers:compacting_half_drawers_2#facing=east,slots=open3'
[17:09:03] [Worker-ResourceReload-3/WARN]: Exception loading blockstate definition: 'storagedrawers:blockstates/compacting_half_drawers_2.json' missing model for variant: 'storagedrawers:compacting_half_drawers_2#facing=south,slots=open3'
[17:09:03] [Worker-ResourceReload-3/WARN]: Exception loading blockstate definition: 'storagedrawers:blockstates/framed_compacting_drawers_2.json' missing model for variant: 'storagedrawers:framed_compacting_drawers_2#facing=north,slots=open3'
[17:09:03] [Worker-ResourceReload-3/WARN]: Exception loading blockstate definition: 'storagedrawers:blockstates/framed_compacting_drawers_2.json' missing model for variant: 'storagedrawers:framed_compacting_drawers_2#facing=east,slots=open3'
[17:09:03] [Worker-ResourceReload-3/WARN]: Exception loading blockstate definition: 'storagedrawers:blockstates/framed_compacting_drawers_2.json' missing model for variant: 'storagedrawers:framed_compacting_drawers_2#facing=west,slots=open3'
[17:09:03] [Worker-ResourceReload-3/WARN]: Exception loading blockstate definition: 'storagedrawers:blockstates/framed_compacting_drawers_2.json' missing model for variant: 'storagedrawers:framed_compacting_drawers_2#facing=south,slots=open3'
[17:09:03] [Worker-ResourceReload-3/WARN]: Exception loading blockstate definition: 'storagedrawers:blockstates/framed_compacting_half_drawers_2.json' missing model for variant: 'storagedrawers:framed_compacting_half_drawers_2#facing=north,slots=open3'
[17:09:03] [Worker-ResourceReload-3/WARN]: Exception loading blockstate definition: 'storagedrawers:blockstates/framed_compacting_half_drawers_2.json' missing model for variant: 'storagedrawers:framed_compacting_half_drawers_2#facing=south,slots=open3'
[17:09:03] [Worker-ResourceReload-3/WARN]: Exception loading blockstate definition: 'storagedrawers:blockstates/framed_compacting_half_drawers_2.json' missing model for variant: 'storagedrawers:framed_compacting_half_drawers_2#facing=east,slots=open3'
[17:09:03] [Worker-ResourceReload-3/WARN]: Exception loading blockstate definition: 'storagedrawers:blockstates/framed_compacting_half_drawers_2.json' missing model for variant: 'storagedrawers:framed_compacting_half_drawers_2#facing=west,slots=open3'
[17:09:03] [Worker-ResourceReload-3/WARN]: Exception loading blockstate definition: 'storagedrawers:blockstates/meta_indicator.json' missing model for variant: 'storagedrawers:meta_indicator#facing=west,half=true,slots=3'
[17:09:03] [Worker-ResourceReload-3/WARN]: Exception loading blockstate definition: 'storagedrawers:blockstates/meta_indicator.json' missing model for variant: 'storagedrawers:meta_indicator#facing=north,half=true,slots=3'
[17:09:03] [Worker-ResourceReload-3/WARN]: Exception loading blockstate definition: 'storagedrawers:blockstates/meta_indicator.json' missing model for variant: 'storagedrawers:meta_indicator#facing=north,half=false,slots=3'
[17:09:03] [Worker-ResourceReload-3/WARN]: Exception loading blockstate definition: 'storagedrawers:blockstates/meta_indicator.json' missing model for variant: 'storagedrawers:meta_indicator#facing=west,half=false,slots=3'
[17:09:03] [Worker-ResourceReload-3/WARN]: Exception loading blockstate definition: 'storagedrawers:blockstates/meta_indicator.json' missing model for variant: 'storagedrawers:meta_indicator#facing=south,half=true,slots=3'
[17:09:03] [Worker-ResourceReload-3/WARN]: Exception loading blockstate definition: 'storagedrawers:blockstates/meta_indicator.json' missing model for variant: 'storagedrawers:meta_indicator#facing=south,half=false,slots=3'
[17:09:03] [Worker-ResourceReload-3/WARN]: Exception loading blockstate definition: 'storagedrawers:blockstates/meta_indicator.json' missing model for variant: 'storagedrawers:meta_indicator#facing=east,half=true,slots=3'
[17:09:03] [Worker-ResourceReload-3/WARN]: Exception loading blockstate definition: 'storagedrawers:blockstates/meta_indicator.json' missing model for variant: 'storagedrawers:meta_indicator#facing=east,half=false,slots=3'
[17:09:03] [Worker-ResourceReload-3/WARN]: Exception loading blockstate definition: 'storagedrawers:blockstates/meta_comp_indicator.json' missing model for variant: 'storagedrawers:meta_comp_indicator#facing=south,half=false,slots=4'
[17:09:03] [Worker-ResourceReload-3/WARN]: Exception loading blockstate definition: 'storagedrawers:blockstates/meta_comp_indicator.json' missing model for variant: 'storagedrawers:meta_comp_indicator#facing=east,half=false,slots=1'
[17:09:03] [Worker-ResourceReload-3/WARN]: Exception loading blockstate definition: 'storagedrawers:blockstates/meta_comp_indicator.json' missing model for variant: 'storagedrawers:meta_comp_indicator#facing=east,half=false,slots=4'
[17:09:03] [Worker-ResourceReload-3/WARN]: Exception loading blockstate definition: 'storagedrawers:blockstates/meta_comp_indicator.json' missing model for variant: 'storagedrawers:meta_comp_indicator#facing=west,half=false,slots=4'
[17:09:03] [Worker-ResourceReload-3/WARN]: Exception loading blockstate definition: 'storagedrawers:blockstates/meta_comp_indicator.json' missing model for variant: 'storagedrawers:meta_comp_indicator#facing=east,half=true,slots=4'
[17:09:03] [Worker-ResourceReload-3/WARN]: Exception loading blockstate definition: 'storagedrawers:blockstates/meta_comp_indicator.json' missing model for variant: 'storagedrawers:meta_comp_indicator#facing=east,half=true,slots=1'
[17:09:03] [Worker-ResourceReload-3/WARN]: Exception loading blockstate definition: 'storagedrawers:blockstates/meta_comp_indicator.json' missing model for variant: 'storagedrawers:meta_comp_indicator#facing=south,half=false,slots=1'
[17:09:03] [Worker-ResourceReload-3/WARN]: Exception loading blockstate definition: 'storagedrawers:blockstates/meta_comp_indicator.json' missing model for variant: 'storagedrawers:meta_comp_indicator#facing=south,half=true,slots=4'
[17:09:03] [Worker-ResourceReload-3/WARN]: Exception loading blockstate definition: 'storagedrawers:blockstates/meta_comp_indicator.json' missing model for variant: 'storagedrawers:meta_comp_indicator#facing=south,half=true,slots=1'
[17:09:03] [Worker-ResourceReload-3/WARN]: Exception loading blockstate definition: 'storagedrawers:blockstates/meta_comp_indicator.json' missing model for variant: 'storagedrawers:meta_comp_indicator#facing=north,half=false,slots=4'
[17:09:03] [Worker-ResourceReload-3/WARN]: Exception loading blockstate definition: 'storagedrawers:blockstates/meta_comp_indicator.json' missing model for variant: 'storagedrawers:meta_comp_indicator#facing=north,half=true,slots=1'
[17:09:03] [Worker-ResourceReload-3/WARN]: Exception loading blockstate definition: 'storagedrawers:blockstates/meta_comp_indicator.json' missing model for variant: 'storagedrawers:meta_comp_indicator#facing=west,half=true,slots=4'
[17:09:03] [Worker-ResourceReload-3/WARN]: Exception loading blockstate definition: 'storagedrawers:blockstates/meta_comp_indicator.json' missing model for variant: 'storagedrawers:meta_comp_indicator#facing=north,half=true,slots=4'
[17:09:03] [Worker-ResourceReload-3/WARN]: Exception loading blockstate definition: 'storagedrawers:blockstates/meta_comp_indicator.json' missing model for variant: 'storagedrawers:meta_comp_indicator#facing=west,half=true,slots=1'
[17:09:03] [Worker-ResourceReload-3/WARN]: Exception loading blockstate definition: 'storagedrawers:blockstates/meta_comp_indicator.json' missing model for variant: 'storagedrawers:meta_comp_indicator#facing=west,half=false,slots=1'
[17:09:03] [Worker-ResourceReload-3/WARN]: Exception loading blockstate definition: 'storagedrawers:blockstates/meta_comp_indicator.json' missing model for variant: 'storagedrawers:meta_comp_indicator#facing=north,half=false,slots=1'
[17:09:03] [Worker-ResourceReload-3/WARN]: Exception loading blockstate definition: 'storagedrawers:blockstates/meta_framed_drawers_side.json' missing model for variant: 'storagedrawers:meta_framed_drawers_side#facing=east,half=true,slots=3'
[17:09:03] [Worker-ResourceReload-3/WARN]: Exception loading blockstate definition: 'storagedrawers:blockstates/meta_framed_drawers_side.json' missing model for variant: 'storagedrawers:meta_framed_drawers_side#facing=east,half=false,slots=3'
[17:09:03] [Worker-ResourceReload-3/WARN]: Exception loading blockstate definition: 'storagedrawers:blockstates/meta_framed_drawers_side.json' missing model for variant: 'storagedrawers:meta_framed_drawers_side#facing=north,half=true,slots=3'
[17:09:03] [Worker-ResourceReload-3/WARN]: Exception loading blockstate definition: 'storagedrawers:blockstates/meta_framed_drawers_side.json' missing model for variant: 'storagedrawers:meta_framed_drawers_side#facing=west,half=true,slots=3'
[17:09:03] [Worker-ResourceReload-3/WARN]: Exception loading blockstate definition: 'storagedrawers:blockstates/meta_framed_drawers_side.json' missing model for variant: 'storagedrawers:meta_framed_drawers_side#facing=north,half=false,slots=3'
[17:09:03] [Worker-ResourceReload-3/WARN]: Exception loading blockstate definition: 'storagedrawers:blockstates/meta_framed_drawers_side.json' missing model for variant: 'storagedrawers:meta_framed_drawers_side#facing=south,half=true,slots=3'
[17:09:03] [Worker-ResourceReload-3/WARN]: Exception loading blockstate definition: 'storagedrawers:blockstates/meta_framed_drawers_side.json' missing model for variant: 'storagedrawers:meta_framed_drawers_side#facing=west,half=false,slots=3'
[17:09:03] [Worker-ResourceReload-3/WARN]: Exception loading blockstate definition: 'storagedrawers:blockstates/meta_framed_drawers_side.json' missing model for variant: 'storagedrawers:meta_framed_drawers_side#facing=south,half=false,slots=3'
[17:09:03] [Worker-ResourceReload-3/WARN]: Exception loading blockstate definition: 'storagedrawers:blockstates/meta_framed_drawers_trim.json' missing model for variant: 'storagedrawers:meta_framed_drawers_trim#facing=east,half=true,slots=3'
[17:09:03] [Worker-ResourceReload-3/WARN]: Exception loading blockstate definition: 'storagedrawers:blockstates/meta_framed_drawers_trim.json' missing model for variant: 'storagedrawers:meta_framed_drawers_trim#facing=south,half=false,slots=3'
[17:09:03] [Worker-ResourceReload-3/WARN]: Exception loading blockstate definition: 'storagedrawers:blockstates/meta_framed_drawers_trim.json' missing model for variant: 'storagedrawers:meta_framed_drawers_trim#facing=west,half=false,slots=3'
[17:09:03] [Worker-ResourceReload-3/WARN]: Exception loading blockstate definition: 'storagedrawers:blockstates/meta_framed_drawers_trim.json' missing model for variant: 'storagedrawers:meta_framed_drawers_trim#facing=north,half=false,slots=3'
[17:09:03] [Worker-ResourceReload-3/WARN]: Exception loading blockstate definition: 'storagedrawers:blockstates/meta_framed_drawers_trim.json' missing model for variant: 'storagedrawers:meta_framed_drawers_trim#facing=north,half=true,slots=3'
[17:09:03] [Worker-ResourceReload-3/WARN]: Exception loading blockstate definition: 'storagedrawers:blockstates/meta_framed_drawers_trim.json' missing model for variant: 'storagedrawers:meta_framed_drawers_trim#facing=south,half=true,slots=3'
[17:09:03] [Worker-ResourceReload-3/WARN]: Exception loading blockstate definition: 'storagedrawers:blockstates/meta_framed_drawers_trim.json' missing model for variant: 'storagedrawers:meta_framed_drawers_trim#facing=west,half=true,slots=3'
[17:09:03] [Worker-ResourceReload-3/WARN]: Exception loading blockstate definition: 'storagedrawers:blockstates/meta_framed_drawers_trim.json' missing model for variant: 'storagedrawers:meta_framed_drawers_trim#facing=east,half=false,slots=3'
[17:09:03] [Worker-ResourceReload-3/WARN]: Exception loading blockstate definition: 'storagedrawers:blockstates/meta_framed_drawers_front.json' missing model for variant: 'storagedrawers:meta_framed_drawers_front#facing=north,half=false,slots=3'
[17:09:03] [Worker-ResourceReload-3/WARN]: Exception loading blockstate definition: 'storagedrawers:blockstates/meta_framed_drawers_front.json' missing model for variant: 'storagedrawers:meta_framed_drawers_front#facing=west,half=true,slots=3'
[17:09:03] [Worker-ResourceReload-3/WARN]: Exception loading blockstate definition: 'storagedrawers:blockstates/meta_framed_drawers_front.json' missing model for variant: 'storagedrawers:meta_framed_drawers_front#facing=south,half=true,slots=3'
[17:09:03] [Worker-ResourceReload-3/WARN]: Exception loading blockstate definition: 'storagedrawers:blockstates/meta_framed_drawers_front.json' missing model for variant: 'storagedrawers:meta_framed_drawers_front#facing=north,half=true,slots=3'
[17:09:03] [Worker-ResourceReload-3/WARN]: Exception loading blockstate definition: 'storagedrawers:blockstates/meta_framed_drawers_front.json' missing model for variant: 'storagedrawers:meta_framed_drawers_front#facing=south,half=false,slots=3'
[17:09:03] [Worker-ResourceReload-3/WARN]: Exception loading blockstate definition: 'storagedrawers:blockstates/meta_framed_drawers_front.json' missing model for variant: 'storagedrawers:meta_framed_drawers_front#facing=east,half=true,slots=3'
[17:09:03] [Worker-ResourceReload-3/WARN]: Exception loading blockstate definition: 'storagedrawers:blockstates/meta_framed_drawers_front.json' missing model for variant: 'storagedrawers:meta_framed_drawers_front#facing=west,half=false,slots=3'
[17:09:03] [Worker-ResourceReload-3/WARN]: Exception loading blockstate definition: 'storagedrawers:blockstates/meta_framed_drawers_front.json' missing model for variant: 'storagedrawers:meta_framed_drawers_front#facing=east,half=false,slots=3'
[17:09:03] [Worker-ResourceReload-3/WARN]: Exception loading blockstate definition: 'storagedrawers:blockstates/meta_framed_drawers_shading.json' missing model for variant: 'storagedrawers:meta_framed_drawers_shading#facing=north,half=false,slots=3'
[17:09:03] [Worker-ResourceReload-3/WARN]: Exception loading blockstate definition: 'storagedrawers:blockstates/meta_framed_drawers_shading.json' missing model for variant: 'storagedrawers:meta_framed_drawers_shading#facing=north,half=true,slots=3'
[17:09:03] [Worker-ResourceReload-3/WARN]: Exception loading blockstate definition: 'storagedrawers:blockstates/meta_framed_drawers_shading.json' missing model for variant: 'storagedrawers:meta_framed_drawers_shading#facing=south,half=true,slots=3'
[17:09:03] [Worker-ResourceReload-3/WARN]: Exception loading blockstate definition: 'storagedrawers:blockstates/meta_framed_drawers_shading.json' missing model for variant: 'storagedrawers:meta_framed_drawers_shading#facing=south,half=false,slots=3'
[17:09:03] [Worker-ResourceReload-3/WARN]: Exception loading blockstate definition: 'storagedrawers:blockstates/meta_framed_drawers_shading.json' missing model for variant: 'storagedrawers:meta_framed_drawers_shading#facing=west,half=false,slots=3'
[17:09:03] [Worker-ResourceReload-3/WARN]: Exception loading blockstate definition: 'storagedrawers:blockstates/meta_framed_drawers_shading.json' missing model for variant: 'storagedrawers:meta_framed_drawers_shading#facing=east,half=true,slots=3'
[17:09:03] [Worker-ResourceReload-3/WARN]: Exception loading blockstate definition: 'storagedrawers:blockstates/meta_framed_drawers_shading.json' missing model for variant: 'storagedrawers:meta_framed_drawers_shading#facing=east,half=false,slots=3'
[17:09:03] [Worker-ResourceReload-3/WARN]: Exception loading blockstate definition: 'storagedrawers:blockstates/meta_framed_drawers_shading.json' missing model for variant: 'storagedrawers:meta_framed_drawers_shading#facing=west,half=true,slots=3'
[17:09:03] [Worker-ResourceReload-3/WARN]: Exception loading blockstate definition: 'storagedrawers:blockstates/meta_framed_compdrawers_2_side.json' missing model for variant: 'storagedrawers:meta_framed_compdrawers_2_side#facing=north,half=false,slots=open3'
[17:09:03] [Worker-ResourceReload-3/WARN]: Exception loading blockstate definition: 'storagedrawers:blockstates/meta_framed_compdrawers_2_side.json' missing model for variant: 'storagedrawers:meta_framed_compdrawers_2_side#facing=east,half=false,slots=open3'
[17:09:03] [Worker-ResourceReload-3/WARN]: Exception loading blockstate definition: 'storagedrawers:blockstates/meta_framed_compdrawers_2_side.json' missing model for variant: 'storagedrawers:meta_framed_compdrawers_2_side#facing=east,half=true,slots=open3'
[17:09:03] [Worker-ResourceReload-3/WARN]: Exception loading blockstate definition: 'storagedrawers:blockstates/meta_framed_compdrawers_2_side.json' missing model for variant: 'storagedrawers:meta_framed_compdrawers_2_side#facing=south,half=true,slots=open3'
[17:09:03] [Worker-ResourceReload-3/WARN]: Exception loading blockstate definition: 'storagedrawers:blockstates/meta_framed_compdrawers_2_side.json' missing model for variant: 'storagedrawers:meta_framed_compdrawers_2_side#facing=south,half=false,slots=open3'
[17:09:03] [Worker-ResourceReload-3/WARN]: Exception loading blockstate definition: 'storagedrawers:blockstates/meta_framed_compdrawers_2_side.json' missing model for variant: 'storagedrawers:meta_framed_compdrawers_2_side#facing=west,half=false,slots=open3'
[17:09:03] [Worker-ResourceReload-3/WARN]: Exception loading blockstate definition: 'storagedrawers:blockstates/meta_framed_compdrawers_2_side.json' missing model for variant: 'storagedrawers:meta_framed_compdrawers_2_side#facing=west,half=true,slots=open3'
[17:09:03] [Worker-ResourceReload-3/WARN]: Exception loading blockstate definition: 'storagedrawers:blockstates/meta_framed_compdrawers_2_side.json' missing model for variant: 'storagedrawers:meta_framed_compdrawers_2_side#facing=north,half=true,slots=open3'
[17:09:03] [Worker-ResourceReload-3/WARN]: Exception loading blockstate definition: 'storagedrawers:blockstates/meta_framed_compdrawers_2_trim.json' missing model for variant: 'storagedrawers:meta_framed_compdrawers_2_trim#facing=south,half=true,slots=open3'
[17:09:03] [Worker-ResourceReload-3/WARN]: Exception loading blockstate definition: 'storagedrawers:blockstates/meta_framed_compdrawers_2_trim.json' missing model for variant: 'storagedrawers:meta_framed_compdrawers_2_trim#facing=east,half=false,slots=open3'
[17:09:03] [Worker-ResourceReload-3/WARN]: Exception loading blockstate definition: 'storagedrawers:blockstates/meta_framed_compdrawers_2_trim.json' missing model for variant: 'storagedrawers:meta_framed_compdrawers_2_trim#facing=north,half=true,slots=open3'
[17:09:03] [Worker-ResourceReload-3/WARN]: Exception loading blockstate definition: 'storagedrawers:blockstates/meta_framed_compdrawers_2_trim.json' missing model for variant: 'storagedrawers:meta_framed_compdrawers_2_trim#facing=north,half=false,slots=open3'
[17:09:03] [Worker-ResourceReload-3/WARN]: Exception loading blockstate definition: 'storagedrawers:blockstates/meta_framed_compdrawers_2_trim.json' missing model for variant: 'storagedrawers:meta_framed_compdrawers_2_trim#facing=east,half=true,slots=open3'
[17:09:03] [Worker-ResourceReload-3/WARN]: Exception loading blockstate definition: 'storagedrawers:blockstates/meta_framed_compdrawers_2_trim.json' missing model for variant: 'storagedrawers:meta_framed_compdrawers_2_trim#facing=west,half=true,slots=open3'
[17:09:03] [Worker-ResourceReload-3/WARN]: Exception loading blockstate definition: 'storagedrawers:blockstates/meta_framed_compdrawers_2_trim.json' missing model for variant: 'storagedrawers:meta_framed_compdrawers_2_trim#facing=south,half=false,slots=open3'
[17:09:03] [Worker-ResourceReload-3/WARN]: Exception loading blockstate definition: 'storagedrawers:blockstates/meta_framed_compdrawers_2_trim.json' missing model for variant: 'storagedrawers:meta_framed_compdrawers_2_trim#facing=west,half=false,slots=open3'
[17:09:03] [Worker-ResourceReload-3/WARN]: Exception loading blockstate definition: 'storagedrawers:blockstates/meta_framed_compdrawers_2_front.json' missing model for variant: 'storagedrawers:meta_framed_compdrawers_2_front#facing=east,half=false,slots=open3'
[17:09:03] [Worker-ResourceReload-3/WARN]: Exception loading blockstate definition: 'storagedrawers:blockstates/meta_framed_compdrawers_2_front.json' missing model for variant: 'storagedrawers:meta_framed_compdrawers_2_front#facing=west,half=true,slots=open3'
[17:09:03] [Worker-ResourceReload-3/WARN]: Exception loading blockstate definition: 'storagedrawers:blockstates/meta_framed_compdrawers_2_front.json' missing model for variant: 'storagedrawers:meta_framed_compdrawers_2_front#facing=north,half=false,slots=open3'
[17:09:03] [Worker-ResourceReload-3/WARN]: Exception loading blockstate definition: 'storagedrawers:blockstates/meta_framed_compdrawers_2_front.json' missing model for variant: 'storagedrawers:meta_framed_compdrawers_2_front#facing=south,half=false,slots=open3'
[17:09:03] [Worker-ResourceReload-3/WARN]: Exception loading blockstate definition: 'storagedrawers:blockstates/meta_framed_compdrawers_2_front.json' missing model for variant: 'storagedrawers:meta_framed_compdrawers_2_front#facing=north,half=true,slots=open3'
[17:09:03] [Worker-ResourceReload-3/WARN]: Exception loading blockstate definition: 'storagedrawers:blockstates/meta_framed_compdrawers_2_front.json' missing model for variant: 'storagedrawers:meta_framed_compdrawers_2_front#facing=east,half=true,slots=open3'
[17:09:03] [Worker-ResourceReload-3/WARN]: Exception loading blockstate definition: 'storagedrawers:blockstates/meta_framed_compdrawers_2_front.json' missing model for variant: 'storagedrawers:meta_framed_compdrawers_2_front#facing=south,half=true,slots=open3'
[17:09:03] [Worker-ResourceReload-3/WARN]: Exception loading blockstate definition: 'storagedrawers:blockstates/meta_framed_compdrawers_2_front.json' missing model for variant: 'storagedrawers:meta_framed_compdrawers_2_front#facing=west,half=false,slots=open3'
[17:09:03] [Worker-ResourceReload-3/WARN]: Exception loading blockstate definition: 'storagedrawers:blockstates/meta_framed_compdrawers_2_shading.json' missing model for variant: 'storagedrawers:meta_framed_compdrawers_2_shading#facing=east,half=true,slots=open3'
[17:09:03] [Worker-ResourceReload-3/WARN]: Exception loading blockstate definition: 'storagedrawers:blockstates/meta_framed_compdrawers_2_shading.json' missing model for variant: 'storagedrawers:meta_framed_compdrawers_2_shading#facing=west,half=false,slots=open3'
[17:09:03] [Worker-ResourceReload-3/WARN]: Exception loading blockstate definition: 'storagedrawers:blockstates/meta_framed_compdrawers_2_shading.json' missing model for variant: 'storagedrawers:meta_framed_compdrawers_2_shading#facing=north,half=false,slots=open3'
[17:09:03] [Worker-ResourceReload-3/WARN]: Exception loading blockstate definition: 'storagedrawers:blockstates/meta_framed_compdrawers_2_shading.json' missing model for variant: 'storagedrawers:meta_framed_compdrawers_2_shading#facing=north,half=true,slots=open3'
[17:09:03] [Worker-ResourceReload-3/WARN]: Exception loading blockstate definition: 'storagedrawers:blockstates/meta_framed_compdrawers_2_shading.json' missing model for variant: 'storagedrawers:meta_framed_compdrawers_2_shading#facing=south,half=true,slots=open3'
[17:09:03] [Worker-ResourceReload-3/WARN]: Exception loading blockstate definition: 'storagedrawers:blockstates/meta_framed_compdrawers_2_shading.json' missing model for variant: 'storagedrawers:meta_framed_compdrawers_2_shading#facing=east,half=false,slots=open3'
[17:09:03] [Worker-ResourceReload-3/WARN]: Exception loading blockstate definition: 'storagedrawers:blockstates/meta_framed_compdrawers_2_shading.json' missing model for variant: 'storagedrawers:meta_framed_compdrawers_2_shading#facing=south,half=false,slots=open3'
[17:09:03] [Worker-ResourceReload-3/WARN]: Exception loading blockstate definition: 'storagedrawers:blockstates/meta_framed_compdrawers_2_shading.json' missing model for variant: 'storagedrawers:meta_framed_compdrawers_2_shading#facing=west,half=true,slots=open3'
[17:09:04] [Worker-ResourceReload-3/WARN]: Unable to load model: 'tfmg:block/casting_basin/block_mold' referenced from: tfmg:block/casting_basin/block_mold: java.io.FileNotFoundException: tfmg:models/block/casting_basin/block_mold.json
[17:09:04] [Worker-ResourceReload-3/WARN]: Unable to load model: 'supplementaries:block/hanging_flower_pot_rope' referenced from: supplementaries:block/hanging_flower_pot_rope: java.io.FileNotFoundException: supplementaries:models/block/hanging_flower_pot_rope.json
[17:09:04] [Worker-ResourceReload-3/WARN]: Unable to load model: 'tfmg:block/casting_basin/mold_base' referenced from: tfmg:block/casting_basin/mold_base: java.io.FileNotFoundException: tfmg:models/block/casting_basin/mold_base.json
[17:09:12] [Worker-ResourceReload-3/WARN]: Missing textures in model createfood:white_chocolate_fudge#level=9:
    minecraft:textures/atlas/blocks.png:createfood:block/white_chocolate_fudge_flow
[17:09:12] [Worker-ResourceReload-3/WARN]: Missing textures in model createfood:apple_milkshake#level=8:
    minecraft:textures/atlas/blocks.png:createfood:block/apple_milkshake_flow
[17:09:12] [Worker-ResourceReload-3/WARN]: Missing textures in model createfood:melon_milkshake#level=12:
    minecraft:textures/atlas/blocks.png:createfood:block/melon_milkshake_flow
[17:09:12] [Worker-ResourceReload-3/WARN]: Missing textures in model createfood:heavy_cream#level=10:
    minecraft:textures/atlas/blocks.png:createfood:block/heavy_cream_flow
[17:09:12] [Worker-ResourceReload-3/WARN]: Missing textures in model createfood:yogurt#level=9:
    minecraft:textures/atlas/blocks.png:createfood:block/yogurt_flow
[17:09:12] [Worker-ResourceReload-3/WARN]: Missing textures in model createfood:ice_cream#level=12:
    minecraft:textures/atlas/blocks.png:createfood:block/ice_cream_flow
[17:09:12] [Worker-ResourceReload-3/WARN]: Missing textures in model supplementaries:confetti_popper#inventory:
    minecraft:textures/atlas/blocks.png:supplementaries:party_hat/party_hat
[17:09:12] [Worker-ResourceReload-3/WARN]: Missing textures in model createfood:dark_chocolate_fudge#level=10:
    minecraft:textures/atlas/blocks.png:createfood:block/dark_chocolate_fudge_flow
[17:09:12] [Worker-ResourceReload-3/WARN]: Missing textures in model createfood:butterscotch#level=15:
    minecraft:textures/atlas/blocks.png:createfood:block/butterscotch_flow
[17:09:12] [Worker-ResourceReload-3/WARN]: Missing textures in model createfood:pumpkin_pie_filling#level=11:
    minecraft:textures/atlas/blocks.png:createfood:block/pumpkin_pie_filling_flow
[17:09:12] [Worker-ResourceReload-3/WARN]: Missing textures in model createfood:melon_cream_frosting#level=1:
    minecraft:textures/atlas/blocks.png:createfood:block/melon_cream_frosting_flow
[17:09:12] [Worker-ResourceReload-3/WARN]: Missing textures in model createfood:chorus_fruit_jam#level=2:
    minecraft:textures/atlas/blocks.png:createfood:block/chorus_fruit_jam_flow
[17:09:12] [Worker-ResourceReload-3/WARN]: Missing textures in model createfood:chorus_fruit_cream_frosting#level=10:
    minecraft:textures/atlas/blocks.png:createfood:block/chorus_fruit_cream_frosting_flow
[17:09:12] [Worker-ResourceReload-3/WARN]: Missing textures in model createfood:chocolate_cream_frosting#level=10:
    minecraft:textures/atlas/blocks.png:createfood:block/chocolate_frosting_flow
[17:09:12] [Worker-ResourceReload-3/WARN]: Missing textures in model createfood:pumpkin_puree#level=15:
    minecraft:textures/atlas/blocks.png:createfood:block/pumpkin_puree_flow
[17:09:12] [Worker-ResourceReload-3/WARN]: Missing textures in model createfood:toffee#level=1:
    minecraft:textures/atlas/blocks.png:createfood:block/toffee_flow
[17:09:12] [Worker-ResourceReload-3/WARN]: Missing textures in model createfood:melon_jam#level=9:
    minecraft:textures/atlas/blocks.png:createfood:block/melon_jam_flow
[17:09:12] [Worker-ResourceReload-3/WARN]: Missing textures in model createfood:chorus_fruit_pie_filling#level=8:
    minecraft:textures/atlas/blocks.png:createfood:block/chorus_fruit_pie_filling_flow
[17:09:12] [Worker-ResourceReload-3/WARN]: Missing textures in model createfood:berry_pie_filling#level=15:
    minecraft:textures/atlas/blocks.png:createfood:block/berry_pie_filling_flow
[17:09:12] [Worker-ResourceReload-3/WARN]: Missing textures in model createfood:chocolate_milk#level=11:
    minecraft:textures/atlas/blocks.png:createfood:block/chocolate_milk_flow
[17:09:12] [Worker-ResourceReload-3/WARN]: Missing textures in model createfood:cheesecake_filling#level=4:
    minecraft:textures/atlas/blocks.png:createfood:block/cheesecake_filling_flow
[17:09:12] [Worker-ResourceReload-3/WARN]: Missing textures in model createfood:sour_cream#level=10:
    minecraft:textures/atlas/blocks.png:createfood:block/sour_cream_flow
[17:09:12] [Worker-ResourceReload-3/WARN]: Missing textures in model createfood:chocolate_fudge#level=5:
    minecraft:textures/atlas/blocks.png:createfood:block/chocolate_fudge_flow
[17:09:12] [Worker-ResourceReload-3/WARN]: Missing textures in model createfood:cream_pie_filling#level=13:
    minecraft:textures/atlas/blocks.png:createfood:block/cream_pie_filling_flow
[17:09:12] [Worker-ResourceReload-3/WARN]: Missing textures in model create_connected:fan_enriched_catalyst#:
    minecraft:textures/atlas/blocks.png:createnuclear:block/enriched_soul_soil
    minecraft:textures/atlas/blocks.png:createnuclear:block/enriching/campfire/enriching_flame
[17:09:12] [Worker-ResourceReload-3/WARN]: Missing textures in model createfood:glow_berry_cream_frosting#level=14:
    minecraft:textures/atlas/blocks.png:createfood:block/glow_berry_cream_frosting_flow
[17:09:12] [Worker-ResourceReload-3/WARN]: Missing textures in model createfood:caramel#level=10:
    minecraft:textures/atlas/blocks.png:createfood:block/caramel_flow
[17:09:12] [Worker-ResourceReload-3/WARN]: Missing textures in model createfood:cream_cheese#level=12:
    minecraft:textures/atlas/blocks.png:createfood:block/cream_cheese_flow
[17:09:12] [Worker-ResourceReload-3/WARN]: Missing textures in model createfood:berry_milkshake#level=0:
    minecraft:textures/atlas/blocks.png:createfood:block/berry_milkshake_flow
[17:09:12] [Worker-ResourceReload-3/WARN]: Missing textures in model createfood:slime#level=10:
    minecraft:textures/atlas/blocks.png:createfood:block/slime_flow
[17:09:12] [Worker-ResourceReload-3/WARN]: Missing textures in model createfood:chocolate_milkshake#level=11:
    minecraft:textures/atlas/blocks.png:createfood:block/chocolate_milkshake_flow
[17:09:12] [Worker-ResourceReload-3/WARN]: Missing textures in model tfmg:block/surface_scanner/flag:
    minecraft:textures/atlas/blocks.png:tfmg:block/surface_scanner_flags/flag1
[17:09:12] [Worker-ResourceReload-3/WARN]: Missing textures in model createfood:coffee_toffee_fudge#level=0:
    minecraft:textures/atlas/blocks.png:createfood:block/coffee_toffee_fudge_flow
[17:09:12] [Worker-ResourceReload-3/WARN]: Missing textures in model createfood:glow_berry_milkshake#level=0:
    minecraft:textures/atlas/blocks.png:createfood:block/glow_berry_milkshake_flow
[17:09:12] [Worker-ResourceReload-3/WARN]: Missing textures in model createfood:toffee_fudge#level=1:
    minecraft:textures/atlas/blocks.png:createfood:block/toffee_fudge_flow
[17:09:12] [Worker-ResourceReload-3/WARN]: Missing textures in model createfood:caramel_fudge#level=0:
    minecraft:textures/atlas/blocks.png:createfood:block/caramel_fudge_flow
[17:09:12] [Worker-ResourceReload-3/WARN]: Missing textures in model createfood:cane_syrup#level=2:
    minecraft:textures/atlas/blocks.png:createfood:block/cane_syrup_flow
[17:09:12] [Worker-ResourceReload-3/WARN]: Missing textures in model create_connected:fan_enriched_catalyst#inventory:
    minecraft:textures/atlas/blocks.png:createnuclear:block/enriched_soul_soil
    minecraft:textures/atlas/blocks.png:createnuclear:block/enriching/campfire/enriching_flame
[17:09:12] [Worker-ResourceReload-3/WARN]: Missing textures in model createfood:hot_white_chocolate#level=10:
    minecraft:textures/atlas/blocks.png:createfood:block/hot_white_chocolate_flow
[17:09:12] [Worker-ResourceReload-3/WARN]: Missing textures in model createfood:berry_ice_cream#level=7:
    minecraft:textures/atlas/blocks.png:createfood:block/berry_ice_cream_flow
[17:09:12] [Worker-ResourceReload-3/WARN]: Missing textures in model createfood:chocolate_ice_cream#level=0:
    minecraft:textures/atlas/blocks.png:createfood:block/chocolate_ice_cream_flow
[17:09:12] [Worker-ResourceReload-3/WARN]: Missing textures in model createfood:apple_pie_filling#level=15:
    minecraft:textures/atlas/blocks.png:createfood:block/apple_pie_filling_flow
[17:09:12] [Worker-ResourceReload-3/WARN]: Missing textures in model createfood:apple_ice_cream#level=0:
    minecraft:textures/atlas/blocks.png:createfood:block/apple_ice_cream_flow
[17:09:12] [Worker-ResourceReload-3/WARN]: Missing textures in model createfood:white_chocolate#level=11:
    minecraft:textures/atlas/blocks.png:createfood:block/white_chocolate_flow
[17:09:12] [Worker-ResourceReload-3/WARN]: Missing textures in model createfood:berry_cream_frosting#level=12:
    minecraft:textures/atlas/blocks.png:createfood:block/berry_cream_frosting_flow
[17:09:12] [Worker-ResourceReload-3/WARN]: Missing textures in model createfood:blackstrap_molasses#level=10:
    minecraft:textures/atlas/blocks.png:createfood:block/blackstrap_molasses_flow
[17:09:12] [Worker-ResourceReload-3/WARN]: Missing textures in model bountiful:decree#inventory:
    minecraft:textures/atlas/blocks.png:bountiful:item/decree
[17:09:12] [Worker-ResourceReload-3/WARN]: Missing textures in model createfood:condensed_milk#level=11:
    minecraft:textures/atlas/blocks.png:createfood:block/condensed_milk_flow
[17:09:12] [Worker-ResourceReload-3/WARN]: Missing textures in model createfood:glow_berry_pie_filling#level=2:
    minecraft:textures/atlas/blocks.png:createfood:block/glow_berry_pie_filling_flow
[17:09:12] [Worker-ResourceReload-3/WARN]: Missing textures in model createfood:melon_ice_cream#level=13:
    minecraft:textures/atlas/blocks.png:createfood:block/melon_ice_cream_flow
[17:09:12] [Worker-ResourceReload-3/WARN]: Missing textures in model createfood:cacao_butter#level=0:
    minecraft:textures/atlas/blocks.png:createfood:block/cacao_butter_flow
[17:09:12] [Worker-ResourceReload-3/WARN]: Missing textures in model createfood:sugar_cane_juice#level=13:
    minecraft:textures/atlas/blocks.png:createfood:block/sugar_cane_juice_flow
[17:09:12] [Worker-ResourceReload-3/WARN]: Missing textures in model createfood:cream_frosting#level=0:
    minecraft:textures/atlas/blocks.png:createfood:block/cream_frosting_flow
[17:09:12] [Worker-ResourceReload-3/WARN]: Missing textures in model createfood:dark_chocolate#level=8:
    minecraft:textures/atlas/blocks.png:createfood:block/dark_chocolate_flow
[17:09:12] [Worker-ResourceReload-3/WARN]: Missing textures in model createfood:milkshake#level=10:
    minecraft:textures/atlas/blocks.png:createfood:block/milkshake_flow
[17:09:12] [Worker-ResourceReload-3/WARN]: Missing textures in model createfood:glow_berry_jam#level=0:
    minecraft:textures/atlas/blocks.png:createfood:block/glow_berry_jam_flow
[17:09:12] [Worker-ResourceReload-3/WARN]: Missing textures in model tfmg:constantan_truss#axis=x,waterlogged=false:
    minecraft:textures/atlas/blocks.png:tfmg:block/constantan_truss_truss
[17:09:12] [Worker-ResourceReload-3/WARN]: Missing textures in model createfood:berry_jam#level=10:
    minecraft:textures/atlas/blocks.png:createfood:block/berry_jam_flow
[17:09:12] [Worker-ResourceReload-3/WARN]: Missing textures in model createfood:glow_berry_ice_cream#level=10:
    minecraft:textures/atlas/blocks.png:createfood:block/glow_berry_ice_cream_flow
[17:09:12] [Worker-ResourceReload-3/WARN]: Missing textures in model createfood:hot_dark_chocolate#level=14:
    minecraft:textures/atlas/blocks.png:createfood:block/hot_dark_chocolate_flow
[17:09:12] [Worker-ResourceReload-3/WARN]: Missing textures in model createfood:apple_jam#level=6:
    minecraft:textures/atlas/blocks.png:createfood:block/apple_jam_flow
[17:09:12] [Worker-ResourceReload-3/WARN]: Missing textures in model createfood:coffee_toffee#level=3:
    minecraft:textures/atlas/blocks.png:createfood:block/coffee_toffee_flow
[17:09:12] [Worker-ResourceReload-3/WARN]: Missing textures in model createfood:hot_chocolate#level=0:
    minecraft:textures/atlas/blocks.png:createfood:block/hot_chocolate_flow
[17:09:12] [Worker-ResourceReload-3/WARN]: Missing textures in model tfmg:constantan_truss#axis=y,waterlogged=false:
    minecraft:textures/atlas/blocks.png:tfmg:block/constantan_truss_truss
[17:09:12] [Worker-ResourceReload-3/WARN]: Missing textures in model tfmg:constantan_truss#axis=z,waterlogged=true:
    minecraft:textures/atlas/blocks.png:tfmg:block/constantan_truss_truss
[17:09:12] [Worker-ResourceReload-3/WARN]: Missing textures in model createfood:molasses#level=15:
    minecraft:textures/atlas/blocks.png:createfood:block/molasses_flow
[17:09:12] [Worker-ResourceReload-3/WARN]: Missing textures in model create_connected:fan_ending_catalyst_dragons_breath#inventory:
    minecraft:textures/atlas/blocks.png:create_dragons_plus:fluid/dragon_breath_flow
[17:09:12] [Worker-ResourceReload-3/WARN]: Missing textures in model createfood:chorus_fruit_milkshake#level=15:
    minecraft:textures/atlas/blocks.png:createfood:block/chorus_fruit_milkshake_flow
[17:09:12] [Worker-ResourceReload-3/WARN]: Missing textures in model supplementaries:globe#inventory:
    minecraft:textures/atlas/blocks.png:supplementaries:item/globes/globe_arzinist
    minecraft:textures/atlas/blocks.png:supplementaries:item/globes/globe_looxond
[17:09:12] [Worker-ResourceReload-3/WARN]: Missing textures in model createfood:chorus_fruit_ice_cream#level=14:
    minecraft:textures/atlas/blocks.png:createfood:block/chorus_fruit_ice_cream_flow
[17:09:12] [Worker-ResourceReload-3/WARN]: Missing textures in model createfood:fruit_smoothie#level=3:
    minecraft:textures/atlas/blocks.png:createfood:block/fruit_smoothie_flow
[17:09:12] [Worker-ResourceReload-3/WARN]: Missing textures in model delightful:sliced_gloomgourd#bites=3:
    minecraft:textures/atlas/blocks.png:undergarden:block/gloomgourd_side
    minecraft:textures/atlas/blocks.png:undergarden:block/gloomgourd_top
[17:09:12] [Worker-ResourceReload-3/WARN]: Missing textures in model delightful:sliced_gloomgourd#bites=2:
    minecraft:textures/atlas/blocks.png:undergarden:block/gloomgourd_side
    minecraft:textures/atlas/blocks.png:undergarden:block/gloomgourd_top
[17:09:12] [Worker-ResourceReload-3/WARN]: Missing textures in model tfmg:constantan_truss#inventory:
    minecraft:textures/atlas/blocks.png:tfmg:block/constantan_truss_truss
[17:09:12] [Worker-ResourceReload-3/WARN]: Missing textures in model createfood:ube_cream_frosting#level=0:
    minecraft:textures/atlas/blocks.png:createfood:block/ube_cream_frosting_flow
[17:09:12] [Worker-ResourceReload-3/WARN]: Missing textures in model delightful:sliced_gloomgourd#bites=1:
    minecraft:textures/atlas/blocks.png:undergarden:block/gloomgourd_side
    minecraft:textures/atlas/blocks.png:undergarden:block/gloomgourd_top
[17:09:12] [Worker-ResourceReload-3/WARN]: Missing textures in model createfood:cacao_mass#level=2:
    minecraft:textures/atlas/blocks.png:createfood:block/cacao_mass_flow
[17:09:12] [Worker-ResourceReload-3/WARN]: Missing textures in model createfood:apple_cream_frosting#level=4:
    minecraft:textures/atlas/blocks.png:createfood:block/apple_cream_frosting_flow
[17:09:12] [Worker-ResourceReload-3/WARN]: Missing textures in model create_connected:fan_ending_catalyst_dragons_breath#:
    minecraft:textures/atlas/blocks.png:create_dragons_plus:fluid/dragon_breath_flow
[17:09:12] [Worker-ResourceReload-3/WARN]: Missing textures in model createaddition:small_light_connector#facing=west,mode=push,powered=true,rotation=x_clockwise_180,variant=default:
    minecraft:textures/atlas/blocks.png:create:block/chute_block
[17:09:12] [Worker-ResourceReload-3/WARN]: Missing textures in model createfood:butterscotch_fudge#level=0:
    minecraft:textures/atlas/blocks.png:createfood:block/butterscotch_fudge_flow
[17:09:13] [Worker-ResourceReload-3/WARN]: Block 'mcwfences:prismarine_grass_topped_wall' is using incompatible model 'net.minecraft.client.renderer.block.model.MultiVariant' and should be added to the 'diagonalfences:non_diagonal_fences' block tag. The model will not appear correctly under some circumstances!
[17:09:13] [Worker-ResourceReload-3/WARN]: Block 'mcwfences:red_sandstone_grass_topped_wall' is using incompatible model 'net.minecraft.client.renderer.block.model.MultiVariant' and should be added to the 'diagonalfences:non_diagonal_fences' block tag. The model will not appear correctly under some circumstances!
[17:09:13] [Worker-ResourceReload-3/WARN]: Block 'mcwfences:sandstone_grass_topped_wall' is using incompatible model 'net.minecraft.client.renderer.block.model.MultiVariant' and should be added to the 'diagonalfences:non_diagonal_fences' block tag. The model will not appear correctly under some circumstances!
[17:09:13] [Worker-ResourceReload-3/WARN]: Block 'mcwfences:stone_grass_topped_wall' is using incompatible model 'net.minecraft.client.renderer.block.model.MultiVariant' and should be added to the 'diagonalfences:non_diagonal_fences' block tag. The model will not appear correctly under some circumstances!
[17:09:13] [Worker-ResourceReload-3/WARN]: Block 'mcwfences:mud_brick_grass_topped_wall' is using incompatible model 'net.minecraft.client.renderer.block.model.MultiVariant' and should be added to the 'diagonalfences:non_diagonal_fences' block tag. The model will not appear correctly under some circumstances!
[17:09:13] [Worker-ResourceReload-3/WARN]: Block 'mcwfences:deepslate_grass_topped_wall' is using incompatible model 'net.minecraft.client.renderer.block.model.MultiVariant' and should be added to the 'diagonalfences:non_diagonal_fences' block tag. The model will not appear correctly under some circumstances!
[17:09:13] [Worker-ResourceReload-3/WARN]: Block 'mcwfences:blackstone_grass_topped_wall' is using incompatible model 'net.minecraft.client.renderer.block.model.MultiVariant' and should be added to the 'diagonalfences:non_diagonal_fences' block tag. The model will not appear correctly under some circumstances!
[17:09:13] [Worker-ResourceReload-3/WARN]: Block 'mcwfences:andesite_grass_topped_wall' is using incompatible model 'net.minecraft.client.renderer.block.model.MultiVariant' and should be added to the 'diagonalfences:non_diagonal_fences' block tag. The model will not appear correctly under some circumstances!
[17:09:13] [Worker-ResourceReload-3/WARN]: Block 'mcwfences:granite_grass_topped_wall' is using incompatible model 'net.minecraft.client.renderer.block.model.MultiVariant' and should be added to the 'diagonalfences:non_diagonal_fences' block tag. The model will not appear correctly under some circumstances!
[17:09:13] [Worker-ResourceReload-3/WARN]: Block 'mcwfences:quartz_grass_topped_wall' is using incompatible model 'net.minecraft.client.renderer.block.model.MultiVariant' and should be added to the 'diagonalfences:non_diagonal_fences' block tag. The model will not appear correctly under some circumstances!
[17:09:13] [Worker-ResourceReload-3/WARN]: Block 'create_connected:wrapped_copycat_fence' is using incompatible model 'net.minecraft.client.renderer.block.model.MultiVariant' and should be added to the 'diagonalfences:non_diagonal_fences' block tag. The model will not appear correctly under some circumstances!
[17:09:13] [Worker-ResourceReload-3/WARN]: Block 'mcwfences:deepslate_brick_grass_topped_wall' is using incompatible model 'net.minecraft.client.renderer.block.model.MultiVariant' and should be added to the 'diagonalfences:non_diagonal_fences' block tag. The model will not appear correctly under some circumstances!
[17:09:13] [Worker-ResourceReload-3/WARN]: Block 'mcwfences:nether_brick_grass_topped_wall' is using incompatible model 'net.minecraft.client.renderer.block.model.MultiVariant' and should be added to the 'diagonalfences:non_diagonal_fences' block tag. The model will not appear correctly under some circumstances!
[17:09:13] [Worker-ResourceReload-3/WARN]: Block 'mcwfences:diorite_grass_topped_wall' is using incompatible model 'net.minecraft.client.renderer.block.model.MultiVariant' and should be added to the 'diagonalfences:non_diagonal_fences' block tag. The model will not appear correctly under some circumstances!
[17:09:13] [Worker-ResourceReload-3/WARN]: Block 'mcwfences:end_brick_grass_topped_wall' is using incompatible model 'net.minecraft.client.renderer.block.model.MultiVariant' and should be added to the 'diagonalfences:non_diagonal_fences' block tag. The model will not appear correctly under some circumstances!
[17:09:13] [Worker-ResourceReload-3/INFO]: Modifying unbaked models took 1110ms
[17:09:15] [Worker-ResourceReload-2/INFO]: Loaded values for 19 compatible attributes.
[17:09:15] [Worker-ResourceReload-0/INFO]: [com.mrh0.createaddition.CreateAddition:postInit:136]: Create Crafts & Additions Initialized!
[17:09:15] [Worker-ResourceReload-2/ERROR]: Attribute ID 'maxims_core:damage_resistance' does not belong to a known attribute. This entry will be ignored.
[17:09:15] [Worker-ResourceReload-2/ERROR]: Attribute ID 'maxims_core:maxims_damage_efficacy' does not belong to a known attribute. This entry will be ignored.
[17:09:15] [Worker-ResourceReload-2/ERROR]: Attribute ID 'maxims_core:enchantment_mystery' does not belong to a known attribute. This entry will be ignored.
[17:09:15] [Worker-ResourceReload-2/ERROR]: Attribute ID 'maxims_core:natural_healing' does not belong to a known attribute. This entry will be ignored.
[17:09:15] [Worker-ResourceReload-2/ERROR]: Attribute ID 'maxims_core:maxims_experience_efficacy' does not belong to a known attribute. This entry will be ignored.
[17:09:15] [Worker-ResourceReload-2/ERROR]: Attribute ID 'maxims_core:maxims_health_efficacy' does not belong to a known attribute. This entry will be ignored.
[17:09:15] [Worker-ResourceReload-2/ERROR]: Attribute ID 'maxims_core:maxims_armor_efficacy' does not belong to a known attribute. This entry will be ignored.
[17:09:15] [Worker-ResourceReload-2/ERROR]: Attribute ID 'maxims_core:maxims_luck_efficacy' does not belong to a known attribute. This entry will be ignored.
[17:09:15] [Worker-ResourceReload-2/ERROR]: Attribute ID 'maxims_core:travel_experience' does not belong to a known attribute. This entry will be ignored.
[17:09:15] [Worker-ResourceReload-2/INFO]: Loaded 28 values from config.
[17:09:15] [Worker-ResourceReload-2/INFO]: Saving config file. 28 entries.
[17:09:15] [Worker-ResourceReload-2/INFO]: Applying changes for 28 attributes.
[17:09:15] [Worker-ResourceReload-7/INFO]: Start loading plugin at net.blay09.mods.balm.forge.compat.hudinfo.ForgeJadeModCompat
[17:09:15] [Worker-ResourceReload-7/INFO]: Start loading plugin at snownee.jade.addon.JadeAddonsBase
[17:09:15] [Worker-ResourceReload-7/INFO]: Start loading plugin at net.mehvahdjukaar.supplementaries.integration.JadeCompat
[17:09:15] [Worker-ResourceReload-7/INFO]: Start loading plugin at xfacthd.framedblocks.common.compat.jade.FramedJadePlugin
[17:09:15] [Worker-ResourceReload-7/INFO]: Start loading plugin at snownee.jade.addon.vanilla.VanillaPlugin
[17:09:15] [Worker-ResourceReload-7/INFO]: Start loading plugin at snownee.jade.addon.universal.UniversalPlugin
[17:09:15] [Worker-ResourceReload-7/INFO]: Start loading plugin at snownee.jade.addon.core.CorePlugin
[17:09:15] [Worker-ResourceReload-7/INFO]: Start loading plugin at com.jaquadro.minecraft.storagedrawers.integration.Waila
[17:09:15] [Worker-ResourceReload-7/INFO]: Start loading plugin at net.brnbrd.delightful.compat.jade.DelightfulJadePlugin
[17:09:15] [Worker-ResourceReload-1/INFO]: Registering Ponder Scenes took 188.3 ms
[17:09:15] [Worker-ResourceReload-1/INFO]: Registering Ponder Tags took 34.16 ms
[17:09:15] [Render thread/INFO]: Registering config screens for mods
[17:09:15] [Render thread/INFO]: Added resource packs: []
[17:09:16] [Render thread/WARN]: Missing sound for event: minecraft:item.goat_horn.play
[17:09:16] [Render thread/WARN]: Missing sound for event: minecraft:entity.goat.screaming.horn_break
[17:09:16] [Render thread/WARN]: Missing sound for event: sounds:item.hard_metal.hold
[17:09:16] [Render thread/WARN]: Missing sound for event: sounds:item.shiny_metal.hold
[17:09:17] [Render thread/INFO]: OpenAL initialized on device CoreAudio Default
[17:09:17] [Render thread/INFO]: Initializing Sound Physics
[17:09:17] [Render thread/INFO]: EFX Extension recognized
[17:09:17] [Render thread/INFO]: Max auxiliary sends: 4
[17:09:17] [Render thread/INFO]: Aux slot 1 created
[17:09:17] [Render thread/INFO]: Aux slot 2 created
[17:09:17] [Render thread/INFO]: Aux slot 3 created
[17:09:17] [Render thread/INFO]: Aux slot 4 created
[17:09:17] [Render thread/INFO]: EFX ready
[17:09:17] [Render thread/INFO]: Sound engine started
[17:09:17] [Render thread/INFO]: Created: 8192x4096x4 minecraft:textures/atlas/blocks.png-atlas
[17:09:17] [Render thread/INFO]: Created: 512x512x4 minecraft:textures/atlas/signs.png-atlas
[17:09:17] [Render thread/INFO]: Created: 512x512x4 minecraft:textures/atlas/shield_patterns.png-atlas
[17:09:17] [Render thread/INFO]: Created: 512x512x4 minecraft:textures/atlas/banner_patterns.png-atlas
[17:09:17] [Render thread/INFO]: Created: 2048x2048x4 minecraft:textures/atlas/armor_trims.png-atlas
[17:09:17] [Render thread/INFO]: Created: 128x64x4 minecraft:textures/atlas/decorated_pot.png-atlas
[17:09:17] [Render thread/INFO]: Created: 512x256x4 minecraft:textures/atlas/chest.png-atlas
[17:09:17] [Render thread/INFO]: Created: 512x256x4 minecraft:textures/atlas/beds.png-atlas
[17:09:17] [Render thread/INFO]: Created: 512x256x4 minecraft:textures/atlas/shulker_boxes.png-atlas
[17:09:19] [Render thread/WARN]: Could not apply rainbow color layer to create:package, has custom renderer that is not LivingEntityRenderer.
[17:09:19] [Render thread/WARN]: Failed to add slimed layer to entity: entity.create.package. This bug was caused by forge! Use neo
[17:09:19] [Render thread/WARN]: Shader rendertype_entity_translucent_emissive could not find sampler named Sampler2 in the specified shader program.
[17:09:19] [Render thread/WARN]: Shader watut:position_tex_blur could not find uniform named ColorModulator in the specified shader program.
[17:09:19] [Render thread/WARN]: Shader watut:position_tex_blur_horizontal could not find uniform named ColorModulator in the specified shader program.
[17:09:19] [Render thread/WARN]: Shader watut:position_tex_blur_vertical could not find uniform named ColorModulator in the specified shader program.
[17:09:19] [Render thread/INFO]: Created: 2048x2048x0 minecraft:textures/atlas/particles.png-atlas
[17:09:19] [Render thread/INFO]: Created: 512x512x0 minecraft:textures/atlas/paintings.png-atlas
[17:09:19] [Render thread/INFO]: Created: 256x256x0 minecraft:textures/atlas/mob_effects.png-atlas
[17:09:19] [Render thread/INFO]: Created: 256x256x0 jei:textures/atlas/gui.png-atlas
[17:09:19] [Render thread/INFO]: Loaded 79 shader sources in 30,960 ms
[17:09:19] [Render thread/INFO]: Successfully reloaded the minimap shaders!
[17:09:19] [Render thread/INFO]: Successfully reloaded the world map shaders!
[17:09:19] [Render thread/WARN]: Mod(s) [oculus] are modifying Embeddium class me.jellysquid.mods.sodium.client.gl.device.GLRenderDevice$ImmediateDrawCommandList, which may cause instability.
[17:09:20] [Render thread/INFO]: Created: 128x128x0 computercraft:textures/atlas/gui.png-atlas
[17:09:20] [Render thread/INFO]: Loaded 57 train hat configurations.
[17:09:20] [Render thread/INFO]: Created: 256x256x0 moonlight:textures/atlas/map_markers.png-atlas
[17:09:20] [Render thread/INFO]: Successfully loaded image 'supplementaries:textures/block/gottem.gif'
[17:09:20] [Render thread/INFO]: Successfully loaded image 'sounds:textures/gui/chat_sounds.webp'
[17:09:20] [Render thread/INFO]: Successfully loaded image 'bridgingmod:textures/gui/config/bridging.webp'
[17:09:20] [Render thread/INFO]: Successfully loaded image 'sounds:textures/gui/discord.webp'
[17:09:20] [Render thread/INFO]: Successfully loaded image 'sounds:textures/gui/event_sounds.webp'
[17:09:20] [Render thread/INFO]: Successfully loaded image 'sounds:textures/gui/kofi.webp'
[17:09:20] [Render thread/INFO]: Successfully loaded image 'sounds:textures/gui/mod_sounds.webp'
[17:09:20] [Render thread/INFO]: Successfully loaded image 'sounds:textures/gui/modrinth.webp'
[17:09:20] [Render thread/INFO]: Successfully loaded image 'sounds:textures/gui/ui_sounds.webp'
[17:09:20] [Render thread/INFO]: Successfully loaded image 'sounds:textures/gui/world_sounds.webp'
[17:09:20] [Render thread/WARN]: Flywheel backend fell back from 'flywheel:indirect' to 'flywheel:instancing'
[17:09:20] [Render thread/INFO]: [ETF]: reloading ETF data.
[17:09:20] [Render thread/INFO]: [ETF]: emissive suffixes loaded: {_e}.
[17:09:20] [Render thread/INFO]: [ETF]: emissive suffixes loaded: {_e}.
[17:09:20] [Render thread/INFO]: Creating pipeline for dimension NamespacedId{namespace='minecraft', name='overworld'}
[17:09:21] [Render thread/INFO]: Loaded AmbientEngine 'basic' v3.1.5. 11 dimension(s), 11 features, 11 blockgroups, 2 sound collections, 37 regions, 58 sounds, 11 sound categories, 5 solids and 2 biome types
[17:09:21] [Render thread/INFO]: Updated custom language to: (Default)
[17:09:22] [Render thread/WARN]: Shader cabb2374eda405e66b897908637abd1da5deac52 could not find uniform named subpixel_amount in the specified shader program.
[17:09:23] [Render thread/WARN]: Mod(s) [oculus] are modifying Embeddium class me.jellysquid.mods.sodium.client.render.immediate.model.BakedModelEncoder, which may cause instability.
[17:09:23] [Render thread/ERROR]: Signature is missing from Property textures
[17:09:23] [Render thread/WARN]: Game took 83.695 seconds to start
[17:09:27] [Render thread/WARN]: Static binding violation: PRIVATE @Overwrite method m_215924_ in modernfix-forge.mixins.json:perf.tag_id_caching.TagEntryMixin cannot reduce visibiliy of PUBLIC target method, visibility will be upgraded.
[17:09:27] [Render thread/INFO]: Created 484 recipes which will be injected into the game
[17:09:27] [Render thread/INFO]: Created 12 tags which will be injected into the game
[17:09:27] [Render thread/INFO]: Registering CHLORIDE built-in packs
[17:09:27] [Render thread/WARN]: The following mods have version differences that were not resolved:
etched (version 3.0.2 -> MISSING)
Things may not work well.
[17:09:27] [Render thread/INFO]: Injecting existing registry data into this CLIENT instance
[17:09:28] [Render thread/INFO]: Registry minecraft:block: Found a missing id from the world etched:album_jukebox
[17:09:28] [Render thread/INFO]: Registry minecraft:block: Found a missing id from the world etched:etching_table
[17:09:28] [Render thread/INFO]: Registry minecraft:block: Found a missing id from the world etched:radio
[17:09:28] [Render thread/INFO]: Registry minecraft:entity_type: Found a missing id from the world etched:jukebox_minecart
[17:09:28] [Render thread/INFO]: Registry minecraft:item: Found a missing id from the world etched:album_cover
[17:09:28] [Render thread/INFO]: Registry minecraft:item: Found a missing id from the world etched:album_jukebox
[17:09:28] [Render thread/INFO]: Registry minecraft:item: Found a missing id from the world etched:blank_music_disc
[17:09:28] [Render thread/INFO]: Registry minecraft:item: Found a missing id from the world etched:boombox
[17:09:28] [Render thread/INFO]: Registry minecraft:item: Found a missing id from the world etched:complex_music_label
[17:09:28] [Render thread/INFO]: Registry minecraft:item: Found a missing id from the world etched:etched_music_disc
[17:09:28] [Render thread/INFO]: Registry minecraft:item: Found a missing id from the world etched:etching_table
[17:09:28] [Render thread/INFO]: Registry minecraft:item: Found a missing id from the world etched:jukebox_minecart
[17:09:28] [Render thread/INFO]: Registry minecraft:item: Found a missing id from the world etched:music_label
[17:09:28] [Render thread/INFO]: Registry minecraft:item: Found a missing id from the world etched:portal_radio
[17:09:28] [Render thread/INFO]: Registry minecraft:item: Found a missing id from the world etched:radio
[17:09:28] [Render thread/INFO]: Registry minecraft:point_of_interest_type: Found a missing id from the world etched:bard
[17:09:28] [Render thread/INFO]: Registry minecraft:sound_event: Found a missing id from the world etched:ui.etching_table.take_result
[17:09:28] [Render thread/INFO]: Registry minecraft:villager_profession: Found a missing id from the world etched:bard
[17:09:28] [Render thread/ERROR]: Unidentified mapping from registry minecraft:block
	etched:album_jukebox: 3531
	etched:etching_table: 3530
	etched:radio: 3532

[17:09:28] [Render thread/ERROR]: Unidentified mapping from registry minecraft:entity_type
	etched:jukebox_minecart: 128

[17:09:28] [Render thread/ERROR]: Unidentified mapping from registry minecraft:item
	etched:album_cover: 3874
	etched:album_jukebox: 3876
	etched:blank_music_disc: 3870
	etched:boombox: 3873
	etched:complex_music_label: 3869
	etched:etched_music_disc: 3871
	etched:etching_table: 3875
	etched:jukebox_minecart: 3872
	etched:music_label: 3868
	etched:portal_radio: 3878
	etched:radio: 3877

[17:09:28] [Render thread/ERROR]: Unidentified mapping from registry minecraft:point_of_interest_type
	etched:bard: 42

[17:09:28] [Render thread/ERROR]: Unidentified mapping from registry minecraft:sound_event
	etched:ui.etching_table.take_result: 1493

[17:09:28] [Render thread/ERROR]: Unidentified mapping from registry minecraft:villager_profession
	etched:bard: 27

[17:09:28] [Render thread/WARN]: Forge Mod Loader detected missing registry entries.

There are 18 missing entries in this save.
If you continue the missing entries will get removed.
A world backup will be automatically created in your saves directory.


[17:09:28] [Render thread/WARN]: Missing minecraft:sound_event:
    etched:ui.etching_table.take_result

Missing minecraft:villager_profession:
    etched:bard

Missing minecraft:item:
    etched:album_cover
    etched:album_jukebox
    etched:blank_music_disc
    etched:boombox
    etched:complex_music_label
    etched:etched_music_disc
    etched:etching_table
    etched:jukebox_minecart
    etched:music_label
    etched:portal_radio
    etched:radio

Missing minecraft:block:
    etched:album_jukebox
    etched:etching_table
    etched:radio

Missing minecraft:point_of_interest_type:
    etched:bard

Missing minecraft:entity_type:
    etched:jukebox_minecart


[17:09:28] [Render thread/ERROR]: There are unidentified mappings in this world - we are going to attempt to process anyway
[17:09:28] [Render thread/WARN]: Missing data pack mod:etched
[17:09:28] [Render thread/INFO]: Generated runtime resources for 4 packs in a total of: 61 ms
[17:09:28] [Render thread/INFO]: Generated runtime resources for 4 packs in a total of: 1 ms
[17:09:29] [Render thread/INFO]: Loaded script server_scripts:recipe_replacer.js in 0.001 s
[17:09:29] [Render thread/INFO]: Loaded script server_scripts:recipe_remover.js in 0.001 s
[17:09:29] [Render thread/INFO]: Loaded script server_scripts:dictionary.js in 0.0 s
[17:09:29] [Render thread/INFO]: Loaded script server_scripts:villager_trades.js in 0.009 s
[17:09:29] [Render thread/INFO]: example.js#5: Hello, World! (Loaded server scripts)
[17:09:29] [Render thread/INFO]: Loaded script server_scripts:example.js in 0.0 s
[17:09:29] [Render thread/INFO]: Loaded script server_scripts:rotaria_food_recipes.js in 0.007 s
[17:09:29] [Render thread/INFO]: Loaded script server_scripts:recipes.js in 0.0 s
[17:09:29] [Render thread/INFO]: Loaded 7/7 KubeJS server scripts in 0.028 s with 0 errors and 0 warnings
[17:09:29] [Render thread/INFO]: Scripts loaded
[17:09:29] [Render thread/INFO]: Initializing recipe event...
[17:09:30] [Render thread/INFO]: Adding serverside commands..
[17:09:30] [Render thread/INFO]: Adding datapack listener capsid_recipes
[17:09:30] [Worker-ResourceReload-1/ERROR]: Not a JSON object: null
[17:09:30] [Worker-ResourceReload-1/ERROR]: Couldn't read tag list forge:buckets/sulfuric_acid from forge:tags/items/buckets/sulfuric_acid.json in data pack tfmg-1.0e.jar
java.lang.RuntimeException: Not a JSON object: null
	at com.mojang.serialization.DataResult.lambda$getOrThrow$5(DataResult.java:101) ~[datafixerupper-6.0.8.jar%23109!/:?]
	at com.mojang.datafixers.util.Either$Right.map(Either.java:99) ~[datafixerupper-6.0.8.jar%23109!/:?]
	at com.mojang.serialization.DataResult.getOrThrow(DataResult.java:93) ~[datafixerupper-6.0.8.jar%23109!/:?]
	at net.minecraft.tags.TagLoader.m_144495_(TagLoader.java:53) ~[client-1.20.1-20230612.114412-srg.jar%23587!/:?]
	at net.minecraft.tags.TagLoader.m_203900_(TagLoader.java:114) ~[client-1.20.1-20230612.114412-srg.jar%23587!/:?]
	at net.minecraft.tags.TagManager.m_203920_(TagManager.java:55) ~[client-1.20.1-20230612.114412-srg.jar%23587!/:?]
	at java.util.concurrent.CompletableFuture$AsyncSupply.run(Unknown Source) ~[?:?]
	at java.util.concurrent.CompletableFuture$AsyncSupply.exec(Unknown Source) ~[?:?]
	at java.util.concurrent.ForkJoinTask.doExec(Unknown Source) ~[?:?]
	at java.util.concurrent.ForkJoinPool$WorkQueue.topLevelExec(Unknown Source) ~[?:?]
	at java.util.concurrent.ForkJoinPool.scan(Unknown Source) ~[?:?]
	at java.util.concurrent.ForkJoinPool.runWorker(Unknown Source) ~[?:?]
	at java.util.concurrent.ForkJoinWorkerThread.run(Unknown Source) ~[?:?]
[17:09:30] [Worker-ResourceReload-7/ERROR]: Not a JSON object: null
[17:09:30] [Worker-ResourceReload-7/ERROR]: Couldn't read tag list minecraft:mineable/hoe from minecraft:tags/blocks/mineable/hoe.json in data pack lemoned-1.0.1-1.20.jar
java.lang.RuntimeException: Not a JSON object: null
	at com.mojang.serialization.DataResult.lambda$getOrThrow$5(DataResult.java:101) ~[datafixerupper-6.0.8.jar%23109!/:?]
	at com.mojang.datafixers.util.Either$Right.map(Either.java:99) ~[datafixerupper-6.0.8.jar%23109!/:?]
	at com.mojang.serialization.DataResult.getOrThrow(DataResult.java:93) ~[datafixerupper-6.0.8.jar%23109!/:?]
	at net.minecraft.tags.TagLoader.m_144495_(TagLoader.java:53) ~[client-1.20.1-20230612.114412-srg.jar%23587!/:?]
	at net.minecraft.tags.TagLoader.m_203900_(TagLoader.java:114) ~[client-1.20.1-20230612.114412-srg.jar%23587!/:?]
	at net.minecraft.tags.TagManager.m_203920_(TagManager.java:55) ~[client-1.20.1-20230612.114412-srg.jar%23587!/:?]
	at java.util.concurrent.CompletableFuture$AsyncSupply.run(Unknown Source) ~[?:?]
	at java.util.concurrent.CompletableFuture$AsyncSupply.exec(Unknown Source) ~[?:?]
	at java.util.concurrent.ForkJoinTask.doExec(Unknown Source) ~[?:?]
	at java.util.concurrent.ForkJoinPool$WorkQueue.topLevelExec(Unknown Source) ~[?:?]
	at java.util.concurrent.ForkJoinPool.scan(Unknown Source) ~[?:?]
	at java.util.concurrent.ForkJoinPool.runWorker(Unknown Source) ~[?:?]
	at java.util.concurrent.ForkJoinWorkerThread.run(Unknown Source) ~[?:?]
[17:09:30] [Worker-ResourceReload-7/ERROR]: Not a JSON object: null
[17:09:30] [Worker-ResourceReload-7/ERROR]: Couldn't read tag list minecraft:mineable/pickaxe from minecraft:tags/blocks/mineable/pickaxe.json in data pack lemoned-1.0.1-1.20.jar
java.lang.RuntimeException: Not a JSON object: null
	at com.mojang.serialization.DataResult.lambda$getOrThrow$5(DataResult.java:101) ~[datafixerupper-6.0.8.jar%23109!/:?]
	at com.mojang.datafixers.util.Either$Right.map(Either.java:99) ~[datafixerupper-6.0.8.jar%23109!/:?]
	at com.mojang.serialization.DataResult.getOrThrow(DataResult.java:93) ~[datafixerupper-6.0.8.jar%23109!/:?]
	at net.minecraft.tags.TagLoader.m_144495_(TagLoader.java:53) ~[client-1.20.1-20230612.114412-srg.jar%23587!/:?]
	at net.minecraft.tags.TagLoader.m_203900_(TagLoader.java:114) ~[client-1.20.1-20230612.114412-srg.jar%23587!/:?]
	at net.minecraft.tags.TagManager.m_203920_(TagManager.java:55) ~[client-1.20.1-20230612.114412-srg.jar%23587!/:?]
	at java.util.concurrent.CompletableFuture$AsyncSupply.run(Unknown Source) ~[?:?]
	at java.util.concurrent.CompletableFuture$AsyncSupply.exec(Unknown Source) ~[?:?]
	at java.util.concurrent.ForkJoinTask.doExec(Unknown Source) ~[?:?]
	at java.util.concurrent.ForkJoinPool$WorkQueue.topLevelExec(Unknown Source) ~[?:?]
	at java.util.concurrent.ForkJoinPool.scan(Unknown Source) ~[?:?]
	at java.util.concurrent.ForkJoinPool.runWorker(Unknown Source) ~[?:?]
	at java.util.concurrent.ForkJoinWorkerThread.run(Unknown Source) ~[?:?]
[17:09:30] [Worker-ResourceReload-7/ERROR]: Not a JSON object: null
[17:09:30] [Worker-ResourceReload-7/ERROR]: Couldn't read tag list minecraft:mineable/shovel from minecraft:tags/blocks/mineable/shovel.json in data pack lemoned-1.0.1-1.20.jar
java.lang.RuntimeException: Not a JSON object: null
	at com.mojang.serialization.DataResult.lambda$getOrThrow$5(DataResult.java:101) ~[datafixerupper-6.0.8.jar%23109!/:?]
	at com.mojang.datafixers.util.Either$Right.map(Either.java:99) ~[datafixerupper-6.0.8.jar%23109!/:?]
	at com.mojang.serialization.DataResult.getOrThrow(DataResult.java:93) ~[datafixerupper-6.0.8.jar%23109!/:?]
	at net.minecraft.tags.TagLoader.m_144495_(TagLoader.java:53) ~[client-1.20.1-20230612.114412-srg.jar%23587!/:?]
	at net.minecraft.tags.TagLoader.m_203900_(TagLoader.java:114) ~[client-1.20.1-20230612.114412-srg.jar%23587!/:?]
	at net.minecraft.tags.TagManager.m_203920_(TagManager.java:55) ~[client-1.20.1-20230612.114412-srg.jar%23587!/:?]
	at java.util.concurrent.CompletableFuture$AsyncSupply.run(Unknown Source) ~[?:?]
	at java.util.concurrent.CompletableFuture$AsyncSupply.exec(Unknown Source) ~[?:?]
	at java.util.concurrent.ForkJoinTask.doExec(Unknown Source) ~[?:?]
	at java.util.concurrent.ForkJoinPool$WorkQueue.topLevelExec(Unknown Source) ~[?:?]
	at java.util.concurrent.ForkJoinPool.scan(Unknown Source) ~[?:?]
	at java.util.concurrent.ForkJoinPool.runWorker(Unknown Source) ~[?:?]
	at java.util.concurrent.ForkJoinWorkerThread.run(Unknown Source) ~[?:?]
[17:09:30] [Worker-ResourceReload-7/ERROR]: Not a JSON object: null
[17:09:30] [Worker-ResourceReload-7/ERROR]: Couldn't read tag list minecraft:needs_diamond_tool from minecraft:tags/blocks/needs_diamond_tool.json in data pack lemoned-1.0.1-1.20.jar
java.lang.RuntimeException: Not a JSON object: null
	at com.mojang.serialization.DataResult.lambda$getOrThrow$5(DataResult.java:101) ~[datafixerupper-6.0.8.jar%23109!/:?]
	at com.mojang.datafixers.util.Either$Right.map(Either.java:99) ~[datafixerupper-6.0.8.jar%23109!/:?]
	at com.mojang.serialization.DataResult.getOrThrow(DataResult.java:93) ~[datafixerupper-6.0.8.jar%23109!/:?]
	at net.minecraft.tags.TagLoader.m_144495_(TagLoader.java:53) ~[client-1.20.1-20230612.114412-srg.jar%23587!/:?]
	at net.minecraft.tags.TagLoader.m_203900_(TagLoader.java:114) ~[client-1.20.1-20230612.114412-srg.jar%23587!/:?]
	at net.minecraft.tags.TagManager.m_203920_(TagManager.java:55) ~[client-1.20.1-20230612.114412-srg.jar%23587!/:?]
	at java.util.concurrent.CompletableFuture$AsyncSupply.run(Unknown Source) ~[?:?]
	at java.util.concurrent.CompletableFuture$AsyncSupply.exec(Unknown Source) ~[?:?]
	at java.util.concurrent.ForkJoinTask.doExec(Unknown Source) ~[?:?]
	at java.util.concurrent.ForkJoinPool$WorkQueue.topLevelExec(Unknown Source) ~[?:?]
	at java.util.concurrent.ForkJoinPool.scan(Unknown Source) ~[?:?]
	at java.util.concurrent.ForkJoinPool.runWorker(Unknown Source) ~[?:?]
	at java.util.concurrent.ForkJoinWorkerThread.run(Unknown Source) ~[?:?]
[17:09:30] [Worker-ResourceReload-7/ERROR]: Not a JSON object: null
[17:09:30] [Worker-ResourceReload-7/ERROR]: Couldn't read tag list minecraft:needs_iron_tool from minecraft:tags/blocks/needs_iron_tool.json in data pack lemoned-1.0.1-1.20.jar
java.lang.RuntimeException: Not a JSON object: null
	at com.mojang.serialization.DataResult.lambda$getOrThrow$5(DataResult.java:101) ~[datafixerupper-6.0.8.jar%23109!/:?]
	at com.mojang.datafixers.util.Either$Right.map(Either.java:99) ~[datafixerupper-6.0.8.jar%23109!/:?]
	at com.mojang.serialization.DataResult.getOrThrow(DataResult.java:93) ~[datafixerupper-6.0.8.jar%23109!/:?]
	at net.minecraft.tags.TagLoader.m_144495_(TagLoader.java:53) ~[client-1.20.1-20230612.114412-srg.jar%23587!/:?]
	at net.minecraft.tags.TagLoader.m_203900_(TagLoader.java:114) ~[client-1.20.1-20230612.114412-srg.jar%23587!/:?]
	at net.minecraft.tags.TagManager.m_203920_(TagManager.java:55) ~[client-1.20.1-20230612.114412-srg.jar%23587!/:?]
	at java.util.concurrent.CompletableFuture$AsyncSupply.run(Unknown Source) ~[?:?]
	at java.util.concurrent.CompletableFuture$AsyncSupply.exec(Unknown Source) ~[?:?]
	at java.util.concurrent.ForkJoinTask.doExec(Unknown Source) ~[?:?]
	at java.util.concurrent.ForkJoinPool$WorkQueue.topLevelExec(Unknown Source) ~[?:?]
	at java.util.concurrent.ForkJoinPool.scan(Unknown Source) ~[?:?]
	at java.util.concurrent.ForkJoinPool.runWorker(Unknown Source) ~[?:?]
	at java.util.concurrent.ForkJoinWorkerThread.run(Unknown Source) ~[?:?]
[17:09:30] [Worker-ResourceReload-7/ERROR]: Not a JSON object: null
[17:09:30] [Worker-ResourceReload-7/ERROR]: Couldn't read tag list minecraft:needs_stone_tool from minecraft:tags/blocks/needs_stone_tool.json in data pack lemoned-1.0.1-1.20.jar
java.lang.RuntimeException: Not a JSON object: null
	at com.mojang.serialization.DataResult.lambda$getOrThrow$5(DataResult.java:101) ~[datafixerupper-6.0.8.jar%23109!/:?]
	at com.mojang.datafixers.util.Either$Right.map(Either.java:99) ~[datafixerupper-6.0.8.jar%23109!/:?]
	at com.mojang.serialization.DataResult.getOrThrow(DataResult.java:93) ~[datafixerupper-6.0.8.jar%23109!/:?]
	at net.minecraft.tags.TagLoader.m_144495_(TagLoader.java:53) ~[client-1.20.1-20230612.114412-srg.jar%23587!/:?]
	at net.minecraft.tags.TagLoader.m_203900_(TagLoader.java:114) ~[client-1.20.1-20230612.114412-srg.jar%23587!/:?]
	at net.minecraft.tags.TagManager.m_203920_(TagManager.java:55) ~[client-1.20.1-20230612.114412-srg.jar%23587!/:?]
	at java.util.concurrent.CompletableFuture$AsyncSupply.run(Unknown Source) ~[?:?]
	at java.util.concurrent.CompletableFuture$AsyncSupply.exec(Unknown Source) ~[?:?]
	at java.util.concurrent.ForkJoinTask.doExec(Unknown Source) ~[?:?]
	at java.util.concurrent.ForkJoinPool$WorkQueue.topLevelExec(Unknown Source) ~[?:?]
	at java.util.concurrent.ForkJoinPool.scan(Unknown Source) ~[?:?]
	at java.util.concurrent.ForkJoinPool.runWorker(Unknown Source) ~[?:?]
	at java.util.concurrent.ForkJoinWorkerThread.run(Unknown Source) ~[?:?]
[17:09:30] [Worker-ResourceReload-1/INFO]: [minecraft:item] Found 3825 tags, added 2 objects, removed 0 objects
[17:09:30] [Worker-ResourceReload-1/ERROR]: Couldn't load tag forge:berries/gooseberry as it is missing following references: pamhc2trees:gooseberryitem (from pamhc2foodextended-1.20.4-1.0.1.jar)
[17:09:30] [Worker-ResourceReload-1/ERROR]: Couldn't load tag forge:berries/strawberry as it is missing following references: pamhc2crops:strawberryitem (from pamhc2foodextended-1.20.4-1.0.1.jar)
[17:09:30] [Worker-ResourceReload-1/ERROR]: Couldn't load tag forge:berries/mulberry as it is missing following references: pamhc2crops:mulberryitem (from pamhc2foodextended-1.20.4-1.0.1.jar)
[17:09:30] [Worker-ResourceReload-1/ERROR]: Couldn't load tag forge:berries/blueberry as it is missing following references: pamhc2crops:blueberryitem (from pamhc2foodextended-1.20.4-1.0.1.jar)
[17:09:30] [Worker-ResourceReload-1/ERROR]: Couldn't load tag forge:berries/raspberry as it is missing following references: pamhc2crops:raspberryitem (from pamhc2foodextended-1.20.4-1.0.1.jar)
[17:09:30] [Worker-ResourceReload-1/ERROR]: Couldn't load tag forge:berries/huckleberry as it is missing following references: pamhc2crops:huckleberryitem (from pamhc2foodextended-1.20.4-1.0.1.jar)
[17:09:30] [Worker-ResourceReload-1/ERROR]: Couldn't load tag forge:berries/elderberry as it is missing following references: pamhc2crops:elderberryitem (from pamhc2foodextended-1.20.4-1.0.1.jar)
[17:09:30] [Worker-ResourceReload-1/ERROR]: Couldn't load tag forge:berries/cranberry as it is missing following references: pamhc2crops:cranberryitem (from pamhc2foodextended-1.20.4-1.0.1.jar)
[17:09:30] [Worker-ResourceReload-1/ERROR]: Couldn't load tag forge:berries/candleberry as it is missing following references: pamhc2crops:candleberryitem (from pamhc2foodextended-1.20.4-1.0.1.jar)
[17:09:30] [Worker-ResourceReload-1/ERROR]: Couldn't load tag forge:berries/juniperberry as it is missing following references: pamhc2crops:juniperberryitem (from pamhc2foodextended-1.20.4-1.0.1.jar)
[17:09:30] [Worker-ResourceReload-1/ERROR]: Couldn't load tag forge:berries/blackberry as it is missing following references: pamhc2crops:blackberryitem (from pamhc2foodextended-1.20.4-1.0.1.jar)
[17:09:30] [Worker-ResourceReload-1/ERROR]: Couldn't load tag forge:berries as it is missing following references: #forge:berries/blackberry (from pamhc2foodextended-1.20.4-1.0.1.jar), 
	#forge:berries/blueberry (from pamhc2foodextended-1.20.4-1.0.1.jar), 
	#forge:berries/candleberry (from pamhc2foodextended-1.20.4-1.0.1.jar), 
	#forge:berries/cranberry (from pamhc2foodextended-1.20.4-1.0.1.jar), 
	#forge:berries/elderberry (from pamhc2foodextended-1.20.4-1.0.1.jar), 
	#forge:berries/gooseberry (from pamhc2foodextended-1.20.4-1.0.1.jar), 
	#forge:berries/huckleberry (from pamhc2foodextended-1.20.4-1.0.1.jar), 
	#forge:berries/juniperberry (from pamhc2foodextended-1.20.4-1.0.1.jar), 
	#forge:berries/mulberry (from pamhc2foodextended-1.20.4-1.0.1.jar), 
	#forge:berries/raspberry (from pamhc2foodextended-1.20.4-1.0.1.jar), 
	#forge:berries/strawberry (from pamhc2foodextended-1.20.4-1.0.1.jar)
[17:09:30] [Worker-ResourceReload-1/ERROR]: Couldn't load tag forge:citrusfruits/grapefruit as it is missing following references: pamhc2trees:grapefruititem (from pamhc2foodextended-1.20.4-1.0.1.jar)
[17:09:30] [Worker-ResourceReload-1/ERROR]: Couldn't load tag ctov:wares/cardboard_box as it is missing following references: wares:cardboard_box (from [forge]ctov-3.4.14.jar)
[17:09:30] [Worker-ResourceReload-1/ERROR]: Couldn't load tag c:rods/breeze as it is missing following references: minecraft:breeze_rod (from Sounds-2.2.1+1.20.1+forge.jar)
[17:09:30] [Worker-ResourceReload-1/ERROR]: Couldn't load tag forge:citrusfruits/lime as it is missing following references: pamhc2trees:limeitem (from pamhc2foodextended-1.20.4-1.0.1.jar)
[17:09:30] [Worker-ResourceReload-1/ERROR]: Couldn't load tag forge:citrusfruits/lemon as it is missing following references: pamhc2trees:lemonitem (from pamhc2foodextended-1.20.4-1.0.1.jar)
[17:09:30] [Worker-ResourceReload-1/ERROR]: Couldn't load tag forge:citrusfruits as it is missing following references: #forge:citrusfruits/grapefruit (from pamhc2foodextended-1.20.4-1.0.1.jar), 
	#forge:citrusfruits/lemon (from pamhc2foodextended-1.20.4-1.0.1.jar), 
	#forge:citrusfruits/lime (from pamhc2foodextended-1.20.4-1.0.1.jar)
[17:09:30] [Worker-ResourceReload-1/ERROR]: Couldn't load tag c:tools/melee_weapon as it is missing following references: minecraft:mace (from Sounds-2.2.1+1.20.1+forge.jar)
[17:09:30] [Worker-ResourceReload-1/ERROR]: Couldn't load tag c:foods as it is missing following references: minecraft:ominous_bottle (from Sounds-2.2.1+1.20.1+forge.jar)
[17:09:30] [Worker-ResourceReload-1/ERROR]: Couldn't load tag ctov:wares/sealed_delivery_agreement as it is missing following references: wares:sealed_delivery_agreement (from [forge]ctov-3.4.14.jar)
[17:09:30] [Worker-ResourceReload-1/ERROR]: Couldn't load tag c:music_discs as it is missing following references: minecraft:music_disc_creator (from Sounds-2.2.1+1.20.1+forge.jar), 
	minecraft:music_disc_creator_music_box (from Sounds-2.2.1+1.20.1+forge.jar), 
	minecraft:music_disc_precipice (from Sounds-2.2.1+1.20.1+forge.jar)
[17:09:30] [Worker-ResourceReload-1/ERROR]: Couldn't load tag c:tools/mace as it is missing following references: minecraft:mace (from Sounds-2.2.1+1.20.1+forge.jar)
[17:09:30] [Worker-ResourceReload-1/ERROR]: Couldn't load tag sullysmod:tortoise_food as it is missing following references: #forge:berries (from Delightful-1.20.1-3.7.3.jar)
[17:09:30] [Worker-ResourceReload-1/ERROR]: Couldn't load tag minecraft:fox_food as it is missing following references: #forge:berries (from Delightful-1.20.1-3.7.3.jar)
[17:09:30] [Worker-ResourceReload-1/ERROR]: Couldn't load tag forge:fruits as it is missing following references: #forge:berries (from Delightful-1.20.1-3.7.3.jar)
[17:09:30] [Worker-ResourceReload-3/ERROR]: Couldn't parse data file tfmg:recipes/misc/crafting/kinetics/aluminum_frame from tfmg:advancements/recipes/misc/crafting/kinetics/aluminum_frame.json
com.google.gson.JsonParseException: java.io.EOFException: End of input at line 1 column 1 path $
	at net.minecraft.util.GsonHelper.m_13780_(GsonHelper.java:526) ~[client-1.20.1-20230612.114412-srg.jar%23587!/:?]
	at net.minecraft.util.GsonHelper.m_263475_(GsonHelper.java:531) ~[client-1.20.1-20230612.114412-srg.jar%23587!/:?]
	at net.minecraft.util.GsonHelper.m_13776_(GsonHelper.java:581) ~[client-1.20.1-20230612.114412-srg.jar%23587!/:?]
	at net.minecraft.server.packs.resources.SimpleJsonResourceReloadListener.m_278771_(SimpleJsonResourceReloadListener.java:41) ~[client-1.20.1-20230612.114412-srg.jar%23587!/:?]
	at net.minecraft.server.packs.resources.SimpleJsonResourceReloadListener.m_5944_(SimpleJsonResourceReloadListener.java:29) ~[client-1.20.1-20230612.114412-srg.jar%23587!/:?]
	at net.minecraft.server.packs.resources.SimpleJsonResourceReloadListener.m_5944_(SimpleJsonResourceReloadListener.java:17) ~[client-1.20.1-20230612.114412-srg.jar%23587!/:?]
	at net.minecraft.server.packs.resources.SimplePreparableReloadListener.m_10786_(SimplePreparableReloadListener.java:11) ~[client-1.20.1-20230612.114412-srg.jar%23587!/:?]
	at java.util.concurrent.CompletableFuture$AsyncSupply.run(Unknown Source) ~[?:?]
	at java.util.concurrent.CompletableFuture$AsyncSupply.exec(Unknown Source) ~[?:?]
	at java.util.concurrent.ForkJoinTask.doExec(Unknown Source) ~[?:?]
	at java.util.concurrent.ForkJoinPool$WorkQueue.topLevelExec(Unknown Source) ~[?:?]
	at java.util.concurrent.ForkJoinPool.scan(Unknown Source) ~[?:?]
	at java.util.concurrent.ForkJoinPool.runWorker(Unknown Source) ~[?:?]
	at java.util.concurrent.ForkJoinWorkerThread.run(Unknown Source) ~[?:?]
Caused by: java.io.EOFException: End of input at line 1 column 1 path $
	at com.google.gson.stream.JsonReader.nextNonWhitespace(JsonReader.java:1455) ~[gson-2.10.jar%23102!/:?]
	at com.google.gson.stream.JsonReader.doPeek(JsonReader.java:558) ~[gson-2.10.jar%23102!/:?]
	at com.google.gson.stream.JsonReader.peek(JsonReader.java:433) ~[gson-2.10.jar%23102!/:?]
	at com.google.gson.internal.bind.TypeAdapters$28.read(TypeAdapters.java:769) ~[gson-2.10.jar%23102!/:?]
	at com.google.gson.internal.bind.TypeAdapters$28.read(TypeAdapters.java:725) ~[gson-2.10.jar%23102!/:?]
	at com.google.gson.internal.bind.TypeAdapters$34$1.read(TypeAdapters.java:1007) ~[gson-2.10.jar%23102!/:?]
	at net.minecraft.util.GsonHelper.m_13780_(GsonHelper.java:524) ~[client-1.20.1-20230612.114412-srg.jar%23587!/:?]
	... 13 more
[17:09:30] [Worker-ResourceReload-3/ERROR]: Couldn't parse data file tfmg:recipes/misc/crafting/kinetics/aluminum_truss from tfmg:advancements/recipes/misc/crafting/kinetics/aluminum_truss.json
com.google.gson.JsonParseException: java.io.EOFException: End of input at line 1 column 1 path $
	at net.minecraft.util.GsonHelper.m_13780_(GsonHelper.java:526) ~[client-1.20.1-20230612.114412-srg.jar%23587!/:?]
	at net.minecraft.util.GsonHelper.m_263475_(GsonHelper.java:531) ~[client-1.20.1-20230612.114412-srg.jar%23587!/:?]
	at net.minecraft.util.GsonHelper.m_13776_(GsonHelper.java:581) ~[client-1.20.1-20230612.114412-srg.jar%23587!/:?]
	at net.minecraft.server.packs.resources.SimpleJsonResourceReloadListener.m_278771_(SimpleJsonResourceReloadListener.java:41) ~[client-1.20.1-20230612.114412-srg.jar%23587!/:?]
	at net.minecraft.server.packs.resources.SimpleJsonResourceReloadListener.m_5944_(SimpleJsonResourceReloadListener.java:29) ~[client-1.20.1-20230612.114412-srg.jar%23587!/:?]
	at net.minecraft.server.packs.resources.SimpleJsonResourceReloadListener.m_5944_(SimpleJsonResourceReloadListener.java:17) ~[client-1.20.1-20230612.114412-srg.jar%23587!/:?]
	at net.minecraft.server.packs.resources.SimplePreparableReloadListener.m_10786_(SimplePreparableReloadListener.java:11) ~[client-1.20.1-20230612.114412-srg.jar%23587!/:?]
	at java.util.concurrent.CompletableFuture$AsyncSupply.run(Unknown Source) ~[?:?]
	at java.util.concurrent.CompletableFuture$AsyncSupply.exec(Unknown Source) ~[?:?]
	at java.util.concurrent.ForkJoinTask.doExec(Unknown Source) ~[?:?]
	at java.util.concurrent.ForkJoinPool$WorkQueue.topLevelExec(Unknown Source) ~[?:?]
	at java.util.concurrent.ForkJoinPool.scan(Unknown Source) ~[?:?]
	at java.util.concurrent.ForkJoinPool.runWorker(Unknown Source) ~[?:?]
	at java.util.concurrent.ForkJoinWorkerThread.run(Unknown Source) ~[?:?]
Caused by: java.io.EOFException: End of input at line 1 column 1 path $
	at com.google.gson.stream.JsonReader.nextNonWhitespace(JsonReader.java:1455) ~[gson-2.10.jar%23102!/:?]
	at com.google.gson.stream.JsonReader.doPeek(JsonReader.java:558) ~[gson-2.10.jar%23102!/:?]
	at com.google.gson.stream.JsonReader.peek(JsonReader.java:433) ~[gson-2.10.jar%23102!/:?]
	at com.google.gson.internal.bind.TypeAdapters$28.read(TypeAdapters.java:769) ~[gson-2.10.jar%23102!/:?]
	at com.google.gson.internal.bind.TypeAdapters$28.read(TypeAdapters.java:725) ~[gson-2.10.jar%23102!/:?]
	at com.google.gson.internal.bind.TypeAdapters$34$1.read(TypeAdapters.java:1007) ~[gson-2.10.jar%23102!/:?]
	at net.minecraft.util.GsonHelper.m_13780_(GsonHelper.java:524) ~[client-1.20.1-20230612.114412-srg.jar%23587!/:?]
	... 13 more
[17:09:30] [Worker-ResourceReload-3/ERROR]: Couldn't parse data file tfmg:recipes/misc/crafting/kinetics/brass_frame from tfmg:advancements/recipes/misc/crafting/kinetics/brass_frame.json
com.google.gson.JsonParseException: java.io.EOFException: End of input at line 1 column 1 path $
	at net.minecraft.util.GsonHelper.m_13780_(GsonHelper.java:526) ~[client-1.20.1-20230612.114412-srg.jar%23587!/:?]
	at net.minecraft.util.GsonHelper.m_263475_(GsonHelper.java:531) ~[client-1.20.1-20230612.114412-srg.jar%23587!/:?]
	at net.minecraft.util.GsonHelper.m_13776_(GsonHelper.java:581) ~[client-1.20.1-20230612.114412-srg.jar%23587!/:?]
	at net.minecraft.server.packs.resources.SimpleJsonResourceReloadListener.m_278771_(SimpleJsonResourceReloadListener.java:41) ~[client-1.20.1-20230612.114412-srg.jar%23587!/:?]
	at net.minecraft.server.packs.resources.SimpleJsonResourceReloadListener.m_5944_(SimpleJsonResourceReloadListener.java:29) ~[client-1.20.1-20230612.114412-srg.jar%23587!/:?]
	at net.minecraft.server.packs.resources.SimpleJsonResourceReloadListener.m_5944_(SimpleJsonResourceReloadListener.java:17) ~[client-1.20.1-20230612.114412-srg.jar%23587!/:?]
	at net.minecraft.server.packs.resources.SimplePreparableReloadListener.m_10786_(SimplePreparableReloadListener.java:11) ~[client-1.20.1-20230612.114412-srg.jar%23587!/:?]
	at java.util.concurrent.CompletableFuture$AsyncSupply.run(Unknown Source) ~[?:?]
	at java.util.concurrent.CompletableFuture$AsyncSupply.exec(Unknown Source) ~[?:?]
	at java.util.concurrent.ForkJoinTask.doExec(Unknown Source) ~[?:?]
	at java.util.concurrent.ForkJoinPool$WorkQueue.topLevelExec(Unknown Source) ~[?:?]
	at java.util.concurrent.ForkJoinPool.scan(Unknown Source) ~[?:?]
	at java.util.concurrent.ForkJoinPool.runWorker(Unknown Source) ~[?:?]
	at java.util.concurrent.ForkJoinWorkerThread.run(Unknown Source) ~[?:?]
Caused by: java.io.EOFException: End of input at line 1 column 1 path $
	at com.google.gson.stream.JsonReader.nextNonWhitespace(JsonReader.java:1455) ~[gson-2.10.jar%23102!/:?]
	at com.google.gson.stream.JsonReader.doPeek(JsonReader.java:558) ~[gson-2.10.jar%23102!/:?]
	at com.google.gson.stream.JsonReader.peek(JsonReader.java:433) ~[gson-2.10.jar%23102!/:?]
	at com.google.gson.internal.bind.TypeAdapters$28.read(TypeAdapters.java:769) ~[gson-2.10.jar%23102!/:?]
	at com.google.gson.internal.bind.TypeAdapters$28.read(TypeAdapters.java:725) ~[gson-2.10.jar%23102!/:?]
	at com.google.gson.internal.bind.TypeAdapters$34$1.read(TypeAdapters.java:1007) ~[gson-2.10.jar%23102!/:?]
	at net.minecraft.util.GsonHelper.m_13780_(GsonHelper.java:524) ~[client-1.20.1-20230612.114412-srg.jar%23587!/:?]
	... 13 more
[17:09:30] [Worker-ResourceReload-3/ERROR]: Couldn't parse data file tfmg:recipes/misc/crafting/kinetics/brass_truss from tfmg:advancements/recipes/misc/crafting/kinetics/brass_truss.json
com.google.gson.JsonParseException: java.io.EOFException: End of input at line 1 column 1 path $
	at net.minecraft.util.GsonHelper.m_13780_(GsonHelper.java:526) ~[client-1.20.1-20230612.114412-srg.jar%23587!/:?]
	at net.minecraft.util.GsonHelper.m_263475_(GsonHelper.java:531) ~[client-1.20.1-20230612.114412-srg.jar%23587!/:?]
	at net.minecraft.util.GsonHelper.m_13776_(GsonHelper.java:581) ~[client-1.20.1-20230612.114412-srg.jar%23587!/:?]
	at net.minecraft.server.packs.resources.SimpleJsonResourceReloadListener.m_278771_(SimpleJsonResourceReloadListener.java:41) ~[client-1.20.1-20230612.114412-srg.jar%23587!/:?]
	at net.minecraft.server.packs.resources.SimpleJsonResourceReloadListener.m_5944_(SimpleJsonResourceReloadListener.java:29) ~[client-1.20.1-20230612.114412-srg.jar%23587!/:?]
	at net.minecraft.server.packs.resources.SimpleJsonResourceReloadListener.m_5944_(SimpleJsonResourceReloadListener.java:17) ~[client-1.20.1-20230612.114412-srg.jar%23587!/:?]
	at net.minecraft.server.packs.resources.SimplePreparableReloadListener.m_10786_(SimplePreparableReloadListener.java:11) ~[client-1.20.1-20230612.114412-srg.jar%23587!/:?]
	at java.util.concurrent.CompletableFuture$AsyncSupply.run(Unknown Source) ~[?:?]
	at java.util.concurrent.CompletableFuture$AsyncSupply.exec(Unknown Source) ~[?:?]
	at java.util.concurrent.ForkJoinTask.doExec(Unknown Source) ~[?:?]
	at java.util.concurrent.ForkJoinPool$WorkQueue.topLevelExec(Unknown Source) ~[?:?]
	at java.util.concurrent.ForkJoinPool.scan(Unknown Source) ~[?:?]
	at java.util.concurrent.ForkJoinPool.runWorker(Unknown Source) ~[?:?]
	at java.util.concurrent.ForkJoinWorkerThread.run(Unknown Source) ~[?:?]
Caused by: java.io.EOFException: End of input at line 1 column 1 path $
	at com.google.gson.stream.JsonReader.nextNonWhitespace(JsonReader.java:1455) ~[gson-2.10.jar%23102!/:?]
	at com.google.gson.stream.JsonReader.doPeek(JsonReader.java:558) ~[gson-2.10.jar%23102!/:?]
	at com.google.gson.stream.JsonReader.peek(JsonReader.java:433) ~[gson-2.10.jar%23102!/:?]
	at com.google.gson.internal.bind.TypeAdapters$28.read(TypeAdapters.java:769) ~[gson-2.10.jar%23102!/:?]
	at com.google.gson.internal.bind.TypeAdapters$28.read(TypeAdapters.java:725) ~[gson-2.10.jar%23102!/:?]
	at com.google.gson.internal.bind.TypeAdapters$34$1.read(TypeAdapters.java:1007) ~[gson-2.10.jar%23102!/:?]
	at net.minecraft.util.GsonHelper.m_13780_(GsonHelper.java:524) ~[client-1.20.1-20230612.114412-srg.jar%23587!/:?]
	... 13 more
[17:09:30] [Worker-ResourceReload-3/ERROR]: Couldn't parse data file tfmg:recipes/misc/crafting/kinetics/cast_iron_frame from tfmg:advancements/recipes/misc/crafting/kinetics/cast_iron_frame.json
com.google.gson.JsonParseException: java.io.EOFException: End of input at line 1 column 1 path $
	at net.minecraft.util.GsonHelper.m_13780_(GsonHelper.java:526) ~[client-1.20.1-20230612.114412-srg.jar%23587!/:?]
	at net.minecraft.util.GsonHelper.m_263475_(GsonHelper.java:531) ~[client-1.20.1-20230612.114412-srg.jar%23587!/:?]
	at net.minecraft.util.GsonHelper.m_13776_(GsonHelper.java:581) ~[client-1.20.1-20230612.114412-srg.jar%23587!/:?]
	at net.minecraft.server.packs.resources.SimpleJsonResourceReloadListener.m_278771_(SimpleJsonResourceReloadListener.java:41) ~[client-1.20.1-20230612.114412-srg.jar%23587!/:?]
	at net.minecraft.server.packs.resources.SimpleJsonResourceReloadListener.m_5944_(SimpleJsonResourceReloadListener.java:29) ~[client-1.20.1-20230612.114412-srg.jar%23587!/:?]
	at net.minecraft.server.packs.resources.SimpleJsonResourceReloadListener.m_5944_(SimpleJsonResourceReloadListener.java:17) ~[client-1.20.1-20230612.114412-srg.jar%23587!/:?]
	at net.minecraft.server.packs.resources.SimplePreparableReloadListener.m_10786_(SimplePreparableReloadListener.java:11) ~[client-1.20.1-20230612.114412-srg.jar%23587!/:?]
	at java.util.concurrent.CompletableFuture$AsyncSupply.run(Unknown Source) ~[?:?]
	at java.util.concurrent.CompletableFuture$AsyncSupply.exec(Unknown Source) ~[?:?]
	at java.util.concurrent.ForkJoinTask.doExec(Unknown Source) ~[?:?]
	at java.util.concurrent.ForkJoinPool$WorkQueue.topLevelExec(Unknown Source) ~[?:?]
	at java.util.concurrent.ForkJoinPool.scan(Unknown Source) ~[?:?]
	at java.util.concurrent.ForkJoinPool.runWorker(Unknown Source) ~[?:?]
	at java.util.concurrent.ForkJoinWorkerThread.run(Unknown Source) ~[?:?]
Caused by: java.io.EOFException: End of input at line 1 column 1 path $
	at com.google.gson.stream.JsonReader.nextNonWhitespace(JsonReader.java:1455) ~[gson-2.10.jar%23102!/:?]
	at com.google.gson.stream.JsonReader.doPeek(JsonReader.java:558) ~[gson-2.10.jar%23102!/:?]
	at com.google.gson.stream.JsonReader.peek(JsonReader.java:433) ~[gson-2.10.jar%23102!/:?]
	at com.google.gson.internal.bind.TypeAdapters$28.read(TypeAdapters.java:769) ~[gson-2.10.jar%23102!/:?]
	at com.google.gson.internal.bind.TypeAdapters$28.read(TypeAdapters.java:725) ~[gson-2.10.jar%23102!/:?]
	at com.google.gson.internal.bind.TypeAdapters$34$1.read(TypeAdapters.java:1007) ~[gson-2.10.jar%23102!/:?]
	at net.minecraft.util.GsonHelper.m_13780_(GsonHelper.java:524) ~[client-1.20.1-20230612.114412-srg.jar%23587!/:?]
	... 13 more
[17:09:30] [Worker-ResourceReload-3/ERROR]: Couldn't parse data file tfmg:recipes/misc/crafting/kinetics/cast_iron_truss from tfmg:advancements/recipes/misc/crafting/kinetics/cast_iron_truss.json
com.google.gson.JsonParseException: java.io.EOFException: End of input at line 1 column 1 path $
	at net.minecraft.util.GsonHelper.m_13780_(GsonHelper.java:526) ~[client-1.20.1-20230612.114412-srg.jar%23587!/:?]
	at net.minecraft.util.GsonHelper.m_263475_(GsonHelper.java:531) ~[client-1.20.1-20230612.114412-srg.jar%23587!/:?]
	at net.minecraft.util.GsonHelper.m_13776_(GsonHelper.java:581) ~[client-1.20.1-20230612.114412-srg.jar%23587!/:?]
	at net.minecraft.server.packs.resources.SimpleJsonResourceReloadListener.m_278771_(SimpleJsonResourceReloadListener.java:41) ~[client-1.20.1-20230612.114412-srg.jar%23587!/:?]
	at net.minecraft.server.packs.resources.SimpleJsonResourceReloadListener.m_5944_(SimpleJsonResourceReloadListener.java:29) ~[client-1.20.1-20230612.114412-srg.jar%23587!/:?]
	at net.minecraft.server.packs.resources.SimpleJsonResourceReloadListener.m_5944_(SimpleJsonResourceReloadListener.java:17) ~[client-1.20.1-20230612.114412-srg.jar%23587!/:?]
	at net.minecraft.server.packs.resources.SimplePreparableReloadListener.m_10786_(SimplePreparableReloadListener.java:11) ~[client-1.20.1-20230612.114412-srg.jar%23587!/:?]
	at java.util.concurrent.CompletableFuture$AsyncSupply.run(Unknown Source) ~[?:?]
	at java.util.concurrent.CompletableFuture$AsyncSupply.exec(Unknown Source) ~[?:?]
	at java.util.concurrent.ForkJoinTask.doExec(Unknown Source) ~[?:?]
	at java.util.concurrent.ForkJoinPool$WorkQueue.topLevelExec(Unknown Source) ~[?:?]
	at java.util.concurrent.ForkJoinPool.scan(Unknown Source) ~[?:?]
	at java.util.concurrent.ForkJoinPool.runWorker(Unknown Source) ~[?:?]
	at java.util.concurrent.ForkJoinWorkerThread.run(Unknown Source) ~[?:?]
Caused by: java.io.EOFException: End of input at line 1 column 1 path $
	at com.google.gson.stream.JsonReader.nextNonWhitespace(JsonReader.java:1455) ~[gson-2.10.jar%23102!/:?]
	at com.google.gson.stream.JsonReader.doPeek(JsonReader.java:558) ~[gson-2.10.jar%23102!/:?]
	at com.google.gson.stream.JsonReader.peek(JsonReader.java:433) ~[gson-2.10.jar%23102!/:?]
	at com.google.gson.internal.bind.TypeAdapters$28.read(TypeAdapters.java:769) ~[gson-2.10.jar%23102!/:?]
	at com.google.gson.internal.bind.TypeAdapters$28.read(TypeAdapters.java:725) ~[gson-2.10.jar%23102!/:?]
	at com.google.gson.internal.bind.TypeAdapters$34$1.read(TypeAdapters.java:1007) ~[gson-2.10.jar%23102!/:?]
	at net.minecraft.util.GsonHelper.m_13780_(GsonHelper.java:524) ~[client-1.20.1-20230612.114412-srg.jar%23587!/:?]
	... 13 more
[17:09:30] [Worker-ResourceReload-3/ERROR]: Couldn't parse data file tfmg:recipes/misc/crafting/kinetics/concrete_hose from tfmg:advancements/recipes/misc/crafting/kinetics/concrete_hose.json
com.google.gson.JsonParseException: java.io.EOFException: End of input at line 1 column 1 path $
	at net.minecraft.util.GsonHelper.m_13780_(GsonHelper.java:526) ~[client-1.20.1-20230612.114412-srg.jar%23587!/:?]
	at net.minecraft.util.GsonHelper.m_263475_(GsonHelper.java:531) ~[client-1.20.1-20230612.114412-srg.jar%23587!/:?]
	at net.minecraft.util.GsonHelper.m_13776_(GsonHelper.java:581) ~[client-1.20.1-20230612.114412-srg.jar%23587!/:?]
	at net.minecraft.server.packs.resources.SimpleJsonResourceReloadListener.m_278771_(SimpleJsonResourceReloadListener.java:41) ~[client-1.20.1-20230612.114412-srg.jar%23587!/:?]
	at net.minecraft.server.packs.resources.SimpleJsonResourceReloadListener.m_5944_(SimpleJsonResourceReloadListener.java:29) ~[client-1.20.1-20230612.114412-srg.jar%23587!/:?]
	at net.minecraft.server.packs.resources.SimpleJsonResourceReloadListener.m_5944_(SimpleJsonResourceReloadListener.java:17) ~[client-1.20.1-20230612.114412-srg.jar%23587!/:?]
	at net.minecraft.server.packs.resources.SimplePreparableReloadListener.m_10786_(SimplePreparableReloadListener.java:11) ~[client-1.20.1-20230612.114412-srg.jar%23587!/:?]
	at java.util.concurrent.CompletableFuture$AsyncSupply.run(Unknown Source) ~[?:?]
	at java.util.concurrent.CompletableFuture$AsyncSupply.exec(Unknown Source) ~[?:?]
	at java.util.concurrent.ForkJoinTask.doExec(Unknown Source) ~[?:?]
	at java.util.concurrent.ForkJoinPool$WorkQueue.topLevelExec(Unknown Source) ~[?:?]
	at java.util.concurrent.ForkJoinPool.scan(Unknown Source) ~[?:?]
	at java.util.concurrent.ForkJoinPool.runWorker(Unknown Source) ~[?:?]
	at java.util.concurrent.ForkJoinWorkerThread.run(Unknown Source) ~[?:?]
Caused by: java.io.EOFException: End of input at line 1 column 1 path $
	at com.google.gson.stream.JsonReader.nextNonWhitespace(JsonReader.java:1455) ~[gson-2.10.jar%23102!/:?]
	at com.google.gson.stream.JsonReader.doPeek(JsonReader.java:558) ~[gson-2.10.jar%23102!/:?]
	at com.google.gson.stream.JsonReader.peek(JsonReader.java:433) ~[gson-2.10.jar%23102!/:?]
	at com.google.gson.internal.bind.TypeAdapters$28.read(TypeAdapters.java:769) ~[gson-2.10.jar%23102!/:?]
	at com.google.gson.internal.bind.TypeAdapters$28.read(TypeAdapters.java:725) ~[gson-2.10.jar%23102!/:?]
	at com.google.gson.internal.bind.TypeAdapters$34$1.read(TypeAdapters.java:1007) ~[gson-2.10.jar%23102!/:?]
	at net.minecraft.util.GsonHelper.m_13780_(GsonHelper.java:524) ~[client-1.20.1-20230612.114412-srg.jar%23587!/:?]
	... 13 more
[17:09:30] [Worker-ResourceReload-3/ERROR]: Couldn't parse data file tfmg:recipes/misc/crafting/kinetics/constantan_frame from tfmg:advancements/recipes/misc/crafting/kinetics/constantan_frame.json
com.google.gson.JsonParseException: java.io.EOFException: End of input at line 1 column 1 path $
	at net.minecraft.util.GsonHelper.m_13780_(GsonHelper.java:526) ~[client-1.20.1-20230612.114412-srg.jar%23587!/:?]
	at net.minecraft.util.GsonHelper.m_263475_(GsonHelper.java:531) ~[client-1.20.1-20230612.114412-srg.jar%23587!/:?]
	at net.minecraft.util.GsonHelper.m_13776_(GsonHelper.java:581) ~[client-1.20.1-20230612.114412-srg.jar%23587!/:?]
	at net.minecraft.server.packs.resources.SimpleJsonResourceReloadListener.m_278771_(SimpleJsonResourceReloadListener.java:41) ~[client-1.20.1-20230612.114412-srg.jar%23587!/:?]
	at net.minecraft.server.packs.resources.SimpleJsonResourceReloadListener.m_5944_(SimpleJsonResourceReloadListener.java:29) ~[client-1.20.1-20230612.114412-srg.jar%23587!/:?]
	at net.minecraft.server.packs.resources.SimpleJsonResourceReloadListener.m_5944_(SimpleJsonResourceReloadListener.java:17) ~[client-1.20.1-20230612.114412-srg.jar%23587!/:?]
	at net.minecraft.server.packs.resources.SimplePreparableReloadListener.m_10786_(SimplePreparableReloadListener.java:11) ~[client-1.20.1-20230612.114412-srg.jar%23587!/:?]
	at java.util.concurrent.CompletableFuture$AsyncSupply.run(Unknown Source) ~[?:?]
	at java.util.concurrent.CompletableFuture$AsyncSupply.exec(Unknown Source) ~[?:?]
	at java.util.concurrent.ForkJoinTask.doExec(Unknown Source) ~[?:?]
	at java.util.concurrent.ForkJoinPool$WorkQueue.topLevelExec(Unknown Source) ~[?:?]
	at java.util.concurrent.ForkJoinPool.scan(Unknown Source) ~[?:?]
	at java.util.concurrent.ForkJoinPool.runWorker(Unknown Source) ~[?:?]
	at java.util.concurrent.ForkJoinWorkerThread.run(Unknown Source) ~[?:?]
Caused by: java.io.EOFException: End of input at line 1 column 1 path $
	at com.google.gson.stream.JsonReader.nextNonWhitespace(JsonReader.java:1455) ~[gson-2.10.jar%23102!/:?]
	at com.google.gson.stream.JsonReader.doPeek(JsonReader.java:558) ~[gson-2.10.jar%23102!/:?]
	at com.google.gson.stream.JsonReader.peek(JsonReader.java:433) ~[gson-2.10.jar%23102!/:?]
	at com.google.gson.internal.bind.TypeAdapters$28.read(TypeAdapters.java:769) ~[gson-2.10.jar%23102!/:?]
	at com.google.gson.internal.bind.TypeAdapters$28.read(TypeAdapters.java:725) ~[gson-2.10.jar%23102!/:?]
	at com.google.gson.internal.bind.TypeAdapters$34$1.read(TypeAdapters.java:1007) ~[gson-2.10.jar%23102!/:?]
	at net.minecraft.util.GsonHelper.m_13780_(GsonHelper.java:524) ~[client-1.20.1-20230612.114412-srg.jar%23587!/:?]
	... 13 more
[17:09:30] [Worker-ResourceReload-3/ERROR]: Couldn't parse data file tfmg:recipes/misc/crafting/kinetics/constantan_truss from tfmg:advancements/recipes/misc/crafting/kinetics/constantan_truss.json
com.google.gson.JsonParseException: java.io.EOFException: End of input at line 1 column 1 path $
	at net.minecraft.util.GsonHelper.m_13780_(GsonHelper.java:526) ~[client-1.20.1-20230612.114412-srg.jar%23587!/:?]
	at net.minecraft.util.GsonHelper.m_263475_(GsonHelper.java:531) ~[client-1.20.1-20230612.114412-srg.jar%23587!/:?]
	at net.minecraft.util.GsonHelper.m_13776_(GsonHelper.java:581) ~[client-1.20.1-20230612.114412-srg.jar%23587!/:?]
	at net.minecraft.server.packs.resources.SimpleJsonResourceReloadListener.m_278771_(SimpleJsonResourceReloadListener.java:41) ~[client-1.20.1-20230612.114412-srg.jar%23587!/:?]
	at net.minecraft.server.packs.resources.SimpleJsonResourceReloadListener.m_5944_(SimpleJsonResourceReloadListener.java:29) ~[client-1.20.1-20230612.114412-srg.jar%23587!/:?]
	at net.minecraft.server.packs.resources.SimpleJsonResourceReloadListener.m_5944_(SimpleJsonResourceReloadListener.java:17) ~[client-1.20.1-20230612.114412-srg.jar%23587!/:?]
	at net.minecraft.server.packs.resources.SimplePreparableReloadListener.m_10786_(SimplePreparableReloadListener.java:11) ~[client-1.20.1-20230612.114412-srg.jar%23587!/:?]
	at java.util.concurrent.CompletableFuture$AsyncSupply.run(Unknown Source) ~[?:?]
	at java.util.concurrent.CompletableFuture$AsyncSupply.exec(Unknown Source) ~[?:?]
	at java.util.concurrent.ForkJoinTask.doExec(Unknown Source) ~[?:?]
	at java.util.concurrent.ForkJoinPool$WorkQueue.topLevelExec(Unknown Source) ~[?:?]
	at java.util.concurrent.ForkJoinPool.scan(Unknown Source) ~[?:?]
	at java.util.concurrent.ForkJoinPool.runWorker(Unknown Source) ~[?:?]
	at java.util.concurrent.ForkJoinWorkerThread.run(Unknown Source) ~[?:?]
Caused by: java.io.EOFException: End of input at line 1 column 1 path $
	at com.google.gson.stream.JsonReader.nextNonWhitespace(JsonReader.java:1455) ~[gson-2.10.jar%23102!/:?]
	at com.google.gson.stream.JsonReader.doPeek(JsonReader.java:558) ~[gson-2.10.jar%23102!/:?]
	at com.google.gson.stream.JsonReader.peek(JsonReader.java:433) ~[gson-2.10.jar%23102!/:?]
	at com.google.gson.internal.bind.TypeAdapters$28.read(TypeAdapters.java:769) ~[gson-2.10.jar%23102!/:?]
	at com.google.gson.internal.bind.TypeAdapters$28.read(TypeAdapters.java:725) ~[gson-2.10.jar%23102!/:?]
	at com.google.gson.internal.bind.TypeAdapters$34$1.read(TypeAdapters.java:1007) ~[gson-2.10.jar%23102!/:?]
	at net.minecraft.util.GsonHelper.m_13780_(GsonHelper.java:524) ~[client-1.20.1-20230612.114412-srg.jar%23587!/:?]
	... 13 more
[17:09:30] [Worker-ResourceReload-3/ERROR]: Couldn't parse data file tfmg:recipes/misc/crafting/kinetics/copper_frame from tfmg:advancements/recipes/misc/crafting/kinetics/copper_frame.json
com.google.gson.JsonParseException: java.io.EOFException: End of input at line 1 column 1 path $
	at net.minecraft.util.GsonHelper.m_13780_(GsonHelper.java:526) ~[client-1.20.1-20230612.114412-srg.jar%23587!/:?]
	at net.minecraft.util.GsonHelper.m_263475_(GsonHelper.java:531) ~[client-1.20.1-20230612.114412-srg.jar%23587!/:?]
	at net.minecraft.util.GsonHelper.m_13776_(GsonHelper.java:581) ~[client-1.20.1-20230612.114412-srg.jar%23587!/:?]
	at net.minecraft.server.packs.resources.SimpleJsonResourceReloadListener.m_278771_(SimpleJsonResourceReloadListener.java:41) ~[client-1.20.1-20230612.114412-srg.jar%23587!/:?]
	at net.minecraft.server.packs.resources.SimpleJsonResourceReloadListener.m_5944_(SimpleJsonResourceReloadListener.java:29) ~[client-1.20.1-20230612.114412-srg.jar%23587!/:?]
	at net.minecraft.server.packs.resources.SimpleJsonResourceReloadListener.m_5944_(SimpleJsonResourceReloadListener.java:17) ~[client-1.20.1-20230612.114412-srg.jar%23587!/:?]
	at net.minecraft.server.packs.resources.SimplePreparableReloadListener.m_10786_(SimplePreparableReloadListener.java:11) ~[client-1.20.1-20230612.114412-srg.jar%23587!/:?]
	at java.util.concurrent.CompletableFuture$AsyncSupply.run(Unknown Source) ~[?:?]
	at java.util.concurrent.CompletableFuture$AsyncSupply.exec(Unknown Source) ~[?:?]
	at java.util.concurrent.ForkJoinTask.doExec(Unknown Source) ~[?:?]
	at java.util.concurrent.ForkJoinPool$WorkQueue.topLevelExec(Unknown Source) ~[?:?]
	at java.util.concurrent.ForkJoinPool.scan(Unknown Source) ~[?:?]
	at java.util.concurrent.ForkJoinPool.runWorker(Unknown Source) ~[?:?]
	at java.util.concurrent.ForkJoinWorkerThread.run(Unknown Source) ~[?:?]
Caused by: java.io.EOFException: End of input at line 1 column 1 path $
	at com.google.gson.stream.JsonReader.nextNonWhitespace(JsonReader.java:1455) ~[gson-2.10.jar%23102!/:?]
	at com.google.gson.stream.JsonReader.doPeek(JsonReader.java:558) ~[gson-2.10.jar%23102!/:?]
	at com.google.gson.stream.JsonReader.peek(JsonReader.java:433) ~[gson-2.10.jar%23102!/:?]
	at com.google.gson.internal.bind.TypeAdapters$28.read(TypeAdapters.java:769) ~[gson-2.10.jar%23102!/:?]
	at com.google.gson.internal.bind.TypeAdapters$28.read(TypeAdapters.java:725) ~[gson-2.10.jar%23102!/:?]
	at com.google.gson.internal.bind.TypeAdapters$34$1.read(TypeAdapters.java:1007) ~[gson-2.10.jar%23102!/:?]
	at net.minecraft.util.GsonHelper.m_13780_(GsonHelper.java:524) ~[client-1.20.1-20230612.114412-srg.jar%23587!/:?]
	... 13 more
[17:09:30] [Worker-ResourceReload-3/ERROR]: Couldn't parse data file tfmg:recipes/misc/crafting/kinetics/copper_truss from tfmg:advancements/recipes/misc/crafting/kinetics/copper_truss.json
com.google.gson.JsonParseException: java.io.EOFException: End of input at line 1 column 1 path $
	at net.minecraft.util.GsonHelper.m_13780_(GsonHelper.java:526) ~[client-1.20.1-20230612.114412-srg.jar%23587!/:?]
	at net.minecraft.util.GsonHelper.m_263475_(GsonHelper.java:531) ~[client-1.20.1-20230612.114412-srg.jar%23587!/:?]
	at net.minecraft.util.GsonHelper.m_13776_(GsonHelper.java:581) ~[client-1.20.1-20230612.114412-srg.jar%23587!/:?]
	at net.minecraft.server.packs.resources.SimpleJsonResourceReloadListener.m_278771_(SimpleJsonResourceReloadListener.java:41) ~[client-1.20.1-20230612.114412-srg.jar%23587!/:?]
	at net.minecraft.server.packs.resources.SimpleJsonResourceReloadListener.m_5944_(SimpleJsonResourceReloadListener.java:29) ~[client-1.20.1-20230612.114412-srg.jar%23587!/:?]
	at net.minecraft.server.packs.resources.SimpleJsonResourceReloadListener.m_5944_(SimpleJsonResourceReloadListener.java:17) ~[client-1.20.1-20230612.114412-srg.jar%23587!/:?]
	at net.minecraft.server.packs.resources.SimplePreparableReloadListener.m_10786_(SimplePreparableReloadListener.java:11) ~[client-1.20.1-20230612.114412-srg.jar%23587!/:?]
	at java.util.concurrent.CompletableFuture$AsyncSupply.run(Unknown Source) ~[?:?]
	at java.util.concurrent.CompletableFuture$AsyncSupply.exec(Unknown Source) ~[?:?]
	at java.util.concurrent.ForkJoinTask.doExec(Unknown Source) ~[?:?]
	at java.util.concurrent.ForkJoinPool$WorkQueue.topLevelExec(Unknown Source) ~[?:?]
	at java.util.concurrent.ForkJoinPool.scan(Unknown Source) ~[?:?]
	at java.util.concurrent.ForkJoinPool.runWorker(Unknown Source) ~[?:?]
	at java.util.concurrent.ForkJoinWorkerThread.run(Unknown Source) ~[?:?]
Caused by: java.io.EOFException: End of input at line 1 column 1 path $
	at com.google.gson.stream.JsonReader.nextNonWhitespace(JsonReader.java:1455) ~[gson-2.10.jar%23102!/:?]
	at com.google.gson.stream.JsonReader.doPeek(JsonReader.java:558) ~[gson-2.10.jar%23102!/:?]
	at com.google.gson.stream.JsonReader.peek(JsonReader.java:433) ~[gson-2.10.jar%23102!/:?]
	at com.google.gson.internal.bind.TypeAdapters$28.read(TypeAdapters.java:769) ~[gson-2.10.jar%23102!/:?]
	at com.google.gson.internal.bind.TypeAdapters$28.read(TypeAdapters.java:725) ~[gson-2.10.jar%23102!/:?]
	at com.google.gson.internal.bind.TypeAdapters$34$1.read(TypeAdapters.java:1007) ~[gson-2.10.jar%23102!/:?]
	at net.minecraft.util.GsonHelper.m_13780_(GsonHelper.java:524) ~[client-1.20.1-20230612.114412-srg.jar%23587!/:?]
	... 13 more
[17:09:30] [Worker-ResourceReload-3/ERROR]: Couldn't parse data file tfmg:recipes/misc/crafting/kinetics/electrode_holder from tfmg:advancements/recipes/misc/crafting/kinetics/electrode_holder.json
com.google.gson.JsonParseException: java.io.EOFException: End of input at line 1 column 1 path $
	at net.minecraft.util.GsonHelper.m_13780_(GsonHelper.java:526) ~[client-1.20.1-20230612.114412-srg.jar%23587!/:?]
	at net.minecraft.util.GsonHelper.m_263475_(GsonHelper.java:531) ~[client-1.20.1-20230612.114412-srg.jar%23587!/:?]
	at net.minecraft.util.GsonHelper.m_13776_(GsonHelper.java:581) ~[client-1.20.1-20230612.114412-srg.jar%23587!/:?]
	at net.minecraft.server.packs.resources.SimpleJsonResourceReloadListener.m_278771_(SimpleJsonResourceReloadListener.java:41) ~[client-1.20.1-20230612.114412-srg.jar%23587!/:?]
	at net.minecraft.server.packs.resources.SimpleJsonResourceReloadListener.m_5944_(SimpleJsonResourceReloadListener.java:29) ~[client-1.20.1-20230612.114412-srg.jar%23587!/:?]
	at net.minecraft.server.packs.resources.SimpleJsonResourceReloadListener.m_5944_(SimpleJsonResourceReloadListener.java:17) ~[client-1.20.1-20230612.114412-srg.jar%23587!/:?]
	at net.minecraft.server.packs.resources.SimplePreparableReloadListener.m_10786_(SimplePreparableReloadListener.java:11) ~[client-1.20.1-20230612.114412-srg.jar%23587!/:?]
	at java.util.concurrent.CompletableFuture$AsyncSupply.run(Unknown Source) ~[?:?]
	at java.util.concurrent.CompletableFuture$AsyncSupply.exec(Unknown Source) ~[?:?]
	at java.util.concurrent.ForkJoinTask.doExec(Unknown Source) ~[?:?]
	at java.util.concurrent.ForkJoinPool$WorkQueue.topLevelExec(Unknown Source) ~[?:?]
	at java.util.concurrent.ForkJoinPool.scan(Unknown Source) ~[?:?]
	at java.util.concurrent.ForkJoinPool.runWorker(Unknown Source) ~[?:?]
	at java.util.concurrent.ForkJoinWorkerThread.run(Unknown Source) ~[?:?]
Caused by: java.io.EOFException: End of input at line 1 column 1 path $
	at com.google.gson.stream.JsonReader.nextNonWhitespace(JsonReader.java:1455) ~[gson-2.10.jar%23102!/:?]
	at com.google.gson.stream.JsonReader.doPeek(JsonReader.java:558) ~[gson-2.10.jar%23102!/:?]
	at com.google.gson.stream.JsonReader.peek(JsonReader.java:433) ~[gson-2.10.jar%23102!/:?]
	at com.google.gson.internal.bind.TypeAdapters$28.read(TypeAdapters.java:769) ~[gson-2.10.jar%23102!/:?]
	at com.google.gson.internal.bind.TypeAdapters$28.read(TypeAdapters.java:725) ~[gson-2.10.jar%23102!/:?]
	at com.google.gson.internal.bind.TypeAdapters$34$1.read(TypeAdapters.java:1007) ~[gson-2.10.jar%23102!/:?]
	at net.minecraft.util.GsonHelper.m_13780_(GsonHelper.java:524) ~[client-1.20.1-20230612.114412-srg.jar%23587!/:?]
	... 13 more
[17:09:30] [Worker-ResourceReload-3/ERROR]: Couldn't parse data file tfmg:recipes/misc/crafting/kinetics/empty_circuit_board from tfmg:advancements/recipes/misc/crafting/kinetics/empty_circuit_board.json
com.google.gson.JsonParseException: java.io.EOFException: End of input at line 1 column 1 path $
	at net.minecraft.util.GsonHelper.m_13780_(GsonHelper.java:526) ~[client-1.20.1-20230612.114412-srg.jar%23587!/:?]
	at net.minecraft.util.GsonHelper.m_263475_(GsonHelper.java:531) ~[client-1.20.1-20230612.114412-srg.jar%23587!/:?]
	at net.minecraft.util.GsonHelper.m_13776_(GsonHelper.java:581) ~[client-1.20.1-20230612.114412-srg.jar%23587!/:?]
	at net.minecraft.server.packs.resources.SimpleJsonResourceReloadListener.m_278771_(SimpleJsonResourceReloadListener.java:41) ~[client-1.20.1-20230612.114412-srg.jar%23587!/:?]
	at net.minecraft.server.packs.resources.SimpleJsonResourceReloadListener.m_5944_(SimpleJsonResourceReloadListener.java:29) ~[client-1.20.1-20230612.114412-srg.jar%23587!/:?]
	at net.minecraft.server.packs.resources.SimpleJsonResourceReloadListener.m_5944_(SimpleJsonResourceReloadListener.java:17) ~[client-1.20.1-20230612.114412-srg.jar%23587!/:?]
	at net.minecraft.server.packs.resources.SimplePreparableReloadListener.m_10786_(SimplePreparableReloadListener.java:11) ~[client-1.20.1-20230612.114412-srg.jar%23587!/:?]
	at java.util.concurrent.CompletableFuture$AsyncSupply.run(Unknown Source) ~[?:?]
	at java.util.concurrent.CompletableFuture$AsyncSupply.exec(Unknown Source) ~[?:?]
	at java.util.concurrent.ForkJoinTask.doExec(Unknown Source) ~[?:?]
	at java.util.concurrent.ForkJoinPool$WorkQueue.topLevelExec(Unknown Source) ~[?:?]
	at java.util.concurrent.ForkJoinPool.scan(Unknown Source) ~[?:?]
	at java.util.concurrent.ForkJoinPool.runWorker(Unknown Source) ~[?:?]
	at java.util.concurrent.ForkJoinWorkerThread.run(Unknown Source) ~[?:?]
Caused by: java.io.EOFException: End of input at line 1 column 1 path $
	at com.google.gson.stream.JsonReader.nextNonWhitespace(JsonReader.java:1455) ~[gson-2.10.jar%23102!/:?]
	at com.google.gson.stream.JsonReader.doPeek(JsonReader.java:558) ~[gson-2.10.jar%23102!/:?]
	at com.google.gson.stream.JsonReader.peek(JsonReader.java:433) ~[gson-2.10.jar%23102!/:?]
	at com.google.gson.internal.bind.TypeAdapters$28.read(TypeAdapters.java:769) ~[gson-2.10.jar%23102!/:?]
	at com.google.gson.internal.bind.TypeAdapters$28.read(TypeAdapters.java:725) ~[gson-2.10.jar%23102!/:?]
	at com.google.gson.internal.bind.TypeAdapters$34$1.read(TypeAdapters.java:1007) ~[gson-2.10.jar%23102!/:?]
	at net.minecraft.util.GsonHelper.m_13780_(GsonHelper.java:524) ~[client-1.20.1-20230612.114412-srg.jar%23587!/:?]
	... 13 more
[17:09:30] [Worker-ResourceReload-3/ERROR]: Couldn't parse data file tfmg:recipes/misc/crafting/kinetics/firebox from tfmg:advancements/recipes/misc/crafting/kinetics/firebox.json
com.google.gson.JsonParseException: java.io.EOFException: End of input at line 1 column 1 path $
	at net.minecraft.util.GsonHelper.m_13780_(GsonHelper.java:526) ~[client-1.20.1-20230612.114412-srg.jar%23587!/:?]
	at net.minecraft.util.GsonHelper.m_263475_(GsonHelper.java:531) ~[client-1.20.1-20230612.114412-srg.jar%23587!/:?]
	at net.minecraft.util.GsonHelper.m_13776_(GsonHelper.java:581) ~[client-1.20.1-20230612.114412-srg.jar%23587!/:?]
	at net.minecraft.server.packs.resources.SimpleJsonResourceReloadListener.m_278771_(SimpleJsonResourceReloadListener.java:41) ~[client-1.20.1-20230612.114412-srg.jar%23587!/:?]
	at net.minecraft.server.packs.resources.SimpleJsonResourceReloadListener.m_5944_(SimpleJsonResourceReloadListener.java:29) ~[client-1.20.1-20230612.114412-srg.jar%23587!/:?]
	at net.minecraft.server.packs.resources.SimpleJsonResourceReloadListener.m_5944_(SimpleJsonResourceReloadListener.java:17) ~[client-1.20.1-20230612.114412-srg.jar%23587!/:?]
	at net.minecraft.server.packs.resources.SimplePreparableReloadListener.m_10786_(SimplePreparableReloadListener.java:11) ~[client-1.20.1-20230612.114412-srg.jar%23587!/:?]
	at java.util.concurrent.CompletableFuture$AsyncSupply.run(Unknown Source) ~[?:?]
	at java.util.concurrent.CompletableFuture$AsyncSupply.exec(Unknown Source) ~[?:?]
	at java.util.concurrent.ForkJoinTask.doExec(Unknown Source) ~[?:?]
	at java.util.concurrent.ForkJoinPool$WorkQueue.topLevelExec(Unknown Source) ~[?:?]
	at java.util.concurrent.ForkJoinPool.scan(Unknown Source) ~[?:?]
	at java.util.concurrent.ForkJoinPool.runWorker(Unknown Source) ~[?:?]
	at java.util.concurrent.ForkJoinWorkerThread.run(Unknown Source) ~[?:?]
Caused by: java.io.EOFException: End of input at line 1 column 1 path $
	at com.google.gson.stream.JsonReader.nextNonWhitespace(JsonReader.java:1455) ~[gson-2.10.jar%23102!/:?]
	at com.google.gson.stream.JsonReader.doPeek(JsonReader.java:558) ~[gson-2.10.jar%23102!/:?]
	at com.google.gson.stream.JsonReader.peek(JsonReader.java:433) ~[gson-2.10.jar%23102!/:?]
	at com.google.gson.internal.bind.TypeAdapters$28.read(TypeAdapters.java:769) ~[gson-2.10.jar%23102!/:?]
	at com.google.gson.internal.bind.TypeAdapters$28.read(TypeAdapters.java:725) ~[gson-2.10.jar%23102!/:?]
	at com.google.gson.internal.bind.TypeAdapters$34$1.read(TypeAdapters.java:1007) ~[gson-2.10.jar%23102!/:?]
	at net.minecraft.util.GsonHelper.m_13780_(GsonHelper.java:524) ~[client-1.20.1-20230612.114412-srg.jar%23587!/:?]
	... 13 more
[17:09:30] [Worker-ResourceReload-3/ERROR]: Couldn't parse data file tfmg:recipes/misc/crafting/kinetics/lead_frame from tfmg:advancements/recipes/misc/crafting/kinetics/lead_frame.json
com.google.gson.JsonParseException: java.io.EOFException: End of input at line 1 column 1 path $
	at net.minecraft.util.GsonHelper.m_13780_(GsonHelper.java:526) ~[client-1.20.1-20230612.114412-srg.jar%23587!/:?]
	at net.minecraft.util.GsonHelper.m_263475_(GsonHelper.java:531) ~[client-1.20.1-20230612.114412-srg.jar%23587!/:?]
	at net.minecraft.util.GsonHelper.m_13776_(GsonHelper.java:581) ~[client-1.20.1-20230612.114412-srg.jar%23587!/:?]
	at net.minecraft.server.packs.resources.SimpleJsonResourceReloadListener.m_278771_(SimpleJsonResourceReloadListener.java:41) ~[client-1.20.1-20230612.114412-srg.jar%23587!/:?]
	at net.minecraft.server.packs.resources.SimpleJsonResourceReloadListener.m_5944_(SimpleJsonResourceReloadListener.java:29) ~[client-1.20.1-20230612.114412-srg.jar%23587!/:?]
	at net.minecraft.server.packs.resources.SimpleJsonResourceReloadListener.m_5944_(SimpleJsonResourceReloadListener.java:17) ~[client-1.20.1-20230612.114412-srg.jar%23587!/:?]
	at net.minecraft.server.packs.resources.SimplePreparableReloadListener.m_10786_(SimplePreparableReloadListener.java:11) ~[client-1.20.1-20230612.114412-srg.jar%23587!/:?]
	at java.util.concurrent.CompletableFuture$AsyncSupply.run(Unknown Source) ~[?:?]
	at java.util.concurrent.CompletableFuture$AsyncSupply.exec(Unknown Source) ~[?:?]
	at java.util.concurrent.ForkJoinTask.doExec(Unknown Source) ~[?:?]
	at java.util.concurrent.ForkJoinPool$WorkQueue.topLevelExec(Unknown Source) ~[?:?]
	at java.util.concurrent.ForkJoinPool.scan(Unknown Source) ~[?:?]
	at java.util.concurrent.ForkJoinPool.runWorker(Unknown Source) ~[?:?]
	at java.util.concurrent.ForkJoinWorkerThread.run(Unknown Source) ~[?:?]
Caused by: java.io.EOFException: End of input at line 1 column 1 path $
	at com.google.gson.stream.JsonReader.nextNonWhitespace(JsonReader.java:1455) ~[gson-2.10.jar%23102!/:?]
	at com.google.gson.stream.JsonReader.doPeek(JsonReader.java:558) ~[gson-2.10.jar%23102!/:?]
	at com.google.gson.stream.JsonReader.peek(JsonReader.java:433) ~[gson-2.10.jar%23102!/:?]
	at com.google.gson.internal.bind.TypeAdapters$28.read(TypeAdapters.java:769) ~[gson-2.10.jar%23102!/:?]
	at com.google.gson.internal.bind.TypeAdapters$28.read(TypeAdapters.java:725) ~[gson-2.10.jar%23102!/:?]
	at com.google.gson.internal.bind.TypeAdapters$34$1.read(TypeAdapters.java:1007) ~[gson-2.10.jar%23102!/:?]
	at net.minecraft.util.GsonHelper.m_13780_(GsonHelper.java:524) ~[client-1.20.1-20230612.114412-srg.jar%23587!/:?]
	... 13 more
[17:09:30] [Worker-ResourceReload-3/ERROR]: Couldn't parse data file tfmg:recipes/misc/crafting/kinetics/lead_truss from tfmg:advancements/recipes/misc/crafting/kinetics/lead_truss.json
com.google.gson.JsonParseException: java.io.EOFException: End of input at line 1 column 1 path $
	at net.minecraft.util.GsonHelper.m_13780_(GsonHelper.java:526) ~[client-1.20.1-20230612.114412-srg.jar%23587!/:?]
	at net.minecraft.util.GsonHelper.m_263475_(GsonHelper.java:531) ~[client-1.20.1-20230612.114412-srg.jar%23587!/:?]
	at net.minecraft.util.GsonHelper.m_13776_(GsonHelper.java:581) ~[client-1.20.1-20230612.114412-srg.jar%23587!/:?]
	at net.minecraft.server.packs.resources.SimpleJsonResourceReloadListener.m_278771_(SimpleJsonResourceReloadListener.java:41) ~[client-1.20.1-20230612.114412-srg.jar%23587!/:?]
	at net.minecraft.server.packs.resources.SimpleJsonResourceReloadListener.m_5944_(SimpleJsonResourceReloadListener.java:29) ~[client-1.20.1-20230612.114412-srg.jar%23587!/:?]
	at net.minecraft.server.packs.resources.SimpleJsonResourceReloadListener.m_5944_(SimpleJsonResourceReloadListener.java:17) ~[client-1.20.1-20230612.114412-srg.jar%23587!/:?]
	at net.minecraft.server.packs.resources.SimplePreparableReloadListener.m_10786_(SimplePreparableReloadListener.java:11) ~[client-1.20.1-20230612.114412-srg.jar%23587!/:?]
	at java.util.concurrent.CompletableFuture$AsyncSupply.run(Unknown Source) ~[?:?]
	at java.util.concurrent.CompletableFuture$AsyncSupply.exec(Unknown Source) ~[?:?]
	at java.util.concurrent.ForkJoinTask.doExec(Unknown Source) ~[?:?]
	at java.util.concurrent.ForkJoinPool$WorkQueue.topLevelExec(Unknown Source) ~[?:?]
	at java.util.concurrent.ForkJoinPool.scan(Unknown Source) ~[?:?]
	at java.util.concurrent.ForkJoinPool.runWorker(Unknown Source) ~[?:?]
	at java.util.concurrent.ForkJoinWorkerThread.run(Unknown Source) ~[?:?]
Caused by: java.io.EOFException: End of input at line 1 column 1 path $
	at com.google.gson.stream.JsonReader.nextNonWhitespace(JsonReader.java:1455) ~[gson-2.10.jar%23102!/:?]
	at com.google.gson.stream.JsonReader.doPeek(JsonReader.java:558) ~[gson-2.10.jar%23102!/:?]
	at com.google.gson.stream.JsonReader.peek(JsonReader.java:433) ~[gson-2.10.jar%23102!/:?]
	at com.google.gson.internal.bind.TypeAdapters$28.read(TypeAdapters.java:769) ~[gson-2.10.jar%23102!/:?]
	at com.google.gson.internal.bind.TypeAdapters$28.read(TypeAdapters.java:725) ~[gson-2.10.jar%23102!/:?]
	at com.google.gson.internal.bind.TypeAdapters$34$1.read(TypeAdapters.java:1007) ~[gson-2.10.jar%23102!/:?]
	at net.minecraft.util.GsonHelper.m_13780_(GsonHelper.java:524) ~[client-1.20.1-20230612.114412-srg.jar%23587!/:?]
	... 13 more
[17:09:30] [Worker-ResourceReload-3/ERROR]: Couldn't parse data file tfmg:recipes/misc/crafting/kinetics/machine_input from tfmg:advancements/recipes/misc/crafting/kinetics/machine_input.json
com.google.gson.JsonParseException: java.io.EOFException: End of input at line 1 column 1 path $
	at net.minecraft.util.GsonHelper.m_13780_(GsonHelper.java:526) ~[client-1.20.1-20230612.114412-srg.jar%23587!/:?]
	at net.minecraft.util.GsonHelper.m_263475_(GsonHelper.java:531) ~[client-1.20.1-20230612.114412-srg.jar%23587!/:?]
	at net.minecraft.util.GsonHelper.m_13776_(GsonHelper.java:581) ~[client-1.20.1-20230612.114412-srg.jar%23587!/:?]
	at net.minecraft.server.packs.resources.SimpleJsonResourceReloadListener.m_278771_(SimpleJsonResourceReloadListener.java:41) ~[client-1.20.1-20230612.114412-srg.jar%23587!/:?]
	at net.minecraft.server.packs.resources.SimpleJsonResourceReloadListener.m_5944_(SimpleJsonResourceReloadListener.java:29) ~[client-1.20.1-20230612.114412-srg.jar%23587!/:?]
	at net.minecraft.server.packs.resources.SimpleJsonResourceReloadListener.m_5944_(SimpleJsonResourceReloadListener.java:17) ~[client-1.20.1-20230612.114412-srg.jar%23587!/:?]
	at net.minecraft.server.packs.resources.SimplePreparableReloadListener.m_10786_(SimplePreparableReloadListener.java:11) ~[client-1.20.1-20230612.114412-srg.jar%23587!/:?]
	at java.util.concurrent.CompletableFuture$AsyncSupply.run(Unknown Source) ~[?:?]
	at java.util.concurrent.CompletableFuture$AsyncSupply.exec(Unknown Source) ~[?:?]
	at java.util.concurrent.ForkJoinTask.doExec(Unknown Source) ~[?:?]
	at java.util.concurrent.ForkJoinPool$WorkQueue.topLevelExec(Unknown Source) ~[?:?]
	at java.util.concurrent.ForkJoinPool.scan(Unknown Source) ~[?:?]
	at java.util.concurrent.ForkJoinPool.runWorker(Unknown Source) ~[?:?]
	at java.util.concurrent.ForkJoinWorkerThread.run(Unknown Source) ~[?:?]
Caused by: java.io.EOFException: End of input at line 1 column 1 path $
	at com.google.gson.stream.JsonReader.nextNonWhitespace(JsonReader.java:1455) ~[gson-2.10.jar%23102!/:?]
	at com.google.gson.stream.JsonReader.doPeek(JsonReader.java:558) ~[gson-2.10.jar%23102!/:?]
	at com.google.gson.stream.JsonReader.peek(JsonReader.java:433) ~[gson-2.10.jar%23102!/:?]
	at com.google.gson.internal.bind.TypeAdapters$28.read(TypeAdapters.java:769) ~[gson-2.10.jar%23102!/:?]
	at com.google.gson.internal.bind.TypeAdapters$28.read(TypeAdapters.java:725) ~[gson-2.10.jar%23102!/:?]
	at com.google.gson.internal.bind.TypeAdapters$34$1.read(TypeAdapters.java:1007) ~[gson-2.10.jar%23102!/:?]
	at net.minecraft.util.GsonHelper.m_13780_(GsonHelper.java:524) ~[client-1.20.1-20230612.114412-srg.jar%23587!/:?]
	... 13 more
[17:09:30] [Worker-ResourceReload-3/ERROR]: Couldn't parse data file tfmg:recipes/misc/crafting/kinetics/nickel_frame from tfmg:advancements/recipes/misc/crafting/kinetics/nickel_frame.json
com.google.gson.JsonParseException: java.io.EOFException: End of input at line 1 column 1 path $
	at net.minecraft.util.GsonHelper.m_13780_(GsonHelper.java:526) ~[client-1.20.1-20230612.114412-srg.jar%23587!/:?]
	at net.minecraft.util.GsonHelper.m_263475_(GsonHelper.java:531) ~[client-1.20.1-20230612.114412-srg.jar%23587!/:?]
	at net.minecraft.util.GsonHelper.m_13776_(GsonHelper.java:581) ~[client-1.20.1-20230612.114412-srg.jar%23587!/:?]
	at net.minecraft.server.packs.resources.SimpleJsonResourceReloadListener.m_278771_(SimpleJsonResourceReloadListener.java:41) ~[client-1.20.1-20230612.114412-srg.jar%23587!/:?]
	at net.minecraft.server.packs.resources.SimpleJsonResourceReloadListener.m_5944_(SimpleJsonResourceReloadListener.java:29) ~[client-1.20.1-20230612.114412-srg.jar%23587!/:?]
	at net.minecraft.server.packs.resources.SimpleJsonResourceReloadListener.m_5944_(SimpleJsonResourceReloadListener.java:17) ~[client-1.20.1-20230612.114412-srg.jar%23587!/:?]
	at net.minecraft.server.packs.resources.SimplePreparableReloadListener.m_10786_(SimplePreparableReloadListener.java:11) ~[client-1.20.1-20230612.114412-srg.jar%23587!/:?]
	at java.util.concurrent.CompletableFuture$AsyncSupply.run(Unknown Source) ~[?:?]
	at java.util.concurrent.CompletableFuture$AsyncSupply.exec(Unknown Source) ~[?:?]
	at java.util.concurrent.ForkJoinTask.doExec(Unknown Source) ~[?:?]
	at java.util.concurrent.ForkJoinPool$WorkQueue.topLevelExec(Unknown Source) ~[?:?]
	at java.util.concurrent.ForkJoinPool.scan(Unknown Source) ~[?:?]
	at java.util.concurrent.ForkJoinPool.runWorker(Unknown Source) ~[?:?]
	at java.util.concurrent.ForkJoinWorkerThread.run(Unknown Source) ~[?:?]
Caused by: java.io.EOFException: End of input at line 1 column 1 path $
	at com.google.gson.stream.JsonReader.nextNonWhitespace(JsonReader.java:1455) ~[gson-2.10.jar%23102!/:?]
	at com.google.gson.stream.JsonReader.doPeek(JsonReader.java:558) ~[gson-2.10.jar%23102!/:?]
	at com.google.gson.stream.JsonReader.peek(JsonReader.java:433) ~[gson-2.10.jar%23102!/:?]
	at com.google.gson.internal.bind.TypeAdapters$28.read(TypeAdapters.java:769) ~[gson-2.10.jar%23102!/:?]
	at com.google.gson.internal.bind.TypeAdapters$28.read(TypeAdapters.java:725) ~[gson-2.10.jar%23102!/:?]
	at com.google.gson.internal.bind.TypeAdapters$34$1.read(TypeAdapters.java:1007) ~[gson-2.10.jar%23102!/:?]
	at net.minecraft.util.GsonHelper.m_13780_(GsonHelper.java:524) ~[client-1.20.1-20230612.114412-srg.jar%23587!/:?]
	... 13 more
[17:09:30] [Worker-ResourceReload-3/ERROR]: Couldn't parse data file tfmg:recipes/misc/crafting/kinetics/nickel_truss from tfmg:advancements/recipes/misc/crafting/kinetics/nickel_truss.json
com.google.gson.JsonParseException: java.io.EOFException: End of input at line 1 column 1 path $
	at net.minecraft.util.GsonHelper.m_13780_(GsonHelper.java:526) ~[client-1.20.1-20230612.114412-srg.jar%23587!/:?]
	at net.minecraft.util.GsonHelper.m_263475_(GsonHelper.java:531) ~[client-1.20.1-20230612.114412-srg.jar%23587!/:?]
	at net.minecraft.util.GsonHelper.m_13776_(GsonHelper.java:581) ~[client-1.20.1-20230612.114412-srg.jar%23587!/:?]
	at net.minecraft.server.packs.resources.SimpleJsonResourceReloadListener.m_278771_(SimpleJsonResourceReloadListener.java:41) ~[client-1.20.1-20230612.114412-srg.jar%23587!/:?]
	at net.minecraft.server.packs.resources.SimpleJsonResourceReloadListener.m_5944_(SimpleJsonResourceReloadListener.java:29) ~[client-1.20.1-20230612.114412-srg.jar%23587!/:?]
	at net.minecraft.server.packs.resources.SimpleJsonResourceReloadListener.m_5944_(SimpleJsonResourceReloadListener.java:17) ~[client-1.20.1-20230612.114412-srg.jar%23587!/:?]
	at net.minecraft.server.packs.resources.SimplePreparableReloadListener.m_10786_(SimplePreparableReloadListener.java:11) ~[client-1.20.1-20230612.114412-srg.jar%23587!/:?]
	at java.util.concurrent.CompletableFuture$AsyncSupply.run(Unknown Source) ~[?:?]
	at java.util.concurrent.CompletableFuture$AsyncSupply.exec(Unknown Source) ~[?:?]
	at java.util.concurrent.ForkJoinTask.doExec(Unknown Source) ~[?:?]
	at java.util.concurrent.ForkJoinPool$WorkQueue.topLevelExec(Unknown Source) ~[?:?]
	at java.util.concurrent.ForkJoinPool.scan(Unknown Source) ~[?:?]
	at java.util.concurrent.ForkJoinPool.runWorker(Unknown Source) ~[?:?]
	at java.util.concurrent.ForkJoinWorkerThread.run(Unknown Source) ~[?:?]
Caused by: java.io.EOFException: End of input at line 1 column 1 path $
	at com.google.gson.stream.JsonReader.nextNonWhitespace(JsonReader.java:1455) ~[gson-2.10.jar%23102!/:?]
	at com.google.gson.stream.JsonReader.doPeek(JsonReader.java:558) ~[gson-2.10.jar%23102!/:?]
	at com.google.gson.stream.JsonReader.peek(JsonReader.java:433) ~[gson-2.10.jar%23102!/:?]
	at com.google.gson.internal.bind.TypeAdapters$28.read(TypeAdapters.java:769) ~[gson-2.10.jar%23102!/:?]
	at com.google.gson.internal.bind.TypeAdapters$28.read(TypeAdapters.java:725) ~[gson-2.10.jar%23102!/:?]
	at com.google.gson.internal.bind.TypeAdapters$34$1.read(TypeAdapters.java:1007) ~[gson-2.10.jar%23102!/:?]
	at net.minecraft.util.GsonHelper.m_13780_(GsonHelper.java:524) ~[client-1.20.1-20230612.114412-srg.jar%23587!/:?]
	... 13 more
[17:09:30] [Worker-ResourceReload-3/ERROR]: Couldn't parse data file tfmg:recipes/misc/crafting/kinetics/polarizer from tfmg:advancements/recipes/misc/crafting/kinetics/polarizer.json
com.google.gson.JsonParseException: java.io.EOFException: End of input at line 1 column 1 path $
	at net.minecraft.util.GsonHelper.m_13780_(GsonHelper.java:526) ~[client-1.20.1-20230612.114412-srg.jar%23587!/:?]
	at net.minecraft.util.GsonHelper.m_263475_(GsonHelper.java:531) ~[client-1.20.1-20230612.114412-srg.jar%23587!/:?]
	at net.minecraft.util.GsonHelper.m_13776_(GsonHelper.java:581) ~[client-1.20.1-20230612.114412-srg.jar%23587!/:?]
	at net.minecraft.server.packs.resources.SimpleJsonResourceReloadListener.m_278771_(SimpleJsonResourceReloadListener.java:41) ~[client-1.20.1-20230612.114412-srg.jar%23587!/:?]
	at net.minecraft.server.packs.resources.SimpleJsonResourceReloadListener.m_5944_(SimpleJsonResourceReloadListener.java:29) ~[client-1.20.1-20230612.114412-srg.jar%23587!/:?]
	at net.minecraft.server.packs.resources.SimpleJsonResourceReloadListener.m_5944_(SimpleJsonResourceReloadListener.java:17) ~[client-1.20.1-20230612.114412-srg.jar%23587!/:?]
	at net.minecraft.server.packs.resources.SimplePreparableReloadListener.m_10786_(SimplePreparableReloadListener.java:11) ~[client-1.20.1-20230612.114412-srg.jar%23587!/:?]
	at java.util.concurrent.CompletableFuture$AsyncSupply.run(Unknown Source) ~[?:?]
	at java.util.concurrent.CompletableFuture$AsyncSupply.exec(Unknown Source) ~[?:?]
	at java.util.concurrent.ForkJoinTask.doExec(Unknown Source) ~[?:?]
	at java.util.concurrent.ForkJoinPool$WorkQueue.topLevelExec(Unknown Source) ~[?:?]
	at java.util.concurrent.ForkJoinPool.scan(Unknown Source) ~[?:?]
	at java.util.concurrent.ForkJoinPool.runWorker(Unknown Source) ~[?:?]
	at java.util.concurrent.ForkJoinWorkerThread.run(Unknown Source) ~[?:?]
Caused by: java.io.EOFException: End of input at line 1 column 1 path $
	at com.google.gson.stream.JsonReader.nextNonWhitespace(JsonReader.java:1455) ~[gson-2.10.jar%23102!/:?]
	at com.google.gson.stream.JsonReader.doPeek(JsonReader.java:558) ~[gson-2.10.jar%23102!/:?]
	at com.google.gson.stream.JsonReader.peek(JsonReader.java:433) ~[gson-2.10.jar%23102!/:?]
	at com.google.gson.internal.bind.TypeAdapters$28.read(TypeAdapters.java:769) ~[gson-2.10.jar%23102!/:?]
	at com.google.gson.internal.bind.TypeAdapters$28.read(TypeAdapters.java:725) ~[gson-2.10.jar%23102!/:?]
	at com.google.gson.internal.bind.TypeAdapters$34$1.read(TypeAdapters.java:1007) ~[gson-2.10.jar%23102!/:?]
	at net.minecraft.util.GsonHelper.m_13780_(GsonHelper.java:524) ~[client-1.20.1-20230612.114412-srg.jar%23587!/:?]
	... 13 more
[17:09:30] [Worker-ResourceReload-3/ERROR]: Couldn't parse data file tfmg:recipes/misc/crafting/kinetics/steel_frame from tfmg:advancements/recipes/misc/crafting/kinetics/steel_frame.json
com.google.gson.JsonParseException: java.io.EOFException: End of input at line 1 column 1 path $
	at net.minecraft.util.GsonHelper.m_13780_(GsonHelper.java:526) ~[client-1.20.1-20230612.114412-srg.jar%23587!/:?]
	at net.minecraft.util.GsonHelper.m_263475_(GsonHelper.java:531) ~[client-1.20.1-20230612.114412-srg.jar%23587!/:?]
	at net.minecraft.util.GsonHelper.m_13776_(GsonHelper.java:581) ~[client-1.20.1-20230612.114412-srg.jar%23587!/:?]
	at net.minecraft.server.packs.resources.SimpleJsonResourceReloadListener.m_278771_(SimpleJsonResourceReloadListener.java:41) ~[client-1.20.1-20230612.114412-srg.jar%23587!/:?]
	at net.minecraft.server.packs.resources.SimpleJsonResourceReloadListener.m_5944_(SimpleJsonResourceReloadListener.java:29) ~[client-1.20.1-20230612.114412-srg.jar%23587!/:?]
	at net.minecraft.server.packs.resources.SimpleJsonResourceReloadListener.m_5944_(SimpleJsonResourceReloadListener.java:17) ~[client-1.20.1-20230612.114412-srg.jar%23587!/:?]
	at net.minecraft.server.packs.resources.SimplePreparableReloadListener.m_10786_(SimplePreparableReloadListener.java:11) ~[client-1.20.1-20230612.114412-srg.jar%23587!/:?]
	at java.util.concurrent.CompletableFuture$AsyncSupply.run(Unknown Source) ~[?:?]
	at java.util.concurrent.CompletableFuture$AsyncSupply.exec(Unknown Source) ~[?:?]
	at java.util.concurrent.ForkJoinTask.doExec(Unknown Source) ~[?:?]
	at java.util.concurrent.ForkJoinPool$WorkQueue.topLevelExec(Unknown Source) ~[?:?]
	at java.util.concurrent.ForkJoinPool.scan(Unknown Source) ~[?:?]
	at java.util.concurrent.ForkJoinPool.runWorker(Unknown Source) ~[?:?]
	at java.util.concurrent.ForkJoinWorkerThread.run(Unknown Source) ~[?:?]
Caused by: java.io.EOFException: End of input at line 1 column 1 path $
	at com.google.gson.stream.JsonReader.nextNonWhitespace(JsonReader.java:1455) ~[gson-2.10.jar%23102!/:?]
	at com.google.gson.stream.JsonReader.doPeek(JsonReader.java:558) ~[gson-2.10.jar%23102!/:?]
	at com.google.gson.stream.JsonReader.peek(JsonReader.java:433) ~[gson-2.10.jar%23102!/:?]
	at com.google.gson.internal.bind.TypeAdapters$28.read(TypeAdapters.java:769) ~[gson-2.10.jar%23102!/:?]
	at com.google.gson.internal.bind.TypeAdapters$28.read(TypeAdapters.java:725) ~[gson-2.10.jar%23102!/:?]
	at com.google.gson.internal.bind.TypeAdapters$34$1.read(TypeAdapters.java:1007) ~[gson-2.10.jar%23102!/:?]
	at net.minecraft.util.GsonHelper.m_13780_(GsonHelper.java:524) ~[client-1.20.1-20230612.114412-srg.jar%23587!/:?]
	... 13 more
[17:09:30] [Worker-ResourceReload-3/ERROR]: Couldn't parse data file tfmg:recipes/misc/crafting/kinetics/steel_truss from tfmg:advancements/recipes/misc/crafting/kinetics/steel_truss.json
com.google.gson.JsonParseException: java.io.EOFException: End of input at line 1 column 1 path $
	at net.minecraft.util.GsonHelper.m_13780_(GsonHelper.java:526) ~[client-1.20.1-20230612.114412-srg.jar%23587!/:?]
	at net.minecraft.util.GsonHelper.m_263475_(GsonHelper.java:531) ~[client-1.20.1-20230612.114412-srg.jar%23587!/:?]
	at net.minecraft.util.GsonHelper.m_13776_(GsonHelper.java:581) ~[client-1.20.1-20230612.114412-srg.jar%23587!/:?]
	at net.minecraft.server.packs.resources.SimpleJsonResourceReloadListener.m_278771_(SimpleJsonResourceReloadListener.java:41) ~[client-1.20.1-20230612.114412-srg.jar%23587!/:?]
	at net.minecraft.server.packs.resources.SimpleJsonResourceReloadListener.m_5944_(SimpleJsonResourceReloadListener.java:29) ~[client-1.20.1-20230612.114412-srg.jar%23587!/:?]
	at net.minecraft.server.packs.resources.SimpleJsonResourceReloadListener.m_5944_(SimpleJsonResourceReloadListener.java:17) ~[client-1.20.1-20230612.114412-srg.jar%23587!/:?]
	at net.minecraft.server.packs.resources.SimplePreparableReloadListener.m_10786_(SimplePreparableReloadListener.java:11) ~[client-1.20.1-20230612.114412-srg.jar%23587!/:?]
	at java.util.concurrent.CompletableFuture$AsyncSupply.run(Unknown Source) ~[?:?]
	at java.util.concurrent.CompletableFuture$AsyncSupply.exec(Unknown Source) ~[?:?]
	at java.util.concurrent.ForkJoinTask.doExec(Unknown Source) ~[?:?]
	at java.util.concurrent.ForkJoinPool$WorkQueue.topLevelExec(Unknown Source) ~[?:?]
	at java.util.concurrent.ForkJoinPool.scan(Unknown Source) ~[?:?]
	at java.util.concurrent.ForkJoinPool.runWorker(Unknown Source) ~[?:?]
	at java.util.concurrent.ForkJoinWorkerThread.run(Unknown Source) ~[?:?]
Caused by: java.io.EOFException: End of input at line 1 column 1 path $
	at com.google.gson.stream.JsonReader.nextNonWhitespace(JsonReader.java:1455) ~[gson-2.10.jar%23102!/:?]
	at com.google.gson.stream.JsonReader.doPeek(JsonReader.java:558) ~[gson-2.10.jar%23102!/:?]
	at com.google.gson.stream.JsonReader.peek(JsonReader.java:433) ~[gson-2.10.jar%23102!/:?]
	at com.google.gson.internal.bind.TypeAdapters$28.read(TypeAdapters.java:769) ~[gson-2.10.jar%23102!/:?]
	at com.google.gson.internal.bind.TypeAdapters$28.read(TypeAdapters.java:725) ~[gson-2.10.jar%23102!/:?]
	at com.google.gson.internal.bind.TypeAdapters$34$1.read(TypeAdapters.java:1007) ~[gson-2.10.jar%23102!/:?]
	at net.minecraft.util.GsonHelper.m_13780_(GsonHelper.java:524) ~[client-1.20.1-20230612.114412-srg.jar%23587!/:?]
	... 13 more
[17:09:30] [Worker-ResourceReload-3/ERROR]: Couldn't parse data file tfmg:recipes/misc/crafting/kinetics/surface_scanner from tfmg:advancements/recipes/misc/crafting/kinetics/surface_scanner.json
com.google.gson.JsonParseException: java.io.EOFException: End of input at line 1 column 1 path $
	at net.minecraft.util.GsonHelper.m_13780_(GsonHelper.java:526) ~[client-1.20.1-20230612.114412-srg.jar%23587!/:?]
	at net.minecraft.util.GsonHelper.m_263475_(GsonHelper.java:531) ~[client-1.20.1-20230612.114412-srg.jar%23587!/:?]
	at net.minecraft.util.GsonHelper.m_13776_(GsonHelper.java:581) ~[client-1.20.1-20230612.114412-srg.jar%23587!/:?]
	at net.minecraft.server.packs.resources.SimpleJsonResourceReloadListener.m_278771_(SimpleJsonResourceReloadListener.java:41) ~[client-1.20.1-20230612.114412-srg.jar%23587!/:?]
	at net.minecraft.server.packs.resources.SimpleJsonResourceReloadListener.m_5944_(SimpleJsonResourceReloadListener.java:29) ~[client-1.20.1-20230612.114412-srg.jar%23587!/:?]
	at net.minecraft.server.packs.resources.SimpleJsonResourceReloadListener.m_5944_(SimpleJsonResourceReloadListener.java:17) ~[client-1.20.1-20230612.114412-srg.jar%23587!/:?]
	at net.minecraft.server.packs.resources.SimplePreparableReloadListener.m_10786_(SimplePreparableReloadListener.java:11) ~[client-1.20.1-20230612.114412-srg.jar%23587!/:?]
	at java.util.concurrent.CompletableFuture$AsyncSupply.run(Unknown Source) ~[?:?]
	at java.util.concurrent.CompletableFuture$AsyncSupply.exec(Unknown Source) ~[?:?]
	at java.util.concurrent.ForkJoinTask.doExec(Unknown Source) ~[?:?]
	at java.util.concurrent.ForkJoinPool$WorkQueue.topLevelExec(Unknown Source) ~[?:?]
	at java.util.concurrent.ForkJoinPool.scan(Unknown Source) ~[?:?]
	at java.util.concurrent.ForkJoinPool.runWorker(Unknown Source) ~[?:?]
	at java.util.concurrent.ForkJoinWorkerThread.run(Unknown Source) ~[?:?]
Caused by: java.io.EOFException: End of input at line 1 column 1 path $
	at com.google.gson.stream.JsonReader.nextNonWhitespace(JsonReader.java:1455) ~[gson-2.10.jar%23102!/:?]
	at com.google.gson.stream.JsonReader.doPeek(JsonReader.java:558) ~[gson-2.10.jar%23102!/:?]
	at com.google.gson.stream.JsonReader.peek(JsonReader.java:433) ~[gson-2.10.jar%23102!/:?]
	at com.google.gson.internal.bind.TypeAdapters$28.read(TypeAdapters.java:769) ~[gson-2.10.jar%23102!/:?]
	at com.google.gson.internal.bind.TypeAdapters$28.read(TypeAdapters.java:725) ~[gson-2.10.jar%23102!/:?]
	at com.google.gson.internal.bind.TypeAdapters$34$1.read(TypeAdapters.java:1007) ~[gson-2.10.jar%23102!/:?]
	at net.minecraft.util.GsonHelper.m_13780_(GsonHelper.java:524) ~[client-1.20.1-20230612.114412-srg.jar%23587!/:?]
	... 13 more
[17:09:30] [Worker-ResourceReload-3/ERROR]: Couldn't parse data file tfmg:recipes/misc/crafting/kinetics/transformer from tfmg:advancements/recipes/misc/crafting/kinetics/transformer.json
com.google.gson.JsonParseException: java.io.EOFException: End of input at line 1 column 1 path $
	at net.minecraft.util.GsonHelper.m_13780_(GsonHelper.java:526) ~[client-1.20.1-20230612.114412-srg.jar%23587!/:?]
	at net.minecraft.util.GsonHelper.m_263475_(GsonHelper.java:531) ~[client-1.20.1-20230612.114412-srg.jar%23587!/:?]
	at net.minecraft.util.GsonHelper.m_13776_(GsonHelper.java:581) ~[client-1.20.1-20230612.114412-srg.jar%23587!/:?]
	at net.minecraft.server.packs.resources.SimpleJsonResourceReloadListener.m_278771_(SimpleJsonResourceReloadListener.java:41) ~[client-1.20.1-20230612.114412-srg.jar%23587!/:?]
	at net.minecraft.server.packs.resources.SimpleJsonResourceReloadListener.m_5944_(SimpleJsonResourceReloadListener.java:29) ~[client-1.20.1-20230612.114412-srg.jar%23587!/:?]
	at net.minecraft.server.packs.resources.SimpleJsonResourceReloadListener.m_5944_(SimpleJsonResourceReloadListener.java:17) ~[client-1.20.1-20230612.114412-srg.jar%23587!/:?]
	at net.minecraft.server.packs.resources.SimplePreparableReloadListener.m_10786_(SimplePreparableReloadListener.java:11) ~[client-1.20.1-20230612.114412-srg.jar%23587!/:?]
	at java.util.concurrent.CompletableFuture$AsyncSupply.run(Unknown Source) ~[?:?]
	at java.util.concurrent.CompletableFuture$AsyncSupply.exec(Unknown Source) ~[?:?]
	at java.util.concurrent.ForkJoinTask.doExec(Unknown Source) ~[?:?]
	at java.util.concurrent.ForkJoinPool$WorkQueue.topLevelExec(Unknown Source) ~[?:?]
	at java.util.concurrent.ForkJoinPool.scan(Unknown Source) ~[?:?]
	at java.util.concurrent.ForkJoinPool.runWorker(Unknown Source) ~[?:?]
	at java.util.concurrent.ForkJoinWorkerThread.run(Unknown Source) ~[?:?]
Caused by: java.io.EOFException: End of input at line 1 column 1 path $
	at com.google.gson.stream.JsonReader.nextNonWhitespace(JsonReader.java:1455) ~[gson-2.10.jar%23102!/:?]
	at com.google.gson.stream.JsonReader.doPeek(JsonReader.java:558) ~[gson-2.10.jar%23102!/:?]
	at com.google.gson.stream.JsonReader.peek(JsonReader.java:433) ~[gson-2.10.jar%23102!/:?]
	at com.google.gson.internal.bind.TypeAdapters$28.read(TypeAdapters.java:769) ~[gson-2.10.jar%23102!/:?]
	at com.google.gson.internal.bind.TypeAdapters$28.read(TypeAdapters.java:725) ~[gson-2.10.jar%23102!/:?]
	at com.google.gson.internal.bind.TypeAdapters$34$1.read(TypeAdapters.java:1007) ~[gson-2.10.jar%23102!/:?]
	at net.minecraft.util.GsonHelper.m_13780_(GsonHelper.java:524) ~[client-1.20.1-20230612.114412-srg.jar%23587!/:?]
	... 13 more
[17:09:30] [Worker-ResourceReload-3/ERROR]: Couldn't parse data file tfmg:recipes/misc/crafting/kinetics/turbo from tfmg:advancements/recipes/misc/crafting/kinetics/turbo.json
com.google.gson.JsonParseException: java.io.EOFException: End of input at line 1 column 1 path $
	at net.minecraft.util.GsonHelper.m_13780_(GsonHelper.java:526) ~[client-1.20.1-20230612.114412-srg.jar%23587!/:?]
	at net.minecraft.util.GsonHelper.m_263475_(GsonHelper.java:531) ~[client-1.20.1-20230612.114412-srg.jar%23587!/:?]
	at net.minecraft.util.GsonHelper.m_13776_(GsonHelper.java:581) ~[client-1.20.1-20230612.114412-srg.jar%23587!/:?]
	at net.minecraft.server.packs.resources.SimpleJsonResourceReloadListener.m_278771_(SimpleJsonResourceReloadListener.java:41) ~[client-1.20.1-20230612.114412-srg.jar%23587!/:?]
	at net.minecraft.server.packs.resources.SimpleJsonResourceReloadListener.m_5944_(SimpleJsonResourceReloadListener.java:29) ~[client-1.20.1-20230612.114412-srg.jar%23587!/:?]
	at net.minecraft.server.packs.resources.SimpleJsonResourceReloadListener.m_5944_(SimpleJsonResourceReloadListener.java:17) ~[client-1.20.1-20230612.114412-srg.jar%23587!/:?]
	at net.minecraft.server.packs.resources.SimplePreparableReloadListener.m_10786_(SimplePreparableReloadListener.java:11) ~[client-1.20.1-20230612.114412-srg.jar%23587!/:?]
	at java.util.concurrent.CompletableFuture$AsyncSupply.run(Unknown Source) ~[?:?]
	at java.util.concurrent.CompletableFuture$AsyncSupply.exec(Unknown Source) ~[?:?]
	at java.util.concurrent.ForkJoinTask.doExec(Unknown Source) ~[?:?]
	at java.util.concurrent.ForkJoinPool$WorkQueue.topLevelExec(Unknown Source) ~[?:?]
	at java.util.concurrent.ForkJoinPool.scan(Unknown Source) ~[?:?]
	at java.util.concurrent.ForkJoinPool.runWorker(Unknown Source) ~[?:?]
	at java.util.concurrent.ForkJoinWorkerThread.run(Unknown Source) ~[?:?]
Caused by: java.io.EOFException: End of input at line 1 column 1 path $
	at com.google.gson.stream.JsonReader.nextNonWhitespace(JsonReader.java:1455) ~[gson-2.10.jar%23102!/:?]
	at com.google.gson.stream.JsonReader.doPeek(JsonReader.java:558) ~[gson-2.10.jar%23102!/:?]
	at com.google.gson.stream.JsonReader.peek(JsonReader.java:433) ~[gson-2.10.jar%23102!/:?]
	at com.google.gson.internal.bind.TypeAdapters$28.read(TypeAdapters.java:769) ~[gson-2.10.jar%23102!/:?]
	at com.google.gson.internal.bind.TypeAdapters$28.read(TypeAdapters.java:725) ~[gson-2.10.jar%23102!/:?]
	at com.google.gson.internal.bind.TypeAdapters$34$1.read(TypeAdapters.java:1007) ~[gson-2.10.jar%23102!/:?]
	at net.minecraft.util.GsonHelper.m_13780_(GsonHelper.java:524) ~[client-1.20.1-20230612.114412-srg.jar%23587!/:?]
	... 13 more
[17:09:30] [Worker-ResourceReload-3/ERROR]: Couldn't parse data file tfmg:recipes/misc/crafting/kinetics/zinc_frame from tfmg:advancements/recipes/misc/crafting/kinetics/zinc_frame.json
com.google.gson.JsonParseException: java.io.EOFException: End of input at line 1 column 1 path $
	at net.minecraft.util.GsonHelper.m_13780_(GsonHelper.java:526) ~[client-1.20.1-20230612.114412-srg.jar%23587!/:?]
	at net.minecraft.util.GsonHelper.m_263475_(GsonHelper.java:531) ~[client-1.20.1-20230612.114412-srg.jar%23587!/:?]
	at net.minecraft.util.GsonHelper.m_13776_(GsonHelper.java:581) ~[client-1.20.1-20230612.114412-srg.jar%23587!/:?]
	at net.minecraft.server.packs.resources.SimpleJsonResourceReloadListener.m_278771_(SimpleJsonResourceReloadListener.java:41) ~[client-1.20.1-20230612.114412-srg.jar%23587!/:?]
	at net.minecraft.server.packs.resources.SimpleJsonResourceReloadListener.m_5944_(SimpleJsonResourceReloadListener.java:29) ~[client-1.20.1-20230612.114412-srg.jar%23587!/:?]
	at net.minecraft.server.packs.resources.SimpleJsonResourceReloadListener.m_5944_(SimpleJsonResourceReloadListener.java:17) ~[client-1.20.1-20230612.114412-srg.jar%23587!/:?]
	at net.minecraft.server.packs.resources.SimplePreparableReloadListener.m_10786_(SimplePreparableReloadListener.java:11) ~[client-1.20.1-20230612.114412-srg.jar%23587!/:?]
	at java.util.concurrent.CompletableFuture$AsyncSupply.run(Unknown Source) ~[?:?]
	at java.util.concurrent.CompletableFuture$AsyncSupply.exec(Unknown Source) ~[?:?]
	at java.util.concurrent.ForkJoinTask.doExec(Unknown Source) ~[?:?]
	at java.util.concurrent.ForkJoinPool$WorkQueue.topLevelExec(Unknown Source) ~[?:?]
	at java.util.concurrent.ForkJoinPool.scan(Unknown Source) ~[?:?]
	at java.util.concurrent.ForkJoinPool.runWorker(Unknown Source) ~[?:?]
	at java.util.concurrent.ForkJoinWorkerThread.run(Unknown Source) ~[?:?]
Caused by: java.io.EOFException: End of input at line 1 column 1 path $
	at com.google.gson.stream.JsonReader.nextNonWhitespace(JsonReader.java:1455) ~[gson-2.10.jar%23102!/:?]
	at com.google.gson.stream.JsonReader.doPeek(JsonReader.java:558) ~[gson-2.10.jar%23102!/:?]
	at com.google.gson.stream.JsonReader.peek(JsonReader.java:433) ~[gson-2.10.jar%23102!/:?]
	at com.google.gson.internal.bind.TypeAdapters$28.read(TypeAdapters.java:769) ~[gson-2.10.jar%23102!/:?]
	at com.google.gson.internal.bind.TypeAdapters$28.read(TypeAdapters.java:725) ~[gson-2.10.jar%23102!/:?]
	at com.google.gson.internal.bind.TypeAdapters$34$1.read(TypeAdapters.java:1007) ~[gson-2.10.jar%23102!/:?]
	at net.minecraft.util.GsonHelper.m_13780_(GsonHelper.java:524) ~[client-1.20.1-20230612.114412-srg.jar%23587!/:?]
	... 13 more
[17:09:30] [Worker-ResourceReload-3/ERROR]: Couldn't parse data file tfmg:recipes/misc/crafting/kinetics/zinc_truss from tfmg:advancements/recipes/misc/crafting/kinetics/zinc_truss.json
com.google.gson.JsonParseException: java.io.EOFException: End of input at line 1 column 1 path $
	at net.minecraft.util.GsonHelper.m_13780_(GsonHelper.java:526) ~[client-1.20.1-20230612.114412-srg.jar%23587!/:?]
	at net.minecraft.util.GsonHelper.m_263475_(GsonHelper.java:531) ~[client-1.20.1-20230612.114412-srg.jar%23587!/:?]
	at net.minecraft.util.GsonHelper.m_13776_(GsonHelper.java:581) ~[client-1.20.1-20230612.114412-srg.jar%23587!/:?]
	at net.minecraft.server.packs.resources.SimpleJsonResourceReloadListener.m_278771_(SimpleJsonResourceReloadListener.java:41) ~[client-1.20.1-20230612.114412-srg.jar%23587!/:?]
	at net.minecraft.server.packs.resources.SimpleJsonResourceReloadListener.m_5944_(SimpleJsonResourceReloadListener.java:29) ~[client-1.20.1-20230612.114412-srg.jar%23587!/:?]
	at net.minecraft.server.packs.resources.SimpleJsonResourceReloadListener.m_5944_(SimpleJsonResourceReloadListener.java:17) ~[client-1.20.1-20230612.114412-srg.jar%23587!/:?]
	at net.minecraft.server.packs.resources.SimplePreparableReloadListener.m_10786_(SimplePreparableReloadListener.java:11) ~[client-1.20.1-20230612.114412-srg.jar%23587!/:?]
	at java.util.concurrent.CompletableFuture$AsyncSupply.run(Unknown Source) ~[?:?]
	at java.util.concurrent.CompletableFuture$AsyncSupply.exec(Unknown Source) ~[?:?]
	at java.util.concurrent.ForkJoinTask.doExec(Unknown Source) ~[?:?]
	at java.util.concurrent.ForkJoinPool$WorkQueue.topLevelExec(Unknown Source) ~[?:?]
	at java.util.concurrent.ForkJoinPool.scan(Unknown Source) ~[?:?]
	at java.util.concurrent.ForkJoinPool.runWorker(Unknown Source) ~[?:?]
	at java.util.concurrent.ForkJoinWorkerThread.run(Unknown Source) ~[?:?]
Caused by: java.io.EOFException: End of input at line 1 column 1 path $
	at com.google.gson.stream.JsonReader.nextNonWhitespace(JsonReader.java:1455) ~[gson-2.10.jar%23102!/:?]
	at com.google.gson.stream.JsonReader.doPeek(JsonReader.java:558) ~[gson-2.10.jar%23102!/:?]
	at com.google.gson.stream.JsonReader.peek(JsonReader.java:433) ~[gson-2.10.jar%23102!/:?]
	at com.google.gson.internal.bind.TypeAdapters$28.read(TypeAdapters.java:769) ~[gson-2.10.jar%23102!/:?]
	at com.google.gson.internal.bind.TypeAdapters$28.read(TypeAdapters.java:725) ~[gson-2.10.jar%23102!/:?]
	at com.google.gson.internal.bind.TypeAdapters$34$1.read(TypeAdapters.java:1007) ~[gson-2.10.jar%23102!/:?]
	at net.minecraft.util.GsonHelper.m_13780_(GsonHelper.java:524) ~[client-1.20.1-20230612.114412-srg.jar%23587!/:?]
	... 13 more
[17:09:31] [Render thread/INFO]: Processing recipes...
[17:09:31] [Render thread/WARN]: Failed to parse recipe 'pamhc2foodcore:melonpieitem[minecraft:crafting_shapeless]'! Falling back to vanilla: ItemStack 'result' can't be empty!
[17:09:31] [Render thread/WARN]: Failed to parse recipe 'meadow:limestone_bricks_stairs[minecraft:stonecutting]'! Falling back to vanilla: ItemStack 'result' can't be empty!
[17:09:31] [Render thread/WARN]: Failed to parse recipe 'pamhc2foodcore:honeymuffinitem[minecraft:crafting_shapeless]'! Falling back to vanilla: ItemStack 'result' can't be empty!
[17:09:31] [Render thread/WARN]: Failed to parse recipe 'pamhc2foodcore:caramelcupcakeitem_x4[minecraft:crafting_shapeless]'! Falling back to vanilla: ItemStack 'result' can't be empty!
[17:09:31] [Render thread/INFO]: Found 18513 recipes in 174.1 ms
[17:09:31] [Render thread/INFO]: Posted recipe events in 68.30 ms
[17:09:31] [KubeJS Recipe Event Worker 0/WARN]: Your custom create:pressing recipe (tfmg:pressing/aluminum_ingot) specified a duration. Durations have no impact on this type of recipe.
[17:09:31] [KubeJS Recipe Event Worker 0/WARN]: Your custom tfmg:casting recipe (tfmg:casting/cinderblock) specified a duration. Durations have no impact on this type of recipe.
[17:09:31] [KubeJS Recipe Event Worker 0/WARN]: Your custom vintage:rolling/osmium_plate recipe (vintage:rolling/osmium_plate) specified a duration. Durations have no impact on this type of recipe.
[17:09:31] [KubeJS Recipe Event Worker 0/WARN]: Your custom vintage:rolling/cast_iron_ingot recipe (vintage:rolling/cast_iron_ingot) specified a duration. Durations have no impact on this type of recipe.
[17:09:31] [KubeJS Recipe Event Worker 0/WARN]: Your custom vintage:rolling/palladium_plate recipe (vintage:rolling/palladium_plate) specified a duration. Durations have no impact on this type of recipe.
[17:09:31] [KubeJS Recipe Event Worker 0/WARN]: Your custom vintage:rolling/rose_gold_plate recipe (vintage:rolling/rose_gold_plate) specified a duration. Durations have no impact on this type of recipe.
[17:09:31] [KubeJS Recipe Event Worker 0/WARN]: Your custom tfmg:casting recipe (tfmg:casting/slag_block) specified a duration. Durations have no impact on this type of recipe.
[17:09:31] [KubeJS Recipe Event Worker 0/WARN]: Your custom tfmg:winding recipe (tfmg:sequenced_assembly/motor_step_0) specified a duration. Durations have no impact on this type of recipe.
[17:09:31] [KubeJS Recipe Event Worker 0/WARN]: Your custom vintage:rolling/brass_plate recipe (vintage:rolling/brass_plate) specified a duration. Durations have no impact on this type of recipe.
[17:09:31] [KubeJS Recipe Event Worker 0/WARN]: Your custom createaddition:rolling/electrum_ingot recipe (createaddition:rolling/electrum_ingot) specified a duration. Durations have no impact on this type of recipe.
[17:09:31] [KubeJS Recipe Event Worker 0/WARN]: Your custom vintage:rolling/refined_glowstone_plate recipe (vintage:rolling/refined_glowstone_plate) specified a duration. Durations have no impact on this type of recipe.
[17:09:31] [KubeJS Recipe Event Worker 0/WARN]: Your custom tfmg:coking recipe (tfmg:coking/coal) specified a duration. Durations have no impact on this type of recipe.
[17:09:31] [KubeJS Recipe Event Worker 0/WARN]: Your custom vintage:rolling/rhodium_plate recipe (vintage:rolling/rhodium_plate) specified a duration. Durations have no impact on this type of recipe.
[17:09:31] [KubeJS Recipe Event Worker 0/WARN]: Your custom createaddition:rolling/straw recipe (createaddition:rolling/straw) specified a duration. Durations have no impact on this type of recipe.
[17:09:31] [KubeJS Recipe Event Worker 0/WARN]: Your custom vintage:rolling/pure_gold_plate recipe (vintage:rolling/pure_gold_plate) specified a duration. Durations have no impact on this type of recipe.
[17:09:31] [KubeJS Recipe Event Worker 0/WARN]: Your custom tfmg:coking recipe (tfmg:coking/charcoal) specified a duration. Durations have no impact on this type of recipe.
[17:09:31] [KubeJS Recipe Event Worker 0/WARN]: Your custom vintage:rolling/andesite_alloy recipe (vintage:rolling/andesite_alloy) specified a duration. Durations have no impact on this type of recipe.
[17:09:31] [KubeJS Recipe Event Worker 0/WARN]: Your custom tfmg:casting recipe (tfmg:casting/silicon) specified a duration. Durations have no impact on this type of recipe.
[17:09:31] [KubeJS Recipe Event Worker 0/WARN]: Your custom vintage:rolling/cast_iron_plate recipe (vintage:rolling/cast_iron_plate) specified a duration. Durations have no impact on this type of recipe.
[17:09:31] [KubeJS Recipe Event Worker 0/WARN]: Your custom vintage:rolling/amethyst_bronze_plate recipe (vintage:rolling/amethyst_bronze_plate) specified a duration. Durations have no impact on this type of recipe.
[17:09:31] [KubeJS Recipe Event Worker 0/WARN]: Your custom vintage:rolling/andesite_plate recipe (vintage:rolling/andesite_plate) specified a duration. Durations have no impact on this type of recipe.
[17:09:31] [KubeJS Recipe Event Worker 0/WARN]: Your custom createaddition:rolling/copper_ingot recipe (createaddition:rolling/copper_ingot) specified a duration. Durations have no impact on this type of recipe.
[17:09:31] [KubeJS Recipe Event Worker 0/WARN]: Your custom vintage:rolling/platinum_plate recipe (vintage:rolling/platinum_plate) specified a duration. Durations have no impact on this type of recipe.
[17:09:31] [KubeJS Recipe Event Worker 0/WARN]: Your custom create:mixing recipe (createfood:create/mixing/cotton_candy_stick_from_mixing_heated_cane_syrup) has more item inputs (10) than supported (9).
[17:09:31] [KubeJS Recipe Event Worker 0/WARN]: Your custom tfmg:industrial_blasting recipe (tfmg:industrial_blasting/steel_from_dust) specified a duration. Durations have no impact on this type of recipe.
[17:09:31] [KubeJS Recipe Event Worker 0/WARN]: Your custom create:pressing recipe (tfmg:pressing/nickel_ingot) specified a duration. Durations have no impact on this type of recipe.
[17:09:31] [KubeJS Recipe Event Worker 0/WARN]: Your custom vintage:rolling/netherite_plate recipe (vintage:rolling/netherite_plate) specified a duration. Durations have no impact on this type of recipe.
[17:09:31] [KubeJS Recipe Event Worker 0/WARN]: Your custom vintage:rolling/invar_plate recipe (vintage:rolling/invar_plate) specified a duration. Durations have no impact on this type of recipe.
[17:09:31] [KubeJS Recipe Event Worker 0/WARN]: Your custom vintage:rolling/hepatizon_plate recipe (vintage:rolling/hepatizon_plate) specified a duration. Durations have no impact on this type of recipe.
[17:09:31] [KubeJS Recipe Event Worker 0/WARN]: Your custom vintage:rolling/enderium_plate recipe (vintage:rolling/enderium_plate) specified a duration. Durations have no impact on this type of recipe.
[17:09:31] [KubeJS Recipe Event Worker 0/WARN]: Your custom vintage:rolling/constantan_plate recipe (vintage:rolling/constantan_plate) specified a duration. Durations have no impact on this type of recipe.
[17:09:31] [KubeJS Recipe Event Worker 0/WARN]: Your custom vintage:rolling/manyullyn_plate recipe (vintage:rolling/manyullyn_plate) specified a duration. Durations have no impact on this type of recipe.
[17:09:31] [KubeJS Recipe Event Worker 0/WARN]: Your custom createaddition:rolling/iron_ingot recipe (createaddition:rolling/iron_ingot) specified a duration. Durations have no impact on this type of recipe.
[17:09:31] [KubeJS Recipe Event Worker 0/WARN]: Your custom tfmg:vat_machine_recipe recipe (tfmg:vat_machine_recipe/plastic_from_propylene) specified a heat condition. Heat conditions have no impact on this type of recipe.
[17:09:31] [KubeJS Recipe Event Worker 0/WARN]: Your custom vintage:rolling/lumium_plate recipe (vintage:rolling/lumium_plate) specified a duration. Durations have no impact on this type of recipe.
[17:09:31] [KubeJS Recipe Event Worker 0/WARN]: Your custom createaddition:rolling/copper_plate recipe (createaddition:rolling/copper_plate) specified a duration. Durations have no impact on this type of recipe.
[17:09:31] [KubeJS Recipe Event Worker 0/WARN]: Your custom tfmg:vat_machine_recipe recipe (tfmg:vat_machine_recipe/plastic_from_ethylene) specified a heat condition. Heat conditions have no impact on this type of recipe.
[17:09:31] [KubeJS Recipe Event Worker 0/WARN]: Your custom create:pressing recipe (tfmg:pressing/cast_iron_ingot) specified a duration. Durations have no impact on this type of recipe.
[17:09:31] [KubeJS Recipe Event Worker 0/WARN]: Your custom vintage:rolling/aluminum_plate recipe (vintage:rolling/aluminum_plate) specified a duration. Durations have no impact on this type of recipe.
[17:09:31] [KubeJS Recipe Event Worker 0/WARN]: Your custom createaddition:rolling/gold_ingot recipe (createaddition:rolling/gold_ingot) specified a duration. Durations have no impact on this type of recipe.
[17:09:31] [KubeJS Recipe Event Worker 0/WARN]: Your custom tfmg:vat_machine_recipe recipe (tfmg:vat_machine_recipe/etched_circuit_board) specified a duration. Durations have no impact on this type of recipe.
[17:09:31] [KubeJS Recipe Event Worker 0/WARN]: Your custom vintage:rolling/refined_radiance recipe (vintage:rolling/refined_radiance) specified a duration. Durations have no impact on this type of recipe.
[17:09:31] [KubeJS Recipe Event Worker 0/WARN]: Your custom tfmg:winding recipe (tfmg:sequenced_assembly/generator_step_2) specified a duration. Durations have no impact on this type of recipe.
[17:09:31] [KubeJS Recipe Event Worker 0/WARN]: Your custom vintage:rolling/refined_radiance_plate recipe (vintage:rolling/refined_radiance_plate) specified a duration. Durations have no impact on this type of recipe.
[17:09:31] [KubeJS Recipe Event Worker 0/WARN]: Your custom tfmg:industrial_blasting recipe (tfmg:industrial_blasting/silicon) specified a duration. Durations have no impact on this type of recipe.
[17:09:31] [KubeJS Recipe Event Worker 0/WARN]: Your custom tfmg:vat_machine_recipe recipe (tfmg:vat_machine_recipe/neon) specified a duration. Durations have no impact on this type of recipe.
[17:09:31] [KubeJS Recipe Event Worker 0/WARN]: Your custom tfmg:vat_machine_recipe recipe (tfmg:vat_machine_recipe/arc_furnace_steel) specified a duration. Durations have no impact on this type of recipe.
[17:09:31] [KubeJS Recipe Event Worker 0/WARN]: Your custom vintage:rolling/netherite_rod recipe (vintage:rolling/netherite_rod) specified a duration. Durations have no impact on this type of recipe.
[17:09:31] [KubeJS Recipe Event Worker 0/WARN]: Your custom vintage:rolling/silver_plate recipe (vintage:rolling/silver_plate) specified a duration. Durations have no impact on this type of recipe.
[17:09:31] [KubeJS Recipe Event Worker 0/WARN]: Your custom vintage:rolling/uranium_plate recipe (vintage:rolling/uranium_plate) specified a duration. Durations have no impact on this type of recipe.
[17:09:31] [KubeJS Recipe Event Worker 0/WARN]: Your custom create:pressing recipe (tfmg:pressing/synthetic_leather) specified a duration. Durations have no impact on this type of recipe.
[17:09:31] [KubeJS Recipe Event Worker 0/WARN]: Your custom vintage:rolling/nickel_plate recipe (vintage:rolling/nickel_plate) specified a duration. Durations have no impact on this type of recipe.
[17:09:31] [KubeJS Recipe Event Worker 0/WARN]: Your custom vintage:rolling/signalum_plate recipe (vintage:rolling/signalum_plate) specified a duration. Durations have no impact on this type of recipe.
[17:09:31] [KubeJS Recipe Event Worker 0/WARN]: Your custom vintage:rolling/steel_plate recipe (vintage:rolling/steel_plate) specified a duration. Durations have no impact on this type of recipe.
[17:09:31] [KubeJS Recipe Event Worker 0/WARN]: Your custom createaddition:rolling/brass_ingot recipe (createaddition:rolling/brass_ingot) specified a duration. Durations have no impact on this type of recipe.
[17:09:31] [KubeJS Recipe Event Worker 0/WARN]: Your custom tfmg:industrial_blasting recipe (tfmg:industrial_blasting/steel) specified a duration. Durations have no impact on this type of recipe.
[17:09:31] [KubeJS Recipe Event Worker 0/WARN]: Your custom vintage:rolling/shadow_steel_plate recipe (vintage:rolling/shadow_steel_plate) specified a duration. Durations have no impact on this type of recipe.
[17:09:31] [KubeJS Recipe Event Worker 0/WARN]: Your custom tfmg:casting recipe (tfmg:casting/plastic_sheet) specified a duration. Durations have no impact on this type of recipe.
[17:09:31] [KubeJS Recipe Event Worker 0/WARN]: Your custom vintage:rolling/zinc_plate recipe (vintage:rolling/zinc_plate) specified a duration. Durations have no impact on this type of recipe.
[17:09:31] [KubeJS Recipe Event Worker 0/WARN]: Your custom vintage:rolling/cobalt_plate recipe (vintage:rolling/cobalt_plate) specified a duration. Durations have no impact on this type of recipe.
[17:09:31] [KubeJS Recipe Event Worker 0/WARN]: Your custom tfmg:winding recipe (tfmg:sequenced_assembly/potentiometer_step_0) specified a duration. Durations have no impact on this type of recipe.
[17:09:31] [KubeJS Recipe Event Worker 0/WARN]: Your custom tfmg:winding recipe (tfmg:winding/resistor) specified a duration. Durations have no impact on this type of recipe.
[17:09:31] [KubeJS Recipe Event Worker 0/WARN]: Your custom vintage:rolling/refined_obsidian_plate recipe (vintage:rolling/refined_obsidian_plate) specified a duration. Durations have no impact on this type of recipe.
[17:09:31] [KubeJS Recipe Event Worker 0/WARN]: Your custom tfmg:vat_machine_recipe recipe (tfmg:vat_machine_recipe/naphtha) specified a heat condition. Heat conditions have no impact on this type of recipe.
[17:09:31] [KubeJS Recipe Event Worker 0/WARN]: Your custom tfmg:hot_blast recipe (tfmg:hot_blast/hot_air) specified a duration. Durations have no impact on this type of recipe.
[17:09:31] [KubeJS Recipe Event Worker 0/WARN]: Your custom vintage:rolling/tin_plate recipe (vintage:rolling/tin_plate) specified a duration. Durations have no impact on this type of recipe.
[17:09:31] [KubeJS Recipe Event Worker 0/WARN]: Your custom tfmg:casting recipe (tfmg:casting/steel) specified a duration. Durations have no impact on this type of recipe.
[17:09:31] [KubeJS Recipe Event Worker 0/WARN]: Your custom tfmg:vat_machine_recipe recipe (tfmg:vat_machine_recipe/aluminum) specified a duration. Durations have no impact on this type of recipe.
[17:09:31] [KubeJS Recipe Event Worker 0/WARN]: Your custom tfmg:vat_machine_recipe recipe (tfmg:vat_machine_recipe/aluminum) specified a heat condition. Heat conditions have no impact on this type of recipe.
[17:09:31] [KubeJS Recipe Event Worker 0/WARN]: Your custom vintage:rolling/constantan_ingot recipe (vintage:rolling/constantan_ingot) specified a duration. Durations have no impact on this type of recipe.
[17:09:31] [KubeJS Recipe Event Worker 0/WARN]: Your custom vintage:rolling/shadow_steel recipe (vintage:rolling/shadow_steel) specified a duration. Durations have no impact on this type of recipe.
[17:09:31] [KubeJS Recipe Event Worker 0/WARN]: Your custom tfmg:winding recipe (tfmg:winding/electromagnetic_coil) specified a duration. Durations have no impact on this type of recipe.
[17:09:31] [KubeJS Recipe Event Worker 0/WARN]: Your custom vintage:rolling/bronze_plate recipe (vintage:rolling/bronze_plate) specified a duration. Durations have no impact on this type of recipe.
[17:09:31] [KubeJS Recipe Event Worker 0/WARN]: Your custom vintage:rolling/lead_plate recipe (vintage:rolling/lead_plate) specified a duration. Durations have no impact on this type of recipe.
[17:09:31] [KubeJS Recipe Event Worker 0/WARN]: Error parsing recipe createcasing:crafting/chain_drive/creative_from_zinc[minecraft:crafting_shapeless]: {"type":"minecraft:crafting_shapeless","category":"misc","ingredients":[{"item":"create:creative_casing"},{"tag":"forge:nuggets/zinc"},{"tag":"forge:nuggets/zinc"},{"tag":"forge:nuggets/zinc"}],"result":{"item":"createcasing:creative_encased_chain_drive"}}: Unknown item 'create:creative_casing'
[17:09:31] [KubeJS Recipe Event Worker 0/WARN]: Your custom vintage:rolling/vanadium_ingot recipe (vintage:rolling/vanadium_ingot) specified a duration. Durations have no impact on this type of recipe.
[17:09:31] [KubeJS Recipe Event Worker 0/WARN]: Your custom vintage:rolling/lead_ingot recipe (vintage:rolling/lead_ingot) specified a duration. Durations have no impact on this type of recipe.
[17:09:31] [KubeJS Recipe Event Worker 0/WARN]: Your custom vintage:rolling/pig_iron_plate recipe (vintage:rolling/pig_iron_plate) specified a duration. Durations have no impact on this type of recipe.
[17:09:31] [KubeJS Recipe Event Worker 0/WARN]: Your custom createaddition:rolling/iron_plate recipe (createaddition:rolling/iron_plate) specified a duration. Durations have no impact on this type of recipe.
[17:09:31] [KubeJS Recipe Event Worker 0/WARN]: Your custom tfmg:vat_machine_recipe recipe (tfmg:vat_machine_recipe/rubber) specified a heat condition. Heat conditions have no impact on this type of recipe.
[17:09:31] [KubeJS Recipe Event Worker 0/WARN]: Your custom tfmg:industrial_blasting recipe (tfmg:industrial_blasting/steel_from_raw_iron) specified a duration. Durations have no impact on this type of recipe.
[17:09:31] [KubeJS Recipe Event Worker 0/WARN]: Your custom vintage:rolling/steel_ingot recipe (vintage:rolling/steel_ingot) specified a duration. Durations have no impact on this type of recipe.
[17:09:31] [KubeJS Recipe Event Worker 0/WARN]: Your custom vintage:rolling/aluminum_ingot recipe (vintage:rolling/aluminum_ingot) specified a duration. Durations have no impact on this type of recipe.
[17:09:31] [KubeJS Recipe Event Worker 0/WARN]: Your custom create:pressing recipe (tfmg:pressing/lead_ingot) specified a duration. Durations have no impact on this type of recipe.
[17:09:31] [KubeJS Recipe Event Worker 0/WARN]: Your custom vintage:rolling/zinc_ingot recipe (vintage:rolling/zinc_ingot) specified a duration. Durations have no impact on this type of recipe.
[17:09:31] [KubeJS Recipe Event Worker 0/WARN]: Your custom createaddition:rolling/electrum_plate recipe (createaddition:rolling/electrum_plate) specified a duration. Durations have no impact on this type of recipe.
[17:09:31] [KubeJS Recipe Event Worker 0/WARN]: Your custom createaddition:rolling/gold_plate recipe (createaddition:rolling/gold_plate) specified a duration. Durations have no impact on this type of recipe.
[17:09:31] [KubeJS Recipe Event Worker 0/WARN]: Your custom vintage:rolling/nickel_ingot recipe (vintage:rolling/nickel_ingot) specified a duration. Durations have no impact on this type of recipe.
[17:09:31] [KubeJS Recipe Event Worker 0/WARN]: Your custom vintage:rolling/vanadium_plate recipe (vintage:rolling/vanadium_plate) specified a duration. Durations have no impact on this type of recipe.
[17:09:31] [Render thread/INFO]: Added 19 recipes, removed 1083 recipes, modified 3 recipes, with 1 failed recipes in 301.4 ms
[17:09:31] [Render thread/INFO]: Clearing KubeJS recipe lists...
[17:09:31] [Render thread/INFO]: Injecting recipes
[17:09:32] [Render thread/INFO]: Loaded 8585 advancements
[17:09:32] [Render thread/INFO]: Deserializing default trades of profession: villagersplus:alchemist
[17:09:32] [Render thread/INFO]: Deserializing default trades of profession: villagersplus:horticulturist
[17:09:32] [Render thread/INFO]: Deserializing default trades of profession: villagersplus:occultist
[17:09:32] [Render thread/INFO]: Deserializing default trades of profession: villagersplus:oceanographer
[17:09:32] [Render thread/INFO]: Loaded 10 curio slots
[17:09:32] [Render thread/INFO]: Loaded 1 curio entities
[17:09:32] [Render thread/INFO]: Generator types cleared
[17:09:32] [Render thread/INFO]: Loading generator types from datapacks
[17:09:32] [Render thread/INFO]: Generator types loading done
[17:09:32] [Render thread/WARN]: Could not decode GlobalLootModifier with json id corn_delight:village_house - error: Unknown registry key in ResourceKey[minecraft:root / forge:global_loot_modifier_serializers]: mmlib:add_loot_table
[17:09:32] [Render thread/WARN]: Could not decode GlobalLootModifier with json id corn_delight:shipwreck_loot - error: Unknown registry key in ResourceKey[minecraft:root / forge:global_loot_modifier_serializers]: mmlib:add_loot_table
[17:09:32] [Render thread/WARN]: Unable to decode loot conditions
com.google.gson.JsonSyntaxException: Unknown type 'minecraft:alternatives'
	at net.minecraft.world.level.storage.loot.GsonAdapterFactory$JsonAdapter.deserialize(GsonAdapterFactory.java:99) ~[client-1.20.1-20230612.114412-srg.jar%23587!/:?]
	at com.google.gson.internal.bind.TreeTypeAdapter.read(TreeTypeAdapter.java:76) ~[gson-2.10.jar%23102!/:?]
	at com.google.gson.internal.bind.TypeAdapterRuntimeTypeWrapper.read(TypeAdapterRuntimeTypeWrapper.java:40) ~[gson-2.10.jar%23102!/:?]
	at com.google.gson.internal.bind.ArrayTypeAdapter.read(ArrayTypeAdapter.java:72) ~[gson-2.10.jar%23102!/:?]
	at com.google.gson.Gson.fromJson(Gson.java:1214) ~[gson-2.10.jar%23102!/:?]
	at com.google.gson.Gson.fromJson(Gson.java:1319) ~[gson-2.10.jar%23102!/:?]
	at com.google.gson.Gson.fromJson(Gson.java:1261) ~[gson-2.10.jar%23102!/:?]
	at net.minecraftforge.common.loot.IGlobalLootModifier.lambda$static$1(IGlobalLootModifier.java:39) ~[forge-1.20.1-47.4.0-universal.jar%23592!/:?]
	at com.mojang.serialization.Decoder$1.lambda$decode$1(Decoder.java:49) ~[datafixerupper-6.0.8.jar%23109!/:?]
	at com.mojang.serialization.DataResult.lambda$flatMap$11(DataResult.java:139) ~[datafixerupper-6.0.8.jar%23109!/:?]
	at com.mojang.datafixers.util.Either$Left.map(Either.java:38) ~[datafixerupper-6.0.8.jar%23109!/:?]
	at com.mojang.serialization.DataResult.flatMap(DataResult.java:137) ~[datafixerupper-6.0.8.jar%23109!/:?]
	at com.mojang.serialization.Decoder$1.decode(Decoder.java:49) ~[datafixerupper-6.0.8.jar%23109!/:?]
	at com.mojang.serialization.Codec$2.decode(Codec.java:71) ~[datafixerupper-6.0.8.jar%23109!/:?]
	at com.mojang.serialization.Decoder.parse(Decoder.java:18) ~[datafixerupper-6.0.8.jar%23109!/:?]
	at com.mojang.serialization.codecs.FieldDecoder.decode(FieldDecoder.java:29) ~[datafixerupper-6.0.8.jar%23109!/:?]
	at com.mojang.serialization.MapCodec$1.decode(MapCodec.java:34) ~[datafixerupper-6.0.8.jar%23109!/:?]
	at com.mojang.serialization.codecs.RecordCodecBuilder$Instance$5.decode(RecordCodecBuilder.java:323) ~[datafixerupper-6.0.8.jar%23109!/:?]
	at com.mojang.serialization.codecs.RecordCodecBuilder$2.decode(RecordCodecBuilder.java:107) ~[datafixerupper-6.0.8.jar%23109!/:?]
	at com.mojang.serialization.codecs.KeyDispatchCodec.lambda$decode$3(KeyDispatchCodec.java:67) ~[datafixerupper-6.0.8.jar%23109!/:?]
	at com.mojang.serialization.DataResult.lambda$flatMap$11(DataResult.java:139) ~[datafixerupper-6.0.8.jar%23109!/:?]
	at com.mojang.datafixers.util.Either$Left.map(Either.java:38) ~[datafixerupper-6.0.8.jar%23109!/:?]
	at com.mojang.serialization.DataResult.flatMap(DataResult.java:137) ~[datafixerupper-6.0.8.jar%23109!/:?]
	at com.mojang.serialization.codecs.KeyDispatchCodec.lambda$decode$4(KeyDispatchCodec.java:58) ~[datafixerupper-6.0.8.jar%23109!/:?]
	at com.mojang.serialization.DataResult.lambda$flatMap$11(DataResult.java:139) ~[datafixerupper-6.0.8.jar%23109!/:?]
	at com.mojang.datafixers.util.Either$Left.map(Either.java:38) ~[datafixerupper-6.0.8.jar%23109!/:?]
	at com.mojang.serialization.DataResult.flatMap(DataResult.java:137) ~[datafixerupper-6.0.8.jar%23109!/:?]
	at com.mojang.serialization.codecs.KeyDispatchCodec.decode(KeyDispatchCodec.java:56) ~[datafixerupper-6.0.8.jar%23109!/:?]
	at com.mojang.serialization.MapDecoder.lambda$compressedDecode$1(MapDecoder.java:52) ~[datafixerupper-6.0.8.jar%23109!/:?]
	at com.mojang.serialization.DataResult.lambda$flatMap$11(DataResult.java:139) ~[datafixerupper-6.0.8.jar%23109!/:?]
	at com.mojang.datafixers.util.Either$Left.map(Either.java:38) ~[datafixerupper-6.0.8.jar%23109!/:?]
	at com.mojang.serialization.DataResult.flatMap(DataResult.java:137) ~[datafixerupper-6.0.8.jar%23109!/:?]
	at com.mojang.serialization.MapDecoder.compressedDecode(MapDecoder.java:52) ~[datafixerupper-6.0.8.jar%23109!/:?]
	at com.mojang.serialization.MapCodec$MapCodecCodec.decode(MapCodec.java:91) ~[datafixerupper-6.0.8.jar%23109!/:?]
	at com.mojang.serialization.Decoder.parse(Decoder.java:18) ~[datafixerupper-6.0.8.jar%23109!/:?]
	at net.minecraftforge.common.loot.LootModifierManager.apply(LootModifierManager.java:79) ~[forge-1.20.1-47.4.0-universal.jar%23592!/:?]
	at net.minecraftforge.common.loot.LootModifierManager.m_5787_(LootModifierManager.java:38) ~[forge-1.20.1-47.4.0-universal.jar%23592!/:?]
	at net.minecraft.server.packs.resources.SimplePreparableReloadListener.m_10789_(SimplePreparableReloadListener.java:13) ~[client-1.20.1-20230612.114412-srg.jar%23587!/:?]
	at java.util.concurrent.CompletableFuture$UniAccept.tryFire(Unknown Source) ~[?:?]
	at java.util.concurrent.CompletableFuture$Completion.run(Unknown Source) ~[?:?]
	at net.minecraft.server.packs.resources.SimpleReloadInstance.m_143940_(SimpleReloadInstance.java:69) ~[client-1.20.1-20230612.114412-srg.jar%23587!/:?]
	at net.minecraft.util.thread.BlockableEventLoop.m_6367_(BlockableEventLoop.java:156) ~[client-1.20.1-20230612.114412-srg.jar%23587!/:?]
	at net.minecraft.util.thread.ReentrantBlockableEventLoop.m_6367_(ReentrantBlockableEventLoop.java:23) ~[client-1.20.1-20230612.114412-srg.jar%23587!/:?]
	at net.minecraft.util.thread.BlockableEventLoop.m_7245_(BlockableEventLoop.java:130) ~[client-1.20.1-20230612.114412-srg.jar%23587!/:?]
	at net.minecraft.util.thread.BlockableEventLoop.m_18701_(BlockableEventLoop.java:139) ~[client-1.20.1-20230612.114412-srg.jar%23587!/:?]
	at net.minecraft.client.Minecraft.m_18701_(Minecraft.java:4441) ~[client-1.20.1-20230612.114412-srg.jar%23587!/:?]
	at net.minecraft.client.gui.screens.worldselection.WorldOpenFlows.m_246486_(WorldOpenFlows.java:163) ~[client-1.20.1-20230612.114412-srg.jar%23587!/:?]
	at net.minecraft.client.gui.screens.worldselection.WorldOpenFlows.m_233122_(WorldOpenFlows.java:113) ~[client-1.20.1-20230612.114412-srg.jar%23587!/:?]
	at net.minecraft.client.gui.screens.worldselection.WorldOpenFlows.doLoadLevel(WorldOpenFlows.java:181) ~[client-1.20.1-20230612.114412-srg.jar%23587!/:?]
	at net.minecraft.client.gui.screens.worldselection.WorldOpenFlows.m_233145_(WorldOpenFlows.java:169) ~[client-1.20.1-20230612.114412-srg.jar%23587!/:?]
	at net.minecraft.client.gui.screens.worldselection.WorldOpenFlows.handler$efg000$onLoadLevel(WorldOpenFlows.java:1032) ~[client-1.20.1-20230612.114412-srg.jar%23587!/:?]
	at net.minecraft.client.gui.screens.worldselection.WorldOpenFlows.m_233133_(WorldOpenFlows.java) ~[client-1.20.1-20230612.114412-srg.jar%23587!/:?]
	at net.minecraft.client.gui.screens.worldselection.WorldSelectionList$WorldListEntry.m_101744_(WorldSelectionList.java:575) ~[client-1.20.1-20230612.114412-srg.jar%23587!/:?]
	at net.minecraft.client.gui.screens.worldselection.WorldSelectionList$WorldListEntry.m_101704_(WorldSelectionList.java:474) ~[client-1.20.1-20230612.114412-srg.jar%23587!/:?]
	at net.minecraft.client.gui.screens.worldselection.WorldSelectionList$WorldListEntry.m_6375_(WorldSelectionList.java:413) ~[client-1.20.1-20230612.114412-srg.jar%23587!/:?]
	at net.minecraft.client.gui.components.AbstractSelectionList.m_6375_(AbstractSelectionList.java:298) ~[client-1.20.1-20230612.114412-srg.jar%23587!/:?]
	at net.minecraft.client.gui.components.events.ContainerEventHandler.m_6375_(ContainerEventHandler.java:38) ~[client-1.20.1-20230612.114412-srg.jar%23587!/:?]
	at net.minecraft.client.MouseHandler.m_168084_(MouseHandler.java:92) ~[client-1.20.1-20230612.114412-srg.jar%23587!/:?]
	at net.minecraft.client.gui.screens.Screen.m_96579_(Screen.java:437) ~[client-1.20.1-20230612.114412-srg.jar%23587!/:?]
	at net.minecraft.client.MouseHandler.m_91530_(MouseHandler.java:89) ~[client-1.20.1-20230612.114412-srg.jar%23587!/:?]
	at net.minecraft.client.MouseHandler.m_168091_(MouseHandler.java:189) ~[client-1.20.1-20230612.114412-srg.jar%23587!/:?]
	at net.minecraft.util.thread.BlockableEventLoop.execute(BlockableEventLoop.java:102) ~[client-1.20.1-20230612.114412-srg.jar%23587!/:?]
	at net.minecraft.client.MouseHandler.m_91565_(MouseHandler.java:188) ~[client-1.20.1-20230612.114412-srg.jar%23587!/:?]
	at org.lwjgl.glfw.GLFWMouseButtonCallbackI.callback(GLFWMouseButtonCallbackI.java:43) ~[lwjgl-glfw-3.3.1.jar%23136!/:build 7]
	at org.lwjgl.system.JNI.invokeV(Native Method) ~[lwjgl-3.3.1.jar%23148!/:build 7]
	at org.lwjgl.glfw.GLFW.glfwWaitEventsTimeout(GLFW.java:3474) ~[lwjgl-glfw-3.3.1.jar%23136!/:build 7]
	at com.mojang.blaze3d.systems.RenderSystem.limitDisplayFPS(RenderSystem.java:237) ~[client-1.20.1-20230612.114412-srg.jar%23587!/:?]
	at net.minecraft.client.Minecraft.m_91383_(Minecraft.java:1173) ~[client-1.20.1-20230612.114412-srg.jar%23587!/:?]
	at net.minecraft.client.Minecraft.m_91374_(Minecraft.java:718) ~[client-1.20.1-20230612.114412-srg.jar%23587!/:?]
	at net.minecraft.client.main.Main.main(Main.java:218) ~[forge-47.4.0.jar:?]
	at jdk.internal.reflect.NativeMethodAccessorImpl.invoke0(Native Method) ~[?:?]
	at jdk.internal.reflect.NativeMethodAccessorImpl.invoke(Unknown Source) ~[?:?]
	at jdk.internal.reflect.DelegatingMethodAccessorImpl.invoke(Unknown Source) ~[?:?]
	at java.lang.reflect.Method.invoke(Unknown Source) ~[?:?]
	at net.minecraftforge.fml.loading.targets.CommonLaunchHandler.runTarget(CommonLaunchHandler.java:111) ~[fmlloader-1.20.1-47.4.0.jar:?]
	at net.minecraftforge.fml.loading.targets.CommonLaunchHandler.clientService(CommonLaunchHandler.java:99) ~[fmlloader-1.20.1-47.4.0.jar:?]
	at net.minecraftforge.fml.loading.targets.CommonClientLaunchHandler.lambda$makeService$0(CommonClientLaunchHandler.java:25) ~[fmlloader-1.20.1-47.4.0.jar:?]
	at cpw.mods.modlauncher.LaunchServiceHandlerDecorator.launch(LaunchServiceHandlerDecorator.java:30) ~[modlauncher-10.0.9.jar:?]
	at cpw.mods.modlauncher.LaunchServiceHandler.launch(LaunchServiceHandler.java:53) ~[modlauncher-10.0.9.jar:?]
	at cpw.mods.modlauncher.LaunchServiceHandler.launch(LaunchServiceHandler.java:71) ~[modlauncher-10.0.9.jar:?]
	at cpw.mods.modlauncher.Launcher.run(Launcher.java:108) ~[modlauncher-10.0.9.jar:?]
	at cpw.mods.modlauncher.Launcher.main(Launcher.java:78) ~[modlauncher-10.0.9.jar:?]
	at cpw.mods.modlauncher.BootstrapLaunchConsumer.accept(BootstrapLaunchConsumer.java:26) ~[modlauncher-10.0.9.jar:?]
	at cpw.mods.modlauncher.BootstrapLaunchConsumer.accept(BootstrapLaunchConsumer.java:23) ~[modlauncher-10.0.9.jar:?]
	at cpw.mods.bootstraplauncher.BootstrapLauncher.main(BootstrapLauncher.java:141) ~[bootstraplauncher-1.1.2.jar:?]
[17:09:32] [Render thread/WARN]: Could not decode GlobalLootModifier with json id nethersdelight:chopping_leather - error: Unknown type 'minecraft:alternatives'
[17:09:32] [Render thread/WARN]: Unable to decode loot conditions
com.google.gson.JsonSyntaxException: Unknown type 'minecraft:alternative'
	at net.minecraft.world.level.storage.loot.GsonAdapterFactory$JsonAdapter.deserialize(GsonAdapterFactory.java:99) ~[client-1.20.1-20230612.114412-srg.jar%23587!/:?]
	at com.google.gson.internal.bind.TreeTypeAdapter.read(TreeTypeAdapter.java:76) ~[gson-2.10.jar%23102!/:?]
	at com.google.gson.internal.bind.TypeAdapterRuntimeTypeWrapper.read(TypeAdapterRuntimeTypeWrapper.java:40) ~[gson-2.10.jar%23102!/:?]
	at com.google.gson.internal.bind.ArrayTypeAdapter.read(ArrayTypeAdapter.java:72) ~[gson-2.10.jar%23102!/:?]
	at com.google.gson.Gson.fromJson(Gson.java:1214) ~[gson-2.10.jar%23102!/:?]
	at com.google.gson.Gson.fromJson(Gson.java:1319) ~[gson-2.10.jar%23102!/:?]
	at com.google.gson.Gson.fromJson(Gson.java:1261) ~[gson-2.10.jar%23102!/:?]
	at net.minecraftforge.common.loot.IGlobalLootModifier.lambda$static$1(IGlobalLootModifier.java:39) ~[forge-1.20.1-47.4.0-universal.jar%23592!/:?]
	at com.mojang.serialization.Decoder$1.lambda$decode$1(Decoder.java:49) ~[datafixerupper-6.0.8.jar%23109!/:?]
	at com.mojang.serialization.DataResult.lambda$flatMap$11(DataResult.java:139) ~[datafixerupper-6.0.8.jar%23109!/:?]
	at com.mojang.datafixers.util.Either$Left.map(Either.java:38) ~[datafixerupper-6.0.8.jar%23109!/:?]
	at com.mojang.serialization.DataResult.flatMap(DataResult.java:137) ~[datafixerupper-6.0.8.jar%23109!/:?]
	at com.mojang.serialization.Decoder$1.decode(Decoder.java:49) ~[datafixerupper-6.0.8.jar%23109!/:?]
	at com.mojang.serialization.Codec$2.decode(Codec.java:71) ~[datafixerupper-6.0.8.jar%23109!/:?]
	at com.mojang.serialization.Decoder.parse(Decoder.java:18) ~[datafixerupper-6.0.8.jar%23109!/:?]
	at com.mojang.serialization.codecs.FieldDecoder.decode(FieldDecoder.java:29) ~[datafixerupper-6.0.8.jar%23109!/:?]
	at com.mojang.serialization.MapCodec$1.decode(MapCodec.java:34) ~[datafixerupper-6.0.8.jar%23109!/:?]
	at com.mojang.serialization.codecs.RecordCodecBuilder$Instance$5.decode(RecordCodecBuilder.java:323) ~[datafixerupper-6.0.8.jar%23109!/:?]
	at com.mojang.serialization.codecs.RecordCodecBuilder$2.decode(RecordCodecBuilder.java:107) ~[datafixerupper-6.0.8.jar%23109!/:?]
	at com.mojang.serialization.codecs.KeyDispatchCodec.lambda$decode$3(KeyDispatchCodec.java:67) ~[datafixerupper-6.0.8.jar%23109!/:?]
	at com.mojang.serialization.DataResult.lambda$flatMap$11(DataResult.java:139) ~[datafixerupper-6.0.8.jar%23109!/:?]
	at com.mojang.datafixers.util.Either$Left.map(Either.java:38) ~[datafixerupper-6.0.8.jar%23109!/:?]
	at com.mojang.serialization.DataResult.flatMap(DataResult.java:137) ~[datafixerupper-6.0.8.jar%23109!/:?]
	at com.mojang.serialization.codecs.KeyDispatchCodec.lambda$decode$4(KeyDispatchCodec.java:58) ~[datafixerupper-6.0.8.jar%23109!/:?]
	at com.mojang.serialization.DataResult.lambda$flatMap$11(DataResult.java:139) ~[datafixerupper-6.0.8.jar%23109!/:?]
	at com.mojang.datafixers.util.Either$Left.map(Either.java:38) ~[datafixerupper-6.0.8.jar%23109!/:?]
	at com.mojang.serialization.DataResult.flatMap(DataResult.java:137) ~[datafixerupper-6.0.8.jar%23109!/:?]
	at com.mojang.serialization.codecs.KeyDispatchCodec.decode(KeyDispatchCodec.java:56) ~[datafixerupper-6.0.8.jar%23109!/:?]
	at com.mojang.serialization.MapDecoder.lambda$compressedDecode$1(MapDecoder.java:52) ~[datafixerupper-6.0.8.jar%23109!/:?]
	at com.mojang.serialization.DataResult.lambda$flatMap$11(DataResult.java:139) ~[datafixerupper-6.0.8.jar%23109!/:?]
	at com.mojang.datafixers.util.Either$Left.map(Either.java:38) ~[datafixerupper-6.0.8.jar%23109!/:?]
	at com.mojang.serialization.DataResult.flatMap(DataResult.java:137) ~[datafixerupper-6.0.8.jar%23109!/:?]
	at com.mojang.serialization.MapDecoder.compressedDecode(MapDecoder.java:52) ~[datafixerupper-6.0.8.jar%23109!/:?]
	at com.mojang.serialization.MapCodec$MapCodecCodec.decode(MapCodec.java:91) ~[datafixerupper-6.0.8.jar%23109!/:?]
	at com.mojang.serialization.Decoder.parse(Decoder.java:18) ~[datafixerupper-6.0.8.jar%23109!/:?]
	at net.minecraftforge.common.loot.LootModifierManager.apply(LootModifierManager.java:79) ~[forge-1.20.1-47.4.0-universal.jar%23592!/:?]
	at net.minecraftforge.common.loot.LootModifierManager.m_5787_(LootModifierManager.java:38) ~[forge-1.20.1-47.4.0-universal.jar%23592!/:?]
	at net.minecraft.server.packs.resources.SimplePreparableReloadListener.m_10789_(SimplePreparableReloadListener.java:13) ~[client-1.20.1-20230612.114412-srg.jar%23587!/:?]
	at java.util.concurrent.CompletableFuture$UniAccept.tryFire(Unknown Source) ~[?:?]
	at java.util.concurrent.CompletableFuture$Completion.run(Unknown Source) ~[?:?]
	at net.minecraft.server.packs.resources.SimpleReloadInstance.m_143940_(SimpleReloadInstance.java:69) ~[client-1.20.1-20230612.114412-srg.jar%23587!/:?]
	at net.minecraft.util.thread.BlockableEventLoop.m_6367_(BlockableEventLoop.java:156) ~[client-1.20.1-20230612.114412-srg.jar%23587!/:?]
	at net.minecraft.util.thread.ReentrantBlockableEventLoop.m_6367_(ReentrantBlockableEventLoop.java:23) ~[client-1.20.1-20230612.114412-srg.jar%23587!/:?]
	at net.minecraft.util.thread.BlockableEventLoop.m_7245_(BlockableEventLoop.java:130) ~[client-1.20.1-20230612.114412-srg.jar%23587!/:?]
	at net.minecraft.util.thread.BlockableEventLoop.m_18701_(BlockableEventLoop.java:139) ~[client-1.20.1-20230612.114412-srg.jar%23587!/:?]
	at net.minecraft.client.Minecraft.m_18701_(Minecraft.java:4441) ~[client-1.20.1-20230612.114412-srg.jar%23587!/:?]
	at net.minecraft.client.gui.screens.worldselection.WorldOpenFlows.m_246486_(WorldOpenFlows.java:163) ~[client-1.20.1-20230612.114412-srg.jar%23587!/:?]
	at net.minecraft.client.gui.screens.worldselection.WorldOpenFlows.m_233122_(WorldOpenFlows.java:113) ~[client-1.20.1-20230612.114412-srg.jar%23587!/:?]
	at net.minecraft.client.gui.screens.worldselection.WorldOpenFlows.doLoadLevel(WorldOpenFlows.java:181) ~[client-1.20.1-20230612.114412-srg.jar%23587!/:?]
	at net.minecraft.client.gui.screens.worldselection.WorldOpenFlows.m_233145_(WorldOpenFlows.java:169) ~[client-1.20.1-20230612.114412-srg.jar%23587!/:?]
	at net.minecraft.client.gui.screens.worldselection.WorldOpenFlows.handler$efg000$onLoadLevel(WorldOpenFlows.java:1032) ~[client-1.20.1-20230612.114412-srg.jar%23587!/:?]
	at net.minecraft.client.gui.screens.worldselection.WorldOpenFlows.m_233133_(WorldOpenFlows.java) ~[client-1.20.1-20230612.114412-srg.jar%23587!/:?]
	at net.minecraft.client.gui.screens.worldselection.WorldSelectionList$WorldListEntry.m_101744_(WorldSelectionList.java:575) ~[client-1.20.1-20230612.114412-srg.jar%23587!/:?]
	at net.minecraft.client.gui.screens.worldselection.WorldSelectionList$WorldListEntry.m_101704_(WorldSelectionList.java:474) ~[client-1.20.1-20230612.114412-srg.jar%23587!/:?]
	at net.minecraft.client.gui.screens.worldselection.WorldSelectionList$WorldListEntry.m_6375_(WorldSelectionList.java:413) ~[client-1.20.1-20230612.114412-srg.jar%23587!/:?]
	at net.minecraft.client.gui.components.AbstractSelectionList.m_6375_(AbstractSelectionList.java:298) ~[client-1.20.1-20230612.114412-srg.jar%23587!/:?]
	at net.minecraft.client.gui.components.events.ContainerEventHandler.m_6375_(ContainerEventHandler.java:38) ~[client-1.20.1-20230612.114412-srg.jar%23587!/:?]
	at net.minecraft.client.MouseHandler.m_168084_(MouseHandler.java:92) ~[client-1.20.1-20230612.114412-srg.jar%23587!/:?]
	at net.minecraft.client.gui.screens.Screen.m_96579_(Screen.java:437) ~[client-1.20.1-20230612.114412-srg.jar%23587!/:?]
	at net.minecraft.client.MouseHandler.m_91530_(MouseHandler.java:89) ~[client-1.20.1-20230612.114412-srg.jar%23587!/:?]
	at net.minecraft.client.MouseHandler.m_168091_(MouseHandler.java:189) ~[client-1.20.1-20230612.114412-srg.jar%23587!/:?]
	at net.minecraft.util.thread.BlockableEventLoop.execute(BlockableEventLoop.java:102) ~[client-1.20.1-20230612.114412-srg.jar%23587!/:?]
	at net.minecraft.client.MouseHandler.m_91565_(MouseHandler.java:188) ~[client-1.20.1-20230612.114412-srg.jar%23587!/:?]
	at org.lwjgl.glfw.GLFWMouseButtonCallbackI.callback(GLFWMouseButtonCallbackI.java:43) ~[lwjgl-glfw-3.3.1.jar%23136!/:build 7]
	at org.lwjgl.system.JNI.invokeV(Native Method) ~[lwjgl-3.3.1.jar%23148!/:build 7]
	at org.lwjgl.glfw.GLFW.glfwWaitEventsTimeout(GLFW.java:3474) ~[lwjgl-glfw-3.3.1.jar%23136!/:build 7]
	at com.mojang.blaze3d.systems.RenderSystem.limitDisplayFPS(RenderSystem.java:237) ~[client-1.20.1-20230612.114412-srg.jar%23587!/:?]
	at net.minecraft.client.Minecraft.m_91383_(Minecraft.java:1173) ~[client-1.20.1-20230612.114412-srg.jar%23587!/:?]
	at net.minecraft.client.Minecraft.m_91374_(Minecraft.java:718) ~[client-1.20.1-20230612.114412-srg.jar%23587!/:?]
	at net.minecraft.client.main.Main.main(Main.java:218) ~[forge-47.4.0.jar:?]
	at jdk.internal.reflect.NativeMethodAccessorImpl.invoke0(Native Method) ~[?:?]
	at jdk.internal.reflect.NativeMethodAccessorImpl.invoke(Unknown Source) ~[?:?]
	at jdk.internal.reflect.DelegatingMethodAccessorImpl.invoke(Unknown Source) ~[?:?]
	at java.lang.reflect.Method.invoke(Unknown Source) ~[?:?]
	at net.minecraftforge.fml.loading.targets.CommonLaunchHandler.runTarget(CommonLaunchHandler.java:111) ~[fmlloader-1.20.1-47.4.0.jar:?]
	at net.minecraftforge.fml.loading.targets.CommonLaunchHandler.clientService(CommonLaunchHandler.java:99) ~[fmlloader-1.20.1-47.4.0.jar:?]
	at net.minecraftforge.fml.loading.targets.CommonClientLaunchHandler.lambda$makeService$0(CommonClientLaunchHandler.java:25) ~[fmlloader-1.20.1-47.4.0.jar:?]
	at cpw.mods.modlauncher.LaunchServiceHandlerDecorator.launch(LaunchServiceHandlerDecorator.java:30) ~[modlauncher-10.0.9.jar:?]
	at cpw.mods.modlauncher.LaunchServiceHandler.launch(LaunchServiceHandler.java:53) ~[modlauncher-10.0.9.jar:?]
	at cpw.mods.modlauncher.LaunchServiceHandler.launch(LaunchServiceHandler.java:71) ~[modlauncher-10.0.9.jar:?]
	at cpw.mods.modlauncher.Launcher.run(Launcher.java:108) ~[modlauncher-10.0.9.jar:?]
	at cpw.mods.modlauncher.Launcher.main(Launcher.java:78) ~[modlauncher-10.0.9.jar:?]
	at cpw.mods.modlauncher.BootstrapLaunchConsumer.accept(BootstrapLaunchConsumer.java:26) ~[modlauncher-10.0.9.jar:?]
	at cpw.mods.modlauncher.BootstrapLaunchConsumer.accept(BootstrapLaunchConsumer.java:23) ~[modlauncher-10.0.9.jar:?]
	at cpw.mods.bootstraplauncher.BootstrapLauncher.main(BootstrapLauncher.java:141) ~[bootstraplauncher-1.1.2.jar:?]
[17:09:32] [Render thread/WARN]: Could not decode GlobalLootModifier with json id nethersdelight:chopping_string - error: Unknown type 'minecraft:alternative'
[17:09:32] [Render thread/WARN]: Unable to decode loot conditions
com.google.gson.JsonSyntaxException: Unknown type 'alternative'
	at net.minecraft.world.level.storage.loot.GsonAdapterFactory$JsonAdapter.deserialize(GsonAdapterFactory.java:99) ~[client-1.20.1-20230612.114412-srg.jar%23587!/:?]
	at com.google.gson.internal.bind.TreeTypeAdapter.read(TreeTypeAdapter.java:76) ~[gson-2.10.jar%23102!/:?]
	at com.google.gson.internal.bind.TypeAdapterRuntimeTypeWrapper.read(TypeAdapterRuntimeTypeWrapper.java:40) ~[gson-2.10.jar%23102!/:?]
	at com.google.gson.internal.bind.ArrayTypeAdapter.read(ArrayTypeAdapter.java:72) ~[gson-2.10.jar%23102!/:?]
	at com.google.gson.Gson.fromJson(Gson.java:1214) ~[gson-2.10.jar%23102!/:?]
	at com.google.gson.Gson.fromJson(Gson.java:1319) ~[gson-2.10.jar%23102!/:?]
	at com.google.gson.Gson.fromJson(Gson.java:1261) ~[gson-2.10.jar%23102!/:?]
	at net.minecraftforge.common.loot.IGlobalLootModifier.lambda$static$1(IGlobalLootModifier.java:39) ~[forge-1.20.1-47.4.0-universal.jar%23592!/:?]
	at com.mojang.serialization.Decoder$1.lambda$decode$1(Decoder.java:49) ~[datafixerupper-6.0.8.jar%23109!/:?]
	at com.mojang.serialization.DataResult.lambda$flatMap$11(DataResult.java:139) ~[datafixerupper-6.0.8.jar%23109!/:?]
	at com.mojang.datafixers.util.Either$Left.map(Either.java:38) ~[datafixerupper-6.0.8.jar%23109!/:?]
	at com.mojang.serialization.DataResult.flatMap(DataResult.java:137) ~[datafixerupper-6.0.8.jar%23109!/:?]
	at com.mojang.serialization.Decoder$1.decode(Decoder.java:49) ~[datafixerupper-6.0.8.jar%23109!/:?]
	at com.mojang.serialization.Codec$2.decode(Codec.java:71) ~[datafixerupper-6.0.8.jar%23109!/:?]
	at com.mojang.serialization.Decoder.parse(Decoder.java:18) ~[datafixerupper-6.0.8.jar%23109!/:?]
	at com.mojang.serialization.codecs.FieldDecoder.decode(FieldDecoder.java:29) ~[datafixerupper-6.0.8.jar%23109!/:?]
	at com.mojang.serialization.MapCodec$1.decode(MapCodec.java:34) ~[datafixerupper-6.0.8.jar%23109!/:?]
	at com.mojang.serialization.codecs.RecordCodecBuilder$Instance$7.decode(RecordCodecBuilder.java:406) ~[datafixerupper-6.0.8.jar%23109!/:?]
	at com.mojang.serialization.codecs.RecordCodecBuilder$2.decode(RecordCodecBuilder.java:107) ~[datafixerupper-6.0.8.jar%23109!/:?]
	at com.mojang.serialization.codecs.KeyDispatchCodec.lambda$decode$3(KeyDispatchCodec.java:67) ~[datafixerupper-6.0.8.jar%23109!/:?]
	at com.mojang.serialization.DataResult.lambda$flatMap$11(DataResult.java:139) ~[datafixerupper-6.0.8.jar%23109!/:?]
	at com.mojang.datafixers.util.Either$Left.map(Either.java:38) ~[datafixerupper-6.0.8.jar%23109!/:?]
	at com.mojang.serialization.DataResult.flatMap(DataResult.java:137) ~[datafixerupper-6.0.8.jar%23109!/:?]
	at com.mojang.serialization.codecs.KeyDispatchCodec.lambda$decode$4(KeyDispatchCodec.java:58) ~[datafixerupper-6.0.8.jar%23109!/:?]
	at com.mojang.serialization.DataResult.lambda$flatMap$11(DataResult.java:139) ~[datafixerupper-6.0.8.jar%23109!/:?]
	at com.mojang.datafixers.util.Either$Left.map(Either.java:38) ~[datafixerupper-6.0.8.jar%23109!/:?]
	at com.mojang.serialization.DataResult.flatMap(DataResult.java:137) ~[datafixerupper-6.0.8.jar%23109!/:?]
	at com.mojang.serialization.codecs.KeyDispatchCodec.decode(KeyDispatchCodec.java:56) ~[datafixerupper-6.0.8.jar%23109!/:?]
	at com.mojang.serialization.MapDecoder.lambda$compressedDecode$1(MapDecoder.java:52) ~[datafixerupper-6.0.8.jar%23109!/:?]
	at com.mojang.serialization.DataResult.lambda$flatMap$11(DataResult.java:139) ~[datafixerupper-6.0.8.jar%23109!/:?]
	at com.mojang.datafixers.util.Either$Left.map(Either.java:38) ~[datafixerupper-6.0.8.jar%23109!/:?]
	at com.mojang.serialization.DataResult.flatMap(DataResult.java:137) ~[datafixerupper-6.0.8.jar%23109!/:?]
	at com.mojang.serialization.MapDecoder.compressedDecode(MapDecoder.java:52) ~[datafixerupper-6.0.8.jar%23109!/:?]
	at com.mojang.serialization.MapCodec$MapCodecCodec.decode(MapCodec.java:91) ~[datafixerupper-6.0.8.jar%23109!/:?]
	at com.mojang.serialization.Decoder.parse(Decoder.java:18) ~[datafixerupper-6.0.8.jar%23109!/:?]
	at net.minecraftforge.common.loot.LootModifierManager.apply(LootModifierManager.java:79) ~[forge-1.20.1-47.4.0-universal.jar%23592!/:?]
	at net.minecraftforge.common.loot.LootModifierManager.m_5787_(LootModifierManager.java:38) ~[forge-1.20.1-47.4.0-universal.jar%23592!/:?]
	at net.minecraft.server.packs.resources.SimplePreparableReloadListener.m_10789_(SimplePreparableReloadListener.java:13) ~[client-1.20.1-20230612.114412-srg.jar%23587!/:?]
	at java.util.concurrent.CompletableFuture$UniAccept.tryFire(Unknown Source) ~[?:?]
	at java.util.concurrent.CompletableFuture$Completion.run(Unknown Source) ~[?:?]
	at net.minecraft.server.packs.resources.SimpleReloadInstance.m_143940_(SimpleReloadInstance.java:69) ~[client-1.20.1-20230612.114412-srg.jar%23587!/:?]
	at net.minecraft.util.thread.BlockableEventLoop.m_6367_(BlockableEventLoop.java:156) ~[client-1.20.1-20230612.114412-srg.jar%23587!/:?]
	at net.minecraft.util.thread.ReentrantBlockableEventLoop.m_6367_(ReentrantBlockableEventLoop.java:23) ~[client-1.20.1-20230612.114412-srg.jar%23587!/:?]
	at net.minecraft.util.thread.BlockableEventLoop.m_7245_(BlockableEventLoop.java:130) ~[client-1.20.1-20230612.114412-srg.jar%23587!/:?]
	at net.minecraft.util.thread.BlockableEventLoop.m_18701_(BlockableEventLoop.java:139) ~[client-1.20.1-20230612.114412-srg.jar%23587!/:?]
	at net.minecraft.client.Minecraft.m_18701_(Minecraft.java:4441) ~[client-1.20.1-20230612.114412-srg.jar%23587!/:?]
	at net.minecraft.client.gui.screens.worldselection.WorldOpenFlows.m_246486_(WorldOpenFlows.java:163) ~[client-1.20.1-20230612.114412-srg.jar%23587!/:?]
	at net.minecraft.client.gui.screens.worldselection.WorldOpenFlows.m_233122_(WorldOpenFlows.java:113) ~[client-1.20.1-20230612.114412-srg.jar%23587!/:?]
	at net.minecraft.client.gui.screens.worldselection.WorldOpenFlows.doLoadLevel(WorldOpenFlows.java:181) ~[client-1.20.1-20230612.114412-srg.jar%23587!/:?]
	at net.minecraft.client.gui.screens.worldselection.WorldOpenFlows.m_233145_(WorldOpenFlows.java:169) ~[client-1.20.1-20230612.114412-srg.jar%23587!/:?]
	at net.minecraft.client.gui.screens.worldselection.WorldOpenFlows.handler$efg000$onLoadLevel(WorldOpenFlows.java:1032) ~[client-1.20.1-20230612.114412-srg.jar%23587!/:?]
	at net.minecraft.client.gui.screens.worldselection.WorldOpenFlows.m_233133_(WorldOpenFlows.java) ~[client-1.20.1-20230612.114412-srg.jar%23587!/:?]
	at net.minecraft.client.gui.screens.worldselection.WorldSelectionList$WorldListEntry.m_101744_(WorldSelectionList.java:575) ~[client-1.20.1-20230612.114412-srg.jar%23587!/:?]
	at net.minecraft.client.gui.screens.worldselection.WorldSelectionList$WorldListEntry.m_101704_(WorldSelectionList.java:474) ~[client-1.20.1-20230612.114412-srg.jar%23587!/:?]
	at net.minecraft.client.gui.screens.worldselection.WorldSelectionList$WorldListEntry.m_6375_(WorldSelectionList.java:413) ~[client-1.20.1-20230612.114412-srg.jar%23587!/:?]
	at net.minecraft.client.gui.components.AbstractSelectionList.m_6375_(AbstractSelectionList.java:298) ~[client-1.20.1-20230612.114412-srg.jar%23587!/:?]
	at net.minecraft.client.gui.components.events.ContainerEventHandler.m_6375_(ContainerEventHandler.java:38) ~[client-1.20.1-20230612.114412-srg.jar%23587!/:?]
	at net.minecraft.client.MouseHandler.m_168084_(MouseHandler.java:92) ~[client-1.20.1-20230612.114412-srg.jar%23587!/:?]
	at net.minecraft.client.gui.screens.Screen.m_96579_(Screen.java:437) ~[client-1.20.1-20230612.114412-srg.jar%23587!/:?]
	at net.minecraft.client.MouseHandler.m_91530_(MouseHandler.java:89) ~[client-1.20.1-20230612.114412-srg.jar%23587!/:?]
	at net.minecraft.client.MouseHandler.m_168091_(MouseHandler.java:189) ~[client-1.20.1-20230612.114412-srg.jar%23587!/:?]
	at net.minecraft.util.thread.BlockableEventLoop.execute(BlockableEventLoop.java:102) ~[client-1.20.1-20230612.114412-srg.jar%23587!/:?]
	at net.minecraft.client.MouseHandler.m_91565_(MouseHandler.java:188) ~[client-1.20.1-20230612.114412-srg.jar%23587!/:?]
	at org.lwjgl.glfw.GLFWMouseButtonCallbackI.callback(GLFWMouseButtonCallbackI.java:43) ~[lwjgl-glfw-3.3.1.jar%23136!/:build 7]
	at org.lwjgl.system.JNI.invokeV(Native Method) ~[lwjgl-3.3.1.jar%23148!/:build 7]
	at org.lwjgl.glfw.GLFW.glfwWaitEventsTimeout(GLFW.java:3474) ~[lwjgl-glfw-3.3.1.jar%23136!/:build 7]
	at com.mojang.blaze3d.systems.RenderSystem.limitDisplayFPS(RenderSystem.java:237) ~[client-1.20.1-20230612.114412-srg.jar%23587!/:?]
	at net.minecraft.client.Minecraft.m_91383_(Minecraft.java:1173) ~[client-1.20.1-20230612.114412-srg.jar%23587!/:?]
	at net.minecraft.client.Minecraft.m_91374_(Minecraft.java:718) ~[client-1.20.1-20230612.114412-srg.jar%23587!/:?]
	at net.minecraft.client.main.Main.main(Main.java:218) ~[forge-47.4.0.jar:?]
	at jdk.internal.reflect.NativeMethodAccessorImpl.invoke0(Native Method) ~[?:?]
	at jdk.internal.reflect.NativeMethodAccessorImpl.invoke(Unknown Source) ~[?:?]
	at jdk.internal.reflect.DelegatingMethodAccessorImpl.invoke(Unknown Source) ~[?:?]
	at java.lang.reflect.Method.invoke(Unknown Source) ~[?:?]
	at net.minecraftforge.fml.loading.targets.CommonLaunchHandler.runTarget(CommonLaunchHandler.java:111) ~[fmlloader-1.20.1-47.4.0.jar:?]
	at net.minecraftforge.fml.loading.targets.CommonLaunchHandler.clientService(CommonLaunchHandler.java:99) ~[fmlloader-1.20.1-47.4.0.jar:?]
	at net.minecraftforge.fml.loading.targets.CommonClientLaunchHandler.lambda$makeService$0(CommonClientLaunchHandler.java:25) ~[fmlloader-1.20.1-47.4.0.jar:?]
	at cpw.mods.modlauncher.LaunchServiceHandlerDecorator.launch(LaunchServiceHandlerDecorator.java:30) ~[modlauncher-10.0.9.jar:?]
	at cpw.mods.modlauncher.LaunchServiceHandler.launch(LaunchServiceHandler.java:53) ~[modlauncher-10.0.9.jar:?]
	at cpw.mods.modlauncher.LaunchServiceHandler.launch(LaunchServiceHandler.java:71) ~[modlauncher-10.0.9.jar:?]
	at cpw.mods.modlauncher.Launcher.run(Launcher.java:108) ~[modlauncher-10.0.9.jar:?]
	at cpw.mods.modlauncher.Launcher.main(Launcher.java:78) ~[modlauncher-10.0.9.jar:?]
	at cpw.mods.modlauncher.BootstrapLaunchConsumer.accept(BootstrapLaunchConsumer.java:26) ~[modlauncher-10.0.9.jar:?]
	at cpw.mods.modlauncher.BootstrapLaunchConsumer.accept(BootstrapLaunchConsumer.java:23) ~[modlauncher-10.0.9.jar:?]
	at cpw.mods.bootstraplauncher.BootstrapLauncher.main(BootstrapLauncher.java:141) ~[bootstraplauncher-1.1.2.jar:?]
[17:09:32] [Render thread/WARN]: Could not decode GlobalLootModifier with json id miners_delight:scavenging_tentacles - error: Unknown type 'alternative'
[17:09:32] [Render thread/WARN]: Unable to decode loot conditions
com.google.gson.JsonSyntaxException: Unknown type 'alternative'
	at net.minecraft.world.level.storage.loot.GsonAdapterFactory$JsonAdapter.deserialize(GsonAdapterFactory.java:99) ~[client-1.20.1-20230612.114412-srg.jar%23587!/:?]
	at com.google.gson.internal.bind.TreeTypeAdapter.read(TreeTypeAdapter.java:76) ~[gson-2.10.jar%23102!/:?]
	at com.google.gson.internal.bind.TypeAdapterRuntimeTypeWrapper.read(TypeAdapterRuntimeTypeWrapper.java:40) ~[gson-2.10.jar%23102!/:?]
	at com.google.gson.internal.bind.ArrayTypeAdapter.read(ArrayTypeAdapter.java:72) ~[gson-2.10.jar%23102!/:?]
	at com.google.gson.Gson.fromJson(Gson.java:1214) ~[gson-2.10.jar%23102!/:?]
	at com.google.gson.Gson.fromJson(Gson.java:1319) ~[gson-2.10.jar%23102!/:?]
	at com.google.gson.Gson.fromJson(Gson.java:1261) ~[gson-2.10.jar%23102!/:?]
	at net.minecraftforge.common.loot.IGlobalLootModifier.lambda$static$1(IGlobalLootModifier.java:39) ~[forge-1.20.1-47.4.0-universal.jar%23592!/:?]
	at com.mojang.serialization.Decoder$1.lambda$decode$1(Decoder.java:49) ~[datafixerupper-6.0.8.jar%23109!/:?]
	at com.mojang.serialization.DataResult.lambda$flatMap$11(DataResult.java:139) ~[datafixerupper-6.0.8.jar%23109!/:?]
	at com.mojang.datafixers.util.Either$Left.map(Either.java:38) ~[datafixerupper-6.0.8.jar%23109!/:?]
	at com.mojang.serialization.DataResult.flatMap(DataResult.java:137) ~[datafixerupper-6.0.8.jar%23109!/:?]
	at com.mojang.serialization.Decoder$1.decode(Decoder.java:49) ~[datafixerupper-6.0.8.jar%23109!/:?]
	at com.mojang.serialization.Codec$2.decode(Codec.java:71) ~[datafixerupper-6.0.8.jar%23109!/:?]
	at com.mojang.serialization.Decoder.parse(Decoder.java:18) ~[datafixerupper-6.0.8.jar%23109!/:?]
	at com.mojang.serialization.codecs.FieldDecoder.decode(FieldDecoder.java:29) ~[datafixerupper-6.0.8.jar%23109!/:?]
	at com.mojang.serialization.MapCodec$1.decode(MapCodec.java:34) ~[datafixerupper-6.0.8.jar%23109!/:?]
	at com.mojang.serialization.codecs.RecordCodecBuilder$Instance$5.decode(RecordCodecBuilder.java:323) ~[datafixerupper-6.0.8.jar%23109!/:?]
	at com.mojang.serialization.codecs.RecordCodecBuilder$2.decode(RecordCodecBuilder.java:107) ~[datafixerupper-6.0.8.jar%23109!/:?]
	at com.mojang.serialization.codecs.KeyDispatchCodec.lambda$decode$3(KeyDispatchCodec.java:67) ~[datafixerupper-6.0.8.jar%23109!/:?]
	at com.mojang.serialization.DataResult.lambda$flatMap$11(DataResult.java:139) ~[datafixerupper-6.0.8.jar%23109!/:?]
	at com.mojang.datafixers.util.Either$Left.map(Either.java:38) ~[datafixerupper-6.0.8.jar%23109!/:?]
	at com.mojang.serialization.DataResult.flatMap(DataResult.java:137) ~[datafixerupper-6.0.8.jar%23109!/:?]
	at com.mojang.serialization.codecs.KeyDispatchCodec.lambda$decode$4(KeyDispatchCodec.java:58) ~[datafixerupper-6.0.8.jar%23109!/:?]
	at com.mojang.serialization.DataResult.lambda$flatMap$11(DataResult.java:139) ~[datafixerupper-6.0.8.jar%23109!/:?]
	at com.mojang.datafixers.util.Either$Left.map(Either.java:38) ~[datafixerupper-6.0.8.jar%23109!/:?]
	at com.mojang.serialization.DataResult.flatMap(DataResult.java:137) ~[datafixerupper-6.0.8.jar%23109!/:?]
	at com.mojang.serialization.codecs.KeyDispatchCodec.decode(KeyDispatchCodec.java:56) ~[datafixerupper-6.0.8.jar%23109!/:?]
	at com.mojang.serialization.MapDecoder.lambda$compressedDecode$1(MapDecoder.java:52) ~[datafixerupper-6.0.8.jar%23109!/:?]
	at com.mojang.serialization.DataResult.lambda$flatMap$11(DataResult.java:139) ~[datafixerupper-6.0.8.jar%23109!/:?]
	at com.mojang.datafixers.util.Either$Left.map(Either.java:38) ~[datafixerupper-6.0.8.jar%23109!/:?]
	at com.mojang.serialization.DataResult.flatMap(DataResult.java:137) ~[datafixerupper-6.0.8.jar%23109!/:?]
	at com.mojang.serialization.MapDecoder.compressedDecode(MapDecoder.java:52) ~[datafixerupper-6.0.8.jar%23109!/:?]
	at com.mojang.serialization.MapCodec$MapCodecCodec.decode(MapCodec.java:91) ~[datafixerupper-6.0.8.jar%23109!/:?]
	at com.mojang.serialization.Decoder.parse(Decoder.java:18) ~[datafixerupper-6.0.8.jar%23109!/:?]
	at net.minecraftforge.common.loot.LootModifierManager.apply(LootModifierManager.java:79) ~[forge-1.20.1-47.4.0-universal.jar%23592!/:?]
	at net.minecraftforge.common.loot.LootModifierManager.m_5787_(LootModifierManager.java:38) ~[forge-1.20.1-47.4.0-universal.jar%23592!/:?]
	at net.minecraft.server.packs.resources.SimplePreparableReloadListener.m_10789_(SimplePreparableReloadListener.java:13) ~[client-1.20.1-20230612.114412-srg.jar%23587!/:?]
	at java.util.concurrent.CompletableFuture$UniAccept.tryFire(Unknown Source) ~[?:?]
	at java.util.concurrent.CompletableFuture$Completion.run(Unknown Source) ~[?:?]
	at net.minecraft.server.packs.resources.SimpleReloadInstance.m_143940_(SimpleReloadInstance.java:69) ~[client-1.20.1-20230612.114412-srg.jar%23587!/:?]
	at net.minecraft.util.thread.BlockableEventLoop.m_6367_(BlockableEventLoop.java:156) ~[client-1.20.1-20230612.114412-srg.jar%23587!/:?]
	at net.minecraft.util.thread.ReentrantBlockableEventLoop.m_6367_(ReentrantBlockableEventLoop.java:23) ~[client-1.20.1-20230612.114412-srg.jar%23587!/:?]
	at net.minecraft.util.thread.BlockableEventLoop.m_7245_(BlockableEventLoop.java:130) ~[client-1.20.1-20230612.114412-srg.jar%23587!/:?]
	at net.minecraft.util.thread.BlockableEventLoop.m_18701_(BlockableEventLoop.java:139) ~[client-1.20.1-20230612.114412-srg.jar%23587!/:?]
	at net.minecraft.client.Minecraft.m_18701_(Minecraft.java:4441) ~[client-1.20.1-20230612.114412-srg.jar%23587!/:?]
	at net.minecraft.client.gui.screens.worldselection.WorldOpenFlows.m_246486_(WorldOpenFlows.java:163) ~[client-1.20.1-20230612.114412-srg.jar%23587!/:?]
	at net.minecraft.client.gui.screens.worldselection.WorldOpenFlows.m_233122_(WorldOpenFlows.java:113) ~[client-1.20.1-20230612.114412-srg.jar%23587!/:?]
	at net.minecraft.client.gui.screens.worldselection.WorldOpenFlows.doLoadLevel(WorldOpenFlows.java:181) ~[client-1.20.1-20230612.114412-srg.jar%23587!/:?]
	at net.minecraft.client.gui.screens.worldselection.WorldOpenFlows.m_233145_(WorldOpenFlows.java:169) ~[client-1.20.1-20230612.114412-srg.jar%23587!/:?]
	at net.minecraft.client.gui.screens.worldselection.WorldOpenFlows.handler$efg000$onLoadLevel(WorldOpenFlows.java:1032) ~[client-1.20.1-20230612.114412-srg.jar%23587!/:?]
	at net.minecraft.client.gui.screens.worldselection.WorldOpenFlows.m_233133_(WorldOpenFlows.java) ~[client-1.20.1-20230612.114412-srg.jar%23587!/:?]
	at net.minecraft.client.gui.screens.worldselection.WorldSelectionList$WorldListEntry.m_101744_(WorldSelectionList.java:575) ~[client-1.20.1-20230612.114412-srg.jar%23587!/:?]
	at net.minecraft.client.gui.screens.worldselection.WorldSelectionList$WorldListEntry.m_101704_(WorldSelectionList.java:474) ~[client-1.20.1-20230612.114412-srg.jar%23587!/:?]
	at net.minecraft.client.gui.screens.worldselection.WorldSelectionList$WorldListEntry.m_6375_(WorldSelectionList.java:413) ~[client-1.20.1-20230612.114412-srg.jar%23587!/:?]
	at net.minecraft.client.gui.components.AbstractSelectionList.m_6375_(AbstractSelectionList.java:298) ~[client-1.20.1-20230612.114412-srg.jar%23587!/:?]
	at net.minecraft.client.gui.components.events.ContainerEventHandler.m_6375_(ContainerEventHandler.java:38) ~[client-1.20.1-20230612.114412-srg.jar%23587!/:?]
	at net.minecraft.client.MouseHandler.m_168084_(MouseHandler.java:92) ~[client-1.20.1-20230612.114412-srg.jar%23587!/:?]
	at net.minecraft.client.gui.screens.Screen.m_96579_(Screen.java:437) ~[client-1.20.1-20230612.114412-srg.jar%23587!/:?]
	at net.minecraft.client.MouseHandler.m_91530_(MouseHandler.java:89) ~[client-1.20.1-20230612.114412-srg.jar%23587!/:?]
	at net.minecraft.client.MouseHandler.m_168091_(MouseHandler.java:189) ~[client-1.20.1-20230612.114412-srg.jar%23587!/:?]
	at net.minecraft.util.thread.BlockableEventLoop.execute(BlockableEventLoop.java:102) ~[client-1.20.1-20230612.114412-srg.jar%23587!/:?]
	at net.minecraft.client.MouseHandler.m_91565_(MouseHandler.java:188) ~[client-1.20.1-20230612.114412-srg.jar%23587!/:?]
	at org.lwjgl.glfw.GLFWMouseButtonCallbackI.callback(GLFWMouseButtonCallbackI.java:43) ~[lwjgl-glfw-3.3.1.jar%23136!/:build 7]
	at org.lwjgl.system.JNI.invokeV(Native Method) ~[lwjgl-3.3.1.jar%23148!/:build 7]
	at org.lwjgl.glfw.GLFW.glfwWaitEventsTimeout(GLFW.java:3474) ~[lwjgl-glfw-3.3.1.jar%23136!/:build 7]
	at com.mojang.blaze3d.systems.RenderSystem.limitDisplayFPS(RenderSystem.java:237) ~[client-1.20.1-20230612.114412-srg.jar%23587!/:?]
	at net.minecraft.client.Minecraft.m_91383_(Minecraft.java:1173) ~[client-1.20.1-20230612.114412-srg.jar%23587!/:?]
	at net.minecraft.client.Minecraft.m_91374_(Minecraft.java:718) ~[client-1.20.1-20230612.114412-srg.jar%23587!/:?]
	at net.minecraft.client.main.Main.main(Main.java:218) ~[forge-47.4.0.jar:?]
	at jdk.internal.reflect.NativeMethodAccessorImpl.invoke0(Native Method) ~[?:?]
	at jdk.internal.reflect.NativeMethodAccessorImpl.invoke(Unknown Source) ~[?:?]
	at jdk.internal.reflect.DelegatingMethodAccessorImpl.invoke(Unknown Source) ~[?:?]
	at java.lang.reflect.Method.invoke(Unknown Source) ~[?:?]
	at net.minecraftforge.fml.loading.targets.CommonLaunchHandler.runTarget(CommonLaunchHandler.java:111) ~[fmlloader-1.20.1-47.4.0.jar:?]
	at net.minecraftforge.fml.loading.targets.CommonLaunchHandler.clientService(CommonLaunchHandler.java:99) ~[fmlloader-1.20.1-47.4.0.jar:?]
	at net.minecraftforge.fml.loading.targets.CommonClientLaunchHandler.lambda$makeService$0(CommonClientLaunchHandler.java:25) ~[fmlloader-1.20.1-47.4.0.jar:?]
	at cpw.mods.modlauncher.LaunchServiceHandlerDecorator.launch(LaunchServiceHandlerDecorator.java:30) ~[modlauncher-10.0.9.jar:?]
	at cpw.mods.modlauncher.LaunchServiceHandler.launch(LaunchServiceHandler.java:53) ~[modlauncher-10.0.9.jar:?]
	at cpw.mods.modlauncher.LaunchServiceHandler.launch(LaunchServiceHandler.java:71) ~[modlauncher-10.0.9.jar:?]
	at cpw.mods.modlauncher.Launcher.run(Launcher.java:108) ~[modlauncher-10.0.9.jar:?]
	at cpw.mods.modlauncher.Launcher.main(Launcher.java:78) ~[modlauncher-10.0.9.jar:?]
	at cpw.mods.modlauncher.BootstrapLaunchConsumer.accept(BootstrapLaunchConsumer.java:26) ~[modlauncher-10.0.9.jar:?]
	at cpw.mods.modlauncher.BootstrapLaunchConsumer.accept(BootstrapLaunchConsumer.java:23) ~[modlauncher-10.0.9.jar:?]
	at cpw.mods.bootstraplauncher.BootstrapLauncher.main(BootstrapLauncher.java:141) ~[bootstraplauncher-1.1.2.jar:?]
[17:09:32] [Render thread/WARN]: Could not decode GlobalLootModifier with json id miners_delight:scavenging_silverfish - error: Unknown type 'alternative'
[17:09:32] [Render thread/INFO]: Reloading config...
[17:09:32] [Render thread/INFO]: Trying to load unloaded files from: config/bountiful/bounty_pools
[17:09:32] [Render thread/INFO]: Trying to load unloaded files from: config/bountiful/bounty_decrees
[17:09:32] [Render thread/INFO]: Loaded 9 turtle upgrades
[17:09:32] [Render thread/INFO]: Loaded 3 pocket computer upgrades
[17:09:32] [Render thread/INFO]: Loaded 27 flute songs
[17:09:32] [Render thread/INFO]: Added 9 Engine Fuel Types
[17:09:32] [Render thread/INFO]: Applied 7 data villager trades
[17:09:32] [Render thread/INFO]: Finished additional setup in 0 ms
[17:09:32] [Render thread/INFO]: [EMI] Recipes synchronized, waiting for tags to reload EMI...
[17:09:32] [Render thread/WARN]: Initial datapack load took 4.051 s
[17:09:32] [Render thread/INFO]: [EMI] Disconnecting from server, EMI data cleared
[17:09:32] [Thread-46/INFO]: [EMI] Clearing data
[17:09:32] [Render thread/INFO]: Removed all overlays.
[17:09:32] [Render thread/INFO]: All events have been closed.
[17:09:32] [Render thread/INFO]: [ETF]: emissive suffixes loaded: {_e}.
[17:09:32] [Server thread/INFO]: Starting integrated minecraft server version 1.20.1
[17:09:32] [Server thread/INFO]: Generating keypair
[17:09:32] [Server thread/INFO]: Loading server config for leavesbegone
[17:09:32] [Server thread/INFO]: Loading server config for easyanvils
[17:09:32] [Server thread/INFO]: Loading server config for magnumtorch
[17:09:33] [Server thread/INFO]: Starting background profiler...
